Date,A Volumetric flow rate [m³/h]
2/19/2026 11:23:32 AM,
2/19/2026 11:23:33 AM,
2/19/2026 11:23:34 AM,
2/19/2026 11:23:35 AM,
2/19/2026 11:23:36 AM,
2/19/2026 11:23:37 AM,
2/19/2026 11:23:38 AM,280.443620681763
2/19/2026 11:23:39 AM,
2/19/2026 11:23:40 AM,
2/19/2026 11:23:41 AM,
2/19/2026 11:23:42 AM,
2/19/2026 11:23:43 AM,
2/19/2026 11:23:44 AM,
2/19/2026 11:23:45 AM,
2/19/2026 11:23:46 AM,
2/19/2026 11:23:47 AM,
2/19/2026 11:23:48 AM,
2/19/2026 11:23:49 AM,
2/19/2026 11:23:50 AM,
2/19/2026 11:23:51 AM,
2/19/2026 11:23:52 AM,250.036543607712
2/19/2026 11:23:53 AM,
2/19/2026 11:23:54 AM,292.47759282589
2/19/2026 11:23:55 AM,303.455767035484
2/19/2026 11:23:56 AM,
2/19/2026 11:23:57 AM,288.955530524254
2/19/2026 11:23:58 AM,289.20875787735
2/19/2026 11:23:59 AM,272.665643692017
2/19/2026 11:24:00 AM,290.135139226913
2/19/2026 11:24:01 AM,290.135139226913
2/19/2026 11:24:02 AM,
2/19/2026 11:24:03 AM,300.789624452591
2/19/2026 11:24:04 AM,291.738617420197
2/19/2026 11:24:05 AM,292.6847666502
2/19/2026 11:24:06 AM,
2/19/2026 11:24:07 AM,
2/19/2026 11:24:08 AM,
2/19/2026 11:24:09 AM,296.338471770287
2/19/2026 11:24:10 AM,302.918547391891
2/19/2026 11:24:11 AM,
2/19/2026 11:24:12 AM,283.464646339417
2/19/2026 11:24:13 AM,290.733674168587
2/19/2026 11:24:14 AM,295.900976657867
2/19/2026 11:24:15 AM,273.721039295197
2/19/2026 11:24:16 AM,
2/19/2026 11:24:17 AM,281.283125281334
2/19/2026 11:24:18 AM,277.858534455299
2/19/2026 11:24:19 AM,277.858534455299
2/19/2026 11:24:20 AM,284.376436471939
2/19/2026 11:24:21 AM,
2/19/2026 11:24:22 AM,288.213095068932
2/19/2026 11:24:23 AM,
2/19/2026 11:24:24 AM,
2/19/2026 11:24:25 AM,
2/19/2026 11:24:26 AM,287.031126022339
2/19/2026 11:24:27 AM,
2/19/2026 11:24:28 AM,281.427294015884
2/19/2026 11:24:29 AM,281.674191355705
2/19/2026 11:24:30 AM,282.983565330505
2/19/2026 11:24:31 AM,285.10055243969
2/19/2026 11:24:32 AM,285.223236680031
2/19/2026 11:24:33 AM,294.627115130424
2/19/2026 11:24:34 AM,292.249390482903
2/19/2026 11:24:35 AM,288.729527592659
2/19/2026 11:24:36 AM,290.158608555794
2/19/2026 11:24:37 AM,299.617740511894
2/19/2026 11:24:38 AM,296.784335374832
2/19/2026 11:24:39 AM,295.435076951981
2/19/2026 11:24:40 AM,291.587716341019
2/19/2026 11:24:41 AM,291.384324431419
2/19/2026 11:24:42 AM,288.315340876579
2/19/2026 11:24:43 AM,286.38664484024
2/19/2026 11:24:44 AM,282.669103145599
2/19/2026 11:24:45 AM,281.845557689667
2/19/2026 11:24:46 AM,280.287355184555
2/19/2026 11:24:47 AM,278.045779466629
2/19/2026 11:24:48 AM,274.743846058846
2/19/2026 11:24:49 AM,270.82023024559
2/19/2026 11:24:50 AM,270.240014791489
2/19/2026 11:24:51 AM,268.273419141769
2/19/2026 11:24:52 AM,268.273419141769
2/19/2026 11:24:53 AM,
2/19/2026 11:24:54 AM,267.11011826992
2/19/2026 11:24:55 AM,
2/19/2026 11:24:56 AM,
2/19/2026 11:24:57 AM,268.663224577904
2/19/2026 11:24:58 AM,277.486914396286
2/19/2026 11:24:59 AM,277.486914396286
2/19/2026 11:25:00 AM,281.539222598076
2/19/2026 11:25:01 AM,288.987073302269
2/19/2026 11:25:02 AM,288.289082050323
2/19/2026 11:25:03 AM,290.310904383659
2/19/2026 11:25:04 AM,
2/19/2026 11:25:05 AM,287.869182229042
2/19/2026 11:25:06 AM,285.32757461071
2/19/2026 11:25:07 AM,292.385029792786
2/19/2026 11:25:08 AM,
2/19/2026 11:25:09 AM,299.968332052231
2/19/2026 11:25:10 AM,
2/19/2026 11:25:11 AM,
2/19/2026 11:25:12 AM,
2/19/2026 11:25:13 AM,300.775784254074
2/19/2026 11:25:14 AM,300.008511543274
2/19/2026 11:25:15 AM,292.665240168571
2/19/2026 11:25:16 AM,289.749518036842
2/19/2026 11:25:17 AM,
2/19/2026 11:25:18 AM,288.175436854362
2/19/2026 11:25:19 AM,286.077278852463
2/19/2026 11:25:20 AM,280.018946528435
2/19/2026 11:25:21 AM,279.788678884506
2/19/2026 11:25:22 AM,271.859720349312
2/19/2026 11:25:23 AM,264.667028188705
2/19/2026 11:25:24 AM,264.667028188705
2/19/2026 11:25:25 AM,263.240012526512
2/19/2026 11:25:26 AM,267.340815067291
2/19/2026 11:25:27 AM,277.155339717865
2/19/2026 11:25:28 AM,
2/19/2026 11:25:29 AM,279.96409535408
2/19/2026 11:25:30 AM,281.860095262527
2/19/2026 11:25:31 AM,281.860095262527
2/19/2026 11:25:32 AM,292.279887199402
2/19/2026 11:25:33 AM,
2/19/2026 11:25:34 AM,288.028693199158
2/19/2026 11:25:35 AM,
2/19/2026 11:25:36 AM,
2/19/2026 11:25:37 AM,286.006012558937
2/19/2026 11:25:38 AM,284.169611334801
2/19/2026 11:25:39 AM,
2/19/2026 11:25:40 AM,
2/19/2026 11:25:41 AM,273.249694705009
2/19/2026 11:25:42 AM,270.55359184742
2/19/2026 11:25:43 AM,268.832042813301
2/19/2026 11:25:44 AM,269.493770599365
2/19/2026 11:25:45 AM,
2/19/2026 11:25:46 AM,
2/19/2026 11:25:47 AM,273.121538758278
2/19/2026 11:25:48 AM,273.121538758278
2/19/2026 11:25:49 AM,271.398192644119
2/19/2026 11:25:50 AM,271.234148740768
2/19/2026 11:25:51 AM,270.248973369598
2/19/2026 11:25:52 AM,271.936163306236
2/19/2026 11:25:53 AM,
2/19/2026 11:25:54 AM,
2/19/2026 11:25:55 AM,
2/19/2026 11:25:56 AM,278.712576627731
2/19/2026 11:25:57 AM,
2/19/2026 11:25:58 AM,
2/19/2026 11:25:59 AM,
2/19/2026 11:26:00 AM,285.671648383141
2/19/2026 11:26:01 AM,285.671648383141
2/19/2026 11:26:02 AM,285.792803764343
2/19/2026 11:26:03 AM,282.902589440346
2/19/2026 11:26:04 AM,288.406723737717
2/19/2026 11:26:05 AM,
2/19/2026 11:26:06 AM,
2/19/2026 11:26:07 AM,
2/19/2026 11:26:08 AM,
2/19/2026 11:26:09 AM,
2/19/2026 11:26:10 AM,
2/19/2026 11:26:11 AM,289.456567168236
2/19/2026 11:26:12 AM,289.623427391052
2/19/2026 11:26:13 AM,281.250375509262
2/19/2026 11:26:14 AM,
2/19/2026 11:26:15 AM,276.278874278069
2/19/2026 11:26:16 AM,
2/19/2026 11:26:17 AM,275.29584467411
2/19/2026 11:26:18 AM,275.29584467411
2/19/2026 11:26:19 AM,280.533769726753
2/19/2026 11:26:20 AM,285.811927914619
2/19/2026 11:26:21 AM,281.574815511703
2/19/2026 11:26:22 AM,277.673971652985
2/19/2026 11:26:23 AM,276.092675328255
2/19/2026 11:26:24 AM,283.448821306229
2/19/2026 11:26:25 AM,290.745422244072
2/19/2026 11:26:26 AM,292.869222164154
2/19/2026 11:26:27 AM,294.342720508575
2/19/2026 11:26:28 AM,291.902232170105
2/19/2026 11:26:29 AM,
2/19/2026 11:26:30 AM,290.132939815521
2/19/2026 11:26:31 AM,289.551892876625
2/19/2026 11:26:32 AM,287.60769367218
2/19/2026 11:26:33 AM,283.683621883392
2/19/2026 11:26:34 AM,283.895382285118
2/19/2026 11:26:35 AM,283.895382285118
2/19/2026 11:26:36 AM,284.764793515205
2/19/2026 11:26:37 AM,285.911437869072
2/19/2026 11:26:38 AM,286.250790953636
2/19/2026 11:26:39 AM,280.466660857201
2/19/2026 11:26:40 AM,280.466660857201
2/19/2026 11:26:41 AM,276.269942522049
2/19/2026 11:26:42 AM,
2/19/2026 11:26:43 AM,
2/19/2026 11:26:44 AM,282.927507162094
2/19/2026 11:26:45 AM,285.760536789894
2/19/2026 11:26:46 AM,286.906108260155
2/19/2026 11:26:47 AM,286.528345942497
2/19/2026 11:26:48 AM,
2/19/2026 11:26:49 AM,280.409234762192
2/19/2026 11:26:50 AM,280.409234762192
2/19/2026 11:26:51 AM,279.852676391602
2/19/2026 11:26:52 AM,280.611687898636
2/19/2026 11:26:53 AM,283.861050009727
2/19/2026 11:26:54 AM,270.296823978424
2/19/2026 11:26:55 AM,264.306566119194
2/19/2026 11:26:56 AM,264.488339424133
2/19/2026 11:26:57 AM,275.71730017662
2/19/2026 11:26:58 AM,275.818929076195
2/19/2026 11:26:59 AM,
2/19/2026 11:27:00 AM,
2/19/2026 11:27:01 AM,274.364313483238
2/19/2026 11:27:02 AM,276.679703593254
2/19/2026 11:27:03 AM,274.902096390724
2/19/2026 11:27:04 AM,
2/19/2026 11:27:05 AM,274.813744425774
2/19/2026 11:27:06 AM,271.166476607323
2/19/2026 11:27:07 AM,269.177806377411
2/19/2026 11:27:08 AM,270.26906311512
2/19/2026 11:27:09 AM,271.085232496262
2/19/2026 11:27:10 AM,270.066636800766
2/19/2026 11:27:11 AM,269.165575504303
2/19/2026 11:27:12 AM,
2/19/2026 11:27:13 AM,
2/19/2026 11:27:14 AM,
2/19/2026 11:27:15 AM,
2/19/2026 11:27:16 AM,262.318137288094
2/19/2026 11:27:17 AM,235.841381549835
2/19/2026 11:27:18 AM,230.755054950714
2/19/2026 11:27:19 AM,234.43751335144
2/19/2026 11:27:20 AM,236.505362391472
2/19/2026 11:27:21 AM,239.642098546028
2/19/2026 11:27:22 AM,249.312776327133
2/19/2026 11:27:23 AM,252.15248465538
2/19/2026 11:27:24 AM,260.025304555893
2/19/2026 11:27:25 AM,
2/19/2026 11:27:26 AM,269.346007704735
2/19/2026 11:27:27 AM,279.62187230587
2/19/2026 11:27:28 AM,
2/19/2026 11:27:29 AM,279.687586426735
2/19/2026 11:27:30 AM,
2/19/2026 11:27:31 AM,280.769348144531
2/19/2026 11:27:32 AM,281.297636032104
2/19/2026 11:27:33 AM,
2/19/2026 11:27:34 AM,283.858206868172
2/19/2026 11:27:35 AM,283.858206868172
2/19/2026 11:27:36 AM,286.155679821968
2/19/2026 11:27:37 AM,288.118091225624
2/19/2026 11:27:38 AM,
2/19/2026 11:27:39 AM,
2/19/2026 11:27:40 AM,291.02421104908
2/19/2026 11:27:41 AM,291.160869598389
2/19/2026 11:27:42 AM,286.843022704124
2/19/2026 11:27:43 AM,283.466872572899
2/19/2026 11:27:44 AM,279.237806797028
2/19/2026 11:27:45 AM,277.585083246231
2/19/2026 11:27:46 AM,
2/19/2026 11:27:47 AM,275.725695490837
2/19/2026 11:27:48 AM,274.632212519646
2/19/2026 11:27:49 AM,274.09992814064
2/19/2026 11:27:50 AM,272.4410623312
2/19/2026 11:27:51 AM,269.345042109489
2/19/2026 11:27:52 AM,272.325083613396
2/19/2026 11:27:53 AM,
2/19/2026 11:27:54 AM,278.297290205956
2/19/2026 11:27:55 AM,278.297290205956
2/19/2026 11:27:56 AM,
2/19/2026 11:27:57 AM,
2/19/2026 11:27:58 AM,
2/19/2026 11:27:59 AM,
2/19/2026 11:28:00 AM,
2/19/2026 11:28:01 AM,
2/19/2026 11:28:02 AM,249.906241893768
2/19/2026 11:28:03 AM,251.529380679131
2/19/2026 11:28:04 AM,255.421641469002
2/19/2026 11:28:05 AM,
2/19/2026 11:28:06 AM,256.743380427361
2/19/2026 11:28:07 AM,262.281739711761
2/19/2026 11:28:08 AM,
2/19/2026 11:28:09 AM,267.429354786873
2/19/2026 11:28:10 AM,266.1626547575
2/19/2026 11:28:11 AM,265.846368670464
2/19/2026 11:28:12 AM,265.934774279594
2/19/2026 11:28:13 AM,
2/19/2026 11:28:14 AM,251.217895746231
2/19/2026 11:28:15 AM,
2/19/2026 11:28:16 AM,253.956726193428
2/19/2026 11:28:17 AM,253.956726193428
2/19/2026 11:28:18 AM,255.297294259071
2/19/2026 11:28:19 AM,
2/19/2026 11:28:20 AM,258.345061540604
2/19/2026 11:28:21 AM,
2/19/2026 11:28:22 AM,
2/19/2026 11:28:23 AM,
2/19/2026 11:28:24 AM,245.349141955376
2/19/2026 11:28:25 AM,247.018817067146
2/19/2026 11:28:26 AM,244.032096862793
2/19/2026 11:28:27 AM,245.476654171944
2/19/2026 11:28:28 AM,250.178003311157
2/19/2026 11:28:29 AM,252.820301055908
2/19/2026 11:28:30 AM,255.581232905388
2/19/2026 11:28:31 AM,260.158771276474
2/19/2026 11:28:32 AM,260.158771276474
2/19/2026 11:28:33 AM,
2/19/2026 11:28:34 AM,262.90280520916
2/19/2026 11:28:35 AM,268.053397536278
2/19/2026 11:28:36 AM,268.85894536972
2/19/2026 11:28:37 AM,
2/19/2026 11:28:38 AM,
2/19/2026 11:28:39 AM,
2/19/2026 11:28:40 AM,
2/19/2026 11:28:41 AM,
2/19/2026 11:28:42 AM,271.791726350784
2/19/2026 11:28:43 AM,271.569934487343
2/19/2026 11:28:44 AM,
2/19/2026 11:28:45 AM,276.245319843292
2/19/2026 11:28:46 AM,276.245319843292
2/19/2026 11:28:47 AM,275.41828751564
2/19/2026 11:28:48 AM,274.575832486153
2/19/2026 11:28:49 AM,273.278474807739
2/19/2026 11:28:50 AM,270.698109269142
2/19/2026 11:28:51 AM,
2/19/2026 11:28:52 AM,
2/19/2026 11:28:53 AM,
2/19/2026 11:28:54 AM,
2/19/2026 11:28:55 AM,269.316208362579
2/19/2026 11:28:56 AM,266.519522666931
2/19/2026 11:28:57 AM,
2/19/2026 11:28:58 AM,
2/19/2026 11:28:59 AM,249.325436353683
2/19/2026 11:29:00 AM,
2/19/2026 11:29:01 AM,
2/19/2026 11:29:02 AM,
2/19/2026 11:29:03 AM,
2/19/2026 11:29:04 AM,241.373115777969
2/19/2026 11:29:05 AM,
2/19/2026 11:29:06 AM,
2/19/2026 11:29:07 AM,231.341573596001
2/19/2026 11:29:08 AM,
2/19/2026 11:29:09 AM,
2/19/2026 11:29:10 AM,
2/19/2026 11:29:11 AM,
2/19/2026 11:29:12 AM,
2/19/2026 11:29:13 AM,
2/19/2026 11:29:14 AM,
2/19/2026 11:29:15 AM,
2/19/2026 11:29:16 AM,
2/19/2026 11:29:17 AM,
2/19/2026 11:29:18 AM,
2/19/2026 11:29:19 AM,
2/19/2026 11:29:20 AM,
2/19/2026 11:29:21 AM,
2/19/2026 11:29:22 AM,
2/19/2026 11:29:23 AM,
2/19/2026 11:29:24 AM,
2/19/2026 11:29:25 AM,
2/19/2026 11:29:26 AM,
2/19/2026 11:29:27 AM,
2/19/2026 11:29:28 AM,262.815821170807
2/19/2026 11:29:29 AM,
2/19/2026 11:29:30 AM,274.132999777794
2/19/2026 11:29:31 AM,279.192128777504
2/19/2026 11:29:32 AM,286.146077513695
2/19/2026 11:29:33 AM,
2/19/2026 11:29:34 AM,287.514245510101
2/19/2026 11:29:35 AM,290.51995575428
2/19/2026 11:29:36 AM,
2/19/2026 11:29:37 AM,
2/19/2026 11:29:38 AM,278.767105937004
2/19/2026 11:29:39 AM,
2/19/2026 11:29:40 AM,
2/19/2026 11:29:41 AM,
2/19/2026 11:29:42 AM,
2/19/2026 11:29:43 AM,279.789805412292
2/19/2026 11:29:44 AM,
2/19/2026 11:29:45 AM,272.975331544876
2/19/2026 11:29:46 AM,
2/19/2026 11:29:47 AM,
2/19/2026 11:29:48 AM,
2/19/2026 11:29:49 AM,
2/19/2026 11:29:50 AM,
2/19/2026 11:29:51 AM,266.545727849007
2/19/2026 11:29:52 AM,
2/19/2026 11:29:53 AM,265.758633613586
2/19/2026 11:29:54 AM,267.523097991943
2/19/2026 11:29:55 AM,
2/19/2026 11:29:56 AM,
2/19/2026 11:29:57 AM,286.248645186424
2/19/2026 11:29:58 AM,
2/19/2026 11:29:59 AM,
2/19/2026 11:30:00 AM,
2/19/2026 11:30:01 AM,
2/19/2026 11:30:02 AM,290.909814834595
2/19/2026 11:30:03 AM,290.010979771614
2/19/2026 11:30:04 AM,287.632986903191
2/19/2026 11:30:05 AM,287.632986903191
2/19/2026 11:30:06 AM,
2/19/2026 11:30:07 AM,
2/19/2026 11:30:08 AM,270.918077230453
2/19/2026 11:30:09 AM,
2/19/2026 11:30:10 AM,257.008168101311
2/19/2026 11:30:11 AM,253.046974539757
2/19/2026 11:30:12 AM,
2/19/2026 11:30:13 AM,
2/19/2026 11:30:14 AM,
2/19/2026 11:30:15 AM,250.579771399498
2/19/2026 11:30:16 AM,
2/19/2026 11:30:17 AM,
2/19/2026 11:30:18 AM,
2/19/2026 11:30:19 AM,
2/19/2026 11:30:20 AM,
2/19/2026 11:30:21 AM,
2/19/2026 11:30:22 AM,262.520563602448
2/19/2026 11:30:23 AM,
2/19/2026 11:30:24 AM,
2/19/2026 11:30:25 AM,266.854020953178
2/19/2026 11:30:26 AM,
2/19/2026 11:30:27 AM,
2/19/2026 11:30:28 AM,
2/19/2026 11:30:29 AM,
2/19/2026 11:30:30 AM,
2/19/2026 11:30:31 AM,
2/19/2026 11:30:32 AM,
2/19/2026 11:30:33 AM,
2/19/2026 11:30:34 AM,
2/19/2026 11:30:35 AM,265.905860066414
2/19/2026 11:30:36 AM,
2/19/2026 11:30:37 AM,
2/19/2026 11:30:38 AM,
2/19/2026 11:30:39 AM,
2/19/2026 11:30:40 AM,256.171989440918
2/19/2026 11:30:41 AM,
2/19/2026 11:30:42 AM,
2/19/2026 11:30:43 AM,
2/19/2026 11:30:44 AM,
2/19/2026 11:30:45 AM,
2/19/2026 11:30:46 AM,
2/19/2026 11:30:47 AM,249.294859170914
2/19/2026 11:30:48 AM,
2/19/2026 11:30:49 AM,
2/19/2026 11:30:50 AM,250.820472836494
2/19/2026 11:30:51 AM,
2/19/2026 11:30:52 AM,
2/19/2026 11:30:53 AM,
2/19/2026 11:30:54 AM,252.80074775219
2/19/2026 11:30:55 AM,268.987610936165
2/19/2026 11:30:56 AM,
2/19/2026 11:30:57 AM,296.371033787727
2/19/2026 11:30:58 AM,
2/19/2026 11:30:59 AM,302.766707539558
2/19/2026 11:31:00 AM,302.766707539558
2/19/2026 11:31:01 AM,
2/19/2026 11:31:02 AM,
2/19/2026 11:31:03 AM,
2/19/2026 11:31:04 AM,296.977239847183
2/19/2026 11:31:05 AM,288.451489806175
2/19/2026 11:31:06 AM,284.578031301498
2/19/2026 11:31:07 AM,
2/19/2026 11:31:08 AM,
2/19/2026 11:31:09 AM,
2/19/2026 11:31:10 AM,
2/19/2026 11:31:11 AM,272.019097208977
2/19/2026 11:31:12 AM,
2/19/2026 11:31:13 AM,
2/19/2026 11:31:14 AM,
2/19/2026 11:31:15 AM,
2/19/2026 11:31:16 AM,262.90642619133
2/19/2026 11:31:17 AM,
2/19/2026 11:31:18 AM,
2/19/2026 11:31:19 AM,
2/19/2026 11:31:20 AM,261.644795536995
2/19/2026 11:31:21 AM,
2/19/2026 11:31:22 AM,
2/19/2026 11:31:23 AM,258.336719870567
2/19/2026 11:31:24 AM,261.116695404053
2/19/2026 11:31:25 AM,258.683985471725
2/19/2026 11:31:26 AM,260.053226351738
2/19/2026 11:31:27 AM,268.178763985634
2/19/2026 11:31:28 AM,273.198705911636
2/19/2026 11:31:29 AM,
2/19/2026 11:31:30 AM,
2/19/2026 11:31:31 AM,
2/19/2026 11:31:32 AM,
2/19/2026 11:31:33 AM,
2/19/2026 11:31:34 AM,
2/19/2026 11:31:35 AM,
2/19/2026 11:31:36 AM,
2/19/2026 11:31:37 AM,214.403262734413
2/19/2026 11:31:38 AM,
2/19/2026 11:31:39 AM,
2/19/2026 11:31:40 AM,
2/19/2026 11:31:41 AM,
2/19/2026 11:31:42 AM,
2/19/2026 11:31:43 AM,
2/19/2026 11:31:44 AM,212.569101154804
2/19/2026 11:31:45 AM,
2/19/2026 11:31:46 AM,
2/19/2026 11:31:47 AM,
2/19/2026 11:31:48 AM,
2/19/2026 11:31:49 AM,241.001844406128
2/19/2026 11:31:50 AM,
2/19/2026 11:31:51 AM,
2/19/2026 11:31:52 AM,
2/19/2026 11:31:53 AM,
2/19/2026 11:31:54 AM,
2/19/2026 11:31:55 AM,
2/19/2026 11:31:56 AM,248.023116588593
2/19/2026 11:31:57 AM,256.125238537788
2/19/2026 11:31:58 AM,277.955228090286
2/19/2026 11:31:59 AM,
2/19/2026 11:32:00 AM,
2/19/2026 11:32:01 AM,
2/19/2026 11:32:02 AM,283.296230435371
2/19/2026 11:32:03 AM,283.296230435371
2/19/2026 11:32:04 AM,
2/19/2026 11:32:05 AM,
2/19/2026 11:32:06 AM,
2/19/2026 11:32:07 AM,
2/19/2026 11:32:08 AM,
2/19/2026 11:32:09 AM,
2/19/2026 11:32:10 AM,
2/19/2026 11:32:11 AM,
2/19/2026 11:32:12 AM,
2/19/2026 11:32:13 AM,
2/19/2026 11:32:14 AM,
2/19/2026 11:32:15 AM,
2/19/2026 11:32:16 AM,
2/19/2026 11:32:17 AM,
2/19/2026 11:32:18 AM,
2/19/2026 11:32:19 AM,
2/19/2026 11:32:20 AM,
2/19/2026 11:32:21 AM,
2/19/2026 11:32:22 AM,276.918366551399
2/19/2026 11:32:23 AM,276.266884803772
2/19/2026 11:32:24 AM,276.266884803772
2/19/2026 11:32:25 AM,274.919235706329
2/19/2026 11:32:26 AM,
2/19/2026 11:32:27 AM,
2/19/2026 11:32:28 AM,
2/19/2026 11:32:29 AM,269.430792331696
2/19/2026 11:32:30 AM,
2/19/2026 11:32:31 AM,
2/19/2026 11:32:32 AM,
2/19/2026 11:32:33 AM,
2/19/2026 11:32:34 AM,
2/19/2026 11:32:35 AM,
2/19/2026 11:32:36 AM,
2/19/2026 11:32:37 AM,
2/19/2026 11:32:38 AM,
2/19/2026 11:32:39 AM,
2/19/2026 11:32:40 AM,
2/19/2026 11:32:41 AM,
2/19/2026 11:32:42 AM,
2/19/2026 11:32:43 AM,
2/19/2026 11:32:44 AM,
2/19/2026 11:32:45 AM,
2/19/2026 11:32:46 AM,
2/19/2026 11:32:47 AM,
2/19/2026 11:32:48 AM,
2/19/2026 11:32:49 AM,
2/19/2026 11:32:50 AM,
2/19/2026 11:32:51 AM,
2/19/2026 11:32:52 AM,
2/19/2026 11:32:53 AM,350.80238878727
2/19/2026 11:32:54 AM,
2/19/2026 11:32:55 AM,
2/19/2026 11:32:56 AM,
2/19/2026 11:32:57 AM,303.621822595596
2/19/2026 11:32:58 AM,306.015425920486
2/19/2026 11:32:59 AM,
2/19/2026 11:33:00 AM,
2/19/2026 11:33:01 AM,
2/19/2026 11:33:02 AM,307.240256667137
2/19/2026 11:33:03 AM,278.212988376617
2/19/2026 11:33:04 AM,256.05343580246
2/19/2026 11:33:05 AM,
2/19/2026 11:33:06 AM,254.896062612534
2/19/2026 11:33:07 AM,
2/19/2026 11:33:08 AM,
2/19/2026 11:33:09 AM,
2/19/2026 11:33:10 AM,
2/19/2026 11:33:11 AM,
2/19/2026 11:33:12 AM,
2/19/2026 11:33:13 AM,
2/19/2026 11:33:14 AM,
2/19/2026 11:33:15 AM,
2/19/2026 11:33:16 AM,
2/19/2026 11:33:17 AM,
2/19/2026 11:33:18 AM,
2/19/2026 11:33:19 AM,
2/19/2026 11:33:20 AM,
2/19/2026 11:33:21 AM,
2/19/2026 11:33:22 AM,
2/19/2026 11:33:23 AM,
2/19/2026 11:33:24 AM,265.325617790222
2/19/2026 11:33:25 AM,279.30671274662
2/19/2026 11:33:26 AM,
2/19/2026 11:33:27 AM,
2/19/2026 11:33:28 AM,
2/19/2026 11:33:29 AM,
2/19/2026 11:33:30 AM,
2/19/2026 11:33:31 AM,287.870523333549
2/19/2026 11:33:32 AM,
2/19/2026 11:33:33 AM,
2/19/2026 11:33:34 AM,
2/19/2026 11:33:35 AM,
2/19/2026 11:33:36 AM,
2/19/2026 11:33:37 AM,284.168109297752
2/19/2026 11:33:38 AM,
2/19/2026 11:33:39 AM,
2/19/2026 11:33:40 AM,
2/19/2026 11:33:41 AM,
2/19/2026 11:33:42 AM,
2/19/2026 11:33:43 AM,
2/19/2026 11:33:44 AM,
2/19/2026 11:33:45 AM,
2/19/2026 11:33:46 AM,
2/19/2026 11:33:47 AM,
2/19/2026 11:33:48 AM,
2/19/2026 11:33:49 AM,
2/19/2026 11:33:50 AM,
2/19/2026 11:33:51 AM,
2/19/2026 11:33:52 AM,298.714935779572
2/19/2026 11:33:53 AM,
2/19/2026 11:33:54 AM,
2/19/2026 11:33:55 AM,
2/19/2026 11:33:56 AM,
2/19/2026 11:33:57 AM,
2/19/2026 11:33:58 AM,265.894031524658
2/19/2026 11:33:59 AM,
2/19/2026 11:34:00 AM,
2/19/2026 11:34:01 AM,
2/19/2026 11:34:02 AM,252.681496739388
2/19/2026 11:34:03 AM,
2/19/2026 11:34:04 AM,
2/19/2026 11:34:05 AM,
2/19/2026 11:34:06 AM,
2/19/2026 11:34:07 AM,261.859855055809
2/19/2026 11:34:08 AM,263.421705365181
2/19/2026 11:34:09 AM,268.317809700966
2/19/2026 11:34:10 AM,
2/19/2026 11:34:11 AM,
2/19/2026 11:34:12 AM,274.841746687889
2/19/2026 11:34:13 AM,
2/19/2026 11:34:14 AM,283.188727498055
2/19/2026 11:34:15 AM,
2/19/2026 11:34:16 AM,
2/19/2026 11:34:17 AM,285.170638561249
2/19/2026 11:34:18 AM,
2/19/2026 11:34:19 AM,
2/19/2026 11:34:20 AM,
2/19/2026 11:34:21 AM,275.837114453316
2/19/2026 11:34:22 AM,271.096363663673
2/19/2026 11:34:23 AM,
2/19/2026 11:34:24 AM,
2/19/2026 11:34:25 AM,
2/19/2026 11:34:26 AM,
2/19/2026 11:34:27 AM,
2/19/2026 11:34:28 AM,
2/19/2026 11:34:29 AM,276.874056458473
2/19/2026 11:34:30 AM,277.06446647644
2/19/2026 11:34:31 AM,277.06446647644
2/19/2026 11:34:32 AM,
2/19/2026 11:34:33 AM,
2/19/2026 11:34:34 AM,
2/19/2026 11:34:35 AM,
2/19/2026 11:34:36 AM,283.132240176201
2/19/2026 11:34:37 AM,329.592445492744
2/19/2026 11:34:38 AM,
2/19/2026 11:34:39 AM,353.171288967133
2/19/2026 11:34:40 AM,
2/19/2026 11:34:41 AM,
2/19/2026 11:34:42 AM,270.828786492348
2/19/2026 11:34:43 AM,
2/19/2026 11:34:44 AM,
2/19/2026 11:34:45 AM,
2/19/2026 11:34:46 AM,
2/19/2026 11:34:47 AM,
2/19/2026 11:34:48 AM,
2/19/2026 11:34:49 AM,289.473947882652
2/19/2026 11:34:50 AM,
2/19/2026 11:34:51 AM,288.540378212929
2/19/2026 11:34:52 AM,281.753772497177
2/19/2026 11:34:53 AM,
2/19/2026 11:34:54 AM,301.776784658432
2/19/2026 11:34:55 AM,301.776784658432
2/19/2026 11:34:56 AM,309.809732437134
2/19/2026 11:34:57 AM,
2/19/2026 11:34:58 AM,
2/19/2026 11:34:59 AM,
2/19/2026 11:35:00 AM,273.263722658157
2/19/2026 11:35:01 AM,
2/19/2026 11:35:02 AM,271.912989020348
2/19/2026 11:35:03 AM,
2/19/2026 11:35:04 AM,
2/19/2026 11:35:05 AM,
2/19/2026 11:35:06 AM,
2/19/2026 11:35:07 AM,
2/19/2026 11:35:08 AM,
2/19/2026 11:35:09 AM,
2/19/2026 11:35:10 AM,
2/19/2026 11:35:11 AM,
2/19/2026 11:35:12 AM,
2/19/2026 11:35:13 AM,
2/19/2026 11:35:14 AM,
2/19/2026 11:35:15 AM,
2/19/2026 11:35:16 AM,
2/19/2026 11:35:17 AM,
2/19/2026 11:35:18 AM,
2/19/2026 11:35:19 AM,268.666014075279
2/19/2026 11:35:20 AM,
2/19/2026 11:35:21 AM,
2/19/2026 11:35:22 AM,
2/19/2026 11:35:23 AM,
2/19/2026 11:35:24 AM,
2/19/2026 11:35:25 AM,
2/19/2026 11:35:26 AM,
2/19/2026 11:35:27 AM,296.652799844742
2/19/2026 11:35:28 AM,
2/19/2026 11:35:29 AM,
2/19/2026 11:35:30 AM,297.204664349556
2/19/2026 11:35:31 AM,301.448777318001
2/19/2026 11:35:32 AM,
2/19/2026 11:35:33 AM,
2/19/2026 11:35:34 AM,
2/19/2026 11:35:35 AM,
2/19/2026 11:35:36 AM,
2/19/2026 11:35:37 AM,
2/19/2026 11:35:38 AM,
2/19/2026 11:35:39 AM,208.182629942894
2/19/2026 11:35:40 AM,170.882838964462
2/19/2026 11:35:41 AM,104.381804913282
2/19/2026 11:35:42 AM,82.2931028902531
2/19/2026 11:35:43 AM,118.873116374016
2/19/2026 11:35:44 AM,
2/19/2026 11:35:45 AM,174.357613921165
2/19/2026 11:35:46 AM,
2/19/2026 11:35:47 AM,
2/19/2026 11:35:48 AM,
2/19/2026 11:35:49 AM,
2/19/2026 11:35:50 AM,
2/19/2026 11:35:51 AM,
2/19/2026 11:35:52 AM,
2/19/2026 11:35:53 AM,
2/19/2026 11:35:54 AM,194.510726630688
2/19/2026 11:35:55 AM,
2/19/2026 11:35:56 AM,
2/19/2026 11:35:57 AM,
2/19/2026 11:35:58 AM,
2/19/2026 11:35:59 AM,
2/19/2026 11:36:00 AM,257.002508640289
2/19/2026 11:36:01 AM,276.96527838707
2/19/2026 11:36:02 AM,
2/19/2026 11:36:03 AM,
2/19/2026 11:36:04 AM,
2/19/2026 11:36:05 AM,
2/19/2026 11:36:06 AM,
2/19/2026 11:36:07 AM,
2/19/2026 11:36:08 AM,
2/19/2026 11:36:09 AM,
2/19/2026 11:36:10 AM,271.427428722382
2/19/2026 11:36:11 AM,269.203662872314
2/19/2026 11:36:12 AM,266.518369317055
2/19/2026 11:36:13 AM,
2/19/2026 11:36:14 AM,
2/19/2026 11:36:15 AM,
2/19/2026 11:36:16 AM,259.413734078407
2/19/2026 11:36:17 AM,249.163833260536
2/19/2026 11:36:18 AM,
2/19/2026 11:36:19 AM,134.626226127148
2/19/2026 11:36:20 AM,134.626226127148
2/19/2026 11:36:21 AM,142.281103134155
2/19/2026 11:36:22 AM,127.05954015255
2/19/2026 11:36:23 AM,83.355613052845
2/19/2026 11:36:24 AM,86.4772215485573
2/19/2026 11:36:25 AM,
2/19/2026 11:36:26 AM,114.771603047848
2/19/2026 11:36:27 AM,
2/19/2026 11:36:28 AM,85.604752600193
2/19/2026 11:36:29 AM,80.3695365786552
2/19/2026 11:36:30 AM,151.8220692873
2/19/2026 11:36:31 AM,
2/19/2026 11:36:32 AM,
2/19/2026 11:36:33 AM,
2/19/2026 11:36:34 AM,
2/19/2026 11:36:35 AM,
2/19/2026 11:36:36 AM,
2/19/2026 11:36:37 AM,
2/19/2026 11:36:38 AM,
2/19/2026 11:36:39 AM,
2/19/2026 11:36:40 AM,245.758152008057
2/19/2026 11:36:41 AM,
2/19/2026 11:36:42 AM,258.62001478672
2/19/2026 11:36:43 AM,268.712362647057
2/19/2026 11:36:44 AM,
2/19/2026 11:36:45 AM,272.341606020927
2/19/2026 11:36:46 AM,278.939840197563
2/19/2026 11:36:47 AM,280.328956246376
2/19/2026 11:36:48 AM,268.859723210335
2/19/2026 11:36:49 AM,
2/19/2026 11:36:50 AM,267.191630601883
2/19/2026 11:36:51 AM,
2/19/2026 11:36:52 AM,
2/19/2026 11:36:53 AM,159.24417078495
2/19/2026 11:36:54 AM,144.43873912096
2/19/2026 11:36:55 AM,140.919587016106
2/19/2026 11:36:56 AM,138.539461791515
2/19/2026 11:36:57 AM,164.860099554062
2/19/2026 11:36:58 AM,
2/19/2026 11:36:59 AM,
2/19/2026 11:37:00 AM,
2/19/2026 11:37:01 AM,219.537010788918
2/19/2026 11:37:02 AM,219.537010788918
2/19/2026 11:37:03 AM,237.750309705734
2/19/2026 11:37:04 AM,
2/19/2026 11:37:05 AM,260.065001249313
2/19/2026 11:37:06 AM,
2/19/2026 11:37:07 AM,
2/19/2026 11:37:08 AM,
2/19/2026 11:37:09 AM,
2/19/2026 11:37:10 AM,282.38280415535
2/19/2026 11:37:11 AM,284.798508882523
2/19/2026 11:37:12 AM,
2/19/2026 11:37:13 AM,283.425030112267
2/19/2026 11:37:14 AM,
2/19/2026 11:37:15 AM,
2/19/2026 11:37:16 AM,
2/19/2026 11:37:17 AM,
2/19/2026 11:37:18 AM,288.308903574944
2/19/2026 11:37:19 AM,
2/19/2026 11:37:20 AM,
2/19/2026 11:37:21 AM,288.566637039185
2/19/2026 11:37:22 AM,
2/19/2026 11:37:23 AM,289.557632803917
2/19/2026 11:37:24 AM,290.25165438652
2/19/2026 11:37:25 AM,
2/19/2026 11:37:26 AM,
2/19/2026 11:37:27 AM,
2/19/2026 11:37:28 AM,
2/19/2026 11:37:29 AM,
2/19/2026 11:37:30 AM,292.783552408218
2/19/2026 11:37:31 AM,
2/19/2026 11:37:32 AM,287.988513708115
2/19/2026 11:37:33 AM,
2/19/2026 11:37:34 AM,
2/19/2026 11:37:35 AM,242.130893468857
2/19/2026 11:37:36 AM,
2/19/2026 11:37:37 AM,
2/19/2026 11:37:38 AM,168.785029649734
2/19/2026 11:37:39 AM,
2/19/2026 11:37:40 AM,
2/19/2026 11:37:41 AM,135.48663854599
2/19/2026 11:37:42 AM,
2/19/2026 11:37:43 AM,
2/19/2026 11:37:44 AM,207.984079420567
2/19/2026 11:37:45 AM,219.669753313065
2/19/2026 11:37:46 AM,
2/19/2026 11:37:47 AM,289.160022139549
2/19/2026 11:37:48 AM,
2/19/2026 11:37:49 AM,288.598716259003
2/19/2026 11:37:50 AM,212.770307064056
2/19/2026 11:37:51 AM,
2/19/2026 11:37:52 AM,
2/19/2026 11:37:53 AM,194.499742984772
2/19/2026 11:37:54 AM,191.412761807442
2/19/2026 11:37:55 AM,
2/19/2026 11:37:56 AM,
2/19/2026 11:37:57 AM,198.161843419075
2/19/2026 11:37:58 AM,204.064205288887
2/19/2026 11:37:59 AM,230.873447656631
2/19/2026 11:38:00 AM,
2/19/2026 11:38:01 AM,
2/19/2026 11:38:02 AM,260.075461864471
2/19/2026 11:38:03 AM,
2/19/2026 11:38:04 AM,278.66190969944
2/19/2026 11:38:05 AM,271.278995275497
2/19/2026 11:38:06 AM,
2/19/2026 11:38:07 AM,269.214713573456
2/19/2026 11:38:08 AM,
2/19/2026 11:38:09 AM,
2/19/2026 11:38:10 AM,
2/19/2026 11:38:11 AM,214.937022328377
2/19/2026 11:38:12 AM,184.06603038311
2/19/2026 11:38:13 AM,
2/19/2026 11:38:14 AM,
2/19/2026 11:38:15 AM,210.249781608582
2/19/2026 11:38:16 AM,210.249781608582
2/19/2026 11:38:17 AM,239.05354142189
2/19/2026 11:38:18 AM,257.687759399414
2/19/2026 11:38:19 AM,257.687759399414
2/19/2026 11:38:20 AM,267.512476444244
2/19/2026 11:38:21 AM,
2/19/2026 11:38:22 AM,282.094439864159
2/19/2026 11:38:23 AM,281.397897005081
2/19/2026 11:38:24 AM,284.296855330467
2/19/2026 11:38:25 AM,
2/19/2026 11:38:26 AM,
2/19/2026 11:38:27 AM,
2/19/2026 11:38:28 AM,
2/19/2026 11:38:29 AM,
2/19/2026 11:38:30 AM,
2/19/2026 11:38:31 AM,
2/19/2026 11:38:32 AM,
2/19/2026 11:38:33 AM,
2/19/2026 11:38:34 AM,
2/19/2026 11:38:35 AM,
2/19/2026 11:38:36 AM,285.751712322235
2/19/2026 11:38:37 AM,285.239973664284
2/19/2026 11:38:38 AM,284.315201640129
2/19/2026 11:38:39 AM,
2/19/2026 11:38:40 AM,279.749304056168
2/19/2026 11:38:41 AM,
2/19/2026 11:38:42 AM,
2/19/2026 11:38:43 AM,279.916539788246
2/19/2026 11:38:44 AM,
2/19/2026 11:38:45 AM,286.056357622147
2/19/2026 11:38:46 AM,292.693483829498
2/19/2026 11:38:47 AM,292.693483829498
2/19/2026 11:38:48 AM,
2/19/2026 11:38:49 AM,299.342438578606
2/19/2026 11:38:50 AM,299.342438578606
2/19/2026 11:38:51 AM,305.652120709419
2/19/2026 11:38:52 AM,304.946538805962
2/19/2026 11:38:53 AM,301.09021961689
2/19/2026 11:38:54 AM,299.298718571663
2/19/2026 11:38:55 AM,298.773783445358
2/19/2026 11:38:56 AM,
2/19/2026 11:38:57 AM,
2/19/2026 11:38:58 AM,291.758653521538
2/19/2026 11:38:59 AM,291.758653521538
2/19/2026 11:39:00 AM,
2/19/2026 11:39:01 AM,
2/19/2026 11:39:02 AM,280.655837059021
2/19/2026 11:39:03 AM,278.581631183624
2/19/2026 11:39:04 AM,276.626515388489
2/19/2026 11:39:05 AM,
2/19/2026 11:39:06 AM,
2/19/2026 11:39:07 AM,273.774468898773
2/19/2026 11:39:08 AM,273.774468898773
2/19/2026 11:39:09 AM,
2/19/2026 11:39:10 AM,267.581596970558
2/19/2026 11:39:11 AM,268.138933181763
2/19/2026 11:39:12 AM,
2/19/2026 11:39:13 AM,272.3547488451
2/19/2026 11:39:14 AM,272.3547488451
2/19/2026 11:39:15 AM,
2/19/2026 11:39:16 AM,273.545596003532
2/19/2026 11:39:17 AM,270.728552341461
2/19/2026 11:39:18 AM,
2/19/2026 11:39:19 AM,
2/19/2026 11:39:20 AM,
2/19/2026 11:39:21 AM,265.158811211586
2/19/2026 11:39:22 AM,265.158811211586
2/19/2026 11:39:23 AM,
2/19/2026 11:39:24 AM,
2/19/2026 11:39:25 AM,
2/19/2026 11:39:26 AM,266.05641245842
2/19/2026 11:39:27 AM,266.592130064964
2/19/2026 11:39:28 AM,
2/19/2026 11:39:29 AM,
2/19/2026 11:39:30 AM,217.884528636932
2/19/2026 11:39:31 AM,217.884528636932
2/19/2026 11:39:32 AM,138.757981359959
2/19/2026 11:39:33 AM,
2/19/2026 11:39:34 AM,
2/19/2026 11:39:35 AM,132.068230211735
2/19/2026 11:39:36 AM,133.647809922695
2/19/2026 11:39:37 AM,153.311030566692
2/19/2026 11:39:38 AM,
2/19/2026 11:39:39 AM,
2/19/2026 11:39:40 AM,
2/19/2026 11:39:41 AM,223.822885751724
2/19/2026 11:39:42 AM,
2/19/2026 11:39:43 AM,
2/19/2026 11:39:44 AM,
2/19/2026 11:39:45 AM,
2/19/2026 11:39:46 AM,
2/19/2026 11:39:47 AM,
2/19/2026 11:39:48 AM,
2/19/2026 11:39:49 AM,
2/19/2026 11:39:50 AM,
2/19/2026 11:39:51 AM,
2/19/2026 11:39:52 AM,
2/19/2026 11:39:53 AM,
2/19/2026 11:39:54 AM,235.667923092842
2/19/2026 11:39:55 AM,213.101157546043
2/19/2026 11:39:56 AM,123.133631050587
2/19/2026 11:39:57 AM,
2/19/2026 11:39:58 AM,33.0821882933378
2/19/2026 11:39:59 AM,
2/19/2026 11:40:00 AM,
2/19/2026 11:40:01 AM,43.3933943510056
2/19/2026 11:40:02 AM,80.3337626159191
2/19/2026 11:40:03 AM,
2/19/2026 11:40:04 AM,
2/19/2026 11:40:05 AM,164.545530080795
2/19/2026 11:40:06 AM,202.920323610306
2/19/2026 11:40:07 AM,190.469495952129
2/19/2026 11:40:08 AM,
2/19/2026 11:40:09 AM,
2/19/2026 11:40:10 AM,
2/19/2026 11:40:11 AM,
2/19/2026 11:40:12 AM,
2/19/2026 11:40:13 AM,
2/19/2026 11:40:14 AM,205.176208913326
2/19/2026 11:40:15 AM,
2/19/2026 11:40:16 AM,212.136755883694
2/19/2026 11:40:17 AM,212.136755883694
2/19/2026 11:40:18 AM,163.881911337376
2/19/2026 11:40:19 AM,167.851406335831
2/19/2026 11:40:20 AM,179.066781699657
2/19/2026 11:40:21 AM,186.702212691307
2/19/2026 11:40:22 AM,191.116605699062
2/19/2026 11:40:23 AM,196.294033527374
2/19/2026 11:40:24 AM,
2/19/2026 11:40:25 AM,
2/19/2026 11:40:26 AM,
2/19/2026 11:40:27 AM,
2/19/2026 11:40:28 AM,166.32843464613
2/19/2026 11:40:29 AM,
2/19/2026 11:40:30 AM,
2/19/2026 11:40:31 AM,177.876873314381
2/19/2026 11:40:32 AM,
2/19/2026 11:40:33 AM,186.761757731438
2/19/2026 11:40:34 AM,
2/19/2026 11:40:35 AM,196.698269248009
2/19/2026 11:40:36 AM,
2/19/2026 11:40:37 AM,
2/19/2026 11:40:38 AM,
2/19/2026 11:40:39 AM,150.407794117928
2/19/2026 11:40:40 AM,107.351975888014
2/19/2026 11:40:41 AM,92.7116677165031
2/19/2026 11:40:42 AM,
2/19/2026 11:40:43 AM,91.7054571211338
2/19/2026 11:40:44 AM,
2/19/2026 11:40:45 AM,112.988376617432
2/19/2026 11:40:46 AM,
2/19/2026 11:40:47 AM,118.507035076618
2/19/2026 11:40:48 AM,129.346458613873
2/19/2026 11:40:49 AM,
2/19/2026 11:40:50 AM,202.426864206791
2/19/2026 11:40:51 AM,
2/19/2026 11:40:52 AM,230.291756987572
2/19/2026 11:40:53 AM,
2/19/2026 11:40:54 AM,
2/19/2026 11:40:55 AM,221.317327022552
2/19/2026 11:40:56 AM,211.350090801716
2/19/2026 11:40:57 AM,140.715685486794
2/19/2026 11:40:58 AM,87.6969829201698
2/19/2026 11:40:59 AM,69.8613859713078
2/19/2026 11:41:00 AM,82.8111916780472
2/19/2026 11:41:01 AM,122.504545748234
2/19/2026 11:41:02 AM,
2/19/2026 11:41:03 AM,
2/19/2026 11:41:04 AM,161.19105219841
2/19/2026 11:41:05 AM,145.954911410809
2/19/2026 11:41:06 AM,112.794117629528
2/19/2026 11:41:07 AM,
2/19/2026 11:41:08 AM,140.238171815872
2/19/2026 11:41:09 AM,185.951046645641
2/19/2026 11:41:10 AM,185.951046645641
2/19/2026 11:41:11 AM,154.613779485226
2/19/2026 11:41:12 AM,
2/19/2026 11:41:13 AM,167.830109596252
2/19/2026 11:41:14 AM,124.224378168583
2/19/2026 11:41:15 AM,
2/19/2026 11:41:16 AM,
2/19/2026 11:41:17 AM,
2/19/2026 11:41:18 AM,
2/19/2026 11:41:19 AM,
2/19/2026 11:41:20 AM,165.020053088665
2/19/2026 11:41:21 AM,135.700665414333
2/19/2026 11:41:22 AM,112.967509031296
2/19/2026 11:41:23 AM,105.025293678045
2/19/2026 11:41:24 AM,
2/19/2026 11:41:25 AM,
2/19/2026 11:41:26 AM,136.962376534939
2/19/2026 11:41:27 AM,144.230800867081
2/19/2026 11:41:28 AM,128.286369144917
2/19/2026 11:41:29 AM,146.93398475647
2/19/2026 11:41:30 AM,174.14413690567
2/19/2026 11:41:31 AM,192.947843670845
2/19/2026 11:41:32 AM,212.684208154678
2/19/2026 11:41:33 AM,224.677839875221
2/19/2026 11:41:34 AM,
2/19/2026 11:41:35 AM,229.182448983192
2/19/2026 11:41:36 AM,
2/19/2026 11:41:37 AM,239.189609885216
2/19/2026 11:41:38 AM,
2/19/2026 11:41:39 AM,
2/19/2026 11:41:40 AM,
2/19/2026 11:41:41 AM,248.228976130486
2/19/2026 11:41:42 AM,208.394162356853
2/19/2026 11:41:43 AM,197.158227860928
2/19/2026 11:41:44 AM,163.721917569637
2/19/2026 11:41:45 AM,168.712006509304
2/19/2026 11:41:46 AM,
2/19/2026 11:41:47 AM,177.97127366066
2/19/2026 11:41:48 AM,
2/19/2026 11:41:49 AM,197.746624052525
2/19/2026 11:41:50 AM,
2/19/2026 11:41:51 AM,
2/19/2026 11:41:52 AM,210.91495603323
2/19/2026 11:41:53 AM,217.032793164253
2/19/2026 11:41:54 AM,
2/19/2026 11:41:55 AM,
2/19/2026 11:41:56 AM,
2/19/2026 11:41:57 AM,
2/19/2026 11:41:58 AM,
2/19/2026 11:41:59 AM,
2/19/2026 11:42:00 AM,
2/19/2026 11:42:01 AM,
2/19/2026 11:42:02 AM,204.313369095325
2/19/2026 11:42:03 AM,
2/19/2026 11:42:04 AM,
2/19/2026 11:42:05 AM,203.118056058884
2/19/2026 11:42:06 AM,
2/19/2026 11:42:07 AM,173.122282326221
2/19/2026 11:42:08 AM,173.122282326221
2/19/2026 11:42:09 AM,177.314440906048
2/19/2026 11:42:10 AM,187.636694312096
2/19/2026 11:42:11 AM,
2/19/2026 11:42:12 AM,173.097284138203
2/19/2026 11:42:13 AM,
2/19/2026 11:42:14 AM,
2/19/2026 11:42:15 AM,110.651260614395
2/19/2026 11:42:16 AM,99.7045285999775
2/19/2026 11:42:17 AM,73.7617135047913
2/19/2026 11:42:18 AM,102.767778933048
2/19/2026 11:42:19 AM,102.767778933048
2/19/2026 11:42:20 AM,92.9148986935616
2/19/2026 11:42:21 AM,84.7556121647358
2/19/2026 11:42:22 AM,76.0892540216446
2/19/2026 11:42:23 AM,82.344688475132
2/19/2026 11:42:24 AM,
2/19/2026 11:42:25 AM,100.241231918335
2/19/2026 11:42:26 AM,79.0809161961079
2/19/2026 11:42:27 AM,98.9095151424408
2/19/2026 11:42:28 AM,121.303774416447
2/19/2026 11:42:29 AM,
2/19/2026 11:42:30 AM,160.089790821075
2/19/2026 11:42:31 AM,
2/19/2026 11:42:32 AM,
2/19/2026 11:42:33 AM,
2/19/2026 11:42:34 AM,138.115820288658
2/19/2026 11:42:35 AM,127.329947054386
2/19/2026 11:42:36 AM,95.2435724437237
2/19/2026 11:42:37 AM,
2/19/2026 11:42:38 AM,50.7389288395643
2/19/2026 11:42:39 AM,28.7121724337339
2/19/2026 11:42:40 AM,7.06684375181794
2/19/2026 11:42:41 AM,-3.87646802701056
2/19/2026 11:42:42 AM,-3.54128368198872
2/19/2026 11:42:43 AM,
2/19/2026 11:42:44 AM,-3.55033404193819
2/19/2026 11:42:45 AM,28.3842790871859
2/19/2026 11:42:46 AM,
2/19/2026 11:42:47 AM,
2/19/2026 11:42:48 AM,37.726879119873
2/19/2026 11:42:49 AM,
2/19/2026 11:42:50 AM,47.2251880913973
2/19/2026 11:42:51 AM,
2/19/2026 11:42:52 AM,67.4603261053562
2/19/2026 11:42:53 AM,109.641891717911
2/19/2026 11:42:54 AM,
2/19/2026 11:42:55 AM,
2/19/2026 11:42:56 AM,
2/19/2026 11:42:57 AM,
2/19/2026 11:42:58 AM,164.32658135891
2/19/2026 11:42:59 AM,
2/19/2026 11:43:00 AM,
2/19/2026 11:43:01 AM,202.382124960423
2/19/2026 11:43:02 AM,
2/19/2026 11:43:03 AM,
2/19/2026 11:43:04 AM,
2/19/2026 11:43:05 AM,
2/19/2026 11:43:06 AM,233.839702606201
2/19/2026 11:43:07 AM,210.053430497646
2/19/2026 11:43:08 AM,
2/19/2026 11:43:09 AM,
2/19/2026 11:43:10 AM,149.800997972488
2/19/2026 11:43:11 AM,134.510327875614
2/19/2026 11:43:12 AM,89.2546758055687
2/19/2026 11:43:13 AM,
2/19/2026 11:43:14 AM,
2/19/2026 11:43:15 AM,
2/19/2026 11:43:16 AM,29.1997376829386
2/19/2026 11:43:17 AM,-1.8445857334882
2/19/2026 11:43:18 AM,-1.8445857334882
2/19/2026 11:43:19 AM,
2/19/2026 11:43:20 AM,62.3410820960999
2/19/2026 11:43:21 AM,
2/19/2026 11:43:22 AM,71.1283408105373
2/19/2026 11:43:23 AM,71.4582458138466
2/19/2026 11:43:24 AM,70.9109947085381
2/19/2026 11:43:25 AM,
2/19/2026 11:43:26 AM,106.0113273561
2/19/2026 11:43:27 AM,132.618243992329
2/19/2026 11:43:28 AM,160.334515571594
2/19/2026 11:43:29 AM,
2/19/2026 11:43:30 AM,199.292461574078
2/19/2026 11:43:31 AM,
2/19/2026 11:43:32 AM,
2/19/2026 11:43:33 AM,198.17990809679
2/19/2026 11:43:34 AM,198.17990809679
2/19/2026 11:43:35 AM,215.002588927746
2/19/2026 11:43:36 AM,208.199970424175
2/19/2026 11:43:37 AM,161.013449728489
2/19/2026 11:43:38 AM,
2/19/2026 11:43:39 AM,184.16772633791
2/19/2026 11:43:40 AM,190.60475975275
2/19/2026 11:43:41 AM,195.593132078648
2/19/2026 11:43:42 AM,145.248202979565
2/19/2026 11:43:43 AM,
2/19/2026 11:43:44 AM,
2/19/2026 11:43:45 AM,
2/19/2026 11:43:46 AM,
2/19/2026 11:43:47 AM,165.697364509106
2/19/2026 11:43:48 AM,
2/19/2026 11:43:49 AM,213.065001368523
2/19/2026 11:43:50 AM,221.678151190281
2/19/2026 11:43:51 AM,
2/19/2026 11:43:52 AM,
2/19/2026 11:43:53 AM,
2/19/2026 11:43:54 AM,268.439823389053
2/19/2026 11:43:55 AM,268.439823389053
2/19/2026 11:43:56 AM,
2/19/2026 11:43:57 AM,272.453507781029
2/19/2026 11:43:58 AM,275.596922636032
2/19/2026 11:43:59 AM,
2/19/2026 11:44:00 AM,
2/19/2026 11:44:01 AM,282.914471626282
2/19/2026 11:44:02 AM,
2/19/2026 11:44:03 AM,
2/19/2026 11:44:04 AM,290.868696570396
2/19/2026 11:44:05 AM,295.710995793343
2/19/2026 11:44:06 AM,295.710995793343
2/19/2026 11:44:07 AM,
2/19/2026 11:44:08 AM,261.266630887985
2/19/2026 11:44:09 AM,214.613923430443
2/19/2026 11:44:10 AM,
2/19/2026 11:44:11 AM,
2/19/2026 11:44:12 AM,
2/19/2026 11:44:13 AM,
2/19/2026 11:44:14 AM,
2/19/2026 11:44:15 AM,156.729264557362
2/19/2026 11:44:16 AM,135.339988768101
2/19/2026 11:44:17 AM,85.8548484742641
2/19/2026 11:44:18 AM,72.3338328301907
2/19/2026 11:44:19 AM,51.6403622925282
2/19/2026 11:44:20 AM,37.8854177892208
2/19/2026 11:44:21 AM,
2/19/2026 11:44:22 AM,
2/19/2026 11:44:23 AM,-2.24814000539482
2/19/2026 11:44:24 AM,-2.04384829849005
2/19/2026 11:44:25 AM,
2/19/2026 11:44:26 AM,
2/19/2026 11:44:27 AM,
2/19/2026 11:44:28 AM,
2/19/2026 11:44:29 AM,
2/19/2026 11:44:30 AM,
2/19/2026 11:44:31 AM,-1.62517569260672
2/19/2026 11:44:32 AM,-1.33852193830535
2/19/2026 11:44:33 AM,-0.845018005929887
2/19/2026 11:44:34 AM,0
2/19/2026 11:44:35 AM,0
2/19/2026 11:44:36 AM,0
2/19/2026 11:44:37 AM,0
2/19/2026 11:44:38 AM,
2/19/2026 11:44:39 AM,
2/19/2026 11:44:40 AM,0
2/19/2026 11:44:41 AM,0
2/19/2026 11:44:42 AM,
2/19/2026 11:44:43 AM,0
2/19/2026 11:44:44 AM,0
2/19/2026 11:44:45 AM,0
2/19/2026 11:44:46 AM,
2/19/2026 11:44:47 AM,0
2/19/2026 11:44:48 AM,0
2/19/2026 11:44:49 AM,0
2/19/2026 11:44:50 AM,
2/19/2026 11:44:51 AM,-1.25620127655566
2/19/2026 11:44:52 AM,-1.55525679001585
2/19/2026 11:44:53 AM,-1.70538180973381
2/19/2026 11:44:54 AM,
2/19/2026 11:44:55 AM,
2/19/2026 11:44:56 AM,
2/19/2026 11:44:57 AM,-1.58330358099192
2/19/2026 11:44:58 AM,-1.63797066779807
2/19/2026 11:44:59 AM,-1.41005268087611
2/19/2026 11:45:00 AM,-1.14557147026062
2/19/2026 11:45:01 AM,-0.971250515431166
2/19/2026 11:45:02 AM,
2/19/2026 11:45:03 AM,-1.21182999573648
2/19/2026 11:45:04 AM,
2/19/2026 11:45:05 AM,
2/19/2026 11:45:06 AM,
2/19/2026 11:45:07 AM,-1.18417872581631
2/19/2026 11:45:08 AM,-1.1530747404322
2/19/2026 11:45:09 AM,-1.51516771875322
2/19/2026 11:45:10 AM,-1.51516771875322
2/19/2026 11:45:11 AM,-1.96868085768074
2/19/2026 11:45:12 AM,-1.96868085768074
2/19/2026 11:45:13 AM,-1.76384747028351
2/19/2026 11:45:14 AM,-1.76384747028351
2/19/2026 11:45:15 AM,-1.90834100358188
2/19/2026 11:45:16 AM,-1.77672752179205
2/19/2026 11:45:17 AM,-1.91701585426927
2/19/2026 11:45:18 AM,-2.01418390497565
2/19/2026 11:45:19 AM,
2/19/2026 11:45:20 AM,-1.90024680923671
2/19/2026 11:45:21 AM,
2/19/2026 11:45:22 AM,
2/19/2026 11:45:23 AM,
2/19/2026 11:45:24 AM,-2.2839104058221
2/19/2026 11:45:25 AM,-1.95381890516728
2/19/2026 11:45:26 AM,-2.4167989846319
2/19/2026 11:45:27 AM,
2/19/2026 11:45:28 AM,-1.893349760212
2/19/2026 11:45:29 AM,
2/19/2026 11:45:30 AM,
2/19/2026 11:45:31 AM,-1.56676357146353
2/19/2026 11:45:32 AM,-1.46364751271904
2/19/2026 11:45:33 AM,-1.26881268806756
2/19/2026 11:45:34 AM,-1.68553933035582
2/19/2026 11:45:35 AM,-1.68553933035582
2/19/2026 11:45:36 AM,-2.39440735895187
2/19/2026 11:45:37 AM,-2.79658595100045
2/19/2026 11:45:38 AM,-2.69115753471851
2/19/2026 11:45:39 AM,
2/19/2026 11:45:40 AM,-2.31849518604577
2/19/2026 11:45:41 AM,-2.31849518604577
2/19/2026 11:45:42 AM,-2.63376203365624
2/19/2026 11:45:43 AM,-2.63376203365624
2/19/2026 11:45:44 AM,-1.75846335478127
2/19/2026 11:45:45 AM,
2/19/2026 11:45:46 AM,-1.47246716078371
2/19/2026 11:45:47 AM,-1.24900090740994
2/19/2026 11:45:48 AM,0
2/19/2026 11:45:49 AM,0
2/19/2026 11:45:50 AM,0
2/19/2026 11:45:51 AM,-0.896723556797951
2/19/2026 11:45:52 AM,-0.896723556797951
2/19/2026 11:45:53 AM,-1.30697748390958
2/19/2026 11:45:54 AM,-1.47696677595377
2/19/2026 11:45:55 AM,-1.8600057112053
2/19/2026 11:45:56 AM,-1.98662567418069
2/19/2026 11:45:57 AM,-2.03550599981099
2/19/2026 11:45:58 AM,-2.20856002997607
2/19/2026 11:45:59 AM,-2.16059375088662
2/19/2026 11:46:00 AM,-2.08374783396721
2/19/2026 11:46:01 AM,-2.53183683380485
2/19/2026 11:46:02 AM,
2/19/2026 11:46:03 AM,-2.39304278511554
2/19/2026 11:46:04 AM,
2/19/2026 11:46:05 AM,
2/19/2026 11:46:06 AM,-2.45532996486872
2/19/2026 11:46:07 AM,
2/19/2026 11:46:08 AM,-2.75926867034286
2/19/2026 11:46:09 AM,-2.42209194693714
2/19/2026 11:46:10 AM,-2.5753250811249
2/19/2026 11:46:11 AM,-2.58453763090074
2/19/2026 11:46:12 AM,-2.54046809859574
2/19/2026 11:46:13 AM,-2.15291446074843
2/19/2026 11:46:14 AM,-1.91457839682698
2/19/2026 11:46:15 AM,-1.71496850671247
2/19/2026 11:46:16 AM,
2/19/2026 11:46:17 AM,-1.30156162194908
2/19/2026 11:46:18 AM,-1.30156162194908
2/19/2026 11:46:19 AM,-0.977276999037713
2/19/2026 11:46:20 AM,
2/19/2026 11:46:21 AM,
2/19/2026 11:46:22 AM,-0.948408991098404
2/19/2026 11:46:23 AM,-0.948408991098404
2/19/2026 11:46:24 AM,
2/19/2026 11:46:25 AM,-1.8749280134216
2/19/2026 11:46:26 AM,-2.33619671780616
2/19/2026 11:46:27 AM,
2/19/2026 11:46:28 AM,-3.40945876669139
2/19/2026 11:46:29 AM,-4.0203953627497
2/19/2026 11:46:30 AM,-4.21763872727752
2/19/2026 11:46:31 AM,-4.00381134822965
2/19/2026 11:46:32 AM,-4.23715934157372
2/19/2026 11:46:33 AM,-3.19266649894416
2/19/2026 11:46:34 AM,-3.19266649894416
2/19/2026 11:46:35 AM,-2.87590054795146
2/19/2026 11:46:36 AM,
2/19/2026 11:46:37 AM,-2.09072681609541
2/19/2026 11:46:38 AM,-2.21492692362517
2/19/2026 11:46:39 AM,
2/19/2026 11:46:40 AM,-3.12043251469731
2/19/2026 11:46:41 AM,-2.96488807071
2/19/2026 11:46:42 AM,-2.83970476593822
2/19/2026 11:46:43 AM,
2/19/2026 11:46:44 AM,-3.59139908105135
2/19/2026 11:46:45 AM,-3.04761850275099
2/19/2026 11:46:46 AM,-4.01111533865333
2/19/2026 11:46:47 AM,-4.83152219094336
2/19/2026 11:46:48 AM,-5.94309875741601
2/19/2026 11:46:49 AM,-6.00619562901556
2/19/2026 11:46:50 AM,-5.47903259284794
2/19/2026 11:46:51 AM,
2/19/2026 11:46:52 AM,-5.15393796376884
2/19/2026 11:46:53 AM,-4.99395467340946
2/19/2026 11:46:54 AM,-4.99598770402372
2/19/2026 11:46:55 AM,
2/19/2026 11:46:56 AM,
2/19/2026 11:46:57 AM,
2/19/2026 11:46:58 AM,
2/19/2026 11:46:59 AM,-5.33562954515219
2/19/2026 11:47:00 AM,-5.20372814498842
2/19/2026 11:47:01 AM,
2/19/2026 11:47:02 AM,-5.71437338367105
2/19/2026 11:47:03 AM,-5.6395351421088
2/19/2026 11:47:04 AM,
2/19/2026 11:47:05 AM,-4.80867605656385
2/19/2026 11:47:06 AM,
2/19/2026 11:47:07 AM,-5.15289609320462
2/19/2026 11:47:08 AM,-5.15289609320462
2/19/2026 11:47:09 AM,
2/19/2026 11:47:10 AM,
2/19/2026 11:47:11 AM,
2/19/2026 11:47:12 AM,
2/19/2026 11:47:13 AM,
2/19/2026 11:47:14 AM,
2/19/2026 11:47:15 AM,
2/19/2026 11:47:16 AM,
2/19/2026 11:47:17 AM,
2/19/2026 11:47:18 AM,
2/19/2026 11:47:19 AM,
2/19/2026 11:47:20 AM,
2/19/2026 11:47:21 AM,
2/19/2026 11:47:22 AM,
2/19/2026 11:47:23 AM,
2/19/2026 11:47:24 AM,
2/19/2026 11:47:25 AM,
2/19/2026 11:47:26 AM,
2/19/2026 11:47:27 AM,
2/19/2026 11:47:28 AM,
2/19/2026 11:47:29 AM,
2/19/2026 11:47:30 AM,
2/19/2026 11:47:31 AM,
2/19/2026 11:47:32 AM,-4.26649558357894
2/19/2026 11:47:33 AM,-4.39449311234057
2/19/2026 11:47:34 AM,
2/19/2026 11:47:35 AM,-4.18260865844786
2/19/2026 11:47:36 AM,-4.18260865844786
2/19/2026 11:47:37 AM,
2/19/2026 11:47:38 AM,
2/19/2026 11:47:39 AM,
2/19/2026 11:47:40 AM,
2/19/2026 11:47:41 AM,
2/19/2026 11:47:42 AM,
2/19/2026 11:47:43 AM,
2/19/2026 11:47:44 AM,
2/19/2026 11:47:45 AM,
2/19/2026 11:47:46 AM,
2/19/2026 11:47:47 AM,
2/19/2026 11:47:48 AM,
2/19/2026 11:47:49 AM,
2/19/2026 11:47:50 AM,
2/19/2026 11:47:51 AM,
2/19/2026 11:47:52 AM,
2/19/2026 11:47:53 AM,
2/19/2026 11:47:54 AM,
2/19/2026 11:47:55 AM,
2/19/2026 11:47:56 AM,
2/19/2026 11:47:57 AM,
2/19/2026 11:47:58 AM,
2/19/2026 11:47:59 AM,
2/19/2026 11:48:00 AM,
2/19/2026 11:48:01 AM,
2/19/2026 11:48:02 AM,
2/19/2026 11:48:03 AM,
2/19/2026 11:48:04 AM,
2/19/2026 11:48:05 AM,
2/19/2026 11:48:06 AM,
2/19/2026 11:48:07 AM,
2/19/2026 11:48:08 AM,
2/19/2026 11:48:09 AM,
2/19/2026 11:48:10 AM,
2/19/2026 11:48:11 AM,
2/19/2026 11:48:12 AM,
2/19/2026 11:48:13 AM,
2/19/2026 11:48:14 AM,
2/19/2026 11:48:15 AM,
2/19/2026 11:48:16 AM,
2/19/2026 11:48:17 AM,
2/19/2026 11:48:18 AM,
2/19/2026 11:48:19 AM,
2/19/2026 11:48:20 AM,
2/19/2026 11:48:21 AM,
2/19/2026 11:48:22 AM,-4.42018364556134
2/19/2026 11:48:23 AM,
2/19/2026 11:48:24 AM,
2/19/2026 11:48:25 AM,-4.68301456421614
2/19/2026 11:48:26 AM,-4.33354116976261
2/19/2026 11:48:27 AM,-4.13395799696445
2/19/2026 11:48:28 AM,-4.59432355128229
2/19/2026 11:48:29 AM,-4.70130974426866
2/19/2026 11:48:30 AM,-5.71485450491309
2/19/2026 11:48:31 AM,
2/19/2026 11:48:32 AM,
2/19/2026 11:48:33 AM,-5.90872960165143
2/19/2026 11:48:34 AM,-5.90872960165143
2/19/2026 11:48:35 AM,-5.68034327588975
2/19/2026 11:48:36 AM,
2/19/2026 11:48:37 AM,-4.37672138214111
2/19/2026 11:48:38 AM,-4.37672138214111
2/19/2026 11:48:39 AM,-4.16509676724672
2/19/2026 11:48:40 AM,-4.16509676724672
2/19/2026 11:48:41 AM,-4.38185320235789
2/19/2026 11:48:42 AM,-4.38185320235789
2/19/2026 11:48:43 AM,
2/19/2026 11:48:44 AM,
2/19/2026 11:48:45 AM,
2/19/2026 11:48:46 AM,
2/19/2026 11:48:47 AM,
2/19/2026 11:48:48 AM,
2/19/2026 11:48:49 AM,
2/19/2026 11:48:50 AM,
2/19/2026 11:48:51 AM,
2/19/2026 11:48:52 AM,
2/19/2026 11:48:53 AM,-4.51809181831777
2/19/2026 11:48:54 AM,
2/19/2026 11:48:55 AM,
2/19/2026 11:48:56 AM,
2/19/2026 11:48:57 AM,
2/19/2026 11:48:58 AM,
2/19/2026 11:48:59 AM,
2/19/2026 11:49:00 AM,
2/19/2026 11:49:01 AM,
2/19/2026 11:49:02 AM,
2/19/2026 11:49:03 AM,
2/19/2026 11:49:04 AM,
2/19/2026 11:49:05 AM,
2/19/2026 11:49:06 AM,
2/19/2026 11:49:07 AM,
2/19/2026 11:49:08 AM,
2/19/2026 11:49:09 AM,
2/19/2026 11:49:10 AM,
2/19/2026 11:49:11 AM,
2/19/2026 11:49:12 AM,
2/19/2026 11:49:13 AM,
2/19/2026 11:49:14 AM,
2/19/2026 11:49:15 AM,
2/19/2026 11:49:16 AM,
2/19/2026 11:49:17 AM,
2/19/2026 11:49:18 AM,
2/19/2026 11:49:19 AM,
2/19/2026 11:49:20 AM,
2/19/2026 11:49:21 AM,
2/19/2026 11:49:22 AM,
2/19/2026 11:49:23 AM,
2/19/2026 11:49:24 AM,
2/19/2026 11:49:25 AM,
2/19/2026 11:49:26 AM,
2/19/2026 11:49:27 AM,
2/19/2026 11:49:28 AM,-4.81583965010941
2/19/2026 11:49:29 AM,
2/19/2026 11:49:30 AM,-5.76647655107081
2/19/2026 11:49:31 AM,-6.1477483715862
2/19/2026 11:49:32 AM,
2/19/2026 11:49:33 AM,-3.28660605009645
2/19/2026 11:49:34 AM,-4.73615289665759
2/19/2026 11:49:35 AM,-3.89905390329659
2/19/2026 11:49:36 AM,-1.41652361489832
2/19/2026 11:49:37 AM,0
2/19/2026 11:49:38 AM,-4.2691639624536
2/19/2026 11:49:39 AM,-4.45634359493852
2/19/2026 11:49:40 AM,-3.62897892482579
2/19/2026 11:49:41 AM,
2/19/2026 11:49:42 AM,0
2/19/2026 11:49:43 AM,
2/19/2026 11:49:44 AM,
2/19/2026 11:49:45 AM,
2/19/2026 11:49:46 AM,
2/19/2026 11:49:47 AM,53.189505636692
2/19/2026 11:49:48 AM,53.1691946089268
2/19/2026 11:49:49 AM,
2/19/2026 11:49:50 AM,
2/19/2026 11:49:51 AM,
2/19/2026 11:49:52 AM,
2/19/2026 11:49:53 AM,
2/19/2026 11:49:54 AM,
2/19/2026 11:49:55 AM,
2/19/2026 11:49:56 AM,
2/19/2026 11:49:57 AM,
2/19/2026 11:49:58 AM,
2/19/2026 11:49:59 AM,
2/19/2026 11:50:00 AM,
2/19/2026 11:50:01 AM,
2/19/2026 11:50:02 AM,
2/19/2026 11:50:03 AM,
2/19/2026 11:50:04 AM,
2/19/2026 11:50:05 AM,
2/19/2026 11:50:06 AM,31.8665374070406
2/19/2026 11:50:07 AM,
2/19/2026 11:50:08 AM,
2/19/2026 11:50:09 AM,
2/19/2026 11:50:10 AM,
2/19/2026 11:50:11 AM,
2/19/2026 11:50:12 AM,
2/19/2026 11:50:13 AM,
2/19/2026 11:50:14 AM,
2/19/2026 11:50:15 AM,
2/19/2026 11:50:16 AM,
2/19/2026 11:50:17 AM,
2/19/2026 11:50:18 AM,
2/19/2026 11:50:19 AM,-1.38549307594076
2/19/2026 11:50:20 AM,
2/19/2026 11:50:21 AM,
2/19/2026 11:50:22 AM,-2.58965813554823
2/19/2026 11:50:23 AM,
2/19/2026 11:50:24 AM,
2/19/2026 11:50:25 AM,
2/19/2026 11:50:26 AM,-2.04106613527983
2/19/2026 11:50:27 AM,
2/19/2026 11:50:28 AM,
2/19/2026 11:50:29 AM,
2/19/2026 11:50:30 AM,
2/19/2026 11:50:31 AM,-2.32703718356788
2/19/2026 11:50:32 AM,
2/19/2026 11:50:33 AM,-1.18409522110596
2/19/2026 11:50:34 AM,-1.04987968225032
2/19/2026 11:50:35 AM,-1.20202484540641
2/19/2026 11:50:36 AM,0
2/19/2026 11:50:37 AM,2.26155649870634
2/19/2026 11:50:38 AM,
2/19/2026 11:50:39 AM,
2/19/2026 11:50:40 AM,0
2/19/2026 11:50:41 AM,
2/19/2026 11:50:42 AM,
2/19/2026 11:50:43 AM,
2/19/2026 11:50:44 AM,-0.821592262946069
2/19/2026 11:50:45 AM,
2/19/2026 11:50:46 AM,-1.40359484357759
2/19/2026 11:50:47 AM,-2.25007706321776
2/19/2026 11:50:48 AM,-3.09527590870857
2/19/2026 11:50:49 AM,-3.77189079299569
2/19/2026 11:50:50 AM,-4.38586645759642
2/19/2026 11:50:51 AM,
2/19/2026 11:50:52 AM,
2/19/2026 11:50:53 AM,
2/19/2026 11:50:54 AM,-4.19250810518861
2/19/2026 11:50:55 AM,-1.82535178028047
2/19/2026 11:50:56 AM,0
2/19/2026 11:50:57 AM,0
2/19/2026 11:50:58 AM,
2/19/2026 11:50:59 AM,0
2/19/2026 11:51:00 AM,0
2/19/2026 11:51:01 AM,-1.00502644199878
2/19/2026 11:51:02 AM,
2/19/2026 11:51:03 AM,-1.56270746374503
2/19/2026 11:51:04 AM,
2/19/2026 11:51:05 AM,
2/19/2026 11:51:06 AM,
2/19/2026 11:51:07 AM,-2.81243780627847
2/19/2026 11:51:08 AM,
2/19/2026 11:51:09 AM,-3.24667969252914
2/19/2026 11:51:10 AM,-2.44108010083437
2/19/2026 11:51:11 AM,
2/19/2026 11:51:12 AM,
2/19/2026 11:51:13 AM,-3.72538254596293
2/19/2026 11:51:14 AM,
2/19/2026 11:51:15 AM,
2/19/2026 11:51:16 AM,
2/19/2026 11:51:17 AM,
2/19/2026 11:51:18 AM,-5.82186626270413
2/19/2026 11:51:19 AM,-6.24654754064977
2/19/2026 11:51:20 AM,-5.63977276906371
2/19/2026 11:51:21 AM,
2/19/2026 11:51:22 AM,
2/19/2026 11:51:23 AM,-3.73768256977201
2/19/2026 11:51:24 AM,-3.86142837814987
2/19/2026 11:51:25 AM,-3.482741327025
2/19/2026 11:51:26 AM,
2/19/2026 11:51:27 AM,
2/19/2026 11:51:28 AM,
2/19/2026 11:51:29 AM,
2/19/2026 11:51:30 AM,
2/19/2026 11:51:31 AM,
2/19/2026 11:51:32 AM,
2/19/2026 11:51:33 AM,
2/19/2026 11:51:34 AM,
2/19/2026 11:51:35 AM,
2/19/2026 11:51:36 AM,
2/19/2026 11:51:37 AM,
2/19/2026 11:51:38 AM,
2/19/2026 11:51:39 AM,
2/19/2026 11:51:40 AM,
2/19/2026 11:51:41 AM,-4.03684903867543
2/19/2026 11:51:42 AM,-3.81330954842269
2/19/2026 11:51:43 AM,-3.40762690175325
2/19/2026 11:51:44 AM,
2/19/2026 11:51:45 AM,-3.12014208175242
2/19/2026 11:51:46 AM,-2.82910710666329
2/19/2026 11:51:47 AM,
2/19/2026 11:51:48 AM,
2/19/2026 11:51:49 AM,-1.45174824865535
2/19/2026 11:51:50 AM,
2/19/2026 11:51:51 AM,
2/19/2026 11:51:52 AM,
2/19/2026 11:51:53 AM,0
2/19/2026 11:51:54 AM,
2/19/2026 11:51:55 AM,
2/19/2026 11:51:56 AM,0
2/19/2026 11:51:57 AM,-1.13469092175364
2/19/2026 11:51:58 AM,-1.65257864864543
2/19/2026 11:51:59 AM,-1.65257864864543
2/19/2026 11:52:00 AM,-2.35396320931613
2/19/2026 11:52:01 AM,
2/19/2026 11:52:02 AM,-1.98637610301375
2/19/2026 11:52:03 AM,-1.92678852472454
2/19/2026 11:52:04 AM,-2.41048112511635
2/19/2026 11:52:05 AM,-2.16842517256737
2/19/2026 11:52:06 AM,-2.68602047581226
2/19/2026 11:52:07 AM,-3.39618225116283
2/19/2026 11:52:08 AM,-4.14919671602547
2/19/2026 11:52:09 AM,-3.53898536413908
2/19/2026 11:52:10 AM,
2/19/2026 11:52:11 AM,-2.39986167289317
2/19/2026 11:52:12 AM,
2/19/2026 11:52:13 AM,-3.15548835787922
2/19/2026 11:52:14 AM,-2.81152166426182
2/19/2026 11:52:15 AM,-2.05666779074818
2/19/2026 11:52:16 AM,
2/19/2026 11:52:17 AM,
2/19/2026 11:52:18 AM,-2.02042507007718
2/19/2026 11:52:19 AM,-2.31540268287063
2/19/2026 11:52:20 AM,-2.45999491307884
2/19/2026 11:52:21 AM,-2.3065683664754
2/19/2026 11:52:22 AM,-2.44181184098125
2/19/2026 11:52:23 AM,
2/19/2026 11:52:24 AM,-2.92031520511955
2/19/2026 11:52:25 AM,-3.27986972406507
2/19/2026 11:52:26 AM,-2.95092088636011
2/19/2026 11:52:27 AM,-2.44818439241499
2/19/2026 11:52:28 AM,-2.49655258376151
2/19/2026 11:52:29 AM,-2.68285609781742
2/19/2026 11:52:30 AM,-2.68285609781742
2/19/2026 11:52:31 AM,-2.82077402807772
2/19/2026 11:52:32 AM,
2/19/2026 11:52:33 AM,-3.17680207081139
2/19/2026 11:52:34 AM,-3.31538950558752
2/19/2026 11:52:35 AM,-3.4117472358048
2/19/2026 11:52:36 AM,-3.44026477541775
2/19/2026 11:52:37 AM,-3.47090021241456
2/19/2026 11:52:38 AM,-3.19649870507419
2/19/2026 11:52:39 AM,
2/19/2026 11:52:40 AM,-3.29190550837666
2/19/2026 11:52:41 AM,-3.39426656719297
2/19/2026 11:52:42 AM,-2.60950815863907
2/19/2026 11:52:43 AM,-2.40634381771088
2/19/2026 11:52:44 AM,-2.11203969083726
2/19/2026 11:52:45 AM,
2/19/2026 11:52:46 AM,-1.43746485700831
2/19/2026 11:52:47 AM,0
2/19/2026 11:52:48 AM,
2/19/2026 11:52:49 AM,
2/19/2026 11:52:50 AM,
2/19/2026 11:52:51 AM,
2/19/2026 11:52:52 AM,0
2/19/2026 11:52:53 AM,0
2/19/2026 11:52:54 AM,
2/19/2026 11:52:55 AM,-0.905660446733236
2/19/2026 11:52:56 AM,0
2/19/2026 11:52:57 AM,0
2/19/2026 11:52:58 AM,0
2/19/2026 11:52:59 AM,0
2/19/2026 11:53:00 AM,-0.90558574302122
2/19/2026 11:53:01 AM,-1.09008882427588
2/19/2026 11:53:02 AM,
2/19/2026 11:53:03 AM,
2/19/2026 11:53:04 AM,-1.31362999090925
2/19/2026 11:53:05 AM,-1.35174952447414
2/19/2026 11:53:06 AM,-1.40976004768163
2/19/2026 11:53:07 AM,
2/19/2026 11:53:08 AM,-1.54022405622527
2/19/2026 11:53:09 AM,-1.58078754320741
2/19/2026 11:53:10 AM,-1.45014803856611
2/19/2026 11:53:11 AM,
2/19/2026 11:53:12 AM,-1.39509936561808
2/19/2026 11:53:13 AM,-1.39509936561808
2/19/2026 11:53:14 AM,
2/19/2026 11:53:15 AM,-1.46298251347616
2/19/2026 11:53:16 AM,
2/19/2026 11:53:17 AM,
2/19/2026 11:53:18 AM,
2/19/2026 11:53:19 AM,0
2/19/2026 11:53:20 AM,0
2/19/2026 11:53:21 AM,0
2/19/2026 11:53:22 AM,0
2/19/2026 11:53:23 AM,-1.15851281443611
2/19/2026 11:53:24 AM,-1.15851281443611
2/19/2026 11:53:25 AM,-1.29037408623844
2/19/2026 11:53:26 AM,-1.29037408623844
2/19/2026 11:53:27 AM,
2/19/2026 11:53:28 AM,-1.18651444790885
2/19/2026 11:53:29 AM,-1.09785560052842
2/19/2026 11:53:30 AM,-0.879021501168609
2/19/2026 11:53:31 AM,-0.897432665806264
2/19/2026 11:53:32 AM,-0.842333439504728
2/19/2026 11:53:33 AM,-0.900543085299432
2/19/2026 11:53:34 AM,-0.838970829499885
2/19/2026 11:53:35 AM,-1.03593890089542
2/19/2026 11:53:36 AM,-1.03593890089542
2/19/2026 11:53:37 AM,
2/19/2026 11:53:38 AM,
2/19/2026 11:53:39 AM,
2/19/2026 11:53:40 AM,-1.16727777058259
2/19/2026 11:53:41 AM,
2/19/2026 11:53:42 AM,-1.14616365171969
2/19/2026 11:53:43 AM,-1.05749914655462
2/19/2026 11:53:44 AM,0
2/19/2026 11:53:45 AM,0
2/19/2026 11:53:46 AM,0
2/19/2026 11:53:47 AM,0
2/19/2026 11:53:48 AM,
2/19/2026 11:53:49 AM,
2/19/2026 11:53:50 AM,0
2/19/2026 11:53:51 AM,0
2/19/2026 11:53:52 AM,0
2/19/2026 11:53:53 AM,0
2/19/2026 11:53:54 AM,0
2/19/2026 11:53:55 AM,0
2/19/2026 11:53:56 AM,0
2/19/2026 11:53:57 AM,0
2/19/2026 11:53:58 AM,-1.02058147313073
2/19/2026 11:53:59 AM,-0.94482017448172
2/19/2026 11:54:00 AM,-1.01335218641907
2/19/2026 11:54:01 AM,-0.823989015771076
2/19/2026 11:54:02 AM,-0.929460546467453
2/19/2026 11:54:03 AM,0
2/19/2026 11:54:04 AM,0
2/19/2026 11:54:05 AM,
2/19/2026 11:54:06 AM,-0.932894297875464
2/19/2026 11:54:07 AM,-0.911081547383219
2/19/2026 11:54:08 AM,-0.891071849036962
2/19/2026 11:54:09 AM,
2/19/2026 11:54:10 AM,0
2/19/2026 11:54:11 AM,0
2/19/2026 11:54:12 AM,0
2/19/2026 11:54:13 AM,
2/19/2026 11:54:14 AM,0
2/19/2026 11:54:15 AM,0
2/19/2026 11:54:16 AM,0
2/19/2026 11:54:17 AM,
2/19/2026 11:54:18 AM,0
2/19/2026 11:54:19 AM,
2/19/2026 11:54:20 AM,0
2/19/2026 11:54:21 AM,-1.1027232860215
2/19/2026 11:54:22 AM,
2/19/2026 11:54:23 AM,-1.08608657028526
2/19/2026 11:54:24 AM,-1.08608657028526
2/19/2026 11:54:25 AM,-1.06727045495063
2/19/2026 11:54:26 AM,-1.06829357100651
2/19/2026 11:54:27 AM,-1.1311998590827
2/19/2026 11:54:28 AM,
2/19/2026 11:54:29 AM,-1.89892142079771
2/19/2026 11:54:30 AM,-1.89892142079771
2/19/2026 11:54:31 AM,-1.83377810753882
2/19/2026 11:54:32 AM,-2.09467909298837
2/19/2026 11:54:33 AM,-2.09467909298837
2/19/2026 11:54:34 AM,-2.14452061336488
2/19/2026 11:54:35 AM,
2/19/2026 11:54:36 AM,-2.29321452789009
2/19/2026 11:54:37 AM,-2.35741718206555
2/19/2026 11:54:38 AM,-2.14927021879703
2/19/2026 11:54:39 AM,
2/19/2026 11:54:40 AM,-1.83753822930157
2/19/2026 11:54:41 AM,-1.65097058052197
2/19/2026 11:54:42 AM,-1.45986235002056
2/19/2026 11:54:43 AM,
2/19/2026 11:54:44 AM,
2/19/2026 11:54:45 AM,
2/19/2026 11:54:46 AM,-1.52958616381511
2/19/2026 11:54:47 AM,-1.45056116161868
2/19/2026 11:54:48 AM,-1.53469147626311
2/19/2026 11:54:49 AM,-1.18247919017449
2/19/2026 11:54:50 AM,
2/19/2026 11:54:51 AM,
2/19/2026 11:54:52 AM,-1.18567280005664
2/19/2026 11:54:53 AM,
2/19/2026 11:54:54 AM,-1.19871504139155
2/19/2026 11:54:55 AM,
2/19/2026 11:54:56 AM,
2/19/2026 11:54:57 AM,
2/19/2026 11:54:58 AM,-1.17898089811206
2/19/2026 11:54:59 AM,-0.940474157687277
2/19/2026 11:55:00 AM,-0.940474157687277
2/19/2026 11:55:01 AM,-0.818260194500908
2/19/2026 11:55:02 AM,0
2/19/2026 11:55:03 AM,
2/19/2026 11:55:04 AM,-1.00339018972591
2/19/2026 11:55:05 AM,-1.09333283035085
2/19/2026 11:55:06 AM,-0.934675766620785
2/19/2026 11:55:07 AM,
2/19/2026 11:55:08 AM,-1.58772430149838
2/19/2026 11:55:09 AM,
2/19/2026 11:55:10 AM,-1.99516348075122
2/19/2026 11:55:11 AM,-1.94754672702402
2/19/2026 11:55:12 AM,-2.12799799628556
2/19/2026 11:55:13 AM,
2/19/2026 11:55:14 AM,-2.20805648714304
2/19/2026 11:55:15 AM,-2.20805648714304
2/19/2026 11:55:16 AM,
2/19/2026 11:55:17 AM,
2/19/2026 11:55:18 AM,
2/19/2026 11:55:19 AM,-2.09080372005701
2/19/2026 11:55:20 AM,-1.90100453328341
2/19/2026 11:55:21 AM,-2.6190071599558
2/19/2026 11:55:22 AM,-2.72022765129805
2/19/2026 11:55:23 AM,-2.22570961341262
2/19/2026 11:55:24 AM,
2/19/2026 11:55:25 AM,-1.86917257960886
2/19/2026 11:55:26 AM,-1.84969366528094
2/19/2026 11:55:27 AM,-1.98465592693537
2/19/2026 11:55:28 AM,-1.54625808354467
2/19/2026 11:55:29 AM,
2/19/2026 11:55:30 AM,-1.50214622262865
2/19/2026 11:55:31 AM,-1.64211688097566
2/19/2026 11:55:32 AM,-1.11346563789994
2/19/2026 11:55:33 AM,-1.11346563789994
2/19/2026 11:55:34 AM,0
2/19/2026 11:55:35 AM,
2/19/2026 11:55:36 AM,
2/19/2026 11:55:37 AM,
2/19/2026 11:55:38 AM,
2/19/2026 11:55:39 AM,0
2/19/2026 11:55:40 AM,0
2/19/2026 11:55:41 AM,-1.18978066602722
2/19/2026 11:55:42 AM,-1.33448112756014
2/19/2026 11:55:43 AM,-1.14014334976673
2/19/2026 11:55:44 AM,-1.92588663194329
2/19/2026 11:55:45 AM,-2.18240995891392
2/19/2026 11:55:46 AM,-1.79928238503635
2/19/2026 11:55:47 AM,-1.2655857601203
2/19/2026 11:55:48 AM,-1.48988224100322
2/19/2026 11:55:49 AM,-1.22461648425087
2/19/2026 11:55:50 AM,-1.01348713506013
2/19/2026 11:55:51 AM,-1.21430234285071
2/19/2026 11:55:52 AM,-0.918182590976357
2/19/2026 11:55:53 AM,-0.918182590976357
2/19/2026 11:55:54 AM,
2/19/2026 11:55:55 AM,0
2/19/2026 11:55:56 AM,
2/19/2026 11:55:57 AM,
2/19/2026 11:55:58 AM,
2/19/2026 11:55:59 AM,0
2/19/2026 11:56:00 AM,
2/19/2026 11:56:01 AM,
2/19/2026 11:56:02 AM,-1.40709753613919
2/19/2026 11:56:03 AM,-1.78680235985667
2/19/2026 11:56:04 AM,
2/19/2026 11:56:05 AM,
2/19/2026 11:56:06 AM,-1.7113694222644
2/19/2026 11:56:07 AM,-1.840158412233
2/19/2026 11:56:08 AM,-2.32748980633914
2/19/2026 11:56:09 AM,-2.46877202298492
2/19/2026 11:56:10 AM,-2.47770461719483
2/19/2026 11:56:11 AM,-2.51546299550682
2/19/2026 11:56:12 AM,
2/19/2026 11:56:13 AM,-2.29813575278968
2/19/2026 11:56:14 AM,-2.29813575278968
2/19/2026 11:56:15 AM,-1.95919694378972
2/19/2026 11:56:16 AM,-1.93698825314641
2/19/2026 11:56:17 AM,-1.93698825314641
2/19/2026 11:56:18 AM,
2/19/2026 11:56:19 AM,-2.09731562063098
2/19/2026 11:56:20 AM,
2/19/2026 11:56:21 AM,-1.27443285891786
2/19/2026 11:56:22 AM,-1.27443285891786
2/19/2026 11:56:23 AM,-1.10648466506973
2/19/2026 11:56:24 AM,
2/19/2026 11:56:25 AM,
2/19/2026 11:56:26 AM,
2/19/2026 11:56:27 AM,0
2/19/2026 11:56:28 AM,0
2/19/2026 11:56:29 AM,-0.910768797621131
2/19/2026 11:56:30 AM,-1.25469180056825
2/19/2026 11:56:31 AM,
2/19/2026 11:56:32 AM,-1.15855776239187
2/19/2026 11:56:33 AM,-1.30740789463744
2/19/2026 11:56:34 AM,-1.5492859412916
2/19/2026 11:56:35 AM,-1.2934603029862
2/19/2026 11:56:36 AM,-1.2934603029862
2/19/2026 11:56:37 AM,
2/19/2026 11:56:38 AM,
2/19/2026 11:56:39 AM,
2/19/2026 11:56:40 AM,0
2/19/2026 11:56:41 AM,
2/19/2026 11:56:42 AM,
2/19/2026 11:56:43 AM,
2/19/2026 11:56:44 AM,-0.959119701292366
2/19/2026 11:56:45 AM,-1.1055055540055
2/19/2026 11:56:46 AM,
2/19/2026 11:56:47 AM,
2/19/2026 11:56:48 AM,0
2/19/2026 11:56:49 AM,0
2/19/2026 11:56:50 AM,0
2/19/2026 11:56:51 AM,-1.39608130557463
2/19/2026 11:56:52 AM,
2/19/2026 11:56:53 AM,
2/19/2026 11:56:54 AM,
2/19/2026 11:56:55 AM,-1.62528402870521
2/19/2026 11:56:56 AM,
2/19/2026 11:56:57 AM,-1.90439312718809
2/19/2026 11:56:58 AM,-1.81600071955472
2/19/2026 11:56:59 AM,-2.91035373229533
2/19/2026 11:57:00 AM,-2.47204452753067
2/19/2026 11:57:01 AM,-2.26076964754611
2/19/2026 11:57:02 AM,-1.66119472123682
2/19/2026 11:57:03 AM,-1.53451838996261
2/19/2026 11:57:04 AM,-1.303776120767
2/19/2026 11:57:05 AM,0
2/19/2026 11:57:06 AM,0
2/19/2026 11:57:07 AM,0
2/19/2026 11:57:08 AM,0
2/19/2026 11:57:09 AM,0
2/19/2026 11:57:10 AM,0
2/19/2026 11:57:11 AM,-1.38733877101913
2/19/2026 11:57:12 AM,-1.80852846242487
2/19/2026 11:57:13 AM,-2.02092630788684
2/19/2026 11:57:14 AM,-2.12359770666808
2/19/2026 11:57:15 AM,-1.91819686442614
2/19/2026 11:57:16 AM,-2.24245225545019
2/19/2026 11:57:17 AM,
2/19/2026 11:57:18 AM,-2.6152252452448
2/19/2026 11:57:19 AM,-1.58871011808515
2/19/2026 11:57:20 AM,0
2/19/2026 11:57:21 AM,0
2/19/2026 11:57:22 AM,
2/19/2026 11:57:23 AM,
2/19/2026 11:57:24 AM,-1.80714691523463
2/19/2026 11:57:25 AM,
2/19/2026 11:57:26 AM,-3.19673444610089
2/19/2026 11:57:27 AM,
2/19/2026 11:57:28 AM,-2.66133975237608
2/19/2026 11:57:29 AM,-2.66133975237608
2/19/2026 11:57:30 AM,
2/19/2026 11:57:31 AM,-2.54815765656531
2/19/2026 11:57:32 AM,-3.09218801558018
2/19/2026 11:57:33 AM,-3.37199773639441
2/19/2026 11:57:34 AM,-3.59604055993259
2/19/2026 11:57:35 AM,
2/19/2026 11:57:36 AM,-2.99298693425953
2/19/2026 11:57:37 AM,
2/19/2026 11:57:38 AM,-2.20426870509982
2/19/2026 11:57:39 AM,-2.25305662024766
2/19/2026 11:57:40 AM,-1.92226418294013
2/19/2026 11:57:41 AM,-1.92226418294013
2/19/2026 11:57:42 AM,-2.08737237844616
2/19/2026 11:57:43 AM,-2.21648260485381
2/19/2026 11:57:44 AM,-2.07364931702614
2/19/2026 11:57:45 AM,-1.97737645357847
2/19/2026 11:57:46 AM,-2.14692433364689
2/19/2026 11:57:47 AM,-2.41518588736653
2/19/2026 11:57:48 AM,-3.22530479170382
2/19/2026 11:57:49 AM,-2.96856793574989
2/19/2026 11:57:50 AM,
2/19/2026 11:57:51 AM,
2/19/2026 11:57:52 AM,
2/19/2026 11:57:53 AM,-2.9425953514874
2/19/2026 11:57:54 AM,-4.00047241710126
2/19/2026 11:57:55 AM,-4.00047241710126
2/19/2026 11:57:56 AM,-3.35013018921018
2/19/2026 11:57:57 AM,
2/19/2026 11:57:58 AM,-2.79972120188177
2/19/2026 11:57:59 AM,-2.79972120188177
2/19/2026 11:58:00 AM,-1.9833596656099
2/19/2026 11:58:01 AM,
2/19/2026 11:58:02 AM,
2/19/2026 11:58:03 AM,-1.96564954239875
2/19/2026 11:58:04 AM,-1.69805403565988
2/19/2026 11:58:05 AM,
2/19/2026 11:58:06 AM,-2.09695561788976
2/19/2026 11:58:07 AM,
2/19/2026 11:58:08 AM,-1.99502455070615
2/19/2026 11:58:09 AM,-2.04974894877523
2/19/2026 11:58:10 AM,-2.35844166018069
2/19/2026 11:58:11 AM,-3.66342645138502
2/19/2026 11:58:12 AM,
2/19/2026 11:58:13 AM,-4.03541950508952
2/19/2026 11:58:14 AM,-4.05405373312533
2/19/2026 11:58:15 AM,-3.82679393514991
2/19/2026 11:58:16 AM,-3.82679393514991
2/19/2026 11:58:17 AM,-3.72794447466731
2/19/2026 11:58:18 AM,
2/19/2026 11:58:19 AM,-3.66037460044026
2/19/2026 11:58:20 AM,-4.00019329972565
2/19/2026 11:58:21 AM,-4.02610218152404
2/19/2026 11:58:22 AM,-3.9452956058085
2/19/2026 11:58:23 AM,
2/19/2026 11:58:24 AM,-3.61456875689328
2/19/2026 11:58:25 AM,
2/19/2026 11:58:26 AM,
2/19/2026 11:58:27 AM,
2/19/2026 11:58:28 AM,-3.71961873024702
2/19/2026 11:58:29 AM,-3.40157265309244
2/19/2026 11:58:30 AM,-3.28184890095145
2/19/2026 11:58:31 AM,-2.87063084542751
2/19/2026 11:58:32 AM,-2.39976570010185
2/19/2026 11:58:33 AM,-1.87923316843808
2/19/2026 11:58:34 AM,-1.81324349250644
2/19/2026 11:58:35 AM,-1.4072330086492
2/19/2026 11:58:36 AM,-1.43928865436465
2/19/2026 11:58:37 AM,-1.34101000148803
2/19/2026 11:58:38 AM,-1.76221991423517
2/19/2026 11:58:39 AM,-2.12855434510857
2/19/2026 11:58:40 AM,
2/19/2026 11:58:41 AM,
2/19/2026 11:58:42 AM,
2/19/2026 11:58:43 AM,-2.67506930977106
2/19/2026 11:58:44 AM,-2.67506930977106
2/19/2026 11:58:45 AM,-2.90505175944418
2/19/2026 11:58:46 AM,-2.84788571298122
2/19/2026 11:58:47 AM,
2/19/2026 11:58:48 AM,-2.87555877584964
2/19/2026 11:58:49 AM,-2.41291376296431
2/19/2026 11:58:50 AM,-2.06800263840705
2/19/2026 11:58:51 AM,-1.85238446574658
2/19/2026 11:58:52 AM,-1.1474079452455
2/19/2026 11:58:53 AM,-1.01172662107274
2/19/2026 11:58:54 AM,-1.48775177076459
2/19/2026 11:58:55 AM,-1.45826874068007
2/19/2026 11:58:56 AM,-1.50131316622719
2/19/2026 11:58:57 AM,-1.38875950360671
2/19/2026 11:58:58 AM,-1.53091867687181
2/19/2026 11:58:59 AM,-1.36192588834092
2/19/2026 11:59:00 AM,-1.136526663322
2/19/2026 11:59:01 AM,-1.15333520807326
2/19/2026 11:59:02 AM,-1.12846945412457
2/19/2026 11:59:03 AM,-1.7115100286901
2/19/2026 11:59:04 AM,-1.82219431735575
2/19/2026 11:59:05 AM,-1.96568181272596
2/19/2026 11:59:06 AM,-2.04863289836794
2/19/2026 11:59:07 AM,-2.88622684311122
2/19/2026 11:59:08 AM,
2/19/2026 11:59:09 AM,-3.7371008656919
2/19/2026 11:59:10 AM,
2/19/2026 11:59:11 AM,-4.00834428146482
2/19/2026 11:59:12 AM,-4.08761529251933
2/19/2026 11:59:13 AM,-3.64314392209053
2/19/2026 11:59:14 AM,
2/19/2026 11:59:15 AM,-3.6513808183372
2/19/2026 11:59:16 AM,-3.24287472758442
2/19/2026 11:59:17 AM,
2/19/2026 11:59:18 AM,
2/19/2026 11:59:19 AM,-3.09525055345148
2/19/2026 11:59:20 AM,-3.41195322107524
2/19/2026 11:59:21 AM,-3.20290143135935
2/19/2026 11:59:22 AM,-2.7751607587561
2/19/2026 11:59:23 AM,-2.9276275774464
2/19/2026 11:59:24 AM,-3.11386571265757
2/19/2026 11:59:25 AM,
2/19/2026 11:59:26 AM,-2.81915359664708
2/19/2026 11:59:27 AM,-2.81915359664708
2/19/2026 11:59:28 AM,
2/19/2026 11:59:29 AM,-2.73550115525723
2/19/2026 11:59:30 AM,-2.74298137519509
2/19/2026 11:59:31 AM,-2.32057473622262
2/19/2026 11:59:32 AM,-2.28001303039491
2/19/2026 11:59:33 AM,-1.98103410657495
2/19/2026 11:59:34 AM,-2.06501218490303
2/19/2026 11:59:35 AM,-1.8979562446475
2/19/2026 11:59:36 AM,
2/19/2026 11:59:37 AM,
2/19/2026 11:59:38 AM,-2.51765633001924
2/19/2026 11:59:39 AM,-2.78119363356382
2/19/2026 11:59:40 AM,-2.56011025048792
2/19/2026 11:59:41 AM,-2.28854895103723
2/19/2026 11:59:42 AM,-2.32453749049455
2/19/2026 11:59:43 AM,-2.87858338560909
2/19/2026 11:59:44 AM,
2/19/2026 11:59:45 AM,-3.4526125760749
2/19/2026 11:59:46 AM,
2/19/2026 11:59:47 AM,
2/19/2026 11:59:48 AM,-3.14529910683632
2/19/2026 11:59:49 AM,-2.87751008290797
2/19/2026 11:59:50 AM,
2/19/2026 11:59:51 AM,
2/19/2026 11:59:52 AM,
2/19/2026 11:59:53 AM,
2/19/2026 11:59:54 AM,-2.93173156678677
2/19/2026 11:59:55 AM,-2.70643711555749
2/19/2026 11:59:56 AM,-3.1865764176473
2/19/2026 11:59:57 AM,-3.35750333033502
2/19/2026 11:59:58 AM,-3.4484876319766
2/19/2026 11:59:59 AM,-3.65885118953884
2/19/2026 12:00:00 PM,-3.87611095793545
2/19/2026 12:00:01 PM,-3.829180682078
2/19/2026 12:00:02 PM,-3.81903857924044
2/19/2026 12:00:03 PM,-3.08588545303792
2/19/2026 12:00:04 PM,-3.11865115072578
2/19/2026 12:00:05 PM,-2.72598245646805
2/19/2026 12:00:06 PM,-2.42424400057644
2/19/2026 12:00:07 PM,-2.25982542615384
2/19/2026 12:00:08 PM,-2.25982542615384
2/19/2026 12:00:09 PM,-2.11928375065327
2/19/2026 12:00:10 PM,-2.2831262787804
2/19/2026 12:00:11 PM,-1.62108731456101
2/19/2026 12:00:12 PM,-2.74016673211008
2/19/2026 12:00:13 PM,-2.81711134593934
2/19/2026 12:00:14 PM,-2.94366886373609
2/19/2026 12:00:15 PM,
2/19/2026 12:00:16 PM,-3.18949751090258
2/19/2026 12:00:17 PM,-3.16179092042148
2/19/2026 12:00:18 PM,-3.16179092042148
2/19/2026 12:00:19 PM,-2.88370682392269
2/19/2026 12:00:20 PM,
2/19/2026 12:00:21 PM,
2/19/2026 12:00:22 PM,
2/19/2026 12:00:23 PM,5.20713999867439
2/19/2026 12:00:24 PM,4.73703928291798
2/19/2026 12:00:25 PM,4.39144251868129
2/19/2026 12:00:26 PM,
2/19/2026 12:00:27 PM,
2/19/2026 12:00:28 PM,
2/19/2026 12:00:29 PM,
2/19/2026 12:00:30 PM,
2/19/2026 12:00:31 PM,2.91816629469395
2/19/2026 12:00:32 PM,2.10517994128168
2/19/2026 12:00:33 PM,
2/19/2026 12:00:34 PM,
2/19/2026 12:00:35 PM,1.76953228656203
2/19/2026 12:00:36 PM,1.44219864159822
2/19/2026 12:00:37 PM,0
2/19/2026 12:00:38 PM,0
2/19/2026 12:00:39 PM,-1.36983515694737
2/19/2026 12:00:40 PM,-1.36983515694737
2/19/2026 12:00:41 PM,3.67104518227279
2/19/2026 12:00:42 PM,
2/19/2026 12:00:43 PM,
2/19/2026 12:00:44 PM,6.90780677832663
2/19/2026 12:00:45 PM,6.53624748811126
2/19/2026 12:00:46 PM,6.23468798585236
2/19/2026 12:00:47 PM,5.54348188452423
2/19/2026 12:00:48 PM,5.07945427671075
2/19/2026 12:00:49 PM,
2/19/2026 12:00:50 PM,2.96030233148485
2/19/2026 12:00:51 PM,2.96030233148485
2/19/2026 12:00:52 PM,
2/19/2026 12:00:53 PM,2.45326382573694
2/19/2026 12:00:54 PM,1.99945941567421
2/19/2026 12:00:55 PM,1.10051926458254
2/19/2026 12:00:56 PM,
2/19/2026 12:00:57 PM,
2/19/2026 12:00:58 PM,
2/19/2026 12:00:59 PM,0
2/19/2026 12:01:00 PM,0
2/19/2026 12:01:01 PM,0
2/19/2026 12:01:02 PM,
2/19/2026 12:01:03 PM,
2/19/2026 12:01:04 PM,
2/19/2026 12:01:05 PM,
2/19/2026 12:01:06 PM,-1.69995987089351
2/19/2026 12:01:07 PM,-1.87698870431632
2/19/2026 12:01:08 PM,
2/19/2026 12:01:09 PM,
2/19/2026 12:01:10 PM,-1.00597317796201
2/19/2026 12:01:11 PM,-1.00597317796201
2/19/2026 12:01:12 PM,-0.969808408990502
2/19/2026 12:01:13 PM,-0.953089026734233
2/19/2026 12:01:14 PM,
2/19/2026 12:01:15 PM,
2/19/2026 12:01:16 PM,
2/19/2026 12:01:17 PM,
2/19/2026 12:01:18 PM,
2/19/2026 12:01:19 PM,0
2/19/2026 12:01:20 PM,0
2/19/2026 12:01:21 PM,
2/19/2026 12:01:22 PM,
2/19/2026 12:01:23 PM,
2/19/2026 12:01:24 PM,
2/19/2026 12:01:25 PM,
2/19/2026 12:01:26 PM,
2/19/2026 12:01:27 PM,
2/19/2026 12:01:28 PM,
2/19/2026 12:01:29 PM,
2/19/2026 12:01:30 PM,
2/19/2026 12:01:31 PM,
2/19/2026 12:01:32 PM,
2/19/2026 12:01:33 PM,
2/19/2026 12:01:34 PM,0
2/19/2026 12:01:35 PM,0
2/19/2026 12:01:36 PM,-1.04430812643841
2/19/2026 12:01:37 PM,
2/19/2026 12:01:38 PM,
2/19/2026 12:01:39 PM,
2/19/2026 12:01:40 PM,-2.77335131540895
2/19/2026 12:01:41 PM,-3.31599216442555
2/19/2026 12:01:42 PM,
2/19/2026 12:01:43 PM,-3.98630951531231
2/19/2026 12:01:44 PM,-3.98630951531231
2/19/2026 12:01:45 PM,-4.52295793220401
2/19/2026 12:01:46 PM,-4.52295793220401
2/19/2026 12:01:47 PM,
2/19/2026 12:01:48 PM,
2/19/2026 12:01:49 PM,
2/19/2026 12:01:50 PM,-3.43265631236136
2/19/2026 12:01:51 PM,-3.12415030784905
2/19/2026 12:01:52 PM,-2.62507209554315
2/19/2026 12:01:53 PM,-2.57650001440197
2/19/2026 12:01:54 PM,-1.86771748121828
2/19/2026 12:01:55 PM,0
2/19/2026 12:01:56 PM,0
2/19/2026 12:01:57 PM,0
2/19/2026 12:01:58 PM,0
2/19/2026 12:01:59 PM,0
2/19/2026 12:02:00 PM,0
2/19/2026 12:02:01 PM,0
2/19/2026 12:02:02 PM,
2/19/2026 12:02:03 PM,-2.19881837256253
2/19/2026 12:02:04 PM,-2.28095033671707
2/19/2026 12:02:05 PM,
2/19/2026 12:02:06 PM,
2/19/2026 12:02:07 PM,
2/19/2026 12:02:08 PM,
2/19/2026 12:02:09 PM,-2.44115428067744
2/19/2026 12:02:10 PM,-2.08429747726768
2/19/2026 12:02:11 PM,-1.86144362669438
2/19/2026 12:02:12 PM,-1.51794118573889
2/19/2026 12:02:13 PM,0
2/19/2026 12:02:14 PM,-0.961839419323951
2/19/2026 12:02:15 PM,-1.35133577277884
2/19/2026 12:02:16 PM,-1.32257704390213
2/19/2026 12:02:17 PM,-1.30268395878375
2/19/2026 12:02:18 PM,-1.03256256552413
2/19/2026 12:02:19 PM,
2/19/2026 12:02:20 PM,-1.19969425722957
2/19/2026 12:02:21 PM,-1.01308941375464
2/19/2026 12:02:22 PM,0
2/19/2026 12:02:23 PM,0
2/19/2026 12:02:24 PM,0
2/19/2026 12:02:25 PM,0
2/19/2026 12:02:26 PM,-1.06995947426185
2/19/2026 12:02:27 PM,-1.05672748759389
2/19/2026 12:02:28 PM,-1.05672748759389
2/19/2026 12:02:29 PM,-1.06337297474965
2/19/2026 12:02:30 PM,0
2/19/2026 12:02:31 PM,
2/19/2026 12:02:32 PM,0
2/19/2026 12:02:33 PM,0
2/19/2026 12:02:34 PM,0
2/19/2026 12:02:35 PM,-0.826263445196673
2/19/2026 12:02:36 PM,-1.06721733463928
2/19/2026 12:02:37 PM,-1.28624819917604
2/19/2026 12:02:38 PM,-1.33304604096338
2/19/2026 12:02:39 PM,-1.33878135820851
2/19/2026 12:02:40 PM,-1.2615600368008
2/19/2026 12:02:41 PM,-1.33859947090968
2/19/2026 12:02:42 PM,-1.18945492431521
2/19/2026 12:02:43 PM,-1.16357412189245
2/19/2026 12:02:44 PM,-1.48730941582471
2/19/2026 12:02:45 PM,-1.37897541280836
2/19/2026 12:02:46 PM,-1.3111213920638
2/19/2026 12:02:47 PM,-1.30402338691056
2/19/2026 12:02:48 PM,-1.50020937435329
2/19/2026 12:02:49 PM,-1.49232745170593
2/19/2026 12:02:50 PM,-1.86499692499638
2/19/2026 12:02:51 PM,-1.83254219591618
2/19/2026 12:02:52 PM,-1.74570756498724
2/19/2026 12:02:53 PM,-1.73736610449851
2/19/2026 12:02:54 PM,-1.51676122331992
2/19/2026 12:02:55 PM,-1.60199648234993
2/19/2026 12:02:56 PM,-1.34192237164825
2/19/2026 12:02:57 PM,-1.34295785101131
2/19/2026 12:02:58 PM,-1.31997037678957
2/19/2026 12:02:59 PM,-1.42769166268408
2/19/2026 12:03:00 PM,-1.3365828897804
2/19/2026 12:03:01 PM,-1.2186863925308
2/19/2026 12:03:02 PM,-1.09746636589989
2/19/2026 12:03:03 PM,-1.01175616728142
2/19/2026 12:03:04 PM,-1.01175616728142
2/19/2026 12:03:05 PM,-0.832325656665489
2/19/2026 12:03:06 PM,0
2/19/2026 12:03:07 PM,0
2/19/2026 12:03:08 PM,-0.995359173975885
2/19/2026 12:03:09 PM,
2/19/2026 12:03:10 PM,-1.33195953676477
2/19/2026 12:03:11 PM,-1.93196288309991
2/19/2026 12:03:12 PM,-1.93196288309991
2/19/2026 12:03:13 PM,-1.43447869922966
2/19/2026 12:03:14 PM,-1.5594134805724
2/19/2026 12:03:15 PM,
2/19/2026 12:03:16 PM,
2/19/2026 12:03:17 PM,-1.37788890860975
2/19/2026 12:03:18 PM,-1.07099076267332
2/19/2026 12:03:19 PM,
2/19/2026 12:03:20 PM,-1.02692793589085
2/19/2026 12:03:21 PM,-1.35697040241212
2/19/2026 12:03:22 PM,
2/19/2026 12:03:23 PM,
2/19/2026 12:03:24 PM,-1.13473304081708
2/19/2026 12:03:25 PM,
2/19/2026 12:03:26 PM,-0.990376865956932
2/19/2026 12:03:27 PM,0
2/19/2026 12:03:28 PM,0
2/19/2026 12:03:29 PM,0
2/19/2026 12:03:30 PM,0
2/19/2026 12:03:31 PM,0
2/19/2026 12:03:32 PM,0
2/19/2026 12:03:33 PM,0
2/19/2026 12:03:34 PM,0
2/19/2026 12:03:35 PM,0
2/19/2026 12:03:36 PM,0
2/19/2026 12:03:37 PM,0
2/19/2026 12:03:38 PM,
2/19/2026 12:03:39 PM,0
2/19/2026 12:03:40 PM,
2/19/2026 12:03:41 PM,
2/19/2026 12:03:42 PM,-0.838633824605495
2/19/2026 12:03:43 PM,-1.08490786515176
2/19/2026 12:03:44 PM,-1.03705086512491
2/19/2026 12:03:45 PM,-1.02064025122672
2/19/2026 12:03:46 PM,-1.15284224739298
2/19/2026 12:03:47 PM,-1.15284224739298
2/19/2026 12:03:48 PM,-0.971165753435344
2/19/2026 12:03:49 PM,-1.06166212353855
2/19/2026 12:03:50 PM,
2/19/2026 12:03:51 PM,-0.979029654990882
2/19/2026 12:03:52 PM,-0.909275247249752
2/19/2026 12:03:53 PM,
2/19/2026 12:03:54 PM,
2/19/2026 12:03:55 PM,0
2/19/2026 12:03:56 PM,
2/19/2026 12:03:57 PM,
2/19/2026 12:03:58 PM,
2/19/2026 12:03:59 PM,
2/19/2026 12:04:00 PM,0
2/19/2026 12:04:01 PM,
2/19/2026 12:04:02 PM,0
2/19/2026 12:04:03 PM,
2/19/2026 12:04:04 PM,0
2/19/2026 12:04:05 PM,0
2/19/2026 12:04:06 PM,0
2/19/2026 12:04:07 PM,
2/19/2026 12:04:08 PM,0
2/19/2026 12:04:09 PM,0
2/19/2026 12:04:10 PM,0
2/19/2026 12:04:11 PM,
2/19/2026 12:04:12 PM,0
2/19/2026 12:04:13 PM,-1.1451771017164
2/19/2026 12:04:14 PM,
2/19/2026 12:04:15 PM,
2/19/2026 12:04:16 PM,
2/19/2026 12:04:17 PM,-1.63598111830652
2/19/2026 12:04:18 PM,-1.63598111830652
2/19/2026 12:04:19 PM,
2/19/2026 12:04:20 PM,-1.33502029348165
2/19/2026 12:04:21 PM,-1.59748020814732
2/19/2026 12:04:22 PM,-1.48094943724573
2/19/2026 12:04:23 PM,-1.31314750760794
2/19/2026 12:04:24 PM,0
2/19/2026 12:04:25 PM,
2/19/2026 12:04:26 PM,0
2/19/2026 12:04:27 PM,
2/19/2026 12:04:28 PM,
2/19/2026 12:04:29 PM,0
2/19/2026 12:04:30 PM,-1.19771570898592
2/19/2026 12:04:31 PM,-1.19771570898592
2/19/2026 12:04:32 PM,-1.79401938803494
2/19/2026 12:04:33 PM,-1.9327097106725
2/19/2026 12:04:34 PM,-1.35032921098173
2/19/2026 12:04:35 PM,-1.79356823209673
2/19/2026 12:04:36 PM,-2.56805755198002
2/19/2026 12:04:37 PM,-2.39223728422076
2/19/2026 12:04:38 PM,-2.39223728422076
2/19/2026 12:04:39 PM,
2/19/2026 12:04:40 PM,
2/19/2026 12:04:41 PM,
2/19/2026 12:04:42 PM,
2/19/2026 12:04:43 PM,-2.39183201920241
2/19/2026 12:04:44 PM,
2/19/2026 12:04:45 PM,-4.09458484500647
2/19/2026 12:04:46 PM,
2/19/2026 12:04:47 PM,
2/19/2026 12:04:48 PM,-4.34662406332791
2/19/2026 12:04:49 PM,
2/19/2026 12:04:50 PM,
2/19/2026 12:04:51 PM,
2/19/2026 12:04:52 PM,-4.20165779069066
2/19/2026 12:04:53 PM,-4.20165779069066
2/19/2026 12:04:54 PM,
2/19/2026 12:04:55 PM,
2/19/2026 12:04:56 PM,
2/19/2026 12:04:57 PM,-3.76930790953338
2/19/2026 12:04:58 PM,
2/19/2026 12:04:59 PM,
2/19/2026 12:05:00 PM,
2/19/2026 12:05:01 PM,
2/19/2026 12:05:02 PM,-3.58708240091801
2/19/2026 12:05:03 PM,-3.03156883455813
2/19/2026 12:05:04 PM,-2.63936575502157
2/19/2026 12:05:05 PM,
2/19/2026 12:05:06 PM,
2/19/2026 12:05:07 PM,
2/19/2026 12:05:08 PM,-2.19179622363299
2/19/2026 12:05:09 PM,-1.91381564363837
2/19/2026 12:05:10 PM,
2/19/2026 12:05:11 PM,
2/19/2026 12:05:12 PM,-1.59931553062052
2/19/2026 12:05:13 PM,
2/19/2026 12:05:14 PM,-1.21136595262215
2/19/2026 12:05:15 PM,-1.48473753361031
2/19/2026 12:05:16 PM,-1.5513235819526
2/19/2026 12:05:17 PM,-1.52270650723949
2/19/2026 12:05:18 PM,
2/19/2026 12:05:19 PM,
2/19/2026 12:05:20 PM,
2/19/2026 12:05:21 PM,
2/19/2026 12:05:22 PM,-1.00961668649688
2/19/2026 12:05:23 PM,-0.959546759258956
2/19/2026 12:05:24 PM,0
2/19/2026 12:05:25 PM,0
2/19/2026 12:05:26 PM,
2/19/2026 12:05:27 PM,0
2/19/2026 12:05:28 PM,0
2/19/2026 12:05:29 PM,0
2/19/2026 12:05:30 PM,0
2/19/2026 12:05:31 PM,0
2/19/2026 12:05:32 PM,-0.857229967368767
2/19/2026 12:05:33 PM,0
2/19/2026 12:05:34 PM,0
2/19/2026 12:05:35 PM,0
2/19/2026 12:05:36 PM,-0.834771600784734
2/19/2026 12:05:37 PM,0
2/19/2026 12:05:38 PM,-1.16388477617875
2/19/2026 12:05:39 PM,-1.12690811511129
2/19/2026 12:05:40 PM,-1.09188265632838
2/19/2026 12:05:41 PM,0
2/19/2026 12:05:42 PM,0
2/19/2026 12:05:43 PM,0
2/19/2026 12:05:44 PM,
2/19/2026 12:05:45 PM,
2/19/2026 12:05:46 PM,-1.61815040046349
2/19/2026 12:05:47 PM,-1.61645956104621
2/19/2026 12:05:48 PM,-1.94719866849482
2/19/2026 12:05:49 PM,
2/19/2026 12:05:50 PM,
2/19/2026 12:05:51 PM,
2/19/2026 12:05:52 PM,
2/19/2026 12:05:53 PM,
2/19/2026 12:05:54 PM,-1.74340400844812
2/19/2026 12:05:55 PM,-1.37099866988137
2/19/2026 12:05:56 PM,-1.00828165886924
2/19/2026 12:05:57 PM,
2/19/2026 12:05:58 PM,-1.06038912199438
2/19/2026 12:05:59 PM,
2/19/2026 12:06:00 PM,
2/19/2026 12:06:01 PM,-0.962188211269677
2/19/2026 12:06:02 PM,-1.00396424531937
2/19/2026 12:06:03 PM,-1.00396424531937
2/19/2026 12:06:04 PM,
2/19/2026 12:06:05 PM,
2/19/2026 12:06:06 PM,-0.93040990177542
2/19/2026 12:06:07 PM,-0.889091729186475
2/19/2026 12:06:08 PM,0
2/19/2026 12:06:09 PM,
2/19/2026 12:06:10 PM,0
2/19/2026 12:06:11 PM,
2/19/2026 12:06:12 PM,
2/19/2026 12:06:13 PM,
2/19/2026 12:06:14 PM,0
2/19/2026 12:06:15 PM,0
2/19/2026 12:06:16 PM,
2/19/2026 12:06:17 PM,
2/19/2026 12:06:18 PM,
2/19/2026 12:06:19 PM,
2/19/2026 12:06:20 PM,
2/19/2026 12:06:21 PM,0
2/19/2026 12:06:22 PM,0
2/19/2026 12:06:23 PM,0
2/19/2026 12:06:24 PM,0
2/19/2026 12:06:25 PM,0
2/19/2026 12:06:26 PM,
2/19/2026 12:06:27 PM,
2/19/2026 12:06:28 PM,
2/19/2026 12:06:29 PM,
2/19/2026 12:06:30 PM,
2/19/2026 12:06:31 PM,
2/19/2026 12:06:32 PM,0
2/19/2026 12:06:33 PM,0
2/19/2026 12:06:34 PM,
2/19/2026 12:06:35 PM,
2/19/2026 12:06:36 PM,
2/19/2026 12:06:37 PM,0
2/19/2026 12:06:38 PM,0
2/19/2026 12:06:39 PM,
2/19/2026 12:06:40 PM,
2/19/2026 12:06:41 PM,
2/19/2026 12:06:42 PM,0
2/19/2026 12:06:43 PM,
2/19/2026 12:06:44 PM,0
2/19/2026 12:06:45 PM,
2/19/2026 12:06:46 PM,
2/19/2026 12:06:47 PM,
2/19/2026 12:06:48 PM,0
2/19/2026 12:06:49 PM,
2/19/2026 12:06:50 PM,
2/19/2026 12:06:51 PM,
2/19/2026 12:06:52 PM,0
2/19/2026 12:06:53 PM,-1.56996723962948
2/19/2026 12:06:54 PM,-2.0348796620965
2/19/2026 12:06:55 PM,-2.03571952879429
2/19/2026 12:06:56 PM,-1.94160710088909
2/19/2026 12:06:57 PM,
2/19/2026 12:06:58 PM,
2/19/2026 12:06:59 PM,
2/19/2026 12:07:00 PM,-1.76918779034168
2/19/2026 12:07:01 PM,
2/19/2026 12:07:02 PM,-1.33285440970212
2/19/2026 12:07:03 PM,-0.910307059530169
2/19/2026 12:07:04 PM,-1.39986374415457
2/19/2026 12:07:05 PM,-1.39986374415457
2/19/2026 12:07:06 PM,
2/19/2026 12:07:07 PM,-1.39128717128187
2/19/2026 12:07:08 PM,-1.54207310406491
2/19/2026 12:07:09 PM,-1.75976653117687
2/19/2026 12:07:10 PM,-1.33834455627948
2/19/2026 12:07:11 PM,-1.09552564099431
2/19/2026 12:07:12 PM,-1.1566725675948
2/19/2026 12:07:13 PM,
2/19/2026 12:07:14 PM,-1.09101973939687
2/19/2026 12:07:15 PM,0
2/19/2026 12:07:16 PM,-0.848184217466041
2/19/2026 12:07:17 PM,-0.848184217466041
2/19/2026 12:07:18 PM,
2/19/2026 12:07:19 PM,0
2/19/2026 12:07:20 PM,0
2/19/2026 12:07:21 PM,-1.52507167076692
2/19/2026 12:07:22 PM,
2/19/2026 12:07:23 PM,
2/19/2026 12:07:24 PM,-3.05229560472071
2/19/2026 12:07:25 PM,-3.3307438949123
2/19/2026 12:07:26 PM,-3.12269059941173
2/19/2026 12:07:27 PM,
2/19/2026 12:07:28 PM,
2/19/2026 12:07:29 PM,-2.53066231962293
2/19/2026 12:07:30 PM,-2.12696618400514
2/19/2026 12:07:31 PM,
2/19/2026 12:07:32 PM,
2/19/2026 12:07:33 PM,
2/19/2026 12:07:34 PM,
2/19/2026 12:07:35 PM,
2/19/2026 12:07:36 PM,
2/19/2026 12:07:37 PM,
2/19/2026 12:07:38 PM,
2/19/2026 12:07:39 PM,
2/19/2026 12:07:40 PM,
2/19/2026 12:07:41 PM,
2/19/2026 12:07:42 PM,
2/19/2026 12:07:43 PM,-2.44374889880419
2/19/2026 12:07:44 PM,
2/19/2026 12:07:45 PM,
2/19/2026 12:07:46 PM,-1.96271839085966
2/19/2026 12:07:47 PM,-1.91846487578005
2/19/2026 12:07:48 PM,-1.22877841349691
2/19/2026 12:07:49 PM,-0.943704438395798
2/19/2026 12:07:50 PM,0
2/19/2026 12:07:51 PM,0
2/19/2026 12:07:52 PM,0
2/19/2026 12:07:53 PM,0
2/19/2026 12:07:54 PM,0
2/19/2026 12:07:55 PM,-0.983749399892986
2/19/2026 12:07:56 PM,-1.11064397497103
2/19/2026 12:07:57 PM,0
2/19/2026 12:07:58 PM,0
2/19/2026 12:07:59 PM,0
2/19/2026 12:08:00 PM,0
2/19/2026 12:08:01 PM,0
2/19/2026 12:08:02 PM,0
2/19/2026 12:08:03 PM,0
2/19/2026 12:08:04 PM,0
2/19/2026 12:08:05 PM,-0.851347285788506
2/19/2026 12:08:06 PM,-0.826581486035138
2/19/2026 12:08:07 PM,-0.878315587760881
2/19/2026 12:08:08 PM,-0.854915828676894
2/19/2026 12:08:09 PM,
2/19/2026 12:08:10 PM,
2/19/2026 12:08:11 PM,0
2/19/2026 12:08:12 PM,0
2/19/2026 12:08:13 PM,-0.937959272414446
2/19/2026 12:08:14 PM,-1.03025932330638
2/19/2026 12:08:15 PM,-1.08291307697073
2/19/2026 12:08:16 PM,-1.36981881223619
2/19/2026 12:08:17 PM,-1.39993320917711
2/19/2026 12:08:18 PM,
2/19/2026 12:08:19 PM,-1.2547055259347
2/19/2026 12:08:20 PM,-1.20317138498649
2/19/2026 12:08:21 PM,-1.19419740512967
2/19/2026 12:08:22 PM,
2/19/2026 12:08:23 PM,-1.22157919686288
2/19/2026 12:08:24 PM,-1.15780412452295
2/19/2026 12:08:25 PM,-1.04458326241001
2/19/2026 12:08:26 PM,-0.876023503951728
2/19/2026 12:08:27 PM,
2/19/2026 12:08:28 PM,
2/19/2026 12:08:29 PM,
2/19/2026 12:08:30 PM,0
2/19/2026 12:08:31 PM,0
2/19/2026 12:08:32 PM,0
2/19/2026 12:08:33 PM,0
2/19/2026 12:08:34 PM,-0.872570421779528
2/19/2026 12:08:35 PM,-0.87419546325691
2/19/2026 12:08:36 PM,-0.826742732897401
2/19/2026 12:08:37 PM,-1.33016685722396
2/19/2026 12:08:38 PM,-1.24559837859124
2/19/2026 12:08:39 PM,-1.19685614481568
2/19/2026 12:08:40 PM,0
2/19/2026 12:08:41 PM,0
2/19/2026 12:08:42 PM,0
2/19/2026 12:08:43 PM,0
2/19/2026 12:08:44 PM,0
2/19/2026 12:08:45 PM,0
2/19/2026 12:08:46 PM,0
2/19/2026 12:08:47 PM,0
2/19/2026 12:08:48 PM,0
2/19/2026 12:08:49 PM,0
2/19/2026 12:08:50 PM,0
2/19/2026 12:08:51 PM,0
2/19/2026 12:08:52 PM,-0.98485539201647
2/19/2026 12:08:53 PM,-1.06944870203733
2/19/2026 12:08:54 PM,-1.21494125341997
2/19/2026 12:08:55 PM,-1.34510864736512
2/19/2026 12:08:56 PM,-1.44744833232835
2/19/2026 12:08:57 PM,-1.16286878474057
2/19/2026 12:08:58 PM,
2/19/2026 12:08:59 PM,
2/19/2026 12:09:00 PM,
2/19/2026 12:09:01 PM,-1.06829818105325
2/19/2026 12:09:02 PM,-1.05845070211217
2/19/2026 12:09:03 PM,0
2/19/2026 12:09:04 PM,0
2/19/2026 12:09:05 PM,0
2/19/2026 12:09:06 PM,
2/19/2026 12:09:07 PM,0
2/19/2026 12:09:08 PM,0
2/19/2026 12:09:09 PM,
2/19/2026 12:09:10 PM,0
2/19/2026 12:09:11 PM,0
2/19/2026 12:09:12 PM,0
2/19/2026 12:09:13 PM,0
2/19/2026 12:09:14 PM,0
2/19/2026 12:09:15 PM,0
2/19/2026 12:09:16 PM,0
2/19/2026 12:09:17 PM,0
2/19/2026 12:09:18 PM,
2/19/2026 12:09:19 PM,-0.955188064835966
2/19/2026 12:09:20 PM,-1.24153703218326
2/19/2026 12:09:21 PM,-1.24153703218326
2/19/2026 12:09:22 PM,-1.73110702307895
2/19/2026 12:09:23 PM,-1.75323880976066
2/19/2026 12:09:24 PM,-1.84608274139464
2/19/2026 12:09:25 PM,
2/19/2026 12:09:26 PM,-1.93127661477774
2/19/2026 12:09:27 PM,-1.85277967248112
2/19/2026 12:09:28 PM,-1.86426602303982
2/19/2026 12:09:29 PM,-1.98500901460648
2/19/2026 12:09:30 PM,-1.94980523083359
2/19/2026 12:09:31 PM,-1.79202700965106
2/19/2026 12:09:32 PM,-1.70397501206025
2/19/2026 12:09:33 PM,-1.72117865877226
2/19/2026 12:09:34 PM,-1.34165959898382
2/19/2026 12:09:35 PM,-1.03028604062274
2/19/2026 12:09:36 PM,0
2/19/2026 12:09:37 PM,-0.903235038276762
2/19/2026 12:09:38 PM,-0.894079799763858
2/19/2026 12:09:39 PM,
2/19/2026 12:09:40 PM,
2/19/2026 12:09:41 PM,-0.903005059808493
2/19/2026 12:09:42 PM,0
2/19/2026 12:09:43 PM,-0.818506832001731
2/19/2026 12:09:44 PM,0
2/19/2026 12:09:45 PM,
2/19/2026 12:09:46 PM,0
2/19/2026 12:09:47 PM,0
2/19/2026 12:09:48 PM,0
2/19/2026 12:09:49 PM,0
2/19/2026 12:09:50 PM,0
2/19/2026 12:09:51 PM,
2/19/2026 12:09:52 PM,0
2/19/2026 12:09:53 PM,
2/19/2026 12:09:54 PM,0
2/19/2026 12:09:55 PM,
2/19/2026 12:09:56 PM,
2/19/2026 12:09:57 PM,0
2/19/2026 12:09:58 PM,-0.866277131717652
2/19/2026 12:09:59 PM,-0.921621266752481
2/19/2026 12:10:00 PM,-1.06550994096324
2/19/2026 12:10:01 PM,0
2/19/2026 12:10:02 PM,0
2/19/2026 12:10:03 PM,0
2/19/2026 12:10:04 PM,0
2/19/2026 12:10:05 PM,0
2/19/2026 12:10:06 PM,0
2/19/2026 12:10:07 PM,0
2/19/2026 12:10:08 PM,
2/19/2026 12:10:09 PM,0
2/19/2026 12:10:10 PM,0
2/19/2026 12:10:11 PM,
2/19/2026 12:10:12 PM,0
2/19/2026 12:10:13 PM,
2/19/2026 12:10:14 PM,0
2/19/2026 12:10:15 PM,0
2/19/2026 12:10:16 PM,0
2/19/2026 12:10:17 PM,0
2/19/2026 12:10:18 PM,
2/19/2026 12:10:19 PM,0
2/19/2026 12:10:20 PM,0
2/19/2026 12:10:21 PM,0
2/19/2026 12:10:22 PM,
2/19/2026 12:10:23 PM,0
2/19/2026 12:10:24 PM,0
2/19/2026 12:10:25 PM,0
2/19/2026 12:10:26 PM,
2/19/2026 12:10:27 PM,0
2/19/2026 12:10:28 PM,0
2/19/2026 12:10:29 PM,0.811080570565537
2/19/2026 12:10:30 PM,0
2/19/2026 12:10:31 PM,
2/19/2026 12:10:32 PM,
2/19/2026 12:10:33 PM,
2/19/2026 12:10:34 PM,
2/19/2026 12:10:35 PM,
2/19/2026 12:10:36 PM,0
2/19/2026 12:10:37 PM,0
2/19/2026 12:10:38 PM,0
2/19/2026 12:10:39 PM,0
2/19/2026 12:10:40 PM,
2/19/2026 12:10:41 PM,
2/19/2026 12:10:42 PM,0
2/19/2026 12:10:43 PM,0
2/19/2026 12:10:44 PM,0
2/19/2026 12:10:45 PM,
2/19/2026 12:10:46 PM,
2/19/2026 12:10:47 PM,
2/19/2026 12:10:48 PM,
2/19/2026 12:10:49 PM,0
2/19/2026 12:10:50 PM,0
2/19/2026 12:10:51 PM,0
2/19/2026 12:10:52 PM,0
2/19/2026 12:10:53 PM,
2/19/2026 12:10:54 PM,
2/19/2026 12:10:55 PM,-1.70158344553784
2/19/2026 12:10:56 PM,-1.85513393953443
2/19/2026 12:10:57 PM,
2/19/2026 12:10:58 PM,-1.33550602477044
2/19/2026 12:10:59 PM,-1.40382482204586
2/19/2026 12:11:00 PM,-1.42358934972435
2/19/2026 12:11:01 PM,-1.42358934972435
2/19/2026 12:11:02 PM,-1.27386582316831
2/19/2026 12:11:03 PM,-1.08198394300416
2/19/2026 12:11:04 PM,-1.11890371190384
2/19/2026 12:11:05 PM,-1.26975764287636
2/19/2026 12:11:06 PM,-1.19896586984396
2/19/2026 12:11:07 PM,-1.0789320920594
2/19/2026 12:11:08 PM,
2/19/2026 12:11:09 PM,-1.01863268064335
2/19/2026 12:11:10 PM,-1.13708018325269
2/19/2026 12:11:11 PM,
2/19/2026 12:11:12 PM,-0.910371181089431
2/19/2026 12:11:13 PM,-0.890625198371708
2/19/2026 12:11:14 PM,-0.937190966214985
2/19/2026 12:11:15 PM,6.23842757195234
2/19/2026 12:11:16 PM,
2/19/2026 12:11:17 PM,11.8410131894052
2/19/2026 12:11:18 PM,11.6120791062713
2/19/2026 12:11:19 PM,11.5078040398657
2/19/2026 12:11:20 PM,11.4609617739916
2/19/2026 12:11:21 PM,11.756198387593
2/19/2026 12:11:22 PM,11.7788613773882
2/19/2026 12:11:23 PM,9.76802604272962
2/19/2026 12:11:24 PM,8.31500552594662
2/19/2026 12:11:25 PM,6.84497854672372
2/19/2026 12:11:26 PM,3.96986966952682
2/19/2026 12:11:27 PM,1.87395424582064
2/19/2026 12:11:28 PM,0
2/19/2026 12:11:29 PM,-1.107392529957
2/19/2026 12:11:30 PM,
2/19/2026 12:11:31 PM,-1.25127418432385
2/19/2026 12:11:32 PM,-1.25127418432385
2/19/2026 12:11:33 PM,-1.24459475046024
2/19/2026 12:11:34 PM,0
2/19/2026 12:11:35 PM,0
2/19/2026 12:11:36 PM,0
2/19/2026 12:11:37 PM,0
2/19/2026 12:11:38 PM,0
2/19/2026 12:11:39 PM,0
2/19/2026 12:11:40 PM,
2/19/2026 12:11:41 PM,0
2/19/2026 12:11:42 PM,0
2/19/2026 12:11:43 PM,0
2/19/2026 12:11:44 PM,
2/19/2026 12:11:45 PM,
2/19/2026 12:11:46 PM,-1.09187511261553
2/19/2026 12:11:47 PM,
2/19/2026 12:11:48 PM,
2/19/2026 12:11:49 PM,-0.971090001985431
2/19/2026 12:11:50 PM,-0.994939240626991
2/19/2026 12:11:51 PM,0
2/19/2026 12:11:52 PM,-0.826510973274708
2/19/2026 12:11:53 PM,-0.826510973274708
2/19/2026 12:11:54 PM,-1.05654109502211
2/19/2026 12:11:55 PM,-1.05465621454641
2/19/2026 12:11:56 PM,-0.898892164696008
2/19/2026 12:11:57 PM,0
2/19/2026 12:11:58 PM,0
2/19/2026 12:11:59 PM,0
2/19/2026 12:12:00 PM,0
2/19/2026 12:12:01 PM,0
2/19/2026 12:12:02 PM,
2/19/2026 12:12:03 PM,
2/19/2026 12:12:04 PM,0
2/19/2026 12:12:05 PM,0
2/19/2026 12:12:06 PM,0
2/19/2026 12:12:07 PM,0
2/19/2026 12:12:08 PM,
2/19/2026 12:12:09 PM,0
2/19/2026 12:12:10 PM,0
2/19/2026 12:12:11 PM,0
2/19/2026 12:12:12 PM,0
2/19/2026 12:12:13 PM,0
2/19/2026 12:12:14 PM,0
2/19/2026 12:12:15 PM,0
2/19/2026 12:12:16 PM,0
2/19/2026 12:12:17 PM,0
2/19/2026 12:12:18 PM,0
2/19/2026 12:12:19 PM,0
2/19/2026 12:12:20 PM,-0.964422721881419
2/19/2026 12:12:21 PM,-0.918578007258475
2/19/2026 12:12:22 PM,0
2/19/2026 12:12:23 PM,0
2/19/2026 12:12:24 PM,0
2/19/2026 12:12:25 PM,0
2/19/2026 12:12:26 PM,0
2/19/2026 12:12:27 PM,0
2/19/2026 12:12:28 PM,
2/19/2026 12:12:29 PM,0
2/19/2026 12:12:30 PM,0
2/19/2026 12:12:31 PM,0
2/19/2026 12:12:32 PM,0
2/19/2026 12:12:33 PM,0
2/19/2026 12:12:34 PM,0
2/19/2026 12:12:35 PM,0
2/19/2026 12:12:36 PM,0
2/19/2026 12:12:37 PM,0
2/19/2026 12:12:38 PM,0
2/19/2026 12:12:39 PM,0
2/19/2026 12:12:40 PM,0
2/19/2026 12:12:41 PM,0
2/19/2026 12:12:42 PM,0
2/19/2026 12:12:43 PM,0
2/19/2026 12:12:44 PM,0
2/19/2026 12:12:45 PM,0
2/19/2026 12:12:46 PM,0
2/19/2026 12:12:47 PM,0
2/19/2026 12:12:48 PM,0
2/19/2026 12:12:49 PM,0
2/19/2026 12:12:50 PM,0
2/19/2026 12:12:51 PM,0
2/19/2026 12:12:52 PM,0
2/19/2026 12:12:53 PM,0
2/19/2026 12:12:54 PM,0
2/19/2026 12:12:55 PM,
2/19/2026 12:12:56 PM,0
2/19/2026 12:12:57 PM,0
2/19/2026 12:12:58 PM,0
2/19/2026 12:12:59 PM,
2/19/2026 12:13:00 PM,0
2/19/2026 12:13:01 PM,0
2/19/2026 12:13:02 PM,0
2/19/2026 12:13:03 PM,0
2/19/2026 12:13:04 PM,0
2/19/2026 12:13:05 PM,0
2/19/2026 12:13:06 PM,0
2/19/2026 12:13:07 PM,0
2/19/2026 12:13:08 PM,0
2/19/2026 12:13:09 PM,0
2/19/2026 12:13:10 PM,0
2/19/2026 12:13:11 PM,0
2/19/2026 12:13:12 PM,0
2/19/2026 12:13:13 PM,0
2/19/2026 12:13:14 PM,0
2/19/2026 12:13:15 PM,0
2/19/2026 12:13:16 PM,
2/19/2026 12:13:17 PM,0
2/19/2026 12:13:18 PM,0
2/19/2026 12:13:19 PM,0
2/19/2026 12:13:20 PM,0
2/19/2026 12:13:21 PM,0
2/19/2026 12:13:22 PM,-0.915964005980641
2/19/2026 12:13:23 PM,-0.934811239130795
2/19/2026 12:13:24 PM,
2/19/2026 12:13:25 PM,-0.951143796555698
2/19/2026 12:13:26 PM,-0.915047025773674
2/19/2026 12:13:27 PM,-0.980502460151911
2/19/2026 12:13:28 PM,0
2/19/2026 12:13:29 PM,-0.830664415843785
2/19/2026 12:13:30 PM,0
2/19/2026 12:13:31 PM,0
2/19/2026 12:13:32 PM,0
2/19/2026 12:13:33 PM,0
2/19/2026 12:13:34 PM,-0.81357256276533
2/19/2026 12:13:35 PM,-0.837434898130596
2/19/2026 12:13:36 PM,0
2/19/2026 12:13:37 PM,-0.98644009558484
2/19/2026 12:13:38 PM,
2/19/2026 12:13:39 PM,-1.01206231629476
2/19/2026 12:13:40 PM,-1.059866824653
2/19/2026 12:13:41 PM,-1.03478251257911
2/19/2026 12:13:42 PM,-0.877310178475454
2/19/2026 12:13:43 PM,-0.817587494384497
2/19/2026 12:13:44 PM,0
2/19/2026 12:13:45 PM,0
2/19/2026 12:13:46 PM,0
2/19/2026 12:13:47 PM,0
2/19/2026 12:13:48 PM,-0.896657130215317
2/19/2026 12:13:49 PM,0
2/19/2026 12:13:50 PM,0
2/19/2026 12:13:51 PM,0
2/19/2026 12:13:52 PM,0
2/19/2026 12:13:53 PM,
2/19/2026 12:13:54 PM,
2/19/2026 12:13:55 PM,0
2/19/2026 12:13:56 PM,0
2/19/2026 12:13:57 PM,0
2/19/2026 12:13:58 PM,0
2/19/2026 12:13:59 PM,0
2/19/2026 12:14:00 PM,0
2/19/2026 12:14:01 PM,0
2/19/2026 12:14:02 PM,0
2/19/2026 12:14:03 PM,0
2/19/2026 12:14:04 PM,
2/19/2026 12:14:05 PM,
2/19/2026 12:14:06 PM,0
2/19/2026 12:14:07 PM,
2/19/2026 12:14:08 PM,0
2/19/2026 12:14:09 PM,0
2/19/2026 12:14:10 PM,0
2/19/2026 12:14:11 PM,0
2/19/2026 12:14:12 PM,
2/19/2026 12:14:13 PM,
2/19/2026 12:14:14 PM,0
2/19/2026 12:14:15 PM,0
2/19/2026 12:14:16 PM,0
2/19/2026 12:14:17 PM,0
2/19/2026 12:14:18 PM,0
2/19/2026 12:14:19 PM,0
2/19/2026 12:14:20 PM,0
2/19/2026 12:14:21 PM,0
2/19/2026 12:14:22 PM,0
2/19/2026 12:14:23 PM,0
2/19/2026 12:14:24 PM,0
2/19/2026 12:14:25 PM,0
2/19/2026 12:14:26 PM,
2/19/2026 12:14:27 PM,0
2/19/2026 12:14:28 PM,0
2/19/2026 12:14:29 PM,0
2/19/2026 12:14:30 PM,0
2/19/2026 12:14:31 PM,0
2/19/2026 12:14:32 PM,0
2/19/2026 12:14:33 PM,0
2/19/2026 12:14:34 PM,0
2/19/2026 12:14:35 PM,0
2/19/2026 12:14:36 PM,
2/19/2026 12:14:37 PM,0
2/19/2026 12:14:38 PM,0
2/19/2026 12:14:39 PM,0
2/19/2026 12:14:40 PM,0
2/19/2026 12:14:41 PM,0
2/19/2026 12:14:42 PM,
2/19/2026 12:14:43 PM,
2/19/2026 12:14:44 PM,0
2/19/2026 12:14:45 PM,0
2/19/2026 12:14:46 PM,0
2/19/2026 12:14:47 PM,-0.812077597947791
2/19/2026 12:14:48 PM,0
2/19/2026 12:14:49 PM,0
2/19/2026 12:14:50 PM,0
2/19/2026 12:14:51 PM,0
2/19/2026 12:14:52 PM,0
2/19/2026 12:14:53 PM,0
2/19/2026 12:14:54 PM,
2/19/2026 12:14:55 PM,0
2/19/2026 12:14:56 PM,0
2/19/2026 12:14:57 PM,0
2/19/2026 12:14:58 PM,0
2/19/2026 12:14:59 PM,0
2/19/2026 12:15:00 PM,0
2/19/2026 12:15:01 PM,0
2/19/2026 12:15:02 PM,
2/19/2026 12:15:03 PM,0
2/19/2026 12:15:04 PM,0
2/19/2026 12:15:05 PM,
2/19/2026 12:15:06 PM,0
2/19/2026 12:15:07 PM,0
2/19/2026 12:15:08 PM,0
2/19/2026 12:15:09 PM,0
2/19/2026 12:15:10 PM,0
2/19/2026 12:15:11 PM,0
2/19/2026 12:15:12 PM,0
2/19/2026 12:15:13 PM,0
2/19/2026 12:15:14 PM,-0.934157450683415
2/19/2026 12:15:15 PM,-1.05023004580289
2/19/2026 12:15:16 PM,-1.19237790349871
2/19/2026 12:15:17 PM,-1.15724672796205
2/19/2026 12:15:18 PM,-1.35122953215614
2/19/2026 12:15:19 PM,-1.24259116128087
2/19/2026 12:15:20 PM,-0.986435799859464
2/19/2026 12:15:21 PM,-0.916353554930538
2/19/2026 12:15:22 PM,-0.884156569372863
2/19/2026 12:15:23 PM,0
2/19/2026 12:15:24 PM,0
2/19/2026 12:15:25 PM,0
2/19/2026 12:15:26 PM,0
2/19/2026 12:15:27 PM,0
2/19/2026 12:15:28 PM,0
2/19/2026 12:15:29 PM,0
2/19/2026 12:15:30 PM,0
2/19/2026 12:15:31 PM,0
2/19/2026 12:15:32 PM,0
2/19/2026 12:15:33 PM,0
2/19/2026 12:15:34 PM,0
2/19/2026 12:15:35 PM,0
2/19/2026 12:15:36 PM,0
2/19/2026 12:15:37 PM,
2/19/2026 12:15:38 PM,0
2/19/2026 12:15:39 PM,0
2/19/2026 12:15:40 PM,0
2/19/2026 12:15:41 PM,-0.817856815410778
2/19/2026 12:15:42 PM,0
2/19/2026 12:15:43 PM,0
2/19/2026 12:15:44 PM,0
2/19/2026 12:15:45 PM,0
2/19/2026 12:15:46 PM,0
2/19/2026 12:15:47 PM,0
2/19/2026 12:15:48 PM,-0.938894168939441
2/19/2026 12:15:49 PM,-0.971136416774243
2/19/2026 12:15:50 PM,-0.876102451002225
2/19/2026 12:15:51 PM,-0.936582963913679
2/19/2026 12:15:52 PM,-0.994425220414996
2/19/2026 12:15:53 PM,-0.916507781948894
2/19/2026 12:15:54 PM,-0.858559180051088
2/19/2026 12:15:55 PM,-0.899281713645905
2/19/2026 12:15:56 PM,-0.899281713645905
2/19/2026 12:15:57 PM,0
2/19/2026 12:15:58 PM,0
2/19/2026 12:15:59 PM,0
2/19/2026 12:16:00 PM,0
2/19/2026 12:16:01 PM,
2/19/2026 12:16:02 PM,
2/19/2026 12:16:03 PM,
2/19/2026 12:16:04 PM,0
2/19/2026 12:16:05 PM,
2/19/2026 12:16:06 PM,0
2/19/2026 12:16:07 PM,0
2/19/2026 12:16:08 PM,
2/19/2026 12:16:09 PM,0
2/19/2026 12:16:10 PM,
2/19/2026 12:16:11 PM,
2/19/2026 12:16:12 PM,0
2/19/2026 12:16:13 PM,
2/19/2026 12:16:14 PM,
2/19/2026 12:16:15 PM,0
2/19/2026 12:16:16 PM,0
2/19/2026 12:16:17 PM,0
2/19/2026 12:16:18 PM,0
2/19/2026 12:16:19 PM,
2/19/2026 12:16:20 PM,0
2/19/2026 12:16:21 PM,0
2/19/2026 12:16:22 PM,
2/19/2026 12:16:23 PM,0
2/19/2026 12:16:24 PM,0
2/19/2026 12:16:25 PM,0
2/19/2026 12:16:26 PM,0
2/19/2026 12:16:27 PM,0
2/19/2026 12:16:28 PM,0
2/19/2026 12:16:29 PM,-0.870230823056772
2/19/2026 12:16:30 PM,-0.926717987749726
2/19/2026 12:16:31 PM,
2/19/2026 12:16:32 PM,-1.05551169253886
2/19/2026 12:16:33 PM,-1.02577123325318
2/19/2026 12:16:34 PM,-1.04496778221801
2/19/2026 12:16:35 PM,0
2/19/2026 12:16:36 PM,
2/19/2026 12:16:37 PM,0
2/19/2026 12:16:38 PM,0
2/19/2026 12:16:39 PM,0
2/19/2026 12:16:40 PM,0
2/19/2026 12:16:41 PM,0
2/19/2026 12:16:42 PM,0
2/19/2026 12:16:43 PM,0
2/19/2026 12:16:44 PM,
2/19/2026 12:16:45 PM,0
2/19/2026 12:16:46 PM,0
2/19/2026 12:16:47 PM,0
2/19/2026 12:16:48 PM,0
2/19/2026 12:16:49 PM,0
2/19/2026 12:16:50 PM,0
2/19/2026 12:16:51 PM,0
2/19/2026 12:16:52 PM,0
2/19/2026 12:16:53 PM,0
2/19/2026 12:16:54 PM,0
2/19/2026 12:16:55 PM,0
2/19/2026 12:16:56 PM,-0.978996965568513
2/19/2026 12:16:57 PM,-1.0553322150372
2/19/2026 12:16:58 PM,-1.07378665124997
2/19/2026 12:16:59 PM,-1.2669688789174
2/19/2026 12:17:00 PM,-1.17736916290596
2/19/2026 12:17:01 PM,-1.15388841368258
2/19/2026 12:17:02 PM,-1.04040446458384
2/19/2026 12:17:03 PM,-1.0463914484717
2/19/2026 12:17:04 PM,-1.0463914484717
2/19/2026 12:17:05 PM,-0.956651859451085
2/19/2026 12:17:06 PM,-0.973972643259913
2/19/2026 12:17:07 PM,-1.07164266519248
2/19/2026 12:17:08 PM,
2/19/2026 12:17:09 PM,-0.855846639024094
2/19/2026 12:17:10 PM,-0.873694906476885
2/19/2026 12:17:11 PM,
2/19/2026 12:17:12 PM,
2/19/2026 12:17:13 PM,
2/19/2026 12:17:14 PM,-0.841021200176328
2/19/2026 12:17:15 PM,0
2/19/2026 12:17:16 PM,
2/19/2026 12:17:17 PM,0
2/19/2026 12:17:18 PM,
2/19/2026 12:17:19 PM,0
2/19/2026 12:17:20 PM,0
2/19/2026 12:17:21 PM,0
2/19/2026 12:17:22 PM,0
2/19/2026 12:17:23 PM,
2/19/2026 12:17:24 PM,
2/19/2026 12:17:25 PM,0
2/19/2026 12:17:26 PM,0
2/19/2026 12:17:27 PM,0
2/19/2026 12:17:28 PM,
2/19/2026 12:17:29 PM,0
2/19/2026 12:17:30 PM,0
2/19/2026 12:17:31 PM,0
2/19/2026 12:17:32 PM,
2/19/2026 12:17:33 PM,
2/19/2026 12:17:34 PM,
2/19/2026 12:17:35 PM,
2/19/2026 12:17:36 PM,0
2/19/2026 12:17:37 PM,
2/19/2026 12:17:38 PM,
2/19/2026 12:17:39 PM,0
2/19/2026 12:17:40 PM,0
2/19/2026 12:17:41 PM,0
2/19/2026 12:17:42 PM,0
2/19/2026 12:17:43 PM,
2/19/2026 12:17:44 PM,
2/19/2026 12:17:45 PM,0
2/19/2026 12:17:46 PM,0
2/19/2026 12:17:47 PM,0
2/19/2026 12:17:48 PM,0
2/19/2026 12:17:49 PM,
2/19/2026 12:17:50 PM,
2/19/2026 12:17:51 PM,0
2/19/2026 12:17:52 PM,0
2/19/2026 12:17:53 PM,
2/19/2026 12:17:54 PM,
2/19/2026 12:17:55 PM,0
2/19/2026 12:17:56 PM,0
2/19/2026 12:17:57 PM,
2/19/2026 12:17:58 PM,0
2/19/2026 12:17:59 PM,0
2/19/2026 12:18:00 PM,
2/19/2026 12:18:01 PM,
2/19/2026 12:18:02 PM,
2/19/2026 12:18:03 PM,
2/19/2026 12:18:04 PM,0
2/19/2026 12:18:05 PM,
2/19/2026 12:18:06 PM,
2/19/2026 12:18:07 PM,0
2/19/2026 12:18:08 PM,0
2/19/2026 12:18:09 PM,0
2/19/2026 12:18:10 PM,
2/19/2026 12:18:11 PM,
2/19/2026 12:18:12 PM,-1.24855582835153
2/19/2026 12:18:13 PM,
2/19/2026 12:18:14 PM,
2/19/2026 12:18:15 PM,
2/19/2026 12:18:16 PM,-1.46440701792017
2/19/2026 12:18:17 PM,-1.38724122662097
2/19/2026 12:18:18 PM,-1.5936367912218
2/19/2026 12:18:19 PM,
2/19/2026 12:18:20 PM,-0.924891571048647
2/19/2026 12:18:21 PM,-0.924891571048647
2/19/2026 12:18:22 PM,
2/19/2026 12:18:23 PM,
2/19/2026 12:18:24 PM,
2/19/2026 12:18:25 PM,
2/19/2026 12:18:26 PM,0
2/19/2026 12:18:27 PM,
2/19/2026 12:18:28 PM,0
2/19/2026 12:18:29 PM,0
2/19/2026 12:18:30 PM,0
2/19/2026 12:18:31 PM,0
2/19/2026 12:18:32 PM,
2/19/2026 12:18:33 PM,0
2/19/2026 12:18:34 PM,0
2/19/2026 12:18:35 PM,
2/19/2026 12:18:36 PM,0
2/19/2026 12:18:37 PM,
2/19/2026 12:18:38 PM,
2/19/2026 12:18:39 PM,0.894915161188692
2/19/2026 12:18:40 PM,0.844274059636518
2/19/2026 12:18:41 PM,0
2/19/2026 12:18:42 PM,0
2/19/2026 12:18:43 PM,0
2/19/2026 12:18:44 PM,0
2/19/2026 12:18:45 PM,0
2/19/2026 12:18:46 PM,
2/19/2026 12:18:47 PM,-0.931097532156855
2/19/2026 12:18:48 PM,-0.931097532156855
2/19/2026 12:18:49 PM,-1.29515208536759
2/19/2026 12:18:50 PM,-1.31845335708931
2/19/2026 12:18:51 PM,-1.284510421101
2/19/2026 12:18:52 PM,
2/19/2026 12:18:53 PM,
2/19/2026 12:18:54 PM,
2/19/2026 12:18:55 PM,-0.980174937285483
2/19/2026 12:18:56 PM,0
2/19/2026 12:18:57 PM,0
2/19/2026 12:18:58 PM,0
2/19/2026 12:18:59 PM,0
2/19/2026 12:19:00 PM,0
2/19/2026 12:19:01 PM,0
2/19/2026 12:19:02 PM,0
2/19/2026 12:19:03 PM,0
2/19/2026 12:19:04 PM,0
2/19/2026 12:19:05 PM,0
2/19/2026 12:19:06 PM,
2/19/2026 12:19:07 PM,0
2/19/2026 12:19:08 PM,0
2/19/2026 12:19:09 PM,0
2/19/2026 12:19:10 PM,0
2/19/2026 12:19:11 PM,0
2/19/2026 12:19:12 PM,0
2/19/2026 12:19:13 PM,0
2/19/2026 12:19:14 PM,0
2/19/2026 12:19:15 PM,0
2/19/2026 12:19:16 PM,0
2/19/2026 12:19:17 PM,
2/19/2026 12:19:18 PM,0
2/19/2026 12:19:19 PM,0
2/19/2026 12:19:20 PM,0
2/19/2026 12:19:21 PM,0
2/19/2026 12:19:22 PM,0
2/19/2026 12:19:23 PM,0
2/19/2026 12:19:24 PM,0
2/19/2026 12:19:25 PM,0
2/19/2026 12:19:26 PM,0
2/19/2026 12:19:27 PM,0
2/19/2026 12:19:28 PM,0
2/19/2026 12:19:29 PM,0
2/19/2026 12:19:30 PM,
2/19/2026 12:19:31 PM,0
2/19/2026 12:19:32 PM,0
2/19/2026 12:19:33 PM,0
2/19/2026 12:19:34 PM,0
2/19/2026 12:19:35 PM,0
2/19/2026 12:19:36 PM,0
2/19/2026 12:19:37 PM,
2/19/2026 12:19:38 PM,
2/19/2026 12:19:39 PM,0
2/19/2026 12:19:40 PM,0
2/19/2026 12:19:41 PM,
2/19/2026 12:19:42 PM,0
2/19/2026 12:19:43 PM,0
2/19/2026 12:19:44 PM,0
2/19/2026 12:19:45 PM,
2/19/2026 12:19:46 PM,0
2/19/2026 12:19:47 PM,0
2/19/2026 12:19:48 PM,0
2/19/2026 12:19:49 PM,
2/19/2026 12:19:50 PM,0
2/19/2026 12:19:51 PM,0
2/19/2026 12:19:52 PM,
2/19/2026 12:19:53 PM,0
2/19/2026 12:19:54 PM,-0.874051608843729
2/19/2026 12:19:55 PM,-1.00966603495181
2/19/2026 12:19:56 PM,-1.07968332013115
2/19/2026 12:19:57 PM,
2/19/2026 12:19:58 PM,8.6002659983933
2/19/2026 12:19:59 PM,8.56901658698916
2/19/2026 12:20:00 PM,
2/19/2026 12:20:01 PM,8.57040714472532
2/19/2026 12:20:02 PM,8.62408317625523
2/19/2026 12:20:03 PM,9.72692454233766
2/19/2026 12:20:04 PM,8.36353674530983
2/19/2026 12:20:05 PM,6.76911142654717
2/19/2026 12:20:06 PM,
2/19/2026 12:20:07 PM,4.57015517167747
2/19/2026 12:20:08 PM,3.26188697945327
2/19/2026 12:20:09 PM,1.49843042017892
2/19/2026 12:20:10 PM,0
2/19/2026 12:20:11 PM,-0.970777880866081
2/19/2026 12:20:12 PM,-0.929646729491651
2/19/2026 12:20:13 PM,0
2/19/2026 12:20:14 PM,0
2/19/2026 12:20:15 PM,0
2/19/2026 12:20:16 PM,0
2/19/2026 12:20:17 PM,0
2/19/2026 12:20:18 PM,0
2/19/2026 12:20:19 PM,0
2/19/2026 12:20:20 PM,0
2/19/2026 12:20:21 PM,0
2/19/2026 12:20:22 PM,0
2/19/2026 12:20:23 PM,0
2/19/2026 12:20:24 PM,0
2/19/2026 12:20:25 PM,0
2/19/2026 12:20:26 PM,0
2/19/2026 12:20:27 PM,0
2/19/2026 12:20:28 PM,-1.00700163748115
2/19/2026 12:20:29 PM,-1.05093443999067
2/19/2026 12:20:30 PM,-1.04609451955184
2/19/2026 12:20:31 PM,-1.02140059461817
2/19/2026 12:20:32 PM,
2/19/2026 12:20:33 PM,
2/19/2026 12:20:34 PM,-0.977162062190473
2/19/2026 12:20:35 PM,-1.16604070644826
2/19/2026 12:20:36 PM,
2/19/2026 12:20:37 PM,-1.20399574516341
2/19/2026 12:20:38 PM,-1.11722816945985
2/19/2026 12:20:39 PM,-1.27464659744874
2/19/2026 12:20:40 PM,-1.23432807158679
2/19/2026 12:20:41 PM,
2/19/2026 12:20:42 PM,-1.00102638825774
2/19/2026 12:20:43 PM,-0.963801622856408
2/19/2026 12:20:44 PM,0
2/19/2026 12:20:45 PM,0
2/19/2026 12:20:46 PM,0
2/19/2026 12:20:47 PM,0
2/19/2026 12:20:48 PM,0
2/19/2026 12:20:49 PM,0
2/19/2026 12:20:50 PM,0
2/19/2026 12:20:51 PM,0
2/19/2026 12:20:52 PM,0
2/19/2026 12:20:53 PM,
2/19/2026 12:20:54 PM,0
2/19/2026 12:20:55 PM,0
2/19/2026 12:20:56 PM,0
2/19/2026 12:20:57 PM,
2/19/2026 12:20:58 PM,0
2/19/2026 12:20:59 PM,
2/19/2026 12:21:00 PM,
2/19/2026 12:21:01 PM,
2/19/2026 12:21:02 PM,0
2/19/2026 12:21:03 PM,
2/19/2026 12:21:04 PM,
2/19/2026 12:21:05 PM,0
2/19/2026 12:21:06 PM,0
2/19/2026 12:21:07 PM,0
2/19/2026 12:21:08 PM,0
2/19/2026 12:21:09 PM,0
2/19/2026 12:21:10 PM,0
2/19/2026 12:21:11 PM,0
2/19/2026 12:21:12 PM,0
2/19/2026 12:21:13 PM,0
2/19/2026 12:21:14 PM,0
2/19/2026 12:21:15 PM,0
2/19/2026 12:21:16 PM,0
2/19/2026 12:21:17 PM,0
2/19/2026 12:21:18 PM,0
2/19/2026 12:21:19 PM,0
2/19/2026 12:21:20 PM,
2/19/2026 12:21:21 PM,
2/19/2026 12:21:22 PM,0
2/19/2026 12:21:23 PM,0
2/19/2026 12:21:24 PM,0
2/19/2026 12:21:25 PM,0
2/19/2026 12:21:26 PM,0
2/19/2026 12:21:27 PM,0
2/19/2026 12:21:28 PM,
2/19/2026 12:21:29 PM,
2/19/2026 12:21:30 PM,0
2/19/2026 12:21:31 PM,0
2/19/2026 12:21:32 PM,0
2/19/2026 12:21:33 PM,0
2/19/2026 12:21:34 PM,0
2/19/2026 12:21:35 PM,0
2/19/2026 12:21:36 PM,
2/19/2026 12:21:37 PM,
2/19/2026 12:21:38 PM,0
2/19/2026 12:21:39 PM,0
2/19/2026 12:21:40 PM,
2/19/2026 12:21:41 PM,0
2/19/2026 12:21:42 PM,
2/19/2026 12:21:43 PM,0
2/19/2026 12:21:44 PM,0
2/19/2026 12:21:45 PM,0
2/19/2026 12:21:46 PM,
2/19/2026 12:21:47 PM,
2/19/2026 12:21:48 PM,
2/19/2026 12:21:49 PM,0
2/19/2026 12:21:50 PM,0
2/19/2026 12:21:51 PM,0
2/19/2026 12:21:52 PM,0
2/19/2026 12:21:53 PM,
2/19/2026 12:21:54 PM,0
2/19/2026 12:21:55 PM,0
2/19/2026 12:21:56 PM,1.05931403813884
2/19/2026 12:21:57 PM,1.22294041793793
2/19/2026 12:21:58 PM,1.1937277042307
2/19/2026 12:21:59 PM,0
2/19/2026 12:22:00 PM,0
2/19/2026 12:22:01 PM,0
2/19/2026 12:22:02 PM,0
2/19/2026 12:22:03 PM,-0.811784336110577
2/19/2026 12:22:04 PM,0
2/19/2026 12:22:05 PM,0
2/19/2026 12:22:06 PM,-1.08621659455821
2/19/2026 12:22:07 PM,-1.08621659455821
2/19/2026 12:22:08 PM,-1.35151168797165
2/19/2026 12:22:09 PM,-1.2948414310813
2/19/2026 12:22:10 PM,-1.17478952743113
2/19/2026 12:22:11 PM,-1.04759791865945
2/19/2026 12:22:12 PM,-1.03580175200477
2/19/2026 12:22:13 PM,0
2/19/2026 12:22:14 PM,0
2/19/2026 12:22:15 PM,0
2/19/2026 12:22:16 PM,0
2/19/2026 12:22:17 PM,0
2/19/2026 12:22:18 PM,0
2/19/2026 12:22:19 PM,0
2/19/2026 12:22:20 PM,0
2/19/2026 12:22:21 PM,0
2/19/2026 12:22:22 PM,0
2/19/2026 12:22:23 PM,0
2/19/2026 12:22:24 PM,0
2/19/2026 12:22:25 PM,0
2/19/2026 12:22:26 PM,0
2/19/2026 12:22:27 PM,0
2/19/2026 12:22:28 PM,0
2/19/2026 12:22:29 PM,0
2/19/2026 12:22:30 PM,0
2/19/2026 12:22:31 PM,0
2/19/2026 12:22:32 PM,0
2/19/2026 12:22:33 PM,
2/19/2026 12:22:34 PM,
2/19/2026 12:22:35 PM,
2/19/2026 12:22:36 PM,
2/19/2026 12:22:37 PM,
2/19/2026 12:22:38 PM,
2/19/2026 12:22:39 PM,0
2/19/2026 12:22:40 PM,
2/19/2026 12:22:41 PM,0
2/19/2026 12:22:42 PM,-0.825158919906244
2/19/2026 12:22:43 PM,-0.911074422765523
2/19/2026 12:22:44 PM,-0.978571688756347
2/19/2026 12:22:45 PM,-0.817505456507206
2/19/2026 12:22:46 PM,-0.949331314768642
2/19/2026 12:22:47 PM,-0.932615075726062
2/19/2026 12:22:48 PM,-0.897205411456525
2/19/2026 12:22:49 PM,0
2/19/2026 12:22:50 PM,-0.824693462345749
2/19/2026 12:22:51 PM,-0.825059961061925
2/19/2026 12:22:52 PM,0
2/19/2026 12:22:53 PM,-0.83923899801448
2/19/2026 12:22:54 PM,0
2/19/2026 12:22:55 PM,-0.903458101674914
2/19/2026 12:22:56 PM,0
2/19/2026 12:22:57 PM,0
2/19/2026 12:22:58 PM,0
2/19/2026 12:22:59 PM,
2/19/2026 12:23:00 PM,0
2/19/2026 12:23:01 PM,0
2/19/2026 12:23:02 PM,
2/19/2026 12:23:03 PM,
2/19/2026 12:23:04 PM,0
2/19/2026 12:23:05 PM,0
2/19/2026 12:23:06 PM,0
2/19/2026 12:23:07 PM,
2/19/2026 12:23:08 PM,0
2/19/2026 12:23:09 PM,0
2/19/2026 12:23:10 PM,0
2/19/2026 12:23:11 PM,0
2/19/2026 12:23:12 PM,0
2/19/2026 12:23:13 PM,0
2/19/2026 12:23:14 PM,0
2/19/2026 12:23:15 PM,0
2/19/2026 12:23:16 PM,0
2/19/2026 12:23:17 PM,0
2/19/2026 12:23:18 PM,0
2/19/2026 12:23:19 PM,0
2/19/2026 12:23:20 PM,0
2/19/2026 12:23:21 PM,0
2/19/2026 12:23:22 PM,0
2/19/2026 12:23:23 PM,0.83758074324578
2/19/2026 12:23:24 PM,0
2/19/2026 12:23:25 PM,0
2/19/2026 12:23:26 PM,
2/19/2026 12:23:27 PM,0
2/19/2026 12:23:28 PM,0
2/19/2026 12:23:29 PM,
2/19/2026 12:23:30 PM,
2/19/2026 12:23:31 PM,
2/19/2026 12:23:32 PM,9.80430878698826
2/19/2026 12:23:33 PM,9.80430878698826
2/19/2026 12:23:34 PM,9.59851210936904
2/19/2026 12:23:35 PM,
2/19/2026 12:23:36 PM,9.52582005411386
2/19/2026 12:23:37 PM,9.28084971383214
2/19/2026 12:23:38 PM,9.24159977585077
2/19/2026 12:23:39 PM,9.16079068556428
2/19/2026 12:23:40 PM,8.96314708516002
2/19/2026 12:23:41 PM,7.6777059584856
2/19/2026 12:23:42 PM,
2/19/2026 12:23:43 PM,6.23511336743832
2/19/2026 12:23:44 PM,5.35859554074705
2/19/2026 12:23:45 PM,3.83229246363044
2/19/2026 12:23:46 PM,3.49194486625493
2/19/2026 12:23:47 PM,1.66798448190093
2/19/2026 12:23:48 PM,0
2/19/2026 12:23:49 PM,0
2/19/2026 12:23:50 PM,0
2/19/2026 12:23:51 PM,0
2/19/2026 12:23:52 PM,0
2/19/2026 12:23:53 PM,
2/19/2026 12:23:54 PM,0
2/19/2026 12:23:55 PM,0
2/19/2026 12:23:56 PM,0
2/19/2026 12:23:57 PM,0
2/19/2026 12:23:58 PM,-0.811432872433215
2/19/2026 12:23:59 PM,0
2/19/2026 12:24:00 PM,0
2/19/2026 12:24:01 PM,0
2/19/2026 12:24:02 PM,0
2/19/2026 12:24:03 PM,0
2/19/2026 12:24:04 PM,0
2/19/2026 12:24:05 PM,0
2/19/2026 12:24:06 PM,0
2/19/2026 12:24:07 PM,0
2/19/2026 12:24:08 PM,
2/19/2026 12:24:09 PM,
2/19/2026 12:24:10 PM,0
2/19/2026 12:24:11 PM,
2/19/2026 12:24:12 PM,0
2/19/2026 12:24:13 PM,0
2/19/2026 12:24:14 PM,0
2/19/2026 12:24:15 PM,0
2/19/2026 12:24:16 PM,0
2/19/2026 12:24:17 PM,0
2/19/2026 12:24:18 PM,
2/19/2026 12:24:19 PM,0
2/19/2026 12:24:20 PM,0
2/19/2026 12:24:21 PM,0
2/19/2026 12:24:22 PM,
2/19/2026 12:24:23 PM,0
2/19/2026 12:24:24 PM,0
2/19/2026 12:24:25 PM,0
2/19/2026 12:24:26 PM,0
2/19/2026 12:24:27 PM,0
2/19/2026 12:24:28 PM,0
2/19/2026 12:24:29 PM,-1.06954949442297
2/19/2026 12:24:30 PM,
2/19/2026 12:24:31 PM,-1.01403363514692
2/19/2026 12:24:32 PM,0
2/19/2026 12:24:33 PM,0
2/19/2026 12:24:34 PM,0
2/19/2026 12:24:35 PM,0
2/19/2026 12:24:36 PM,0
2/19/2026 12:24:37 PM,0
2/19/2026 12:24:38 PM,0
2/19/2026 12:24:39 PM,0
2/19/2026 12:24:40 PM,0
2/19/2026 12:24:41 PM,0
2/19/2026 12:24:42 PM,0
2/19/2026 12:24:43 PM,0
2/19/2026 12:24:44 PM,
2/19/2026 12:24:45 PM,
2/19/2026 12:24:46 PM,0
2/19/2026 12:24:47 PM,0
2/19/2026 12:24:48 PM,
2/19/2026 12:24:49 PM,0
2/19/2026 12:24:50 PM,0
2/19/2026 12:24:51 PM,0
2/19/2026 12:24:52 PM,0
2/19/2026 12:24:53 PM,
2/19/2026 12:24:54 PM,0
2/19/2026 12:24:55 PM,0
2/19/2026 12:24:56 PM,
2/19/2026 12:24:57 PM,0
2/19/2026 12:24:58 PM,
2/19/2026 12:24:59 PM,0
2/19/2026 12:25:00 PM,0
2/19/2026 12:25:01 PM,0
2/19/2026 12:25:02 PM,0
2/19/2026 12:25:03 PM,0
2/19/2026 12:25:04 PM,0
2/19/2026 12:25:05 PM,
2/19/2026 12:25:06 PM,
2/19/2026 12:25:07 PM,0
2/19/2026 12:25:08 PM,0
2/19/2026 12:25:09 PM,0
2/19/2026 12:25:10 PM,0
2/19/2026 12:25:11 PM,
2/19/2026 12:25:12 PM,0
2/19/2026 12:25:13 PM,
2/19/2026 12:25:14 PM,0
2/19/2026 12:25:15 PM,
2/19/2026 12:25:16 PM,0
2/19/2026 12:25:17 PM,0
2/19/2026 12:25:18 PM,0
2/19/2026 12:25:19 PM,0
2/19/2026 12:25:20 PM,0
2/19/2026 12:25:21 PM,0
2/19/2026 12:25:22 PM,
2/19/2026 12:25:23 PM,
2/19/2026 12:25:24 PM,0
2/19/2026 12:25:25 PM,
2/19/2026 12:25:26 PM,0
2/19/2026 12:25:27 PM,0.850818859180436
2/19/2026 12:25:28 PM,
2/19/2026 12:25:29 PM,0.913294474594295
2/19/2026 12:25:30 PM,0.844206794863567
2/19/2026 12:25:31 PM,0
2/19/2026 12:25:32 PM,0
2/19/2026 12:25:33 PM,0
2/19/2026 12:25:34 PM,0
2/19/2026 12:25:35 PM,0
2/19/2026 12:25:36 PM,0
2/19/2026 12:25:37 PM,-0.821858178824186
2/19/2026 12:25:38 PM,
2/19/2026 12:25:39 PM,
2/19/2026 12:25:40 PM,
2/19/2026 12:25:41 PM,
2/19/2026 12:25:42 PM,
2/19/2026 12:25:43 PM,0
2/19/2026 12:25:44 PM,-1.06476227520034
2/19/2026 12:25:45 PM,-1.06476227520034
2/19/2026 12:25:46 PM,-1.14092223811895
2/19/2026 12:25:47 PM,
2/19/2026 12:25:48 PM,
2/19/2026 12:25:49 PM,-1.22791287722066
2/19/2026 12:25:50 PM,-1.21452760649845
2/19/2026 12:25:51 PM,0
2/19/2026 12:25:52 PM,0
2/19/2026 12:25:53 PM,0
2/19/2026 12:25:54 PM,0
2/19/2026 12:25:55 PM,0
2/19/2026 12:25:56 PM,
2/19/2026 12:25:57 PM,0
2/19/2026 12:25:58 PM,0
2/19/2026 12:25:59 PM,0
2/19/2026 12:26:00 PM,0
2/19/2026 12:26:01 PM,
2/19/2026 12:26:02 PM,
2/19/2026 12:26:03 PM,0
2/19/2026 12:26:04 PM,0
2/19/2026 12:26:05 PM,
2/19/2026 12:26:06 PM,0
2/19/2026 12:26:07 PM,0
2/19/2026 12:26:08 PM,0
2/19/2026 12:26:09 PM,0
2/19/2026 12:26:10 PM,0
2/19/2026 12:26:11 PM,0
2/19/2026 12:26:12 PM,0
2/19/2026 12:26:13 PM,
2/19/2026 12:26:14 PM,
2/19/2026 12:26:15 PM,
2/19/2026 12:26:16 PM,0
2/19/2026 12:26:17 PM,0
2/19/2026 12:26:18 PM,0
2/19/2026 12:26:19 PM,0
2/19/2026 12:26:20 PM,0
2/19/2026 12:26:21 PM,0
2/19/2026 12:26:22 PM,0
2/19/2026 12:26:23 PM,0
2/19/2026 12:26:24 PM,0
2/19/2026 12:26:25 PM,0
2/19/2026 12:26:26 PM,0
2/19/2026 12:26:27 PM,0
2/19/2026 12:26:28 PM,0
2/19/2026 12:26:29 PM,
2/19/2026 12:26:30 PM,0
2/19/2026 12:26:31 PM,0
2/19/2026 12:26:32 PM,0
2/19/2026 12:26:33 PM,0
2/19/2026 12:26:34 PM,
2/19/2026 12:26:35 PM,0
2/19/2026 12:26:36 PM,
2/19/2026 12:26:37 PM,0
2/19/2026 12:26:38 PM,0
2/19/2026 12:26:39 PM,0
2/19/2026 12:26:40 PM,
2/19/2026 12:26:41 PM,0
2/19/2026 12:26:42 PM,0
2/19/2026 12:26:43 PM,0
2/19/2026 12:26:44 PM,0
2/19/2026 12:26:45 PM,
2/19/2026 12:26:46 PM,0
2/19/2026 12:26:47 PM,0
2/19/2026 12:26:48 PM,0
2/19/2026 12:26:49 PM,0
2/19/2026 12:26:50 PM,0
2/19/2026 12:26:51 PM,0
2/19/2026 12:26:52 PM,0
2/19/2026 12:26:53 PM,0
2/19/2026 12:26:54 PM,
2/19/2026 12:26:55 PM,0
2/19/2026 12:26:56 PM,0
2/19/2026 12:26:57 PM,
2/19/2026 12:26:58 PM,
2/19/2026 12:26:59 PM,
2/19/2026 12:27:00 PM,0
2/19/2026 12:27:01 PM,
2/19/2026 12:27:02 PM,
2/19/2026 12:27:03 PM,
2/19/2026 12:27:04 PM,0
2/19/2026 12:27:05 PM,
2/19/2026 12:27:06 PM,0
2/19/2026 12:27:07 PM,0
2/19/2026 12:27:08 PM,
2/19/2026 12:27:09 PM,
2/19/2026 12:27:10 PM,0
2/19/2026 12:27:11 PM,0
2/19/2026 12:27:12 PM,0
2/19/2026 12:27:13 PM,0
2/19/2026 12:27:14 PM,0
2/19/2026 12:27:15 PM,
2/19/2026 12:27:16 PM,0
2/19/2026 12:27:17 PM,
2/19/2026 12:27:18 PM,
2/19/2026 12:27:19 PM,0
2/19/2026 12:27:20 PM,0
2/19/2026 12:27:21 PM,
2/19/2026 12:27:22 PM,0
2/19/2026 12:27:23 PM,0
2/19/2026 12:27:24 PM,0
2/19/2026 12:27:25 PM,0
2/19/2026 12:27:26 PM,0
2/19/2026 12:27:27 PM,0
2/19/2026 12:27:28 PM,0
2/19/2026 12:27:29 PM,0
2/19/2026 12:27:30 PM,0
2/19/2026 12:27:31 PM,0
2/19/2026 12:27:32 PM,0
2/19/2026 12:27:33 PM,0
2/19/2026 12:27:34 PM,0
2/19/2026 12:27:35 PM,0
2/19/2026 12:27:36 PM,0
2/19/2026 12:27:37 PM,0
2/19/2026 12:27:38 PM,0
2/19/2026 12:27:39 PM,0
2/19/2026 12:27:40 PM,0
2/19/2026 12:27:41 PM,0
2/19/2026 12:27:42 PM,0
2/19/2026 12:27:43 PM,0
2/19/2026 12:27:44 PM,0.958486134186387
2/19/2026 12:27:45 PM,0.821053987601772
2/19/2026 12:27:46 PM,0.821053987601772
2/19/2026 12:27:47 PM,0
2/19/2026 12:27:48 PM,
2/19/2026 12:27:49 PM,0
2/19/2026 12:27:50 PM,0
2/19/2026 12:27:51 PM,0
2/19/2026 12:27:52 PM,0
2/19/2026 12:27:53 PM,0
2/19/2026 12:27:54 PM,0
2/19/2026 12:27:55 PM,0
2/19/2026 12:27:56 PM,
2/19/2026 12:27:57 PM,0
2/19/2026 12:27:58 PM,0
2/19/2026 12:27:59 PM,0
2/19/2026 12:28:00 PM,0
2/19/2026 12:28:01 PM,0
2/19/2026 12:28:02 PM,0
2/19/2026 12:28:03 PM,
2/19/2026 12:28:04 PM,
2/19/2026 12:28:05 PM,0
2/19/2026 12:28:06 PM,0
2/19/2026 12:28:07 PM,0
2/19/2026 12:28:08 PM,
2/19/2026 12:28:09 PM,0
2/19/2026 12:28:10 PM,-0.868223462020978
2/19/2026 12:28:11 PM,0
2/19/2026 12:28:12 PM,-0.989262491930276
2/19/2026 12:28:13 PM,-0.961194117553532
2/19/2026 12:28:14 PM,0
2/19/2026 12:28:15 PM,0
2/19/2026 12:28:16 PM,0
2/19/2026 12:28:17 PM,0
2/19/2026 12:28:18 PM,0
2/19/2026 12:28:19 PM,0
2/19/2026 12:28:20 PM,0
2/19/2026 12:28:21 PM,0
2/19/2026 12:28:22 PM,0
2/19/2026 12:28:23 PM,0
2/19/2026 12:28:24 PM,0
2/19/2026 12:28:25 PM,0
2/19/2026 12:28:26 PM,0
2/19/2026 12:28:27 PM,0
2/19/2026 12:28:28 PM,0
2/19/2026 12:28:29 PM,
2/19/2026 12:28:30 PM,-0.852606457192451
2/19/2026 12:28:31 PM,-0.943279475905001
2/19/2026 12:28:32 PM,-1.099341083318
2/19/2026 12:28:33 PM,
2/19/2026 12:28:34 PM,-1.10474688699469
2/19/2026 12:28:35 PM,-1.10714934999123
2/19/2026 12:28:36 PM,-1.39545454876497
2/19/2026 12:28:37 PM,-1.24032867606729
2/19/2026 12:28:38 PM,-1.21164318406954
2/19/2026 12:28:39 PM,-1.22933235252276
2/19/2026 12:28:40 PM,-1.16683656815439
2/19/2026 12:28:41 PM,-1.29663107218221
2/19/2026 12:28:42 PM,-1.19718586793169
2/19/2026 12:28:43 PM,-1.21549341129139
2/19/2026 12:28:44 PM,-1.21549341129139
2/19/2026 12:28:45 PM,-0.892850803211331
2/19/2026 12:28:46 PM,-0.892850803211331
2/19/2026 12:28:47 PM,-0.832769949920475
2/19/2026 12:28:48 PM,0
2/19/2026 12:28:49 PM,0
2/19/2026 12:28:50 PM,0
2/19/2026 12:28:51 PM,0
2/19/2026 12:28:52 PM,0
2/19/2026 12:28:53 PM,0
2/19/2026 12:28:54 PM,0
2/19/2026 12:28:55 PM,0
2/19/2026 12:28:56 PM,0
2/19/2026 12:28:57 PM,0
2/19/2026 12:28:58 PM,0
2/19/2026 12:28:59 PM,0
2/19/2026 12:29:00 PM,0
2/19/2026 12:29:01 PM,0
2/19/2026 12:29:02 PM,
2/19/2026 12:29:03 PM,0
2/19/2026 12:29:04 PM,0
2/19/2026 12:29:05 PM,0
2/19/2026 12:29:06 PM,0
2/19/2026 12:29:07 PM,0
2/19/2026 12:29:08 PM,0
2/19/2026 12:29:09 PM,0
2/19/2026 12:29:10 PM,0
2/19/2026 12:29:11 PM,0
2/19/2026 12:29:12 PM,0
2/19/2026 12:29:13 PM,0
2/19/2026 12:29:14 PM,0
2/19/2026 12:29:15 PM,0
2/19/2026 12:29:16 PM,
2/19/2026 12:29:17 PM,0
2/19/2026 12:29:18 PM,0
2/19/2026 12:29:19 PM,0
2/19/2026 12:29:20 PM,0
2/19/2026 12:29:21 PM,0
2/19/2026 12:29:22 PM,0
2/19/2026 12:29:23 PM,0
2/19/2026 12:29:24 PM,0
2/19/2026 12:29:25 PM,0
2/19/2026 12:29:26 PM,0
2/19/2026 12:29:27 PM,0
2/19/2026 12:29:28 PM,0
2/19/2026 12:29:29 PM,0
2/19/2026 12:29:30 PM,0
2/19/2026 12:29:31 PM,0
2/19/2026 12:29:32 PM,0
2/19/2026 12:29:33 PM,0
2/19/2026 12:29:34 PM,0
2/19/2026 12:29:35 PM,
2/19/2026 12:29:36 PM,0
2/19/2026 12:29:37 PM,0
2/19/2026 12:29:38 PM,0
2/19/2026 12:29:39 PM,
2/19/2026 12:29:40 PM,0
2/19/2026 12:29:41 PM,0
2/19/2026 12:29:42 PM,0
2/19/2026 12:29:43 PM,0
2/19/2026 12:29:44 PM,0
2/19/2026 12:29:45 PM,0
2/19/2026 12:29:46 PM,0
2/19/2026 12:29:47 PM,0
2/19/2026 12:29:48 PM,0.821942993206903
2/19/2026 12:29:49 PM,0.821942993206903
2/19/2026 12:29:50 PM,0
2/19/2026 12:29:51 PM,0.871660723350942
2/19/2026 12:29:52 PM,0
2/19/2026 12:29:53 PM,0
2/19/2026 12:29:54 PM,0
2/19/2026 12:29:55 PM,0
2/19/2026 12:29:56 PM,
2/19/2026 12:29:57 PM,
2/19/2026 12:29:58 PM,0
2/19/2026 12:29:59 PM,0
2/19/2026 12:30:00 PM,0
2/19/2026 12:30:01 PM,0
2/19/2026 12:30:02 PM,0
2/19/2026 12:30:03 PM,0
2/19/2026 12:30:04 PM,
2/19/2026 12:30:05 PM,
2/19/2026 12:30:06 PM,
2/19/2026 12:30:07 PM,0
2/19/2026 12:30:08 PM,0
2/19/2026 12:30:09 PM,0
2/19/2026 12:30:10 PM,
2/19/2026 12:30:11 PM,0
2/19/2026 12:30:12 PM,
2/19/2026 12:30:13 PM,0
2/19/2026 12:30:14 PM,0
2/19/2026 12:30:15 PM,0
2/19/2026 12:30:16 PM,0
2/19/2026 12:30:17 PM,
2/19/2026 12:30:18 PM,0
2/19/2026 12:30:19 PM,0
2/19/2026 12:30:20 PM,
2/19/2026 12:30:21 PM,0.819183827843517
2/19/2026 12:30:22 PM,0
2/19/2026 12:30:23 PM,0
2/19/2026 12:30:24 PM,0
2/19/2026 12:30:25 PM,0
2/19/2026 12:30:26 PM,0
2/19/2026 12:30:27 PM,0
2/19/2026 12:30:28 PM,0
2/19/2026 12:30:29 PM,
2/19/2026 12:30:30 PM,
2/19/2026 12:30:31 PM,0
2/19/2026 12:30:32 PM,0
2/19/2026 12:30:33 PM,0
2/19/2026 12:30:34 PM,0
2/19/2026 12:30:35 PM,0
2/19/2026 12:30:36 PM,
2/19/2026 12:30:37 PM,
2/19/2026 12:30:38 PM,0
2/19/2026 12:30:39 PM,0
2/19/2026 12:30:40 PM,0
2/19/2026 12:30:41 PM,0
2/19/2026 12:30:42 PM,
2/19/2026 12:30:43 PM,
2/19/2026 12:30:44 PM,0
2/19/2026 12:30:45 PM,0
2/19/2026 12:30:46 PM,
2/19/2026 12:30:47 PM,0
2/19/2026 12:30:48 PM,0
2/19/2026 12:30:49 PM,0
2/19/2026 12:30:50 PM,0
2/19/2026 12:30:51 PM,
2/19/2026 12:30:52 PM,0
2/19/2026 12:30:53 PM,0.907834607642144
2/19/2026 12:30:54 PM,
2/19/2026 12:30:55 PM,1.39775433344766
2/19/2026 12:30:56 PM,1.58674917183816
2/19/2026 12:30:57 PM,
2/19/2026 12:30:58 PM,1.35353151708841
2/19/2026 12:30:59 PM,1.21835939353332
2/19/2026 12:31:00 PM,1.02364327758551
2/19/2026 12:31:01 PM,0
2/19/2026 12:31:02 PM,0
2/19/2026 12:31:03 PM,0
2/19/2026 12:31:04 PM,0
2/19/2026 12:31:05 PM,0
2/19/2026 12:31:06 PM,0
2/19/2026 12:31:07 PM,0
2/19/2026 12:31:08 PM,
2/19/2026 12:31:09 PM,
2/19/2026 12:31:10 PM,0
2/19/2026 12:31:11 PM,
2/19/2026 12:31:12 PM,0
2/19/2026 12:31:13 PM,0
2/19/2026 12:31:14 PM,1.04001963045448
2/19/2026 12:31:15 PM,1.16908344207332
2/19/2026 12:31:16 PM,
2/19/2026 12:31:17 PM,0.825824495404959
2/19/2026 12:31:18 PM,1.31270787678659
2/19/2026 12:31:19 PM,1.20690164621919
2/19/2026 12:31:20 PM,1.15508838789538
2/19/2026 12:31:21 PM,1.06051296461374
2/19/2026 12:31:22 PM,1.1370325111784
2/19/2026 12:31:23 PM,1.0529363527894
2/19/2026 12:31:24 PM,0
2/19/2026 12:31:25 PM,
2/19/2026 12:31:26 PM,
2/19/2026 12:31:27 PM,0
2/19/2026 12:31:28 PM,0
2/19/2026 12:31:29 PM,0
2/19/2026 12:31:30 PM,0
2/19/2026 12:31:31 PM,0
2/19/2026 12:31:32 PM,0
2/19/2026 12:31:33 PM,0
2/19/2026 12:31:34 PM,0
2/19/2026 12:31:35 PM,0
2/19/2026 12:31:36 PM,0
2/19/2026 12:31:37 PM,0
2/19/2026 12:31:38 PM,0
2/19/2026 12:31:39 PM,0
2/19/2026 12:31:40 PM,0
2/19/2026 12:31:41 PM,0
2/19/2026 12:31:42 PM,0
2/19/2026 12:31:43 PM,
2/19/2026 12:31:44 PM,0
2/19/2026 12:31:45 PM,0
2/19/2026 12:31:46 PM,0
2/19/2026 12:31:47 PM,0
2/19/2026 12:31:48 PM,0
2/19/2026 12:31:49 PM,0
2/19/2026 12:31:50 PM,0
2/19/2026 12:31:51 PM,0
2/19/2026 12:31:52 PM,0
2/19/2026 12:31:53 PM,0
2/19/2026 12:31:54 PM,0
2/19/2026 12:31:55 PM,
2/19/2026 12:31:56 PM,0
2/19/2026 12:31:57 PM,0
2/19/2026 12:31:58 PM,0
2/19/2026 12:31:59 PM,0
2/19/2026 12:32:00 PM,0
2/19/2026 12:32:01 PM,0
2/19/2026 12:32:02 PM,0
2/19/2026 12:32:03 PM,0
2/19/2026 12:32:04 PM,0
2/19/2026 12:32:05 PM,0
2/19/2026 12:32:06 PM,0
2/19/2026 12:32:07 PM,0
2/19/2026 12:32:08 PM,0
2/19/2026 12:32:09 PM,0
2/19/2026 12:32:10 PM,
2/19/2026 12:32:11 PM,0
2/19/2026 12:32:12 PM,0
2/19/2026 12:32:13 PM,
2/19/2026 12:32:14 PM,
2/19/2026 12:32:15 PM,0
2/19/2026 12:32:16 PM,0
2/19/2026 12:32:17 PM,0
2/19/2026 12:32:18 PM,0
2/19/2026 12:32:19 PM,0
2/19/2026 12:32:20 PM,0
2/19/2026 12:32:21 PM,
2/19/2026 12:32:22 PM,
2/19/2026 12:32:23 PM,0
2/19/2026 12:32:24 PM,0
2/19/2026 12:32:25 PM,0
2/19/2026 12:32:26 PM,0
2/19/2026 12:32:27 PM,0
2/19/2026 12:32:28 PM,0
2/19/2026 12:32:29 PM,0
2/19/2026 12:32:30 PM,0
2/19/2026 12:32:31 PM,0
2/19/2026 12:32:32 PM,0
2/19/2026 12:32:33 PM,0
2/19/2026 12:32:34 PM,0
2/19/2026 12:32:35 PM,0
2/19/2026 12:32:36 PM,0
2/19/2026 12:32:37 PM,0
2/19/2026 12:32:38 PM,0
2/19/2026 12:32:39 PM,0
2/19/2026 12:32:40 PM,0
2/19/2026 12:32:41 PM,0
2/19/2026 12:32:42 PM,
2/19/2026 12:32:43 PM,0
2/19/2026 12:32:44 PM,0
2/19/2026 12:32:45 PM,0
2/19/2026 12:32:46 PM,0
2/19/2026 12:32:47 PM,
2/19/2026 12:32:48 PM,
2/19/2026 12:32:49 PM,0
2/19/2026 12:32:50 PM,0
2/19/2026 12:32:51 PM,0
2/19/2026 12:32:52 PM,0
2/19/2026 12:32:53 PM,
2/19/2026 12:32:54 PM,0
2/19/2026 12:32:55 PM,0
2/19/2026 12:32:56 PM,0
2/19/2026 12:32:57 PM,0
2/19/2026 12:32:58 PM,0
2/19/2026 12:32:59 PM,0
2/19/2026 12:33:00 PM,0
2/19/2026 12:33:01 PM,0
2/19/2026 12:33:02 PM,0
2/19/2026 12:33:03 PM,
2/19/2026 12:33:04 PM,
2/19/2026 12:33:05 PM,0
2/19/2026 12:33:06 PM,0
2/19/2026 12:33:07 PM,0
2/19/2026 12:33:08 PM,0
2/19/2026 12:33:09 PM,0
2/19/2026 12:33:10 PM,0
2/19/2026 12:33:11 PM,0
2/19/2026 12:33:12 PM,0
2/19/2026 12:33:13 PM,
2/19/2026 12:33:14 PM,0
2/19/2026 12:33:15 PM,
2/19/2026 12:33:16 PM,
2/19/2026 12:33:17 PM,
2/19/2026 12:33:18 PM,
2/19/2026 12:33:19 PM,
2/19/2026 12:33:20 PM,
2/19/2026 12:33:21 PM,0
2/19/2026 12:33:22 PM,
2/19/2026 12:33:23 PM,0
2/19/2026 12:33:24 PM,0
2/19/2026 12:33:25 PM,0
2/19/2026 12:33:26 PM,0
2/19/2026 12:33:27 PM,0
2/19/2026 12:33:28 PM,0
2/19/2026 12:33:29 PM,0
2/19/2026 12:33:30 PM,
2/19/2026 12:33:31 PM,0
2/19/2026 12:33:32 PM,0
2/19/2026 12:33:33 PM,
2/19/2026 12:33:34 PM,0
2/19/2026 12:33:35 PM,0
2/19/2026 12:33:36 PM,0
2/19/2026 12:33:37 PM,-0.84128727321513
2/19/2026 12:33:38 PM,0
2/19/2026 12:33:39 PM,0
2/19/2026 12:33:40 PM,0
2/19/2026 12:33:41 PM,0
2/19/2026 12:33:42 PM,0
2/19/2026 12:33:43 PM,0
2/19/2026 12:33:44 PM,0
2/19/2026 12:33:45 PM,0
2/19/2026 12:33:46 PM,0
2/19/2026 12:33:47 PM,0
2/19/2026 12:33:48 PM,0
2/19/2026 12:33:49 PM,
2/19/2026 12:33:50 PM,0
2/19/2026 12:33:51 PM,0
2/19/2026 12:33:52 PM,
2/19/2026 12:33:53 PM,
2/19/2026 12:33:54 PM,0
2/19/2026 12:33:55 PM,
2/19/2026 12:33:56 PM,0
2/19/2026 12:33:57 PM,0
2/19/2026 12:33:58 PM,0
2/19/2026 12:33:59 PM,0
2/19/2026 12:34:00 PM,
2/19/2026 12:34:01 PM,
2/19/2026 12:34:02 PM,
2/19/2026 12:34:03 PM,
2/19/2026 12:34:04 PM,0
2/19/2026 12:34:05 PM,0
2/19/2026 12:34:06 PM,0
2/19/2026 12:34:07 PM,0
2/19/2026 12:34:08 PM,0
2/19/2026 12:34:09 PM,0
2/19/2026 12:34:10 PM,0
2/19/2026 12:34:11 PM,0
2/19/2026 12:34:12 PM,0
2/19/2026 12:34:13 PM,0
2/19/2026 12:34:14 PM,
2/19/2026 12:34:15 PM,0
2/19/2026 12:34:16 PM,0
2/19/2026 12:34:17 PM,0
2/19/2026 12:34:18 PM,
2/19/2026 12:34:19 PM,0
2/19/2026 12:34:20 PM,0
2/19/2026 12:34:21 PM,0
2/19/2026 12:34:22 PM,0
2/19/2026 12:34:23 PM,0
2/19/2026 12:34:24 PM,0
2/19/2026 12:34:25 PM,0
2/19/2026 12:34:26 PM,0
2/19/2026 12:34:27 PM,0
2/19/2026 12:34:28 PM,0
2/19/2026 12:34:29 PM,0
2/19/2026 12:34:30 PM,0
2/19/2026 12:34:31 PM,
2/19/2026 12:34:32 PM,0
2/19/2026 12:34:33 PM,0
2/19/2026 12:34:34 PM,0
2/19/2026 12:34:35 PM,0
2/19/2026 12:34:36 PM,0
2/19/2026 12:34:37 PM,0
2/19/2026 12:34:38 PM,0
2/19/2026 12:34:39 PM,0
2/19/2026 12:34:40 PM,0
2/19/2026 12:34:41 PM,0
2/19/2026 12:34:42 PM,0
2/19/2026 12:34:43 PM,0
2/19/2026 12:34:44 PM,0
2/19/2026 12:34:45 PM,0
2/19/2026 12:34:46 PM,0
2/19/2026 12:34:47 PM,0
2/19/2026 12:34:48 PM,
2/19/2026 12:34:49 PM,0
2/19/2026 12:34:50 PM,0
2/19/2026 12:34:51 PM,0
2/19/2026 12:34:52 PM,0
2/19/2026 12:34:53 PM,0
2/19/2026 12:34:54 PM,0
2/19/2026 12:34:55 PM,0
2/19/2026 12:34:56 PM,0
2/19/2026 12:34:57 PM,0
2/19/2026 12:34:58 PM,0
2/19/2026 12:34:59 PM,0
2/19/2026 12:35:00 PM,0
2/19/2026 12:35:01 PM,0
2/19/2026 12:35:02 PM,
2/19/2026 12:35:03 PM,
2/19/2026 12:35:04 PM,
2/19/2026 12:35:05 PM,0
2/19/2026 12:35:06 PM,0
2/19/2026 12:35:07 PM,0
2/19/2026 12:35:08 PM,0
2/19/2026 12:35:09 PM,0
2/19/2026 12:35:10 PM,0
2/19/2026 12:35:11 PM,0
2/19/2026 12:35:12 PM,0
2/19/2026 12:35:13 PM,
2/19/2026 12:35:14 PM,0
2/19/2026 12:35:15 PM,0
2/19/2026 12:35:16 PM,0
2/19/2026 12:35:17 PM,0
2/19/2026 12:35:18 PM,0
2/19/2026 12:35:19 PM,0
2/19/2026 12:35:20 PM,0
2/19/2026 12:35:21 PM,0
2/19/2026 12:35:22 PM,0
2/19/2026 12:35:23 PM,
2/19/2026 12:35:24 PM,
2/19/2026 12:35:25 PM,0
2/19/2026 12:35:26 PM,0
2/19/2026 12:35:27 PM,0
2/19/2026 12:35:28 PM,
2/19/2026 12:35:29 PM,0
2/19/2026 12:35:30 PM,0
2/19/2026 12:35:31 PM,0
2/19/2026 12:35:32 PM,0
2/19/2026 12:35:33 PM,
2/19/2026 12:35:34 PM,0
2/19/2026 12:35:35 PM,0
2/19/2026 12:35:36 PM,0.83174358587712
2/19/2026 12:35:37 PM,0.833026488544419
2/19/2026 12:35:38 PM,1.06558705447242
2/19/2026 12:35:39 PM,1.2151088914834
2/19/2026 12:35:40 PM,1.07826709281653
2/19/2026 12:35:41 PM,
2/19/2026 12:35:42 PM,
2/19/2026 12:35:43 PM,
2/19/2026 12:35:44 PM,
2/19/2026 12:35:45 PM,1.23471625847742
2/19/2026 12:35:46 PM,2.02967009972781
2/19/2026 12:35:47 PM,
2/19/2026 12:35:48 PM,
2/19/2026 12:35:49 PM,2.2281288402155
2/19/2026 12:35:50 PM,1.80289959535003
2/19/2026 12:35:51 PM,1.57472585560754
2/19/2026 12:35:52 PM,
2/19/2026 12:35:53 PM,1.48281105794013
2/19/2026 12:35:54 PM,1.48281105794013
2/19/2026 12:35:55 PM,1.4036909211427
2/19/2026 12:35:56 PM,
2/19/2026 12:35:57 PM,
2/19/2026 12:35:58 PM,
2/19/2026 12:35:59 PM,1.36410926934332
2/19/2026 12:36:00 PM,1.07507903594524
2/19/2026 12:36:01 PM,
2/19/2026 12:36:02 PM,0.893909647129476
2/19/2026 12:36:03 PM,0
2/19/2026 12:36:04 PM,0
2/19/2026 12:36:05 PM,0
2/19/2026 12:36:06 PM,
2/19/2026 12:36:07 PM,0
2/19/2026 12:36:08 PM,0
2/19/2026 12:36:09 PM,0
2/19/2026 12:36:10 PM,0
2/19/2026 12:36:11 PM,0
2/19/2026 12:36:12 PM,0
2/19/2026 12:36:13 PM,
2/19/2026 12:36:14 PM,
2/19/2026 12:36:15 PM,0
2/19/2026 12:36:16 PM,
2/19/2026 12:36:17 PM,0
2/19/2026 12:36:18 PM,0
2/19/2026 12:36:19 PM,0
2/19/2026 12:36:20 PM,
2/19/2026 12:36:21 PM,0
2/19/2026 12:36:22 PM,0
2/19/2026 12:36:23 PM,0
2/19/2026 12:36:24 PM,0
2/19/2026 12:36:25 PM,0
2/19/2026 12:36:26 PM,0
2/19/2026 12:36:27 PM,0
2/19/2026 12:36:28 PM,0
2/19/2026 12:36:29 PM,0
2/19/2026 12:36:30 PM,0
2/19/2026 12:36:31 PM,0
2/19/2026 12:36:32 PM,0
2/19/2026 12:36:33 PM,0
2/19/2026 12:36:34 PM,0
2/19/2026 12:36:35 PM,
2/19/2026 12:36:36 PM,
2/19/2026 12:36:37 PM,0.87008272530511
2/19/2026 12:36:38 PM,0
2/19/2026 12:36:39 PM,0
2/19/2026 12:36:40 PM,0
2/19/2026 12:36:41 PM,0
2/19/2026 12:36:42 PM,
2/19/2026 12:36:43 PM,0
2/19/2026 12:36:44 PM,0
2/19/2026 12:36:45 PM,0
2/19/2026 12:36:46 PM,0
2/19/2026 12:36:47 PM,0
2/19/2026 12:36:48 PM,0
2/19/2026 12:36:49 PM,0
2/19/2026 12:36:50 PM,
2/19/2026 12:36:51 PM,
2/19/2026 12:36:52 PM,
2/19/2026 12:36:53 PM,
2/19/2026 12:36:54 PM,0
2/19/2026 12:36:55 PM,0
2/19/2026 12:36:56 PM,0
2/19/2026 12:36:57 PM,0
2/19/2026 12:36:58 PM,0
2/19/2026 12:36:59 PM,0
2/19/2026 12:37:00 PM,0
2/19/2026 12:37:01 PM,
2/19/2026 12:37:02 PM,
2/19/2026 12:37:03 PM,0
2/19/2026 12:37:04 PM,0
2/19/2026 12:37:05 PM,0
2/19/2026 12:37:06 PM,0
2/19/2026 12:37:07 PM,0
2/19/2026 12:37:08 PM,0
2/19/2026 12:37:09 PM,0
2/19/2026 12:37:10 PM,0
2/19/2026 12:37:11 PM,
2/19/2026 12:37:12 PM,
2/19/2026 12:37:13 PM,0.815448589855805
2/19/2026 12:37:14 PM,0
2/19/2026 12:37:15 PM,0
2/19/2026 12:37:16 PM,0
2/19/2026 12:37:17 PM,0
2/19/2026 12:37:18 PM,0
2/19/2026 12:37:19 PM,0
2/19/2026 12:37:20 PM,0
2/19/2026 12:37:21 PM,0
2/19/2026 12:37:22 PM,0
2/19/2026 12:37:23 PM,0
2/19/2026 12:37:24 PM,0
2/19/2026 12:37:25 PM,0
2/19/2026 12:37:26 PM,0
2/19/2026 12:37:27 PM,
2/19/2026 12:37:28 PM,0
2/19/2026 12:37:29 PM,
2/19/2026 12:37:30 PM,0
2/19/2026 12:37:31 PM,0
2/19/2026 12:37:32 PM,0
2/19/2026 12:37:33 PM,
2/19/2026 12:37:34 PM,0
2/19/2026 12:37:35 PM,0
2/19/2026 12:37:36 PM,0
2/19/2026 12:37:37 PM,0
2/19/2026 12:37:38 PM,0
2/19/2026 12:37:39 PM,0.824641861254349
2/19/2026 12:37:40 PM,0
2/19/2026 12:37:41 PM,0
2/19/2026 12:37:42 PM,0
2/19/2026 12:37:43 PM,0
2/19/2026 12:37:44 PM,0
2/19/2026 12:37:45 PM,0
2/19/2026 12:37:46 PM,0
2/19/2026 12:37:47 PM,0
2/19/2026 12:37:48 PM,
2/19/2026 12:37:49 PM,0
2/19/2026 12:37:50 PM,0
2/19/2026 12:37:51 PM,0
2/19/2026 12:37:52 PM,0
2/19/2026 12:37:53 PM,0
2/19/2026 12:37:54 PM,0
2/19/2026 12:37:55 PM,0
2/19/2026 12:37:56 PM,0
2/19/2026 12:37:57 PM,0
2/19/2026 12:37:58 PM,0
2/19/2026 12:37:59 PM,0
2/19/2026 12:38:00 PM,0
2/19/2026 12:38:01 PM,0
2/19/2026 12:38:02 PM,0
2/19/2026 12:38:03 PM,0
2/19/2026 12:38:04 PM,0
2/19/2026 12:38:05 PM,0
2/19/2026 12:38:06 PM,0
2/19/2026 12:38:07 PM,0
2/19/2026 12:38:08 PM,0
2/19/2026 12:38:09 PM,0
2/19/2026 12:38:10 PM,0
2/19/2026 12:38:11 PM,0
2/19/2026 12:38:12 PM,0
2/19/2026 12:38:13 PM,0
2/19/2026 12:38:14 PM,0
2/19/2026 12:38:15 PM,0
2/19/2026 12:38:16 PM,0
2/19/2026 12:38:17 PM,0
2/19/2026 12:38:18 PM,0
2/19/2026 12:38:19 PM,0
2/19/2026 12:38:20 PM,
2/19/2026 12:38:21 PM,0
2/19/2026 12:38:22 PM,0
2/19/2026 12:38:23 PM,0
2/19/2026 12:38:24 PM,0
2/19/2026 12:38:25 PM,
2/19/2026 12:38:26 PM,0
2/19/2026 12:38:27 PM,0
2/19/2026 12:38:28 PM,0
2/19/2026 12:38:29 PM,0
2/19/2026 12:38:30 PM,4.87777395173907
2/19/2026 12:38:31 PM,
2/19/2026 12:38:32 PM,
2/19/2026 12:38:33 PM,
2/19/2026 12:38:34 PM,8.44292342662811
2/19/2026 12:38:35 PM,8.50829305127263
2/19/2026 12:38:36 PM,8.34766393527389
2/19/2026 12:38:37 PM,8.20864839479327
2/19/2026 12:38:38 PM,
2/19/2026 12:38:39 PM,
2/19/2026 12:38:40 PM,8.20371313020587
2/19/2026 12:38:41 PM,
2/19/2026 12:38:42 PM,8.18707756698132
2/19/2026 12:38:43 PM,
2/19/2026 12:38:44 PM,7.98899559304118
2/19/2026 12:38:45 PM,8.02551470696926
2/19/2026 12:38:46 PM,
2/19/2026 12:38:47 PM,
2/19/2026 12:38:48 PM,7.31813153252006
2/19/2026 12:38:49 PM,6.99627986177802
2/19/2026 12:38:50 PM,6.263174302876
2/19/2026 12:38:51 PM,
2/19/2026 12:38:52 PM,5.16207595355809
2/19/2026 12:38:53 PM,4.38328483141959
2/19/2026 12:38:54 PM,2.32182510662824
2/19/2026 12:38:55 PM,
2/19/2026 12:38:56 PM,1.59109445521608
2/19/2026 12:38:57 PM,1.59109445521608
2/19/2026 12:38:58 PM,1.18776984745637
2/19/2026 12:38:59 PM,1.08722294680774
2/19/2026 12:39:00 PM,
2/19/2026 12:39:01 PM,
2/19/2026 12:39:02 PM,0
2/19/2026 12:39:03 PM,
2/19/2026 12:39:04 PM,0
2/19/2026 12:39:05 PM,0
2/19/2026 12:39:06 PM,0
2/19/2026 12:39:07 PM,0
2/19/2026 12:39:08 PM,0
2/19/2026 12:39:09 PM,0
2/19/2026 12:39:10 PM,0
2/19/2026 12:39:11 PM,0
2/19/2026 12:39:12 PM,
2/19/2026 12:39:13 PM,0
2/19/2026 12:39:14 PM,
2/19/2026 12:39:15 PM,0
2/19/2026 12:39:16 PM,0
2/19/2026 12:39:17 PM,0.911059544887394
2/19/2026 12:39:18 PM,0
2/19/2026 12:39:19 PM,0
2/19/2026 12:39:20 PM,0
2/19/2026 12:39:21 PM,0
2/19/2026 12:39:22 PM,0
2/19/2026 12:39:23 PM,0
2/19/2026 12:39:24 PM,0
2/19/2026 12:39:25 PM,0
2/19/2026 12:39:26 PM,0
2/19/2026 12:39:27 PM,0
2/19/2026 12:39:28 PM,0
2/19/2026 12:39:29 PM,
2/19/2026 12:39:30 PM,
2/19/2026 12:39:31 PM,0
2/19/2026 12:39:32 PM,0
2/19/2026 12:39:33 PM,0
2/19/2026 12:39:34 PM,0
2/19/2026 12:39:35 PM,0
2/19/2026 12:39:36 PM,0
2/19/2026 12:39:37 PM,0
2/19/2026 12:39:38 PM,0.977105170022696
2/19/2026 12:39:39 PM,0.919196172617376
2/19/2026 12:39:40 PM,0.919196172617376
2/19/2026 12:39:41 PM,1.01522805634886
2/19/2026 12:39:42 PM,0.888910994399339
2/19/2026 12:39:43 PM,0.814569904468954
2/19/2026 12:39:44 PM,0
2/19/2026 12:39:45 PM,0.844357354799286
2/19/2026 12:39:46 PM,0.902516290079802
2/19/2026 12:39:47 PM,0.914343784097582
2/19/2026 12:39:48 PM,0.858245225390419
2/19/2026 12:39:49 PM,0
2/19/2026 12:39:50 PM,0
2/19/2026 12:39:51 PM,0
2/19/2026 12:39:52 PM,0
2/19/2026 12:39:53 PM,0
2/19/2026 12:39:54 PM,0
2/19/2026 12:39:55 PM,0
2/19/2026 12:39:56 PM,
2/19/2026 12:39:57 PM,
2/19/2026 12:39:58 PM,0
2/19/2026 12:39:59 PM,0
2/19/2026 12:40:00 PM,
2/19/2026 12:40:01 PM,
2/19/2026 12:40:02 PM,
2/19/2026 12:40:03 PM,0
2/19/2026 12:40:04 PM,0
2/19/2026 12:40:05 PM,0
2/19/2026 12:40:06 PM,0
2/19/2026 12:40:07 PM,0
2/19/2026 12:40:08 PM,0
2/19/2026 12:40:09 PM,0
2/19/2026 12:40:10 PM,0
2/19/2026 12:40:11 PM,0
2/19/2026 12:40:12 PM,
2/19/2026 12:40:13 PM,0
2/19/2026 12:40:14 PM,0
2/19/2026 12:40:15 PM,0
2/19/2026 12:40:16 PM,0
2/19/2026 12:40:17 PM,0
2/19/2026 12:40:18 PM,0
2/19/2026 12:40:19 PM,0
2/19/2026 12:40:20 PM,0
2/19/2026 12:40:21 PM,0
2/19/2026 12:40:22 PM,0
2/19/2026 12:40:23 PM,0
2/19/2026 12:40:24 PM,0
2/19/2026 12:40:25 PM,
2/19/2026 12:40:26 PM,0
2/19/2026 12:40:27 PM,
2/19/2026 12:40:28 PM,
2/19/2026 12:40:29 PM,
2/19/2026 12:40:30 PM,0
2/19/2026 12:40:31 PM,0
2/19/2026 12:40:32 PM,
2/19/2026 12:40:33 PM,
2/19/2026 12:40:34 PM,
2/19/2026 12:40:35 PM,0
2/19/2026 12:40:36 PM,0
2/19/2026 12:40:37 PM,0
2/19/2026 12:40:38 PM,0
2/19/2026 12:40:39 PM,0
2/19/2026 12:40:40 PM,0
2/19/2026 12:40:41 PM,0
2/19/2026 12:40:42 PM,0
2/19/2026 12:40:43 PM,0.81100455718115
2/19/2026 12:40:44 PM,0.9515818557702
2/19/2026 12:40:45 PM,0.827697693603113
2/19/2026 12:40:46 PM,0.880133989267051
2/19/2026 12:40:47 PM,1.01963463239372
2/19/2026 12:40:48 PM,
2/19/2026 12:40:49 PM,0.968332879710943
2/19/2026 12:40:50 PM,
2/19/2026 12:40:51 PM,0.911786674987525
2/19/2026 12:40:52 PM,
2/19/2026 12:40:53 PM,
2/19/2026 12:40:54 PM,0
2/19/2026 12:40:55 PM,0
2/19/2026 12:40:56 PM,
2/19/2026 12:40:57 PM,
2/19/2026 12:40:58 PM,0
2/19/2026 12:40:59 PM,
2/19/2026 12:41:00 PM,0
2/19/2026 12:41:01 PM,0
2/19/2026 12:41:02 PM,0
2/19/2026 12:41:03 PM,0
2/19/2026 12:41:04 PM,0
2/19/2026 12:41:05 PM,0
2/19/2026 12:41:06 PM,0
2/19/2026 12:41:07 PM,
2/19/2026 12:41:08 PM,
2/19/2026 12:41:09 PM,0
2/19/2026 12:41:10 PM,
2/19/2026 12:41:11 PM,
2/19/2026 12:41:12 PM,0
2/19/2026 12:41:13 PM,0
2/19/2026 12:41:14 PM,
2/19/2026 12:41:15 PM,0
2/19/2026 12:41:16 PM,0
2/19/2026 12:41:17 PM,
2/19/2026 12:41:18 PM,
2/19/2026 12:41:19 PM,
2/19/2026 12:41:20 PM,0
2/19/2026 12:41:21 PM,
2/19/2026 12:41:22 PM,
2/19/2026 12:41:23 PM,
2/19/2026 12:41:24 PM,
2/19/2026 12:41:25 PM,0
2/19/2026 12:41:26 PM,
2/19/2026 12:41:27 PM,
2/19/2026 12:41:28 PM,0
2/19/2026 12:41:29 PM,
2/19/2026 12:41:30 PM,
2/19/2026 12:41:31 PM,
2/19/2026 12:41:32 PM,0
2/19/2026 12:41:33 PM,0
2/19/2026 12:41:34 PM,0
2/19/2026 12:41:35 PM,
2/19/2026 12:41:36 PM,
2/19/2026 12:41:37 PM,0
2/19/2026 12:41:38 PM,
2/19/2026 12:41:39 PM,
2/19/2026 12:41:40 PM,
2/19/2026 12:41:41 PM,0
2/19/2026 12:41:42 PM,
2/19/2026 12:41:43 PM,
2/19/2026 12:41:44 PM,
2/19/2026 12:41:45 PM,
2/19/2026 12:41:46 PM,
2/19/2026 12:41:47 PM,0
2/19/2026 12:41:48 PM,0
2/19/2026 12:41:49 PM,0
2/19/2026 12:41:50 PM,
2/19/2026 12:41:51 PM,0
2/19/2026 12:41:52 PM,0
2/19/2026 12:41:53 PM,0
2/19/2026 12:41:54 PM,0
2/19/2026 12:41:55 PM,0
2/19/2026 12:41:56 PM,0
2/19/2026 12:41:57 PM,0
2/19/2026 12:41:58 PM,0
2/19/2026 12:41:59 PM,0
2/19/2026 12:42:00 PM,0
2/19/2026 12:42:01 PM,0
2/19/2026 12:42:02 PM,0
2/19/2026 12:42:03 PM,0
2/19/2026 12:42:04 PM,0
2/19/2026 12:42:05 PM,
2/19/2026 12:42:06 PM,
2/19/2026 12:42:07 PM,0
2/19/2026 12:42:08 PM,
2/19/2026 12:42:09 PM,0
2/19/2026 12:42:10 PM,
2/19/2026 12:42:11 PM,
2/19/2026 12:42:12 PM,0.860017107333988
2/19/2026 12:42:13 PM,0.912436691578478
2/19/2026 12:42:14 PM,1.10458448762074
2/19/2026 12:42:15 PM,1.23494686558843
2/19/2026 12:42:16 PM,0.908997911028564
2/19/2026 12:42:17 PM,0
2/19/2026 12:42:18 PM,0
2/19/2026 12:42:19 PM,0
2/19/2026 12:42:20 PM,0
2/19/2026 12:42:21 PM,0
2/19/2026 12:42:22 PM,0
2/19/2026 12:42:23 PM,0
2/19/2026 12:42:24 PM,0
2/19/2026 12:42:25 PM,0
2/19/2026 12:42:26 PM,0
2/19/2026 12:42:27 PM,0
2/19/2026 12:42:28 PM,0
2/19/2026 12:42:29 PM,1.16721543017775
2/19/2026 12:42:30 PM,1.21566890738904
2/19/2026 12:42:31 PM,1.27784806536511
2/19/2026 12:42:32 PM,1.38642084784806
2/19/2026 12:42:33 PM,
2/19/2026 12:42:34 PM,1.20782617013901
2/19/2026 12:42:35 PM,1.32411753293127
2/19/2026 12:42:36 PM,1.09650684753433
2/19/2026 12:42:37 PM,1.03062718408182
2/19/2026 12:42:38 PM,1.01681286469102
2/19/2026 12:42:39 PM,0.982850336004049
2/19/2026 12:42:40 PM,0.959430146031082
2/19/2026 12:42:41 PM,0.955655984580517
2/19/2026 12:42:42 PM,
2/19/2026 12:42:43 PM,0
2/19/2026 12:42:44 PM,0
2/19/2026 12:42:45 PM,
2/19/2026 12:42:46 PM,0.923359463922679
2/19/2026 12:42:47 PM,0.915570789948106
2/19/2026 12:42:48 PM,
2/19/2026 12:42:49 PM,0
2/19/2026 12:42:50 PM,
2/19/2026 12:42:51 PM,
2/19/2026 12:42:52 PM,0
2/19/2026 12:42:53 PM,0
2/19/2026 12:42:54 PM,0
2/19/2026 12:42:55 PM,0.83030792302452
2/19/2026 12:42:56 PM,0
2/19/2026 12:42:57 PM,0
2/19/2026 12:42:58 PM,0
2/19/2026 12:42:59 PM,0
2/19/2026 12:43:00 PM,0
2/19/2026 12:43:01 PM,0
2/19/2026 12:43:02 PM,0
2/19/2026 12:43:03 PM,0
2/19/2026 12:43:04 PM,
2/19/2026 12:43:05 PM,0
2/19/2026 12:43:06 PM,0
2/19/2026 12:43:07 PM,
2/19/2026 12:43:08 PM,0
2/19/2026 12:43:09 PM,0
2/19/2026 12:43:10 PM,0
2/19/2026 12:43:11 PM,0
2/19/2026 12:43:12 PM,0
2/19/2026 12:43:13 PM,0
2/19/2026 12:43:14 PM,0
2/19/2026 12:43:15 PM,
2/19/2026 12:43:16 PM,
2/19/2026 12:43:17 PM,0
2/19/2026 12:43:18 PM,0
2/19/2026 12:43:19 PM,0
2/19/2026 12:43:20 PM,0
2/19/2026 12:43:21 PM,0
2/19/2026 12:43:22 PM,0
2/19/2026 12:43:23 PM,0
2/19/2026 12:43:24 PM,0
2/19/2026 12:43:25 PM,0
2/19/2026 12:43:26 PM,0.871018302859738
2/19/2026 12:43:27 PM,0.815811788197607
2/19/2026 12:43:28 PM,0
2/19/2026 12:43:29 PM,0.913488725200295
2/19/2026 12:43:30 PM,0.825698085827753
2/19/2026 12:43:31 PM,0.939643091987818
2/19/2026 12:43:32 PM,0.947178842034191
2/19/2026 12:43:33 PM,0.947178842034191
2/19/2026 12:43:34 PM,0.909076805692166
2/19/2026 12:43:35 PM,0.882168486714363
2/19/2026 12:43:36 PM,0.882168486714363
2/19/2026 12:43:37 PM,0.916289538145065
2/19/2026 12:43:38 PM,0.937290606088936
2/19/2026 12:43:39 PM,0.941254931967705
2/19/2026 12:43:40 PM,0
2/19/2026 12:43:41 PM,0
2/19/2026 12:43:42 PM,0
2/19/2026 12:43:43 PM,0
2/19/2026 12:43:44 PM,0
2/19/2026 12:43:45 PM,0
2/19/2026 12:43:46 PM,0
2/19/2026 12:43:47 PM,0
2/19/2026 12:43:48 PM,0
2/19/2026 12:43:49 PM,
2/19/2026 12:43:50 PM,0
2/19/2026 12:43:51 PM,
2/19/2026 12:43:52 PM,0
2/19/2026 12:43:53 PM,0
2/19/2026 12:43:54 PM,0
2/19/2026 12:43:55 PM,
2/19/2026 12:43:56 PM,0
2/19/2026 12:43:57 PM,0
2/19/2026 12:43:58 PM,0
2/19/2026 12:43:59 PM,0
2/19/2026 12:44:00 PM,0
2/19/2026 12:44:01 PM,0
2/19/2026 12:44:02 PM,0
2/19/2026 12:44:03 PM,0
2/19/2026 12:44:04 PM,0
2/19/2026 12:44:05 PM,0
2/19/2026 12:44:06 PM,0
2/19/2026 12:44:07 PM,
2/19/2026 12:44:08 PM,0
2/19/2026 12:44:09 PM,0
2/19/2026 12:44:10 PM,0
2/19/2026 12:44:11 PM,0
2/19/2026 12:44:12 PM,
2/19/2026 12:44:13 PM,0
2/19/2026 12:44:14 PM,0
2/19/2026 12:44:15 PM,0
2/19/2026 12:44:16 PM,0
2/19/2026 12:44:17 PM,0
2/19/2026 12:44:18 PM,0
2/19/2026 12:44:19 PM,0
2/19/2026 12:44:20 PM,
2/19/2026 12:44:21 PM,
2/19/2026 12:44:22 PM,
2/19/2026 12:44:23 PM,0
2/19/2026 12:44:24 PM,0
2/19/2026 12:44:25 PM,
2/19/2026 12:44:26 PM,0
2/19/2026 12:44:27 PM,0
2/19/2026 12:44:28 PM,0
2/19/2026 12:44:29 PM,0
2/19/2026 12:44:30 PM,0
2/19/2026 12:44:31 PM,
2/19/2026 12:44:32 PM,0
2/19/2026 12:44:33 PM,0.861507828813046
2/19/2026 12:44:34 PM,0.815330614568666
2/19/2026 12:44:35 PM,0
2/19/2026 12:44:36 PM,0
2/19/2026 12:44:37 PM,0
2/19/2026 12:44:38 PM,0
2/19/2026 12:44:39 PM,
2/19/2026 12:44:40 PM,1.02925412356853
2/19/2026 12:44:41 PM,
2/19/2026 12:44:42 PM,1.12903628032655
2/19/2026 12:44:43 PM,1.24940732493997
2/19/2026 12:44:44 PM,1.13700872752815
2/19/2026 12:44:45 PM,1.20443789055571
2/19/2026 12:44:46 PM,1.29351227078587
2/19/2026 12:44:47 PM,
2/19/2026 12:44:48 PM,
2/19/2026 12:44:49 PM,1.21664319885895
2/19/2026 12:44:50 PM,
2/19/2026 12:44:51 PM,0.974107487127185
2/19/2026 12:44:52 PM,
2/19/2026 12:44:53 PM,0
2/19/2026 12:44:54 PM,
2/19/2026 12:44:55 PM,
2/19/2026 12:44:56 PM,0
2/19/2026 12:44:57 PM,0
2/19/2026 12:44:58 PM,0
2/19/2026 12:44:59 PM,0
2/19/2026 12:45:00 PM,0
2/19/2026 12:45:01 PM,0
2/19/2026 12:45:02 PM,0
2/19/2026 12:45:03 PM,0
2/19/2026 12:45:04 PM,0
2/19/2026 12:45:05 PM,0
2/19/2026 12:45:06 PM,0
2/19/2026 12:45:07 PM,0
2/19/2026 12:45:08 PM,0
2/19/2026 12:45:09 PM,0
2/19/2026 12:45:10 PM,0
2/19/2026 12:45:11 PM,0
2/19/2026 12:45:12 PM,0
2/19/2026 12:45:13 PM,0
2/19/2026 12:45:14 PM,
2/19/2026 12:45:15 PM,0
2/19/2026 12:45:16 PM,0
2/19/2026 12:45:17 PM,0
2/19/2026 12:45:18 PM,
2/19/2026 12:45:19 PM,
2/19/2026 12:45:20 PM,0
2/19/2026 12:45:21 PM,0
2/19/2026 12:45:22 PM,0
2/19/2026 12:45:23 PM,0
2/19/2026 12:45:24 PM,0
2/19/2026 12:45:25 PM,0
2/19/2026 12:45:26 PM,0
2/19/2026 12:45:27 PM,0
2/19/2026 12:45:28 PM,0
2/19/2026 12:45:29 PM,0
2/19/2026 12:45:30 PM,0
2/19/2026 12:45:31 PM,0
2/19/2026 12:45:32 PM,0
2/19/2026 12:45:33 PM,0
2/19/2026 12:45:34 PM,0
2/19/2026 12:45:35 PM,0
2/19/2026 12:45:36 PM,0
2/19/2026 12:45:37 PM,0
2/19/2026 12:45:38 PM,0
2/19/2026 12:45:39 PM,0
2/19/2026 12:45:40 PM,0
2/19/2026 12:45:41 PM,0
2/19/2026 12:45:42 PM,0
2/19/2026 12:45:43 PM,0
2/19/2026 12:45:44 PM,
2/19/2026 12:45:45 PM,0
2/19/2026 12:45:46 PM,0
2/19/2026 12:45:47 PM,0
2/19/2026 12:45:48 PM,0
2/19/2026 12:45:49 PM,0
2/19/2026 12:45:50 PM,0
2/19/2026 12:45:51 PM,
2/19/2026 12:45:52 PM,-0.975007598754019
2/19/2026 12:45:53 PM,-0.975007598754019
2/19/2026 12:45:54 PM,0
2/19/2026 12:45:55 PM,0
2/19/2026 12:45:56 PM,0
2/19/2026 12:45:57 PM,0
2/19/2026 12:45:58 PM,0
2/19/2026 12:45:59 PM,0
2/19/2026 12:46:00 PM,0
2/19/2026 12:46:01 PM,
2/19/2026 12:46:02 PM,
2/19/2026 12:46:03 PM,0
2/19/2026 12:46:04 PM,0
2/19/2026 12:46:05 PM,0
2/19/2026 12:46:06 PM,0
2/19/2026 12:46:07 PM,0
2/19/2026 12:46:08 PM,0
2/19/2026 12:46:09 PM,
2/19/2026 12:46:10 PM,-1.00894058123231
2/19/2026 12:46:11 PM,-0.818189943674952
2/19/2026 12:46:12 PM,-0.818189943674952
2/19/2026 12:46:13 PM,0
2/19/2026 12:46:14 PM,0
2/19/2026 12:46:15 PM,0
2/19/2026 12:46:16 PM,0
2/19/2026 12:46:17 PM,0
2/19/2026 12:46:18 PM,0
2/19/2026 12:46:19 PM,0
2/19/2026 12:46:20 PM,0
2/19/2026 12:46:21 PM,
2/19/2026 12:46:22 PM,
2/19/2026 12:46:23 PM,
2/19/2026 12:46:24 PM,
2/19/2026 12:46:25 PM,0
2/19/2026 12:46:26 PM,0
2/19/2026 12:46:27 PM,0
2/19/2026 12:46:28 PM,
2/19/2026 12:46:29 PM,
2/19/2026 12:46:30 PM,
2/19/2026 12:46:31 PM,0
2/19/2026 12:46:32 PM,0
2/19/2026 12:46:33 PM,
2/19/2026 12:46:34 PM,0
2/19/2026 12:46:35 PM,0
2/19/2026 12:46:36 PM,0
2/19/2026 12:46:37 PM,0
2/19/2026 12:46:38 PM,0
2/19/2026 12:46:39 PM,0
2/19/2026 12:46:40 PM,
2/19/2026 12:46:41 PM,
2/19/2026 12:46:42 PM,0
2/19/2026 12:46:43 PM,0
2/19/2026 12:46:44 PM,0
2/19/2026 12:46:45 PM,0
2/19/2026 12:46:46 PM,0
2/19/2026 12:46:47 PM,0
2/19/2026 12:46:48 PM,0
2/19/2026 12:46:49 PM,0
2/19/2026 12:46:50 PM,0
2/19/2026 12:46:51 PM,0
2/19/2026 12:46:52 PM,0
2/19/2026 12:46:53 PM,
2/19/2026 12:46:54 PM,
2/19/2026 12:46:55 PM,
2/19/2026 12:46:56 PM,
2/19/2026 12:46:57 PM,0
2/19/2026 12:46:58 PM,0
2/19/2026 12:46:59 PM,
2/19/2026 12:47:00 PM,0
2/19/2026 12:47:01 PM,
2/19/2026 12:47:02 PM,0
2/19/2026 12:47:03 PM,0
2/19/2026 12:47:04 PM,0
2/19/2026 12:47:05 PM,
2/19/2026 12:47:06 PM,
2/19/2026 12:47:07 PM,
2/19/2026 12:47:08 PM,
2/19/2026 12:47:09 PM,
2/19/2026 12:47:10 PM,-0.898893107660115
2/19/2026 12:47:11 PM,-0.914015842135996
2/19/2026 12:47:12 PM,-0.90417496394366
2/19/2026 12:47:13 PM,
2/19/2026 12:47:14 PM,
2/19/2026 12:47:15 PM,
2/19/2026 12:47:16 PM,
2/19/2026 12:47:17 PM,0
2/19/2026 12:47:18 PM,0
2/19/2026 12:47:19 PM,0
2/19/2026 12:47:20 PM,0
2/19/2026 12:47:21 PM,
2/19/2026 12:47:22 PM,0
2/19/2026 12:47:23 PM,0
2/19/2026 12:47:24 PM,0
2/19/2026 12:47:25 PM,0
2/19/2026 12:47:26 PM,0
2/19/2026 12:47:27 PM,0
2/19/2026 12:47:28 PM,0
2/19/2026 12:47:29 PM,0
2/19/2026 12:47:30 PM,0
2/19/2026 12:47:31 PM,0
2/19/2026 12:47:32 PM,
2/19/2026 12:47:33 PM,0
2/19/2026 12:47:34 PM,
2/19/2026 12:47:35 PM,
2/19/2026 12:47:36 PM,0
2/19/2026 12:47:37 PM,0
2/19/2026 12:47:38 PM,
2/19/2026 12:47:39 PM,0
2/19/2026 12:47:40 PM,
2/19/2026 12:47:41 PM,0
2/19/2026 12:47:42 PM,0
2/19/2026 12:47:43 PM,0
2/19/2026 12:47:44 PM,0
2/19/2026 12:47:45 PM,
2/19/2026 12:47:46 PM,
2/19/2026 12:47:47 PM,0
2/19/2026 12:47:48 PM,0
2/19/2026 12:47:49 PM,0
2/19/2026 12:47:50 PM,
2/19/2026 12:47:51 PM,
2/19/2026 12:47:52 PM,0
2/19/2026 12:47:53 PM,0
2/19/2026 12:47:54 PM,0
2/19/2026 12:47:55 PM,0
2/19/2026 12:47:56 PM,
2/19/2026 12:47:57 PM,0
2/19/2026 12:47:58 PM,0
2/19/2026 12:47:59 PM,0
2/19/2026 12:48:00 PM,
2/19/2026 12:48:01 PM,
2/19/2026 12:48:02 PM,0
2/19/2026 12:48:03 PM,0
2/19/2026 12:48:04 PM,0.816896616015583
2/19/2026 12:48:05 PM,0
2/19/2026 12:48:06 PM,
2/19/2026 12:48:07 PM,0
2/19/2026 12:48:08 PM,0
2/19/2026 12:48:09 PM,0
2/19/2026 12:48:10 PM,0
2/19/2026 12:48:11 PM,0
2/19/2026 12:48:12 PM,0
2/19/2026 12:48:13 PM,0
2/19/2026 12:48:14 PM,0
2/19/2026 12:48:15 PM,
2/19/2026 12:48:16 PM,0
2/19/2026 12:48:17 PM,
2/19/2026 12:48:18 PM,
2/19/2026 12:48:19 PM,0
2/19/2026 12:48:20 PM,
2/19/2026 12:48:21 PM,
2/19/2026 12:48:22 PM,
2/19/2026 12:48:23 PM,
2/19/2026 12:48:24 PM,
2/19/2026 12:48:25 PM,
2/19/2026 12:48:26 PM,0
2/19/2026 12:48:27 PM,0
2/19/2026 12:48:28 PM,0
2/19/2026 12:48:29 PM,0
2/19/2026 12:48:30 PM,0
2/19/2026 12:48:31 PM,
2/19/2026 12:48:32 PM,
2/19/2026 12:48:33 PM,
2/19/2026 12:48:34 PM,
2/19/2026 12:48:35 PM,
2/19/2026 12:48:36 PM,0
2/19/2026 12:48:37 PM,0
2/19/2026 12:48:38 PM,0
2/19/2026 12:48:39 PM,0
2/19/2026 12:48:40 PM,
2/19/2026 12:48:41 PM,
2/19/2026 12:48:42 PM,0
2/19/2026 12:48:43 PM,0
2/19/2026 12:48:44 PM,0
2/19/2026 12:48:45 PM,0
2/19/2026 12:48:46 PM,0
2/19/2026 12:48:47 PM,0
2/19/2026 12:48:48 PM,
2/19/2026 12:48:49 PM,
2/19/2026 12:48:50 PM,0
2/19/2026 12:48:51 PM,0
2/19/2026 12:48:52 PM,0
2/19/2026 12:48:53 PM,
2/19/2026 12:48:54 PM,
2/19/2026 12:48:55 PM,0
2/19/2026 12:48:56 PM,0
2/19/2026 12:48:57 PM,0
2/19/2026 12:48:58 PM,0
2/19/2026 12:48:59 PM,
2/19/2026 12:49:00 PM,0
2/19/2026 12:49:01 PM,0
2/19/2026 12:49:02 PM,0
2/19/2026 12:49:03 PM,
2/19/2026 12:49:04 PM,
2/19/2026 12:49:05 PM,0
2/19/2026 12:49:06 PM,0
2/19/2026 12:49:07 PM,0
2/19/2026 12:49:08 PM,
2/19/2026 12:49:09 PM,
2/19/2026 12:49:10 PM,0
2/19/2026 12:49:11 PM,0
2/19/2026 12:49:12 PM,0
2/19/2026 12:49:13 PM,0
2/19/2026 12:49:14 PM,
2/19/2026 12:49:15 PM,
2/19/2026 12:49:16 PM,
2/19/2026 12:49:17 PM,0
2/19/2026 12:49:18 PM,0
2/19/2026 12:49:19 PM,
2/19/2026 12:49:20 PM,0
2/19/2026 12:49:21 PM,
2/19/2026 12:49:22 PM,
2/19/2026 12:49:23 PM,0
2/19/2026 12:49:24 PM,0
2/19/2026 12:49:25 PM,0
2/19/2026 12:49:26 PM,0
2/19/2026 12:49:27 PM,0
2/19/2026 12:49:28 PM,0
2/19/2026 12:49:29 PM,0
2/19/2026 12:49:30 PM,0
2/19/2026 12:49:31 PM,0
2/19/2026 12:49:32 PM,0
2/19/2026 12:49:33 PM,0
2/19/2026 12:49:34 PM,0
2/19/2026 12:49:35 PM,0
2/19/2026 12:49:36 PM,0
2/19/2026 12:49:37 PM,0
2/19/2026 12:49:38 PM,0
2/19/2026 12:49:39 PM,0
2/19/2026 12:49:40 PM,0
2/19/2026 12:49:41 PM,0
2/19/2026 12:49:42 PM,0
2/19/2026 12:49:43 PM,0
2/19/2026 12:49:44 PM,0
2/19/2026 12:49:45 PM,0
2/19/2026 12:49:46 PM,0
2/19/2026 12:49:47 PM,0
2/19/2026 12:49:48 PM,0
2/19/2026 12:49:49 PM,0
2/19/2026 12:49:50 PM,0
2/19/2026 12:49:51 PM,
2/19/2026 12:49:52 PM,
2/19/2026 12:49:53 PM,
2/19/2026 12:49:54 PM,
2/19/2026 12:49:55 PM,0
2/19/2026 12:49:56 PM,0
2/19/2026 12:49:57 PM,0
2/19/2026 12:49:58 PM,0
2/19/2026 12:49:59 PM,0
2/19/2026 12:50:00 PM,
2/19/2026 12:50:01 PM,0
2/19/2026 12:50:02 PM,
2/19/2026 12:50:03 PM,0
2/19/2026 12:50:04 PM,0
2/19/2026 12:50:05 PM,0
2/19/2026 12:50:06 PM,0
2/19/2026 12:50:07 PM,0
2/19/2026 12:50:08 PM,0
2/19/2026 12:50:09 PM,0
2/19/2026 12:50:10 PM,0
2/19/2026 12:50:11 PM,
2/19/2026 12:50:12 PM,0
2/19/2026 12:50:13 PM,
2/19/2026 12:50:14 PM,0
2/19/2026 12:50:15 PM,0
2/19/2026 12:50:16 PM,
2/19/2026 12:50:17 PM,
2/19/2026 12:50:18 PM,0
2/19/2026 12:50:19 PM,0
2/19/2026 12:50:20 PM,0
2/19/2026 12:50:21 PM,0
2/19/2026 12:50:22 PM,
2/19/2026 12:50:23 PM,0
2/19/2026 12:50:24 PM,
2/19/2026 12:50:25 PM,
2/19/2026 12:50:26 PM,
2/19/2026 12:50:27 PM,
2/19/2026 12:50:28 PM,0
2/19/2026 12:50:29 PM,0
2/19/2026 12:50:30 PM,0
2/19/2026 12:50:31 PM,
2/19/2026 12:50:32 PM,0
2/19/2026 12:50:33 PM,
2/19/2026 12:50:34 PM,
2/19/2026 12:50:35 PM,
2/19/2026 12:50:36 PM,
2/19/2026 12:50:37 PM,0
2/19/2026 12:50:38 PM,
2/19/2026 12:50:39 PM,0
2/19/2026 12:50:40 PM,0
2/19/2026 12:50:41 PM,0
2/19/2026 12:50:42 PM,0
2/19/2026 12:50:43 PM,
2/19/2026 12:50:44 PM,0
2/19/2026 12:50:45 PM,0
2/19/2026 12:50:46 PM,
2/19/2026 12:50:47 PM,0
2/19/2026 12:50:48 PM,0
2/19/2026 12:50:49 PM,0
2/19/2026 12:50:50 PM,0
2/19/2026 12:50:51 PM,
2/19/2026 12:50:52 PM,0
2/19/2026 12:50:53 PM,
2/19/2026 12:50:54 PM,
2/19/2026 12:50:55 PM,
2/19/2026 12:50:56 PM,0
2/19/2026 12:50:57 PM,0
2/19/2026 12:50:58 PM,0
2/19/2026 12:50:59 PM,
2/19/2026 12:51:00 PM,0
2/19/2026 12:51:01 PM,
2/19/2026 12:51:02 PM,0
2/19/2026 12:51:03 PM,0
2/19/2026 12:51:04 PM,0
2/19/2026 12:51:05 PM,
2/19/2026 12:51:06 PM,0
2/19/2026 12:51:07 PM,0
2/19/2026 12:51:08 PM,
2/19/2026 12:51:09 PM,
2/19/2026 12:51:10 PM,0
2/19/2026 12:51:11 PM,0
2/19/2026 12:51:12 PM,
2/19/2026 12:51:13 PM,
2/19/2026 12:51:14 PM,
2/19/2026 12:51:15 PM,
2/19/2026 12:51:16 PM,
2/19/2026 12:51:17 PM,0
2/19/2026 12:51:18 PM,0
2/19/2026 12:51:19 PM,
2/19/2026 12:51:20 PM,
2/19/2026 12:51:21 PM,0
2/19/2026 12:51:22 PM,1.1222206405364
2/19/2026 12:51:23 PM,
2/19/2026 12:51:24 PM,1.16444426821545
2/19/2026 12:51:25 PM,1.20311627397314
2/19/2026 12:51:26 PM,
2/19/2026 12:51:27 PM,
2/19/2026 12:51:28 PM,1.01546400692314
2/19/2026 12:51:29 PM,1.01546400692314
2/19/2026 12:51:30 PM,0
2/19/2026 12:51:31 PM,
2/19/2026 12:51:32 PM,
2/19/2026 12:51:33 PM,0
2/19/2026 12:51:34 PM,0
2/19/2026 12:51:35 PM,0
2/19/2026 12:51:36 PM,0
2/19/2026 12:51:37 PM,
2/19/2026 12:51:38 PM,
2/19/2026 12:51:39 PM,0
2/19/2026 12:51:40 PM,0
2/19/2026 12:51:41 PM,0
2/19/2026 12:51:42 PM,0
2/19/2026 12:51:43 PM,
2/19/2026 12:51:44 PM,0
2/19/2026 12:51:45 PM,
2/19/2026 12:51:46 PM,0
2/19/2026 12:51:47 PM,
2/19/2026 12:51:48 PM,
2/19/2026 12:51:49 PM,
2/19/2026 12:51:50 PM,
2/19/2026 12:51:51 PM,0
2/19/2026 12:51:52 PM,0
2/19/2026 12:51:53 PM,
2/19/2026 12:51:54 PM,0
2/19/2026 12:51:55 PM,0
2/19/2026 12:51:56 PM,
2/19/2026 12:51:57 PM,0
2/19/2026 12:51:58 PM,0
2/19/2026 12:51:59 PM,
2/19/2026 12:52:00 PM,
2/19/2026 12:52:01 PM,
2/19/2026 12:52:02 PM,
2/19/2026 12:52:03 PM,
2/19/2026 12:52:04 PM,0
2/19/2026 12:52:05 PM,
2/19/2026 12:52:06 PM,
2/19/2026 12:52:07 PM,
2/19/2026 12:52:08 PM,
2/19/2026 12:52:09 PM,
2/19/2026 12:52:10 PM,
2/19/2026 12:52:11 PM,0.872776668984443
2/19/2026 12:52:12 PM,0.872776668984443
2/19/2026 12:52:13 PM,
2/19/2026 12:52:14 PM,
2/19/2026 12:52:15 PM,
2/19/2026 12:52:16 PM,1.13541909959167
2/19/2026 12:52:17 PM,
2/19/2026 12:52:18 PM,
2/19/2026 12:52:19 PM,
2/19/2026 12:52:20 PM,1.30589412292466
2/19/2026 12:52:21 PM,
2/19/2026 12:52:22 PM,
2/19/2026 12:52:23 PM,
2/19/2026 12:52:24 PM,1.07979039894417
2/19/2026 12:52:25 PM,
2/19/2026 12:52:26 PM,
2/19/2026 12:52:27 PM,
2/19/2026 12:52:28 PM,
2/19/2026 12:52:29 PM,
2/19/2026 12:52:30 PM,
2/19/2026 12:52:31 PM,
2/19/2026 12:52:32 PM,0
2/19/2026 12:52:33 PM,
2/19/2026 12:52:34 PM,
2/19/2026 12:52:35 PM,0
2/19/2026 12:52:36 PM,
2/19/2026 12:52:37 PM,-1.16247714031488
2/19/2026 12:52:38 PM,-1.06655893614516
2/19/2026 12:52:39 PM,
2/19/2026 12:52:40 PM,
2/19/2026 12:52:41 PM,0
2/19/2026 12:52:42 PM,
2/19/2026 12:52:43 PM,
2/19/2026 12:52:44 PM,1.44747609738261
2/19/2026 12:52:45 PM,
2/19/2026 12:52:46 PM,
2/19/2026 12:52:47 PM,
2/19/2026 12:52:48 PM,
2/19/2026 12:52:49 PM,
2/19/2026 12:52:50 PM,
2/19/2026 12:52:51 PM,
2/19/2026 12:52:52 PM,
2/19/2026 12:52:53 PM,0
2/19/2026 12:52:54 PM,
2/19/2026 12:52:55 PM,0
2/19/2026 12:52:56 PM,0.818469270598143
2/19/2026 12:52:57 PM,
2/19/2026 12:52:58 PM,
2/19/2026 12:52:59 PM,
2/19/2026 12:53:00 PM,
2/19/2026 12:53:01 PM,0
2/19/2026 12:53:02 PM,
2/19/2026 12:53:03 PM,
2/19/2026 12:53:04 PM,0
2/19/2026 12:53:05 PM,
2/19/2026 12:53:06 PM,
2/19/2026 12:53:07 PM,
2/19/2026 12:53:08 PM,
2/19/2026 12:53:09 PM,
2/19/2026 12:53:10 PM,
2/19/2026 12:53:11 PM,
2/19/2026 12:53:12 PM,0
2/19/2026 12:53:13 PM,
2/19/2026 12:53:14 PM,
2/19/2026 12:53:15 PM,1.32710924372077
2/19/2026 12:53:16 PM,1.32710924372077
2/19/2026 12:53:17 PM,
2/19/2026 12:53:18 PM,
2/19/2026 12:53:19 PM,1.65502878371626
2/19/2026 12:53:20 PM,
2/19/2026 12:53:21 PM,
2/19/2026 12:53:22 PM,
2/19/2026 12:53:23 PM,0.902427546679974
2/19/2026 12:53:24 PM,0.902427546679974
2/19/2026 12:53:25 PM,0
2/19/2026 12:53:26 PM,
2/19/2026 12:53:27 PM,0
2/19/2026 12:53:28 PM,0
2/19/2026 12:53:29 PM,0
2/19/2026 12:53:30 PM,
2/19/2026 12:53:31 PM,
2/19/2026 12:53:32 PM,
2/19/2026 12:53:33 PM,
2/19/2026 12:53:34 PM,0
2/19/2026 12:53:35 PM,
2/19/2026 12:53:36 PM,0
2/19/2026 12:53:37 PM,
2/19/2026 12:53:38 PM,
2/19/2026 12:53:39 PM,0
2/19/2026 12:53:40 PM,
2/19/2026 12:53:41 PM,1.6381919500418
2/19/2026 12:53:42 PM,
2/19/2026 12:53:43 PM,
2/19/2026 12:53:44 PM,
2/19/2026 12:53:45 PM,
2/19/2026 12:53:46 PM,
2/19/2026 12:53:47 PM,
2/19/2026 12:53:48 PM,
2/19/2026 12:53:49 PM,
2/19/2026 12:53:50 PM,
2/19/2026 12:53:51 PM,
2/19/2026 12:53:52 PM,
2/19/2026 12:53:53 PM,
2/19/2026 12:53:54 PM,1.28587520448491
2/19/2026 12:53:55 PM,1.28587520448491
2/19/2026 12:53:56 PM,
2/19/2026 12:53:57 PM,
2/19/2026 12:53:58 PM,
2/19/2026 12:53:59 PM,
2/19/2026 12:54:00 PM,0
2/19/2026 12:54:01 PM,
2/19/2026 12:54:02 PM,
2/19/2026 12:54:03 PM,0
2/19/2026 12:54:04 PM,
2/19/2026 12:54:05 PM,
2/19/2026 12:54:06 PM,
2/19/2026 12:54:07 PM,
2/19/2026 12:54:08 PM,0.860466010635719
2/19/2026 12:54:09 PM,1.5725389122963
2/19/2026 12:54:10 PM,1.5725389122963
2/19/2026 12:54:11 PM,
2/19/2026 12:54:12 PM,
2/19/2026 12:54:13 PM,2.40608272142708
2/19/2026 12:54:14 PM,
2/19/2026 12:54:15 PM,2.97894997056574
2/19/2026 12:54:16 PM,2.93753896839917
2/19/2026 12:54:17 PM,2.28896720800549
2/19/2026 12:54:18 PM,
2/19/2026 12:54:19 PM,2.15428867377341
2/19/2026 12:54:20 PM,1.69209555024281
2/19/2026 12:54:21 PM,
2/19/2026 12:54:22 PM,
2/19/2026 12:54:23 PM,1.5087574487552
2/19/2026 12:54:24 PM,
2/19/2026 12:54:25 PM,0
2/19/2026 12:54:26 PM,0
2/19/2026 12:54:27 PM,1.27557887462899
2/19/2026 12:54:28 PM,1.5655739698559
2/19/2026 12:54:29 PM,1.86593548860401
2/19/2026 12:54:30 PM,1.80046423338354
2/19/2026 12:54:31 PM,1.58064484130591
2/19/2026 12:54:32 PM,
2/19/2026 12:54:33 PM,1.05827457737178
2/19/2026 12:54:34 PM,0
2/19/2026 12:54:35 PM,0.969910249114037
2/19/2026 12:54:36 PM,
2/19/2026 12:54:37 PM,
2/19/2026 12:54:38 PM,1.33568518795073
2/19/2026 12:54:39 PM,
2/19/2026 12:54:40 PM,1.20675779180601
2/19/2026 12:54:41 PM,1.20675779180601
2/19/2026 12:54:42 PM,1.02445799857378
2/19/2026 12:54:43 PM,1.00038066739216
2/19/2026 12:54:44 PM,0
2/19/2026 12:54:45 PM,0
2/19/2026 12:54:46 PM,-1.40326564433053
2/19/2026 12:54:47 PM,
2/19/2026 12:54:48 PM,-0.882284680847079
2/19/2026 12:54:49 PM,0
2/19/2026 12:54:50 PM,0
2/19/2026 12:54:51 PM,0
2/19/2026 12:54:52 PM,
2/19/2026 12:54:53 PM,0
2/19/2026 12:54:54 PM,0
2/19/2026 12:54:55 PM,0
2/19/2026 12:54:56 PM,
2/19/2026 12:54:57 PM,0
2/19/2026 12:54:58 PM,0
2/19/2026 12:54:59 PM,
2/19/2026 12:55:00 PM,
2/19/2026 12:55:01 PM,
2/19/2026 12:55:02 PM,
2/19/2026 12:55:03 PM,
2/19/2026 12:55:04 PM,0
2/19/2026 12:55:05 PM,0
2/19/2026 12:55:06 PM,
2/19/2026 12:55:07 PM,
2/19/2026 12:55:08 PM,0
2/19/2026 12:55:09 PM,0
2/19/2026 12:55:10 PM,0
2/19/2026 12:55:11 PM,0.850594590883702
2/19/2026 12:55:12 PM,0.832345144590363
2/19/2026 12:55:13 PM,0.832345144590363
2/19/2026 12:55:14 PM,
2/19/2026 12:55:15 PM,1.3918373384513
2/19/2026 12:55:16 PM,0.973457680083811
2/19/2026 12:55:17 PM,
2/19/2026 12:55:18 PM,0.867510633543134
2/19/2026 12:55:19 PM,
2/19/2026 12:55:20 PM,
2/19/2026 12:55:21 PM,
2/19/2026 12:55:22 PM,
2/19/2026 12:55:23 PM,
2/19/2026 12:55:24 PM,
2/19/2026 12:55:25 PM,
2/19/2026 12:55:26 PM,
2/19/2026 12:55:27 PM,
2/19/2026 12:55:28 PM,
2/19/2026 12:55:29 PM,0
2/19/2026 12:55:30 PM,0
2/19/2026 12:55:31 PM,0
2/19/2026 12:55:32 PM,0
2/19/2026 12:55:33 PM,0
2/19/2026 12:55:34 PM,0
2/19/2026 12:55:35 PM,0
2/19/2026 12:55:36 PM,0
2/19/2026 12:55:37 PM,0
2/19/2026 12:55:38 PM,0
2/19/2026 12:55:39 PM,
2/19/2026 12:55:40 PM,
2/19/2026 12:55:41 PM,
2/19/2026 12:55:42 PM,0
2/19/2026 12:55:43 PM,0
2/19/2026 12:55:44 PM,
2/19/2026 12:55:45 PM,
2/19/2026 12:55:46 PM,
2/19/2026 12:55:47 PM,0
2/19/2026 12:55:48 PM,0
2/19/2026 12:55:49 PM,0
2/19/2026 12:55:50 PM,
2/19/2026 12:55:51 PM,0
2/19/2026 12:55:52 PM,
2/19/2026 12:55:53 PM,0
2/19/2026 12:55:54 PM,
2/19/2026 12:55:55 PM,0
2/19/2026 12:55:56 PM,
2/19/2026 12:55:57 PM,
2/19/2026 12:55:58 PM,
2/19/2026 12:55:59 PM,1.02371431421489
2/19/2026 12:56:00 PM,
2/19/2026 12:56:01 PM,
2/19/2026 12:56:02 PM,
2/19/2026 12:56:03 PM,
2/19/2026 12:56:04 PM,0.90508502908051
2/19/2026 12:56:05 PM,0.90508502908051
2/19/2026 12:56:06 PM,
2/19/2026 12:56:07 PM,1.03858622023836
2/19/2026 12:56:08 PM,1.0367050068453
2/19/2026 12:56:09 PM,0.827112584374845
2/19/2026 12:56:10 PM,0.818507932126522
2/19/2026 12:56:11 PM,
2/19/2026 12:56:12 PM,
2/19/2026 12:56:13 PM,
2/19/2026 12:56:14 PM,0
2/19/2026 12:56:15 PM,0
2/19/2026 12:56:16 PM,0
2/19/2026 12:56:17 PM,0
2/19/2026 12:56:18 PM,
2/19/2026 12:56:19 PM,0
2/19/2026 12:56:20 PM,0
2/19/2026 12:56:21 PM,0
2/19/2026 12:56:22 PM,0
2/19/2026 12:56:23 PM,0
2/19/2026 12:56:24 PM,0
2/19/2026 12:56:25 PM,
2/19/2026 12:56:26 PM,
2/19/2026 12:56:27 PM,0
2/19/2026 12:56:28 PM,0
2/19/2026 12:56:29 PM,
2/19/2026 12:56:30 PM,
2/19/2026 12:56:31 PM,0
2/19/2026 12:56:32 PM,0
2/19/2026 12:56:33 PM,0
2/19/2026 12:56:34 PM,0
2/19/2026 12:56:35 PM,
2/19/2026 12:56:36 PM,
2/19/2026 12:56:37 PM,
2/19/2026 12:56:38 PM,0
2/19/2026 12:56:39 PM,0
2/19/2026 12:56:40 PM,
2/19/2026 12:56:41 PM,0
2/19/2026 12:56:42 PM,0
2/19/2026 12:56:43 PM,
2/19/2026 12:56:44 PM,0
2/19/2026 12:56:45 PM,0
2/19/2026 12:56:46 PM,0
2/19/2026 12:56:47 PM,0
2/19/2026 12:56:48 PM,0
2/19/2026 12:56:49 PM,0
2/19/2026 12:56:50 PM,0
2/19/2026 12:56:51 PM,0
2/19/2026 12:56:52 PM,0
2/19/2026 12:56:53 PM,0
2/19/2026 12:56:54 PM,0
2/19/2026 12:56:55 PM,0
2/19/2026 12:56:56 PM,0
2/19/2026 12:56:57 PM,0
2/19/2026 12:56:58 PM,0
2/19/2026 12:56:59 PM,
2/19/2026 12:57:00 PM,
2/19/2026 12:57:01 PM,
2/19/2026 12:57:02 PM,0
2/19/2026 12:57:03 PM,0
2/19/2026 12:57:04 PM,0
2/19/2026 12:57:05 PM,
2/19/2026 12:57:06 PM,0
2/19/2026 12:57:07 PM,0
2/19/2026 12:57:08 PM,1.05978562496603
2/19/2026 12:57:09 PM,0.931238348130137
2/19/2026 12:57:10 PM,1.21270967647433
2/19/2026 12:57:11 PM,
2/19/2026 12:57:12 PM,1.40412845648825
2/19/2026 12:57:13 PM,1.12843739334494
2/19/2026 12:57:14 PM,1.09781159553677
2/19/2026 12:57:15 PM,1.24736696016043
2/19/2026 12:57:16 PM,
2/19/2026 12:57:17 PM,
2/19/2026 12:57:18 PM,1.12904214765877
2/19/2026 12:57:19 PM,1.01301167160273
2/19/2026 12:57:20 PM,
2/19/2026 12:57:21 PM,0.940854800865054
2/19/2026 12:57:22 PM,0
2/19/2026 12:57:23 PM,
2/19/2026 12:57:24 PM,
2/19/2026 12:57:25 PM,6.62494646385312
2/19/2026 12:57:26 PM,18.6837969347835
2/19/2026 12:57:27 PM,23.086155205965
2/19/2026 12:57:28 PM,23.086155205965
2/19/2026 12:57:29 PM,23.0644276365638
2/19/2026 12:57:30 PM,21.9019582495093
2/19/2026 12:57:31 PM,
2/19/2026 12:57:32 PM,15.974174067378
2/19/2026 12:57:33 PM,10.3858888149261
2/19/2026 12:57:34 PM,9.07914508134127
2/19/2026 12:57:35 PM,6.35615475475788
2/19/2026 12:57:36 PM,0
2/19/2026 12:57:37 PM,0
2/19/2026 12:57:38 PM,0
2/19/2026 12:57:39 PM,
2/19/2026 12:57:40 PM,-1.00376370828599
2/19/2026 12:57:41 PM,-1.29824647447094
2/19/2026 12:57:42 PM,-1.12093758070841
2/19/2026 12:57:43 PM,-1.23597176279873
2/19/2026 12:57:44 PM,-0.98076491849497
2/19/2026 12:57:45 PM,-0.98076491849497
2/19/2026 12:57:46 PM,0
2/19/2026 12:57:47 PM,0
2/19/2026 12:57:48 PM,0
2/19/2026 12:57:49 PM,0
2/19/2026 12:57:50 PM,0
2/19/2026 12:57:51 PM,
2/19/2026 12:57:52 PM,
2/19/2026 12:57:53 PM,0
2/19/2026 12:57:54 PM,0
2/19/2026 12:57:55 PM,
2/19/2026 12:57:56 PM,0
2/19/2026 12:57:57 PM,0
2/19/2026 12:57:58 PM,
2/19/2026 12:57:59 PM,
2/19/2026 12:58:00 PM,
2/19/2026 12:58:01 PM,0
2/19/2026 12:58:02 PM,
2/19/2026 12:58:03 PM,0
2/19/2026 12:58:04 PM,0
2/19/2026 12:58:05 PM,0
2/19/2026 12:58:06 PM,0
2/19/2026 12:58:07 PM,
2/19/2026 12:58:08 PM,
2/19/2026 12:58:09 PM,0
2/19/2026 12:58:10 PM,0
2/19/2026 12:58:11 PM,0
2/19/2026 12:58:12 PM,0
2/19/2026 12:58:13 PM,0
2/19/2026 12:58:14 PM,
2/19/2026 12:58:15 PM,
2/19/2026 12:58:16 PM,0
2/19/2026 12:58:17 PM,0
2/19/2026 12:58:18 PM,
2/19/2026 12:58:19 PM,
2/19/2026 12:58:20 PM,
2/19/2026 12:58:21 PM,0
2/19/2026 12:58:22 PM,
2/19/2026 12:58:23 PM,
2/19/2026 12:58:24 PM,
2/19/2026 12:58:25 PM,0
2/19/2026 12:58:26 PM,0
2/19/2026 12:58:27 PM,
2/19/2026 12:58:28 PM,
2/19/2026 12:58:29 PM,0
2/19/2026 12:58:30 PM,
2/19/2026 12:58:31 PM,
2/19/2026 12:58:32 PM,0
2/19/2026 12:58:33 PM,0
2/19/2026 12:58:34 PM,0
2/19/2026 12:58:35 PM,
2/19/2026 12:58:36 PM,0
2/19/2026 12:58:37 PM,0
2/19/2026 12:58:38 PM,0
2/19/2026 12:58:39 PM,
2/19/2026 12:58:40 PM,0
2/19/2026 12:58:41 PM,0
2/19/2026 12:58:42 PM,0
2/19/2026 12:58:43 PM,0
2/19/2026 12:58:44 PM,
2/19/2026 12:58:45 PM,0
2/19/2026 12:58:46 PM,0.852427451172844
2/19/2026 12:58:47 PM,1.24727811198682
2/19/2026 12:58:48 PM,
2/19/2026 12:58:49 PM,
2/19/2026 12:58:50 PM,
2/19/2026 12:58:51 PM,1.0414145886898
2/19/2026 12:58:52 PM,1.27220536815003
2/19/2026 12:58:53 PM,1.27220536815003
2/19/2026 12:58:54 PM,1.32108014076948
2/19/2026 12:58:55 PM,
2/19/2026 12:58:56 PM,1.31150601664558
2/19/2026 12:58:57 PM,1.31150601664558
2/19/2026 12:58:58 PM,
2/19/2026 12:58:59 PM,1.03049307363108
2/19/2026 12:59:00 PM,
2/19/2026 12:59:01 PM,
2/19/2026 12:59:02 PM,0
2/19/2026 12:59:03 PM,0
2/19/2026 12:59:04 PM,
2/19/2026 12:59:05 PM,
2/19/2026 12:59:06 PM,
2/19/2026 12:59:07 PM,0
2/19/2026 12:59:08 PM,0
2/19/2026 12:59:09 PM,
2/19/2026 12:59:10 PM,0
2/19/2026 12:59:11 PM,0
2/19/2026 12:59:12 PM,0
2/19/2026 12:59:13 PM,0
2/19/2026 12:59:14 PM,
2/19/2026 12:59:15 PM,
2/19/2026 12:59:16 PM,0
2/19/2026 12:59:17 PM,0
2/19/2026 12:59:18 PM,
2/19/2026 12:59:19 PM,0
2/19/2026 12:59:20 PM,0
2/19/2026 12:59:21 PM,
2/19/2026 12:59:22 PM,0
2/19/2026 12:59:23 PM,0
2/19/2026 12:59:24 PM,0.832475221250206
2/19/2026 12:59:25 PM,0.832475221250206
2/19/2026 12:59:26 PM,
2/19/2026 12:59:27 PM,0.818517152220011
2/19/2026 12:59:28 PM,0
2/19/2026 12:59:29 PM,
2/19/2026 12:59:30 PM,
2/19/2026 12:59:31 PM,0
2/19/2026 12:59:32 PM,1.05215180665255
2/19/2026 12:59:33 PM,1.17141759255901
2/19/2026 12:59:34 PM,0.949910818599164
2/19/2026 12:59:35 PM,
2/19/2026 12:59:36 PM,1.14920072956011
2/19/2026 12:59:37 PM,0.855637458153069
2/19/2026 12:59:38 PM,1.62246414693072
2/19/2026 12:59:39 PM,
2/19/2026 12:59:40 PM,1.56383975408971
2/19/2026 12:59:41 PM,1.15428959252313
2/19/2026 12:59:42 PM,1.01804678561166
2/19/2026 12:59:43 PM,
2/19/2026 12:59:44 PM,
2/19/2026 12:59:45 PM,0
2/19/2026 12:59:46 PM,
2/19/2026 12:59:47 PM,0
2/19/2026 12:59:48 PM,0
2/19/2026 12:59:49 PM,0
2/19/2026 12:59:50 PM,0
2/19/2026 12:59:51 PM,0
2/19/2026 12:59:52 PM,0
2/19/2026 12:59:53 PM,0
2/19/2026 12:59:54 PM,0
2/19/2026 12:59:55 PM,
2/19/2026 12:59:56 PM,0
2/19/2026 12:59:57 PM,0
2/19/2026 12:59:58 PM,0
2/19/2026 12:59:59 PM,
2/19/2026 1:00:00 PM,0
2/19/2026 1:00:01 PM,0
2/19/2026 1:00:02 PM,
2/19/2026 1:00:03 PM,0
2/19/2026 1:00:04 PM,0
2/19/2026 1:00:05 PM,0
2/19/2026 1:00:06 PM,0
2/19/2026 1:00:07 PM,0
2/19/2026 1:00:08 PM,0
2/19/2026 1:00:09 PM,
2/19/2026 1:00:10 PM,
2/19/2026 1:00:11 PM,0
2/19/2026 1:00:12 PM,0
2/19/2026 1:00:13 PM,
2/19/2026 1:00:14 PM,0
2/19/2026 1:00:15 PM,0
2/19/2026 1:00:16 PM,
2/19/2026 1:00:17 PM,
2/19/2026 1:00:18 PM,
2/19/2026 1:00:19 PM,
2/19/2026 1:00:20 PM,
2/19/2026 1:00:21 PM,
2/19/2026 1:00:22 PM,
2/19/2026 1:00:23 PM,
2/19/2026 1:00:24 PM,0
2/19/2026 1:00:25 PM,0
2/19/2026 1:00:26 PM,
2/19/2026 1:00:27 PM,
2/19/2026 1:00:28 PM,
2/19/2026 1:00:29 PM,0
2/19/2026 1:00:30 PM,
2/19/2026 1:00:31 PM,
2/19/2026 1:00:32 PM,0
2/19/2026 1:00:33 PM,1.09846527921036
2/19/2026 1:00:34 PM,1.09846527921036
2/19/2026 1:00:35 PM,0.948706967756152
2/19/2026 1:00:36 PM,0
2/19/2026 1:00:37 PM,0
2/19/2026 1:00:38 PM,
2/19/2026 1:00:39 PM,0.835081626428291
2/19/2026 1:00:40 PM,
2/19/2026 1:00:41 PM,
2/19/2026 1:00:42 PM,
2/19/2026 1:00:43 PM,0
2/19/2026 1:00:44 PM,
2/19/2026 1:00:45 PM,0
2/19/2026 1:00:46 PM,0
2/19/2026 1:00:47 PM,0
2/19/2026 1:00:48 PM,0
2/19/2026 1:00:49 PM,0.95597900217399
2/19/2026 1:00:50 PM,0
2/19/2026 1:00:51 PM,0
2/19/2026 1:00:52 PM,0
2/19/2026 1:00:53 PM,0
2/19/2026 1:00:54 PM,0
2/19/2026 1:00:55 PM,
2/19/2026 1:00:56 PM,
2/19/2026 1:00:57 PM,0
2/19/2026 1:00:58 PM,0
2/19/2026 1:00:59 PM,0
2/19/2026 1:01:00 PM,0
2/19/2026 1:01:01 PM,
2/19/2026 1:01:02 PM,0
2/19/2026 1:01:03 PM,
2/19/2026 1:01:04 PM,0
2/19/2026 1:01:05 PM,0
2/19/2026 1:01:06 PM,0
2/19/2026 1:01:07 PM,0
2/19/2026 1:01:08 PM,0
2/19/2026 1:01:09 PM,0
2/19/2026 1:01:10 PM,0
2/19/2026 1:01:11 PM,
2/19/2026 1:01:12 PM,
2/19/2026 1:01:13 PM,0
2/19/2026 1:01:14 PM,
2/19/2026 1:01:15 PM,0
2/19/2026 1:01:16 PM,
2/19/2026 1:01:17 PM,
2/19/2026 1:01:18 PM,
2/19/2026 1:01:19 PM,
2/19/2026 1:01:20 PM,0
2/19/2026 1:01:21 PM,0
2/19/2026 1:01:22 PM,
2/19/2026 1:01:23 PM,0
2/19/2026 1:01:24 PM,0
2/19/2026 1:01:25 PM,0
2/19/2026 1:01:26 PM,
2/19/2026 1:01:27 PM,
2/19/2026 1:01:28 PM,
2/19/2026 1:01:29 PM,
2/19/2026 1:01:30 PM,
2/19/2026 1:01:31 PM,
2/19/2026 1:01:32 PM,
2/19/2026 1:01:33 PM,0
2/19/2026 1:01:34 PM,0
2/19/2026 1:01:35 PM,0
2/19/2026 1:01:36 PM,0
2/19/2026 1:01:37 PM,
2/19/2026 1:01:38 PM,
2/19/2026 1:01:39 PM,
2/19/2026 1:01:40 PM,
2/19/2026 1:01:41 PM,0
2/19/2026 1:01:42 PM,0
2/19/2026 1:01:43 PM,
2/19/2026 1:01:44 PM,
2/19/2026 1:01:45 PM,
2/19/2026 1:01:46 PM,0
2/19/2026 1:01:47 PM,
2/19/2026 1:01:48 PM,
2/19/2026 1:01:49 PM,
2/19/2026 1:01:50 PM,
2/19/2026 1:01:51 PM,0
2/19/2026 1:01:52 PM,0
2/19/2026 1:01:53 PM,
2/19/2026 1:01:54 PM,0
2/19/2026 1:01:55 PM,0
2/19/2026 1:01:56 PM,0
2/19/2026 1:01:57 PM,0
2/19/2026 1:01:58 PM,0
2/19/2026 1:01:59 PM,
2/19/2026 1:02:00 PM,1.37892910279334
2/19/2026 1:02:01 PM,
2/19/2026 1:02:02 PM,
2/19/2026 1:02:03 PM,
2/19/2026 1:02:04 PM,1.10108273802325
2/19/2026 1:02:05 PM,1.15309171378613
2/19/2026 1:02:06 PM,0.873373198555782
2/19/2026 1:02:07 PM,0
2/19/2026 1:02:08 PM,0
2/19/2026 1:02:09 PM,
2/19/2026 1:02:10 PM,
2/19/2026 1:02:11 PM,
2/19/2026 1:02:12 PM,
2/19/2026 1:02:13 PM,
2/19/2026 1:02:14 PM,
2/19/2026 1:02:15 PM,
2/19/2026 1:02:16 PM,0.920323852915317
2/19/2026 1:02:17 PM,0.922198675107211
2/19/2026 1:02:18 PM,2.06497278995812
2/19/2026 1:02:19 PM,2.06497278995812
2/19/2026 1:02:20 PM,1.65430353954434
2/19/2026 1:02:21 PM,
2/19/2026 1:02:22 PM,
2/19/2026 1:02:23 PM,1.17397732101381
2/19/2026 1:02:24 PM,0
2/19/2026 1:02:25 PM,
2/19/2026 1:02:26 PM,
2/19/2026 1:02:27 PM,
2/19/2026 1:02:28 PM,
2/19/2026 1:02:29 PM,0
2/19/2026 1:02:30 PM,0
2/19/2026 1:02:31 PM,0
2/19/2026 1:02:32 PM,0
2/19/2026 1:02:33 PM,0
2/19/2026 1:02:34 PM,0
2/19/2026 1:02:35 PM,
2/19/2026 1:02:36 PM,
2/19/2026 1:02:37 PM,
2/19/2026 1:02:38 PM,
2/19/2026 1:02:39 PM,0
2/19/2026 1:02:40 PM,0
2/19/2026 1:02:41 PM,
2/19/2026 1:02:42 PM,
2/19/2026 1:02:43 PM,
2/19/2026 1:02:44 PM,
2/19/2026 1:02:45 PM,
2/19/2026 1:02:46 PM,
2/19/2026 1:02:47 PM,
2/19/2026 1:02:48 PM,
2/19/2026 1:02:49 PM,0
2/19/2026 1:02:50 PM,
2/19/2026 1:02:51 PM,
2/19/2026 1:02:52 PM,0
2/19/2026 1:02:53 PM,0
2/19/2026 1:02:54 PM,
2/19/2026 1:02:55 PM,
2/19/2026 1:02:56 PM,
2/19/2026 1:02:57 PM,
2/19/2026 1:02:58 PM,
2/19/2026 1:02:59 PM,
2/19/2026 1:03:00 PM,0
2/19/2026 1:03:01 PM,0
2/19/2026 1:03:02 PM,0
2/19/2026 1:03:03 PM,0
2/19/2026 1:03:04 PM,1.10743726836517
2/19/2026 1:03:05 PM,1.63163153920323
2/19/2026 1:03:06 PM,
2/19/2026 1:03:07 PM,
2/19/2026 1:03:08 PM,
2/19/2026 1:03:09 PM,
2/19/2026 1:03:10 PM,
2/19/2026 1:03:11 PM,1.30663152085617
2/19/2026 1:03:12 PM,1.30663152085617
2/19/2026 1:03:13 PM,
2/19/2026 1:03:14 PM,
2/19/2026 1:03:15 PM,1.00917286472395
2/19/2026 1:03:16 PM,1.00285825319588
2/19/2026 1:03:17 PM,1.00285825319588
2/19/2026 1:03:18 PM,0.887326081283391
2/19/2026 1:03:19 PM,
2/19/2026 1:03:20 PM,1.01288154255599
2/19/2026 1:03:21 PM,0
2/19/2026 1:03:22 PM,0
2/19/2026 1:03:23 PM,0
2/19/2026 1:03:24 PM,0
2/19/2026 1:03:25 PM,0
2/19/2026 1:03:26 PM,
2/19/2026 1:03:27 PM,
2/19/2026 1:03:28 PM,
2/19/2026 1:03:29 PM,
2/19/2026 1:03:30 PM,0
2/19/2026 1:03:31 PM,1.22571765678003
2/19/2026 1:03:32 PM,1.34419386740774
2/19/2026 1:03:33 PM,1.41979664331302
2/19/2026 1:03:34 PM,1.40147348865867
2/19/2026 1:03:35 PM,1.26143808010966
2/19/2026 1:03:36 PM,1.84146787505597
2/19/2026 1:03:37 PM,1.72891536494717
2/19/2026 1:03:38 PM,1.5745168318972
2/19/2026 1:03:39 PM,
2/19/2026 1:03:40 PM,
2/19/2026 1:03:41 PM,1.51630095206201
2/19/2026 1:03:42 PM,1.40478622633964
2/19/2026 1:03:43 PM,1.35986048262566
2/19/2026 1:03:44 PM,1.34118224959821
2/19/2026 1:03:45 PM,1.3792805140838
2/19/2026 1:03:46 PM,1.32616460323334
2/19/2026 1:03:47 PM,1.29162498051301
2/19/2026 1:03:48 PM,1.04356433730572
2/19/2026 1:03:49 PM,0
2/19/2026 1:03:50 PM,0
2/19/2026 1:03:51 PM,0
2/19/2026 1:03:52 PM,
2/19/2026 1:03:53 PM,
2/19/2026 1:03:54 PM,
2/19/2026 1:03:55 PM,0
2/19/2026 1:03:56 PM,
2/19/2026 1:03:57 PM,
2/19/2026 1:03:58 PM,0
2/19/2026 1:03:59 PM,
2/19/2026 1:04:00 PM,
2/19/2026 1:04:01 PM,
2/19/2026 1:04:02 PM,
2/19/2026 1:04:03 PM,0
2/19/2026 1:04:04 PM,0
2/19/2026 1:04:05 PM,
2/19/2026 1:04:06 PM,
2/19/2026 1:04:07 PM,
2/19/2026 1:04:08 PM,0
2/19/2026 1:04:09 PM,
2/19/2026 1:04:10 PM,
2/19/2026 1:04:11 PM,0
2/19/2026 1:04:12 PM,0
2/19/2026 1:04:13 PM,
2/19/2026 1:04:14 PM,
2/19/2026 1:04:15 PM,51.1647026985884
2/19/2026 1:04:16 PM,51.3367127627134
2/19/2026 1:04:17 PM,
2/19/2026 1:04:18 PM,
2/19/2026 1:04:19 PM,
2/19/2026 1:04:20 PM,
2/19/2026 1:04:21 PM,
2/19/2026 1:04:22 PM,
2/19/2026 1:04:23 PM,
2/19/2026 1:04:24 PM,
2/19/2026 1:04:25 PM,51.4352302998304
2/19/2026 1:04:26 PM,
2/19/2026 1:04:27 PM,
2/19/2026 1:04:28 PM,
2/19/2026 1:04:29 PM,46.4500498026609
2/19/2026 1:04:30 PM,46.4500498026609
2/19/2026 1:04:31 PM,
2/19/2026 1:04:32 PM,
2/19/2026 1:04:33 PM,
2/19/2026 1:04:34 PM,
2/19/2026 1:04:35 PM,38.9233455061913
2/19/2026 1:04:36 PM,
2/19/2026 1:04:37 PM,31.1712887138128
2/19/2026 1:04:38 PM,31.1712887138128
2/19/2026 1:04:39 PM,
2/19/2026 1:04:40 PM,
2/19/2026 1:04:41 PM,
2/19/2026 1:04:42 PM,23.5620729625225
2/19/2026 1:04:43 PM,
2/19/2026 1:04:44 PM,
2/19/2026 1:04:45 PM,0
2/19/2026 1:04:46 PM,
2/19/2026 1:04:47 PM,
2/19/2026 1:04:48 PM,0
2/19/2026 1:04:49 PM,0
2/19/2026 1:04:50 PM,-1.22047330951318
2/19/2026 1:04:51 PM,
2/19/2026 1:04:52 PM,
2/19/2026 1:04:53 PM,0
2/19/2026 1:04:54 PM,1.02239563129842
2/19/2026 1:04:55 PM,1.11980937654153
2/19/2026 1:04:56 PM,
2/19/2026 1:04:57 PM,
2/19/2026 1:04:58 PM,
2/19/2026 1:04:59 PM,0
2/19/2026 1:05:00 PM,
2/19/2026 1:05:01 PM,
2/19/2026 1:05:02 PM,
2/19/2026 1:05:03 PM,0
2/19/2026 1:05:04 PM,0
2/19/2026 1:05:05 PM,
2/19/2026 1:05:06 PM,
2/19/2026 1:05:07 PM,
2/19/2026 1:05:08 PM,
2/19/2026 1:05:09 PM,
2/19/2026 1:05:10 PM,
2/19/2026 1:05:11 PM,
2/19/2026 1:05:12 PM,
2/19/2026 1:05:13 PM,0
2/19/2026 1:05:14 PM,0
2/19/2026 1:05:15 PM,0
2/19/2026 1:05:16 PM,0
2/19/2026 1:05:17 PM,0
2/19/2026 1:05:18 PM,0
2/19/2026 1:05:19 PM,0.991368968971074
2/19/2026 1:05:20 PM,0.985370355192572
2/19/2026 1:05:21 PM,0
2/19/2026 1:05:22 PM,0
2/19/2026 1:05:23 PM,
2/19/2026 1:05:24 PM,0
2/19/2026 1:05:25 PM,0
2/19/2026 1:05:26 PM,0
2/19/2026 1:05:27 PM,0.818071444518864
2/19/2026 1:05:28 PM,0
2/19/2026 1:05:29 PM,0
2/19/2026 1:05:30 PM,0
2/19/2026 1:05:31 PM,0
2/19/2026 1:05:32 PM,0
2/19/2026 1:05:33 PM,
2/19/2026 1:05:34 PM,0
2/19/2026 1:05:35 PM,0
2/19/2026 1:05:36 PM,0.974834722001106
2/19/2026 1:05:37 PM,0.838992779608816
2/19/2026 1:05:38 PM,
2/19/2026 1:05:39 PM,
2/19/2026 1:05:40 PM,1.11191718606278
2/19/2026 1:05:41 PM,
2/19/2026 1:05:42 PM,
2/19/2026 1:05:43 PM,0
2/19/2026 1:05:44 PM,0
2/19/2026 1:05:45 PM,0
2/19/2026 1:05:46 PM,0
2/19/2026 1:05:47 PM,0
2/19/2026 1:05:48 PM,
2/19/2026 1:05:49 PM,0
2/19/2026 1:05:50 PM,0
2/19/2026 1:05:51 PM,0
2/19/2026 1:05:52 PM,0
2/19/2026 1:05:53 PM,
2/19/2026 1:05:54 PM,
2/19/2026 1:05:55 PM,
2/19/2026 1:05:56 PM,
2/19/2026 1:05:57 PM,
2/19/2026 1:05:58 PM,
2/19/2026 1:05:59 PM,
2/19/2026 1:06:00 PM,
2/19/2026 1:06:01 PM,0.893965386785567
2/19/2026 1:06:02 PM,
2/19/2026 1:06:03 PM,1.00365160033107
2/19/2026 1:06:04 PM,1.0300972382538
2/19/2026 1:06:05 PM,1.06298740720376
2/19/2026 1:06:06 PM,
2/19/2026 1:06:07 PM,0.972993217874318
2/19/2026 1:06:08 PM,
2/19/2026 1:06:09 PM,
2/19/2026 1:06:10 PM,0
2/19/2026 1:06:11 PM,
2/19/2026 1:06:12 PM,0
2/19/2026 1:06:13 PM,0
2/19/2026 1:06:14 PM,
2/19/2026 1:06:15 PM,
2/19/2026 1:06:16 PM,
2/19/2026 1:06:17 PM,
2/19/2026 1:06:18 PM,
2/19/2026 1:06:19 PM,
2/19/2026 1:06:20 PM,0
2/19/2026 1:06:21 PM,0
2/19/2026 1:06:22 PM,0
2/19/2026 1:06:23 PM,1.03959466796368
2/19/2026 1:06:24 PM,
2/19/2026 1:06:25 PM,
2/19/2026 1:06:26 PM,0.922535941936076
2/19/2026 1:06:27 PM,0.978135725017637
2/19/2026 1:06:28 PM,
2/19/2026 1:06:29 PM,
2/19/2026 1:06:30 PM,1.08125440310687
2/19/2026 1:06:31 PM,1.06835255865008
2/19/2026 1:06:32 PM,1.33933456381783
2/19/2026 1:06:33 PM,
2/19/2026 1:06:34 PM,0.986364972777665
2/19/2026 1:06:35 PM,0.986364972777665
2/19/2026 1:06:36 PM,
2/19/2026 1:06:37 PM,
2/19/2026 1:06:38 PM,0
2/19/2026 1:06:39 PM,0
2/19/2026 1:06:40 PM,0
2/19/2026 1:06:41 PM,
2/19/2026 1:06:42 PM,
2/19/2026 1:06:43 PM,
2/19/2026 1:06:44 PM,
2/19/2026 1:06:45 PM,
2/19/2026 1:06:46 PM,0.865788728697225
2/19/2026 1:06:47 PM,0
2/19/2026 1:06:48 PM,0
2/19/2026 1:06:49 PM,0
2/19/2026 1:06:50 PM,
2/19/2026 1:06:51 PM,0.84792249253951
2/19/2026 1:06:52 PM,
2/19/2026 1:06:53 PM,
2/19/2026 1:06:54 PM,
2/19/2026 1:06:55 PM,1.07176755554974
2/19/2026 1:06:56 PM,0
2/19/2026 1:06:57 PM,0
2/19/2026 1:06:58 PM,0
2/19/2026 1:06:59 PM,
2/19/2026 1:07:00 PM,
2/19/2026 1:07:01 PM,0
2/19/2026 1:07:02 PM,
2/19/2026 1:07:03 PM,0
2/19/2026 1:07:04 PM,0
2/19/2026 1:07:05 PM,0
2/19/2026 1:07:06 PM,
2/19/2026 1:07:07 PM,
2/19/2026 1:07:08 PM,
2/19/2026 1:07:09 PM,0
2/19/2026 1:07:10 PM,0
2/19/2026 1:07:11 PM,0
2/19/2026 1:07:12 PM,0
2/19/2026 1:07:13 PM,0
2/19/2026 1:07:14 PM,
2/19/2026 1:07:15 PM,0
2/19/2026 1:07:16 PM,
2/19/2026 1:07:17 PM,0
2/19/2026 1:07:18 PM,0
2/19/2026 1:07:19 PM,0
2/19/2026 1:07:20 PM,
2/19/2026 1:07:21 PM,
2/19/2026 1:07:22 PM,0
2/19/2026 1:07:23 PM,0
2/19/2026 1:07:24 PM,
2/19/2026 1:07:25 PM,
2/19/2026 1:07:26 PM,0
2/19/2026 1:07:27 PM,0
2/19/2026 1:07:28 PM,0
2/19/2026 1:07:29 PM,0
2/19/2026 1:07:30 PM,0
2/19/2026 1:07:31 PM,0.947495468426496
2/19/2026 1:07:32 PM,
2/19/2026 1:07:33 PM,
2/19/2026 1:07:34 PM,0
2/19/2026 1:07:35 PM,0
2/19/2026 1:07:36 PM,0
2/19/2026 1:07:37 PM,0
2/19/2026 1:07:38 PM,0
2/19/2026 1:07:39 PM,0
2/19/2026 1:07:40 PM,0
2/19/2026 1:07:41 PM,0
2/19/2026 1:07:42 PM,
2/19/2026 1:07:43 PM,
2/19/2026 1:07:44 PM,
2/19/2026 1:07:45 PM,
2/19/2026 1:07:46 PM,
2/19/2026 1:07:47 PM,
2/19/2026 1:07:48 PM,
2/19/2026 1:07:49 PM,
2/19/2026 1:07:50 PM,15.0042470544577
2/19/2026 1:07:51 PM,
2/19/2026 1:07:52 PM,
2/19/2026 1:07:53 PM,
2/19/2026 1:07:54 PM,
2/19/2026 1:07:55 PM,52.3970369249582
2/19/2026 1:07:56 PM,52.5381412357092
2/19/2026 1:07:57 PM,52.8786074370146
2/19/2026 1:07:58 PM,
2/19/2026 1:07:59 PM,
2/19/2026 1:08:00 PM,
2/19/2026 1:08:01 PM,
2/19/2026 1:08:02 PM,
2/19/2026 1:08:03 PM,
2/19/2026 1:08:04 PM,
2/19/2026 1:08:05 PM,
2/19/2026 1:08:06 PM,49.932586401701
2/19/2026 1:08:07 PM,36.9333174079657
2/19/2026 1:08:08 PM,
2/19/2026 1:08:09 PM,
2/19/2026 1:08:10 PM,
2/19/2026 1:08:11 PM,
2/19/2026 1:08:12 PM,
2/19/2026 1:08:13 PM,
2/19/2026 1:08:14 PM,27.082385122776
2/19/2026 1:08:15 PM,23.6010655760765
2/19/2026 1:08:16 PM,10.2931522764266
2/19/2026 1:08:17 PM,6.98711802251637
2/19/2026 1:08:18 PM,
2/19/2026 1:08:19 PM,0
2/19/2026 1:08:20 PM,
2/19/2026 1:08:21 PM,0
2/19/2026 1:08:22 PM,0
2/19/2026 1:08:23 PM,0
2/19/2026 1:08:24 PM,0
2/19/2026 1:08:25 PM,
2/19/2026 1:08:26 PM,
2/19/2026 1:08:27 PM,
2/19/2026 1:08:28 PM,0
2/19/2026 1:08:29 PM,0
2/19/2026 1:08:30 PM,0
2/19/2026 1:08:31 PM,0
2/19/2026 1:08:32 PM,
2/19/2026 1:08:33 PM,0
2/19/2026 1:08:34 PM,0
2/19/2026 1:08:35 PM,0
2/19/2026 1:08:36 PM,
2/19/2026 1:08:37 PM,0
2/19/2026 1:08:38 PM,0
2/19/2026 1:08:39 PM,0
2/19/2026 1:08:40 PM,0
2/19/2026 1:08:41 PM,0
2/19/2026 1:08:42 PM,0
2/19/2026 1:08:43 PM,0
2/19/2026 1:08:44 PM,0
2/19/2026 1:08:45 PM,0
2/19/2026 1:08:46 PM,0
2/19/2026 1:08:47 PM,0
2/19/2026 1:08:48 PM,0
2/19/2026 1:08:49 PM,0
2/19/2026 1:08:50 PM,
2/19/2026 1:08:51 PM,0
2/19/2026 1:08:52 PM,0
2/19/2026 1:08:53 PM,
2/19/2026 1:08:54 PM,
2/19/2026 1:08:55 PM,
2/19/2026 1:08:56 PM,0
2/19/2026 1:08:57 PM,0
2/19/2026 1:08:58 PM,
2/19/2026 1:08:59 PM,0
2/19/2026 1:09:00 PM,0
2/19/2026 1:09:01 PM,0
2/19/2026 1:09:02 PM,
2/19/2026 1:09:03 PM,
2/19/2026 1:09:04 PM,
2/19/2026 1:09:05 PM,0
2/19/2026 1:09:06 PM,
2/19/2026 1:09:07 PM,
2/19/2026 1:09:08 PM,0
2/19/2026 1:09:09 PM,0
2/19/2026 1:09:10 PM,
2/19/2026 1:09:11 PM,
2/19/2026 1:09:12 PM,
2/19/2026 1:09:13 PM,
2/19/2026 1:09:14 PM,
2/19/2026 1:09:15 PM,
2/19/2026 1:09:16 PM,
2/19/2026 1:09:17 PM,
2/19/2026 1:09:18 PM,0
2/19/2026 1:09:19 PM,
2/19/2026 1:09:20 PM,
2/19/2026 1:09:21 PM,0
2/19/2026 1:09:22 PM,0
2/19/2026 1:09:23 PM,0
2/19/2026 1:09:24 PM,0
2/19/2026 1:09:25 PM,0
2/19/2026 1:09:26 PM,
2/19/2026 1:09:27 PM,0
2/19/2026 1:09:28 PM,0
2/19/2026 1:09:29 PM,0
2/19/2026 1:09:30 PM,0
2/19/2026 1:09:31 PM,0
2/19/2026 1:09:32 PM,0
2/19/2026 1:09:33 PM,0
2/19/2026 1:09:34 PM,
2/19/2026 1:09:35 PM,
2/19/2026 1:09:36 PM,
2/19/2026 1:09:37 PM,0
2/19/2026 1:09:38 PM,0
2/19/2026 1:09:39 PM,0.856091442983598
2/19/2026 1:09:40 PM,
2/19/2026 1:09:41 PM,0
2/19/2026 1:09:42 PM,0
2/19/2026 1:09:43 PM,0
2/19/2026 1:09:44 PM,
2/19/2026 1:09:45 PM,0
2/19/2026 1:09:46 PM,0
2/19/2026 1:09:47 PM,0
2/19/2026 1:09:48 PM,
2/19/2026 1:09:49 PM,-0.836239219643176
2/19/2026 1:09:50 PM,-0.836239219643176
2/19/2026 1:09:51 PM,0
2/19/2026 1:09:52 PM,
2/19/2026 1:09:53 PM,0
2/19/2026 1:09:54 PM,
2/19/2026 1:09:55 PM,
2/19/2026 1:09:56 PM,
2/19/2026 1:09:57 PM,0
2/19/2026 1:09:58 PM,0
2/19/2026 1:09:59 PM,0
2/19/2026 1:10:00 PM,0
2/19/2026 1:10:01 PM,0.869199010776356
2/19/2026 1:10:02 PM,1.04033887619153
2/19/2026 1:10:03 PM,1.13841678248718
2/19/2026 1:10:04 PM,1.30114263156429
2/19/2026 1:10:05 PM,1.33543278789148
2/19/2026 1:10:06 PM,1.37580223381519
2/19/2026 1:10:07 PM,1.22363999253139
2/19/2026 1:10:08 PM,0.995623203925788
2/19/2026 1:10:09 PM,0.916539318859577
2/19/2026 1:10:10 PM,0.825536000775173
2/19/2026 1:10:11 PM,0
2/19/2026 1:10:12 PM,0
2/19/2026 1:10:13 PM,0
2/19/2026 1:10:14 PM,0
2/19/2026 1:10:15 PM,0
2/19/2026 1:10:16 PM,0
2/19/2026 1:10:17 PM,0
2/19/2026 1:10:18 PM,0
2/19/2026 1:10:19 PM,0
2/19/2026 1:10:20 PM,
2/19/2026 1:10:21 PM,
2/19/2026 1:10:22 PM,0
2/19/2026 1:10:23 PM,0
2/19/2026 1:10:24 PM,0
2/19/2026 1:10:25 PM,0
2/19/2026 1:10:26 PM,
2/19/2026 1:10:27 PM,0
2/19/2026 1:10:28 PM,
2/19/2026 1:10:29 PM,
2/19/2026 1:10:30 PM,
2/19/2026 1:10:31 PM,0
2/19/2026 1:10:32 PM,0
2/19/2026 1:10:33 PM,0
2/19/2026 1:10:34 PM,0
2/19/2026 1:10:35 PM,
2/19/2026 1:10:36 PM,
2/19/2026 1:10:37 PM,0
2/19/2026 1:10:38 PM,0
2/19/2026 1:10:39 PM,0
2/19/2026 1:10:40 PM,
2/19/2026 1:10:41 PM,0
2/19/2026 1:10:42 PM,0
2/19/2026 1:10:43 PM,0
2/19/2026 1:10:44 PM,0
2/19/2026 1:10:45 PM,
2/19/2026 1:10:46 PM,36.5278277546167
2/19/2026 1:10:47 PM,
2/19/2026 1:10:48 PM,41.7559694498777
2/19/2026 1:10:49 PM,41.7559694498777
2/19/2026 1:10:50 PM,39.5509958267212
2/19/2026 1:10:51 PM,37.4952167272568
2/19/2026 1:10:52 PM,
2/19/2026 1:10:53 PM,
2/19/2026 1:10:54 PM,35.5380993336439
2/19/2026 1:10:55 PM,29.2616531252861
2/19/2026 1:10:56 PM,23.591578938067
2/19/2026 1:10:57 PM,19.2434884607792
2/19/2026 1:10:58 PM,13.2662669755518
2/19/2026 1:10:59 PM,5.06748869083822
2/19/2026 1:11:00 PM,2.96654580160975
2/19/2026 1:11:01 PM,0
2/19/2026 1:11:02 PM,0
2/19/2026 1:11:03 PM,0
2/19/2026 1:11:04 PM,
2/19/2026 1:11:05 PM,0
2/19/2026 1:11:06 PM,0
2/19/2026 1:11:07 PM,0
2/19/2026 1:11:08 PM,0
2/19/2026 1:11:09 PM,
2/19/2026 1:11:10 PM,0
2/19/2026 1:11:11 PM,0
2/19/2026 1:11:12 PM,17.1450320631266
2/19/2026 1:11:13 PM,17.1450320631266
2/19/2026 1:11:14 PM,21.9073629006743
2/19/2026 1:11:15 PM,22.0254739746451
2/19/2026 1:11:16 PM,22.0161868259311
2/19/2026 1:11:17 PM,22.1404703333974
2/19/2026 1:11:18 PM,
2/19/2026 1:11:19 PM,22.1488522365689
2/19/2026 1:11:20 PM,21.0006136447191
2/19/2026 1:11:21 PM,17.7160458639264
2/19/2026 1:11:22 PM,15.5528157949448
2/19/2026 1:11:23 PM,13.6765267699957
2/19/2026 1:11:24 PM,9.19259497895837
2/19/2026 1:11:25 PM,
2/19/2026 1:11:26 PM,
2/19/2026 1:11:27 PM,
2/19/2026 1:11:28 PM,
2/19/2026 1:11:29 PM,8.18946724757552
2/19/2026 1:11:30 PM,4.9607811961323
2/19/2026 1:11:31 PM,1.6567372251302
2/19/2026 1:11:32 PM,0
2/19/2026 1:11:33 PM,0
2/19/2026 1:11:34 PM,0
2/19/2026 1:11:35 PM,0
2/19/2026 1:11:36 PM,0
2/19/2026 1:11:37 PM,0
2/19/2026 1:11:38 PM,0
2/19/2026 1:11:39 PM,
2/19/2026 1:11:40 PM,
2/19/2026 1:11:41 PM,
2/19/2026 1:11:42 PM,0
2/19/2026 1:11:43 PM,0
2/19/2026 1:11:44 PM,0
2/19/2026 1:11:45 PM,0
2/19/2026 1:11:46 PM,0
2/19/2026 1:11:47 PM,0
2/19/2026 1:11:48 PM,0
2/19/2026 1:11:49 PM,0
2/19/2026 1:11:50 PM,0
2/19/2026 1:11:51 PM,
2/19/2026 1:11:52 PM,0
2/19/2026 1:11:53 PM,0
2/19/2026 1:11:54 PM,0
2/19/2026 1:11:55 PM,
2/19/2026 1:11:56 PM,0
2/19/2026 1:11:57 PM,
2/19/2026 1:11:58 PM,0.858952448470518
2/19/2026 1:11:59 PM,0.858952448470518
2/19/2026 1:12:00 PM,1.01638151099905
2/19/2026 1:12:01 PM,
2/19/2026 1:12:02 PM,
2/19/2026 1:12:03 PM,0.899271760135889
2/19/2026 1:12:04 PM,1.017090305686
2/19/2026 1:12:05 PM,0.940876803360879
2/19/2026 1:12:06 PM,1.02957389317453
2/19/2026 1:12:07 PM,0.83563273656182
2/19/2026 1:12:08 PM,0
2/19/2026 1:12:09 PM,0
2/19/2026 1:12:10 PM,0
2/19/2026 1:12:11 PM,0
2/19/2026 1:12:12 PM,0.856971595203504
2/19/2026 1:12:13 PM,1.11039597541094
2/19/2026 1:12:14 PM,1.11039597541094
2/19/2026 1:12:15 PM,1.51380848838016
2/19/2026 1:12:16 PM,1.51380848838016
2/19/2026 1:12:17 PM,1.41794057562947
2/19/2026 1:12:18 PM,1.41794057562947
2/19/2026 1:12:19 PM,1.71988512156531
2/19/2026 1:12:20 PM,1.65059957653284
2/19/2026 1:12:21 PM,1.52894044294953
2/19/2026 1:12:22 PM,1.27685407642275
2/19/2026 1:12:23 PM,1.27685407642275
2/19/2026 1:12:24 PM,0.929940829519182
2/19/2026 1:12:25 PM,
2/19/2026 1:12:26 PM,0
2/19/2026 1:12:27 PM,0
2/19/2026 1:12:28 PM,0
2/19/2026 1:12:29 PM,0
2/19/2026 1:12:30 PM,
2/19/2026 1:12:31 PM,0
2/19/2026 1:12:32 PM,0
2/19/2026 1:12:33 PM,0
2/19/2026 1:12:34 PM,0
2/19/2026 1:12:35 PM,
2/19/2026 1:12:36 PM,
2/19/2026 1:12:37 PM,0
2/19/2026 1:12:38 PM,0
2/19/2026 1:12:39 PM,
2/19/2026 1:12:40 PM,0
2/19/2026 1:12:41 PM,0
2/19/2026 1:12:42 PM,
2/19/2026 1:12:43 PM,0
2/19/2026 1:12:44 PM,0
2/19/2026 1:12:45 PM,0
2/19/2026 1:12:46 PM,0
2/19/2026 1:12:47 PM,
2/19/2026 1:12:48 PM,
2/19/2026 1:12:49 PM,
2/19/2026 1:12:50 PM,0
2/19/2026 1:12:51 PM,0
2/19/2026 1:12:52 PM,
2/19/2026 1:12:53 PM,
2/19/2026 1:12:54 PM,0
2/19/2026 1:12:55 PM,0
2/19/2026 1:12:56 PM,0
2/19/2026 1:12:57 PM,0
2/19/2026 1:12:58 PM,0
2/19/2026 1:12:59 PM,0
2/19/2026 1:13:00 PM,0
2/19/2026 1:13:01 PM,0
2/19/2026 1:13:02 PM,0
2/19/2026 1:13:03 PM,0
2/19/2026 1:13:04 PM,0
2/19/2026 1:13:05 PM,0
2/19/2026 1:13:06 PM,0
2/19/2026 1:13:07 PM,0
2/19/2026 1:13:08 PM,1.00953653454781
2/19/2026 1:13:09 PM,1.00953653454781
2/19/2026 1:13:10 PM,0
2/19/2026 1:13:11 PM,0
2/19/2026 1:13:12 PM,0
2/19/2026 1:13:13 PM,
2/19/2026 1:13:14 PM,0
2/19/2026 1:13:15 PM,
2/19/2026 1:13:16 PM,
2/19/2026 1:13:17 PM,
2/19/2026 1:13:18 PM,
2/19/2026 1:13:19 PM,11.6368451155722
2/19/2026 1:13:20 PM,11.5984300151467
2/19/2026 1:13:21 PM,
2/19/2026 1:13:22 PM,
2/19/2026 1:13:23 PM,
2/19/2026 1:13:24 PM,11.5464295260608
2/19/2026 1:13:25 PM,11.5264462307096
2/19/2026 1:13:26 PM,
2/19/2026 1:13:27 PM,11.7219683714211
2/19/2026 1:13:28 PM,11.8697555735707
2/19/2026 1:13:29 PM,11.6810353472829
2/19/2026 1:13:30 PM,11.7068817839026
2/19/2026 1:13:31 PM,
2/19/2026 1:13:32 PM,10.6280084699392
2/19/2026 1:13:33 PM,10.3639692999423
2/19/2026 1:13:34 PM,8.47475789487362
2/19/2026 1:13:35 PM,7.21817314624786
2/19/2026 1:13:36 PM,5.75259318575263
2/19/2026 1:13:37 PM,4.84777092933655
2/19/2026 1:13:38 PM,3.56686734594405
2/19/2026 1:13:39 PM,1.0923154768534
2/19/2026 1:13:40 PM,1.0923154768534
2/19/2026 1:13:41 PM,0
2/19/2026 1:13:42 PM,0
2/19/2026 1:13:43 PM,0
2/19/2026 1:13:44 PM,
2/19/2026 1:13:45 PM,0
2/19/2026 1:13:46 PM,0
2/19/2026 1:13:47 PM,0
2/19/2026 1:13:48 PM,0
2/19/2026 1:13:49 PM,0
2/19/2026 1:13:50 PM,0
2/19/2026 1:13:51 PM,0
2/19/2026 1:13:52 PM,0
2/19/2026 1:13:53 PM,0
2/19/2026 1:13:54 PM,0
2/19/2026 1:13:55 PM,0
2/19/2026 1:13:56 PM,0
2/19/2026 1:13:57 PM,0
2/19/2026 1:13:58 PM,0
2/19/2026 1:13:59 PM,
2/19/2026 1:14:00 PM,0
2/19/2026 1:14:01 PM,0
2/19/2026 1:14:02 PM,
2/19/2026 1:14:03 PM,
2/19/2026 1:14:04 PM,
2/19/2026 1:14:05 PM,
2/19/2026 1:14:06 PM,0
2/19/2026 1:14:07 PM,0
2/19/2026 1:14:08 PM,
2/19/2026 1:14:09 PM,0
2/19/2026 1:14:10 PM,0
2/19/2026 1:14:11 PM,0
2/19/2026 1:14:12 PM,0
2/19/2026 1:14:13 PM,0
2/19/2026 1:14:14 PM,0
2/19/2026 1:14:15 PM,
2/19/2026 1:14:16 PM,
2/19/2026 1:14:17 PM,0
2/19/2026 1:14:18 PM,0
2/19/2026 1:14:19 PM,
2/19/2026 1:14:20 PM,0
2/19/2026 1:14:21 PM,0
2/19/2026 1:14:22 PM,0
2/19/2026 1:14:23 PM,0
2/19/2026 1:14:24 PM,0
2/19/2026 1:14:25 PM,0
2/19/2026 1:14:26 PM,0
2/19/2026 1:14:27 PM,0
2/19/2026 1:14:28 PM,0
2/19/2026 1:14:29 PM,0
2/19/2026 1:14:30 PM,0
2/19/2026 1:14:31 PM,0
2/19/2026 1:14:32 PM,0
2/19/2026 1:14:33 PM,0
2/19/2026 1:14:34 PM,0
2/19/2026 1:14:35 PM,0
2/19/2026 1:14:36 PM,
2/19/2026 1:14:37 PM,0
2/19/2026 1:14:38 PM,0
2/19/2026 1:14:39 PM,0
2/19/2026 1:14:40 PM,0
2/19/2026 1:14:41 PM,0
2/19/2026 1:14:42 PM,0
2/19/2026 1:14:43 PM,0.831816089339554
2/19/2026 1:14:44 PM,0.851501041324809
2/19/2026 1:14:45 PM,1.12390540307388
2/19/2026 1:14:46 PM,1.09617681009695
2/19/2026 1:14:47 PM,
2/19/2026 1:14:48 PM,
2/19/2026 1:14:49 PM,1.16305612027645
2/19/2026 1:14:50 PM,1.112888334319
2/19/2026 1:14:51 PM,1.0990638518706
2/19/2026 1:14:52 PM,
2/19/2026 1:14:53 PM,
2/19/2026 1:14:54 PM,1.15951560437679
2/19/2026 1:14:55 PM,
2/19/2026 1:14:56 PM,
2/19/2026 1:14:57 PM,
2/19/2026 1:14:58 PM,0
2/19/2026 1:14:59 PM,
2/19/2026 1:15:00 PM,0
2/19/2026 1:15:01 PM,0
2/19/2026 1:15:02 PM,
2/19/2026 1:15:03 PM,
2/19/2026 1:15:04 PM,0.916332495398819
2/19/2026 1:15:05 PM,0
2/19/2026 1:15:06 PM,0
2/19/2026 1:15:07 PM,0
2/19/2026 1:15:08 PM,0
2/19/2026 1:15:09 PM,0
2/19/2026 1:15:10 PM,
2/19/2026 1:15:11 PM,0
2/19/2026 1:15:12 PM,
2/19/2026 1:15:13 PM,0
2/19/2026 1:15:14 PM,0
2/19/2026 1:15:15 PM,0
2/19/2026 1:15:16 PM,0
2/19/2026 1:15:17 PM,0
2/19/2026 1:15:18 PM,0
2/19/2026 1:15:19 PM,
2/19/2026 1:15:20 PM,0
2/19/2026 1:15:21 PM,0
2/19/2026 1:15:22 PM,0
2/19/2026 1:15:23 PM,0
2/19/2026 1:15:24 PM,0
2/19/2026 1:15:25 PM,0
2/19/2026 1:15:26 PM,0
2/19/2026 1:15:27 PM,0
2/19/2026 1:15:28 PM,0
2/19/2026 1:15:29 PM,0
2/19/2026 1:15:30 PM,0
2/19/2026 1:15:31 PM,0
2/19/2026 1:15:32 PM,0
2/19/2026 1:15:33 PM,
2/19/2026 1:15:34 PM,0
2/19/2026 1:15:35 PM,0
2/19/2026 1:15:36 PM,0
2/19/2026 1:15:37 PM,0.83455047570169
2/19/2026 1:15:38 PM,0.826691498514265
2/19/2026 1:15:39 PM,0.826691498514265
2/19/2026 1:15:40 PM,0.859956757631153
2/19/2026 1:15:41 PM,1.01969257229939
2/19/2026 1:15:42 PM,1.04726987192407
2/19/2026 1:15:43 PM,
2/19/2026 1:15:44 PM,0
2/19/2026 1:15:45 PM,0
2/19/2026 1:15:46 PM,0
2/19/2026 1:15:47 PM,0
2/19/2026 1:15:48 PM,0
2/19/2026 1:15:49 PM,0
2/19/2026 1:15:50 PM,0
2/19/2026 1:15:51 PM,0
2/19/2026 1:15:52 PM,0
2/19/2026 1:15:53 PM,0
2/19/2026 1:15:54 PM,0.82039778935723
2/19/2026 1:15:55 PM,
2/19/2026 1:15:56 PM,
2/19/2026 1:15:57 PM,1.07898007845506
2/19/2026 1:15:58 PM,0.883785774931312
2/19/2026 1:15:59 PM,0
2/19/2026 1:16:00 PM,0
2/19/2026 1:16:01 PM,
2/19/2026 1:16:02 PM,0.89601140934974
2/19/2026 1:16:03 PM,
2/19/2026 1:16:04 PM,0.954872486181557
2/19/2026 1:16:05 PM,0
2/19/2026 1:16:06 PM,0
2/19/2026 1:16:07 PM,0
2/19/2026 1:16:08 PM,0
2/19/2026 1:16:09 PM,0
2/19/2026 1:16:10 PM,0
2/19/2026 1:16:11 PM,0
2/19/2026 1:16:12 PM,0
2/19/2026 1:16:13 PM,
2/19/2026 1:16:14 PM,
2/19/2026 1:16:15 PM,0
2/19/2026 1:16:16 PM,0
2/19/2026 1:16:17 PM,0
2/19/2026 1:16:18 PM,0
2/19/2026 1:16:19 PM,0
2/19/2026 1:16:20 PM,
2/19/2026 1:16:21 PM,
2/19/2026 1:16:22 PM,
2/19/2026 1:16:23 PM,0
2/19/2026 1:16:24 PM,
2/19/2026 1:16:25 PM,
2/19/2026 1:16:26 PM,0
2/19/2026 1:16:27 PM,0
2/19/2026 1:16:28 PM,0
2/19/2026 1:16:29 PM,
2/19/2026 1:16:30 PM,
2/19/2026 1:16:31 PM,
2/19/2026 1:16:32 PM,
2/19/2026 1:16:33 PM,
2/19/2026 1:16:34 PM,
2/19/2026 1:16:35 PM,
2/19/2026 1:16:36 PM,0
2/19/2026 1:16:37 PM,0
2/19/2026 1:16:38 PM,0
2/19/2026 1:16:39 PM,
2/19/2026 1:16:40 PM,
2/19/2026 1:16:41 PM,0
2/19/2026 1:16:42 PM,0
2/19/2026 1:16:43 PM,0
2/19/2026 1:16:44 PM,0
2/19/2026 1:16:45 PM,
2/19/2026 1:16:46 PM,0
2/19/2026 1:16:47 PM,0
2/19/2026 1:16:48 PM,0
2/19/2026 1:16:49 PM,0
2/19/2026 1:16:50 PM,0
2/19/2026 1:16:51 PM,
2/19/2026 1:16:52 PM,0
2/19/2026 1:16:53 PM,0
2/19/2026 1:16:54 PM,
2/19/2026 1:16:55 PM,
2/19/2026 1:16:56 PM,
2/19/2026 1:16:57 PM,
2/19/2026 1:16:58 PM,
2/19/2026 1:16:59 PM,0.965168920811266
2/19/2026 1:17:00 PM,
2/19/2026 1:17:01 PM,1.77422489505261
2/19/2026 1:17:02 PM,
2/19/2026 1:17:03 PM,1.77288693375885
2/19/2026 1:17:04 PM,1.85904807876796
2/19/2026 1:17:05 PM,
2/19/2026 1:17:06 PM,
2/19/2026 1:17:07 PM,
2/19/2026 1:17:08 PM,
2/19/2026 1:17:09 PM,
2/19/2026 1:17:10 PM,
2/19/2026 1:17:11 PM,1.95605708286166
2/19/2026 1:17:12 PM,
2/19/2026 1:17:13 PM,1.69814707478508
2/19/2026 1:17:14 PM,1.69814707478508
2/19/2026 1:17:15 PM,
2/19/2026 1:17:16 PM,1.5567920403555
2/19/2026 1:17:17 PM,
2/19/2026 1:17:18 PM,0.943074328824878
2/19/2026 1:17:19 PM,0.850258371792734
2/19/2026 1:17:20 PM,0
2/19/2026 1:17:21 PM,0
2/19/2026 1:17:22 PM,0
2/19/2026 1:17:23 PM,0
2/19/2026 1:17:24 PM,0
2/19/2026 1:17:25 PM,
2/19/2026 1:17:26 PM,
2/19/2026 1:17:27 PM,1.07506007188931
2/19/2026 1:17:28 PM,0.834973290329799
2/19/2026 1:17:29 PM,0.834973290329799
2/19/2026 1:17:30 PM,1.21644748141989
2/19/2026 1:17:31 PM,0.988105789292604
2/19/2026 1:17:32 PM,0
2/19/2026 1:17:33 PM,0
2/19/2026 1:17:34 PM,0
2/19/2026 1:17:35 PM,0
2/19/2026 1:17:36 PM,1.17698296671733
2/19/2026 1:17:37 PM,0.939281936734915
2/19/2026 1:17:38 PM,0
2/19/2026 1:17:39 PM,
2/19/2026 1:17:40 PM,1.03957235114649
2/19/2026 1:17:41 PM,1.34150474332273
2/19/2026 1:17:42 PM,0.871917681070045
2/19/2026 1:17:43 PM,1.02157169021666
2/19/2026 1:17:44 PM,1.15279509918764
2/19/2026 1:17:45 PM,1.3970103347674
2/19/2026 1:17:46 PM,1.36232140939683
2/19/2026 1:17:47 PM,1.60283771110699
2/19/2026 1:17:48 PM,2.05351954791695
2/19/2026 1:17:49 PM,2.10619813296944
2/19/2026 1:17:50 PM,1.26243364065886
2/19/2026 1:17:51 PM,1.26243364065886
2/19/2026 1:17:52 PM,0
2/19/2026 1:17:53 PM,0
2/19/2026 1:17:54 PM,0
2/19/2026 1:17:55 PM,0
2/19/2026 1:17:56 PM,0.965760054532439
2/19/2026 1:17:57 PM,
2/19/2026 1:17:58 PM,1.18675123667344
2/19/2026 1:17:59 PM,0.946527253836393
2/19/2026 1:18:00 PM,1.16656792815775
2/19/2026 1:18:01 PM,
2/19/2026 1:18:02 PM,1.28121916204691
2/19/2026 1:18:03 PM,1.28121916204691
2/19/2026 1:18:04 PM,1.31295713363215
2/19/2026 1:18:05 PM,1.48107652785257
2/19/2026 1:18:06 PM,1.40963683370501
2/19/2026 1:18:07 PM,0.903984799515456
2/19/2026 1:18:08 PM,0
2/19/2026 1:18:09 PM,0
2/19/2026 1:18:10 PM,0
2/19/2026 1:18:11 PM,0
2/19/2026 1:18:12 PM,0
2/19/2026 1:18:13 PM,0
2/19/2026 1:18:14 PM,0
2/19/2026 1:18:15 PM,0
2/19/2026 1:18:16 PM,
2/19/2026 1:18:17 PM,
2/19/2026 1:18:18 PM,
2/19/2026 1:18:19 PM,
2/19/2026 1:18:20 PM,0
2/19/2026 1:18:21 PM,
2/19/2026 1:18:22 PM,
2/19/2026 1:18:23 PM,1.14157822681591
2/19/2026 1:18:24 PM,
2/19/2026 1:18:25 PM,1.53420700225979
2/19/2026 1:18:26 PM,
2/19/2026 1:18:27 PM,1.84557375032455
2/19/2026 1:18:28 PM,1.69323915615678
2/19/2026 1:18:29 PM,
2/19/2026 1:18:30 PM,1.88443623483181
2/19/2026 1:18:31 PM,
2/19/2026 1:18:32 PM,
2/19/2026 1:18:33 PM,
2/19/2026 1:18:34 PM,1.78705737926066
2/19/2026 1:18:35 PM,
2/19/2026 1:18:36 PM,
2/19/2026 1:18:37 PM,1.36160863330588
2/19/2026 1:18:38 PM,1.41204065876082
2/19/2026 1:18:39 PM,1.46249573444948
2/19/2026 1:18:40 PM,1.1650558328256
2/19/2026 1:18:41 PM,1.23800248838961
2/19/2026 1:18:42 PM,1.37689313851297
2/19/2026 1:18:43 PM,1.26123251393437
2/19/2026 1:18:44 PM,1.08693974325433
2/19/2026 1:18:45 PM,1.12299628090113
2/19/2026 1:18:46 PM,
2/19/2026 1:18:47 PM,
2/19/2026 1:18:48 PM,0.846812257077545
2/19/2026 1:18:49 PM,0
2/19/2026 1:18:50 PM,
2/19/2026 1:18:51 PM,0
2/19/2026 1:18:52 PM,0
2/19/2026 1:18:53 PM,0
2/19/2026 1:18:54 PM,0
2/19/2026 1:18:55 PM,0
2/19/2026 1:18:56 PM,0
2/19/2026 1:18:57 PM,0
2/19/2026 1:18:58 PM,0
2/19/2026 1:18:59 PM,0
2/19/2026 1:19:00 PM,0
2/19/2026 1:19:01 PM,0
2/19/2026 1:19:02 PM,
2/19/2026 1:19:03 PM,0.81251377123408
2/19/2026 1:19:04 PM,0.925236905459315
2/19/2026 1:19:05 PM,0.925703777465969
2/19/2026 1:19:06 PM,0.919653405435383
2/19/2026 1:19:07 PM,0
2/19/2026 1:19:08 PM,0.975448696408421
2/19/2026 1:19:09 PM,0.966070918366313
2/19/2026 1:19:10 PM,0.935568124987185
2/19/2026 1:19:11 PM,
2/19/2026 1:19:12 PM,1.09464606503025
2/19/2026 1:19:13 PM,1.11613946501166
2/19/2026 1:19:14 PM,
2/19/2026 1:19:15 PM,0.882127205841243
2/19/2026 1:19:16 PM,0
2/19/2026 1:19:17 PM,0
2/19/2026 1:19:18 PM,0
2/19/2026 1:19:19 PM,0
2/19/2026 1:19:20 PM,0
2/19/2026 1:19:21 PM,
2/19/2026 1:19:22 PM,0
2/19/2026 1:19:23 PM,0
2/19/2026 1:19:24 PM,0
2/19/2026 1:19:25 PM,0
2/19/2026 1:19:26 PM,0
2/19/2026 1:19:27 PM,0
2/19/2026 1:19:28 PM,0
2/19/2026 1:19:29 PM,0
2/19/2026 1:19:30 PM,0
2/19/2026 1:19:31 PM,0
2/19/2026 1:19:32 PM,0
2/19/2026 1:19:33 PM,
2/19/2026 1:19:34 PM,0
2/19/2026 1:19:35 PM,0
2/19/2026 1:19:36 PM,0
2/19/2026 1:19:37 PM,0
2/19/2026 1:19:38 PM,0
2/19/2026 1:19:39 PM,0
2/19/2026 1:19:40 PM,0
2/19/2026 1:19:41 PM,0
2/19/2026 1:19:42 PM,0
2/19/2026 1:19:43 PM,0
2/19/2026 1:19:44 PM,0
2/19/2026 1:19:45 PM,0
2/19/2026 1:19:46 PM,0
2/19/2026 1:19:47 PM,0
2/19/2026 1:19:48 PM,0
2/19/2026 1:19:49 PM,0
2/19/2026 1:19:50 PM,0
2/19/2026 1:19:51 PM,0
2/19/2026 1:19:52 PM,0
2/19/2026 1:19:53 PM,0
2/19/2026 1:19:54 PM,0
2/19/2026 1:19:55 PM,0
2/19/2026 1:19:56 PM,0
2/19/2026 1:19:57 PM,0.81546189612709
2/19/2026 1:19:58 PM,0
2/19/2026 1:19:59 PM,
2/19/2026 1:20:00 PM,0
2/19/2026 1:20:01 PM,0
2/19/2026 1:20:02 PM,0
2/19/2026 1:20:03 PM,0
2/19/2026 1:20:04 PM,0
2/19/2026 1:20:05 PM,0
2/19/2026 1:20:06 PM,0
2/19/2026 1:20:07 PM,0
2/19/2026 1:20:08 PM,0
2/19/2026 1:20:09 PM,0
2/19/2026 1:20:10 PM,0
2/19/2026 1:20:11 PM,0
2/19/2026 1:20:12 PM,0
2/19/2026 1:20:13 PM,0
2/19/2026 1:20:14 PM,0
2/19/2026 1:20:15 PM,0
2/19/2026 1:20:16 PM,0
2/19/2026 1:20:17 PM,
2/19/2026 1:20:18 PM,0
2/19/2026 1:20:19 PM,
2/19/2026 1:20:20 PM,
2/19/2026 1:20:21 PM,0
2/19/2026 1:20:22 PM,0
2/19/2026 1:20:23 PM,
2/19/2026 1:20:24 PM,0
2/19/2026 1:20:25 PM,0
2/19/2026 1:20:26 PM,
2/19/2026 1:20:27 PM,0
2/19/2026 1:20:28 PM,0
2/19/2026 1:20:29 PM,0
2/19/2026 1:20:30 PM,0
2/19/2026 1:20:31 PM,0
2/19/2026 1:20:32 PM,
2/19/2026 1:20:33 PM,0
2/19/2026 1:20:34 PM,0
2/19/2026 1:20:35 PM,0
2/19/2026 1:20:36 PM,0
2/19/2026 1:20:37 PM,0
2/19/2026 1:20:38 PM,0
2/19/2026 1:20:39 PM,0
2/19/2026 1:20:40 PM,0
2/19/2026 1:20:41 PM,
2/19/2026 1:20:42 PM,0
2/19/2026 1:20:43 PM,0
2/19/2026 1:20:44 PM,0
2/19/2026 1:20:45 PM,0
2/19/2026 1:20:46 PM,0
2/19/2026 1:20:47 PM,
2/19/2026 1:20:48 PM,
2/19/2026 1:20:49 PM,
2/19/2026 1:20:50 PM,
2/19/2026 1:20:51 PM,0
2/19/2026 1:20:52 PM,0
2/19/2026 1:20:53 PM,0
2/19/2026 1:20:54 PM,0
2/19/2026 1:20:55 PM,0
2/19/2026 1:20:56 PM,0
2/19/2026 1:20:57 PM,0
2/19/2026 1:20:58 PM,0
2/19/2026 1:20:59 PM,0
2/19/2026 1:21:00 PM,0
2/19/2026 1:21:01 PM,0
2/19/2026 1:21:02 PM,0
2/19/2026 1:21:03 PM,0
2/19/2026 1:21:04 PM,0
2/19/2026 1:21:05 PM,0
2/19/2026 1:21:06 PM,0
2/19/2026 1:21:07 PM,0
2/19/2026 1:21:08 PM,0
2/19/2026 1:21:09 PM,0
2/19/2026 1:21:10 PM,0
2/19/2026 1:21:11 PM,0
2/19/2026 1:21:12 PM,
2/19/2026 1:21:13 PM,
2/19/2026 1:21:14 PM,0
2/19/2026 1:21:15 PM,0
2/19/2026 1:21:16 PM,0
2/19/2026 1:21:17 PM,0
2/19/2026 1:21:18 PM,0
2/19/2026 1:21:19 PM,0
2/19/2026 1:21:20 PM,0
2/19/2026 1:21:21 PM,0
2/19/2026 1:21:22 PM,0
2/19/2026 1:21:23 PM,0
2/19/2026 1:21:24 PM,
2/19/2026 1:21:25 PM,0
2/19/2026 1:21:26 PM,0
2/19/2026 1:21:27 PM,0
2/19/2026 1:21:28 PM,0
2/19/2026 1:21:29 PM,0
2/19/2026 1:21:30 PM,0
2/19/2026 1:21:31 PM,0
2/19/2026 1:21:32 PM,0
2/19/2026 1:21:33 PM,0
2/19/2026 1:21:34 PM,0
2/19/2026 1:21:35 PM,0
2/19/2026 1:21:36 PM,0
2/19/2026 1:21:37 PM,0
2/19/2026 1:21:38 PM,0
2/19/2026 1:21:39 PM,0
2/19/2026 1:21:40 PM,0
2/19/2026 1:21:41 PM,0
2/19/2026 1:21:42 PM,0
2/19/2026 1:21:43 PM,0
2/19/2026 1:21:44 PM,0
2/19/2026 1:21:45 PM,0
2/19/2026 1:21:46 PM,
2/19/2026 1:21:47 PM,0
2/19/2026 1:21:48 PM,0
2/19/2026 1:21:49 PM,0
2/19/2026 1:21:50 PM,0
2/19/2026 1:21:51 PM,0
2/19/2026 1:21:52 PM,0
2/19/2026 1:21:53 PM,0
2/19/2026 1:21:54 PM,0
2/19/2026 1:21:55 PM,0
2/19/2026 1:21:56 PM,0
2/19/2026 1:21:57 PM,0
2/19/2026 1:21:58 PM,0.811329041607678
2/19/2026 1:21:59 PM,0
2/19/2026 1:22:00 PM,0
2/19/2026 1:22:01 PM,0
2/19/2026 1:22:02 PM,0
2/19/2026 1:22:03 PM,0
2/19/2026 1:22:04 PM,0
2/19/2026 1:22:05 PM,0
2/19/2026 1:22:06 PM,0
2/19/2026 1:22:07 PM,0
2/19/2026 1:22:08 PM,0
2/19/2026 1:22:09 PM,0
2/19/2026 1:22:10 PM,0
2/19/2026 1:22:11 PM,-0.85173777770251
2/19/2026 1:22:12 PM,-0.817774096503854
2/19/2026 1:22:13 PM,0
2/19/2026 1:22:14 PM,0
2/19/2026 1:22:15 PM,0
2/19/2026 1:22:16 PM,-0.917901273351163
2/19/2026 1:22:17 PM,-1.25088599743322
2/19/2026 1:22:18 PM,-0.9282186627388
2/19/2026 1:22:19 PM,0
2/19/2026 1:22:20 PM,0
2/19/2026 1:22:21 PM,0
2/19/2026 1:22:22 PM,0
2/19/2026 1:22:23 PM,0
2/19/2026 1:22:24 PM,0
2/19/2026 1:22:25 PM,0
2/19/2026 1:22:26 PM,0
2/19/2026 1:22:27 PM,0
2/19/2026 1:22:28 PM,0
2/19/2026 1:22:29 PM,0
2/19/2026 1:22:30 PM,0
2/19/2026 1:22:31 PM,0
2/19/2026 1:22:32 PM,0
2/19/2026 1:22:33 PM,0
2/19/2026 1:22:34 PM,0
2/19/2026 1:22:35 PM,0
2/19/2026 1:22:36 PM,0
2/19/2026 1:22:37 PM,0
2/19/2026 1:22:38 PM,0
2/19/2026 1:22:39 PM,0
2/19/2026 1:22:40 PM,0
2/19/2026 1:22:41 PM,0
2/19/2026 1:22:42 PM,0
2/19/2026 1:22:43 PM,0.895664398558438
2/19/2026 1:22:44 PM,0.974591542035341
2/19/2026 1:22:45 PM,0.940438220277429
2/19/2026 1:22:46 PM,0.976246548816562
2/19/2026 1:22:47 PM,1.06994669185951
2/19/2026 1:22:48 PM,1.13207178656012
2/19/2026 1:22:49 PM,1.33442046353593
2/19/2026 1:22:50 PM,1.22843674616888
2/19/2026 1:22:51 PM,1.23892973642796
2/19/2026 1:22:52 PM,1.14853751147166
2/19/2026 1:22:53 PM,1.24288264196366
2/19/2026 1:22:54 PM,1.28450497286394
2/19/2026 1:22:55 PM,1.23743995791301
2/19/2026 1:22:56 PM,1.23743995791301
2/19/2026 1:22:57 PM,1.18114521028474
2/19/2026 1:22:58 PM,1.09531221678481
2/19/2026 1:22:59 PM,1.19568959344178
2/19/2026 1:23:00 PM,1.21781111229211
2/19/2026 1:23:01 PM,1.0058629559353
2/19/2026 1:23:02 PM,0.940718699712306
2/19/2026 1:23:03 PM,
2/19/2026 1:23:04 PM,0.865546229761094
2/19/2026 1:23:05 PM,0
2/19/2026 1:23:06 PM,0
2/19/2026 1:23:07 PM,0
2/19/2026 1:23:08 PM,0
2/19/2026 1:23:09 PM,0
2/19/2026 1:23:10 PM,0
2/19/2026 1:23:11 PM,0
2/19/2026 1:23:12 PM,0
2/19/2026 1:23:13 PM,0
2/19/2026 1:23:14 PM,0
2/19/2026 1:23:15 PM,0
2/19/2026 1:23:16 PM,0
2/19/2026 1:23:17 PM,0
2/19/2026 1:23:18 PM,0
2/19/2026 1:23:19 PM,0
2/19/2026 1:23:20 PM,0
2/19/2026 1:23:21 PM,0
2/19/2026 1:23:22 PM,0
2/19/2026 1:23:23 PM,0.834116712212563
2/19/2026 1:23:24 PM,0
2/19/2026 1:23:25 PM,0
2/19/2026 1:23:26 PM,0
2/19/2026 1:23:27 PM,0
2/19/2026 1:23:28 PM,0
2/19/2026 1:23:29 PM,
2/19/2026 1:23:30 PM,0
2/19/2026 1:23:31 PM,0
2/19/2026 1:23:32 PM,0
2/19/2026 1:23:33 PM,0
2/19/2026 1:23:34 PM,0
2/19/2026 1:23:35 PM,0
2/19/2026 1:23:36 PM,
2/19/2026 1:23:37 PM,0
2/19/2026 1:23:38 PM,0
2/19/2026 1:23:39 PM,0
2/19/2026 1:23:40 PM,0
2/19/2026 1:23:41 PM,0
2/19/2026 1:23:42 PM,
2/19/2026 1:23:43 PM,
2/19/2026 1:23:44 PM,0
2/19/2026 1:23:45 PM,0
2/19/2026 1:23:46 PM,0
2/19/2026 1:23:47 PM,0
2/19/2026 1:23:48 PM,0
2/19/2026 1:23:49 PM,0
2/19/2026 1:23:50 PM,0
2/19/2026 1:23:51 PM,0
2/19/2026 1:23:52 PM,0
2/19/2026 1:23:53 PM,0
2/19/2026 1:23:54 PM,0
2/19/2026 1:23:55 PM,0
2/19/2026 1:23:56 PM,0
2/19/2026 1:23:57 PM,0
2/19/2026 1:23:58 PM,0
2/19/2026 1:23:59 PM,0
2/19/2026 1:24:00 PM,0
2/19/2026 1:24:01 PM,0
2/19/2026 1:24:02 PM,0
2/19/2026 1:24:03 PM,0
2/19/2026 1:24:04 PM,0
2/19/2026 1:24:05 PM,0
2/19/2026 1:24:06 PM,0
2/19/2026 1:24:07 PM,0
2/19/2026 1:24:08 PM,0
2/19/2026 1:24:09 PM,0
2/19/2026 1:24:10 PM,0
2/19/2026 1:24:11 PM,0
2/19/2026 1:24:12 PM,0
2/19/2026 1:24:13 PM,0
2/19/2026 1:24:14 PM,0
2/19/2026 1:24:15 PM,0
2/19/2026 1:24:16 PM,0
2/19/2026 1:24:17 PM,
2/19/2026 1:24:18 PM,
2/19/2026 1:24:19 PM,0
2/19/2026 1:24:20 PM,0
2/19/2026 1:24:21 PM,0
2/19/2026 1:24:22 PM,0
2/19/2026 1:24:23 PM,0
2/19/2026 1:24:24 PM,0
2/19/2026 1:24:25 PM,0
2/19/2026 1:24:26 PM,0
2/19/2026 1:24:27 PM,0
2/19/2026 1:24:28 PM,0
2/19/2026 1:24:29 PM,0
2/19/2026 1:24:30 PM,0
2/19/2026 1:24:31 PM,0
2/19/2026 1:24:32 PM,0
2/19/2026 1:24:33 PM,0
2/19/2026 1:24:34 PM,0
2/19/2026 1:24:35 PM,0
2/19/2026 1:24:36 PM,0
2/19/2026 1:24:37 PM,0
2/19/2026 1:24:38 PM,0
2/19/2026 1:24:39 PM,0
2/19/2026 1:24:40 PM,0
2/19/2026 1:24:41 PM,0
2/19/2026 1:24:42 PM,0
2/19/2026 1:24:43 PM,0
2/19/2026 1:24:44 PM,0
2/19/2026 1:24:45 PM,0
2/19/2026 1:24:46 PM,0
2/19/2026 1:24:47 PM,0
2/19/2026 1:24:48 PM,0
2/19/2026 1:24:49 PM,0
2/19/2026 1:24:50 PM,0
2/19/2026 1:24:51 PM,0
2/19/2026 1:24:52 PM,0
2/19/2026 1:24:53 PM,0
2/19/2026 1:24:54 PM,0
2/19/2026 1:24:55 PM,0
2/19/2026 1:24:56 PM,0.864696933422238
2/19/2026 1:24:57 PM,0.846370845101774
2/19/2026 1:24:58 PM,0.914419745095074
2/19/2026 1:24:59 PM,0.933592615183443
2/19/2026 1:25:00 PM,0.951843371149153
2/19/2026 1:25:01 PM,0.999356294050813
2/19/2026 1:25:02 PM,0.976719183381647
2/19/2026 1:25:03 PM,0.815285457065329
2/19/2026 1:25:04 PM,0
2/19/2026 1:25:05 PM,0
2/19/2026 1:25:06 PM,0
2/19/2026 1:25:07 PM,0
2/19/2026 1:25:08 PM,0
2/19/2026 1:25:09 PM,0
2/19/2026 1:25:10 PM,0
2/19/2026 1:25:11 PM,0
2/19/2026 1:25:12 PM,0
2/19/2026 1:25:13 PM,0
2/19/2026 1:25:14 PM,0
2/19/2026 1:25:15 PM,-0.882941926829517
2/19/2026 1:25:16 PM,0
2/19/2026 1:25:17 PM,0
2/19/2026 1:25:18 PM,-0.858737924136221
2/19/2026 1:25:19 PM,-0.91574345715344
2/19/2026 1:25:20 PM,-1.03717868914828
2/19/2026 1:25:21 PM,-1.13673139130697
2/19/2026 1:25:22 PM,-0.918981386348605
2/19/2026 1:25:23 PM,0
2/19/2026 1:25:24 PM,-0.819616595981643
2/19/2026 1:25:25 PM,0
2/19/2026 1:25:26 PM,0
2/19/2026 1:25:27 PM,0
2/19/2026 1:25:28 PM,0
2/19/2026 1:25:29 PM,0
2/19/2026 1:25:30 PM,0
2/19/2026 1:25:31 PM,0
2/19/2026 1:25:32 PM,0
2/19/2026 1:25:33 PM,0
2/19/2026 1:25:34 PM,0
2/19/2026 1:25:35 PM,0.991220190189779
2/19/2026 1:25:36 PM,1.05180374812335
2/19/2026 1:25:37 PM,1.15928866434842
2/19/2026 1:25:38 PM,1.01469088112935
2/19/2026 1:25:39 PM,1.01761427940801
2/19/2026 1:25:40 PM,1.07745970599353
2/19/2026 1:25:41 PM,1.3242902001366
2/19/2026 1:25:42 PM,1.1459186905995
2/19/2026 1:25:43 PM,1.00257127778605
2/19/2026 1:25:44 PM,1.02665405720472
2/19/2026 1:25:45 PM,1.1769995209761
2/19/2026 1:25:46 PM,1.1769995209761
2/19/2026 1:25:47 PM,1.05981517117471
2/19/2026 1:25:48 PM,
2/19/2026 1:25:49 PM,1.02023100480437
2/19/2026 1:25:50 PM,0.969763880129904
2/19/2026 1:25:51 PM,0.888308440335095
2/19/2026 1:25:52 PM,0
2/19/2026 1:25:53 PM,0
2/19/2026 1:25:54 PM,0
2/19/2026 1:25:55 PM,0
2/19/2026 1:25:56 PM,0
2/19/2026 1:25:57 PM,0
2/19/2026 1:25:58 PM,0
2/19/2026 1:25:59 PM,0
2/19/2026 1:26:00 PM,0
2/19/2026 1:26:01 PM,0
2/19/2026 1:26:02 PM,0
2/19/2026 1:26:03 PM,0
2/19/2026 1:26:04 PM,0
2/19/2026 1:26:05 PM,0
2/19/2026 1:26:06 PM,0
2/19/2026 1:26:07 PM,0
2/19/2026 1:26:08 PM,0
2/19/2026 1:26:09 PM,0
2/19/2026 1:26:10 PM,0
2/19/2026 1:26:11 PM,0
2/19/2026 1:26:12 PM,0
2/19/2026 1:26:13 PM,0
2/19/2026 1:26:14 PM,0
2/19/2026 1:26:15 PM,0
2/19/2026 1:26:16 PM,0
2/19/2026 1:26:17 PM,0
2/19/2026 1:26:18 PM,0
2/19/2026 1:26:19 PM,0
2/19/2026 1:26:20 PM,0
2/19/2026 1:26:21 PM,0
2/19/2026 1:26:22 PM,0
2/19/2026 1:26:23 PM,0
2/19/2026 1:26:24 PM,0
2/19/2026 1:26:25 PM,0
2/19/2026 1:26:26 PM,0
2/19/2026 1:26:27 PM,0
2/19/2026 1:26:28 PM,0
2/19/2026 1:26:29 PM,0
2/19/2026 1:26:30 PM,0
2/19/2026 1:26:31 PM,0
2/19/2026 1:26:32 PM,
2/19/2026 1:26:33 PM,-0.816562859108672
2/19/2026 1:26:34 PM,-0.846338889095932
2/19/2026 1:26:35 PM,-0.826162757584825
2/19/2026 1:26:36 PM,-0.835113268112764
2/19/2026 1:26:37 PM,0
2/19/2026 1:26:38 PM,0
2/19/2026 1:26:39 PM,0
2/19/2026 1:26:40 PM,0
2/19/2026 1:26:41 PM,-0.837731250794604
2/19/2026 1:26:42 PM,-1.09863668913022
2/19/2026 1:26:43 PM,-1.16178322350606
2/19/2026 1:26:44 PM,-1.2166598578915
2/19/2026 1:26:45 PM,-1.10991317778826
2/19/2026 1:26:46 PM,-0.861828750930727
2/19/2026 1:26:47 PM,-0.895725900772959
2/19/2026 1:26:48 PM,0
2/19/2026 1:26:49 PM,0
2/19/2026 1:26:50 PM,0
2/19/2026 1:26:51 PM,0
2/19/2026 1:26:52 PM,0
2/19/2026 1:26:53 PM,0
2/19/2026 1:26:54 PM,0
2/19/2026 1:26:55 PM,0
2/19/2026 1:26:56 PM,0
2/19/2026 1:26:57 PM,0
2/19/2026 1:26:58 PM,0
2/19/2026 1:26:59 PM,0
2/19/2026 1:27:00 PM,0
2/19/2026 1:27:01 PM,
2/19/2026 1:27:02 PM,-0.863095937529579
2/19/2026 1:27:03 PM,-0.939047033898532
2/19/2026 1:27:04 PM,-1.03956051170826
2/19/2026 1:27:05 PM,-1.24303760239854
2/19/2026 1:27:06 PM,-1.35146254906431
2/19/2026 1:27:07 PM,-1.28559629665688
2/19/2026 1:27:08 PM,-1.36768540833145
2/19/2026 1:27:09 PM,-1.39061242807657
2/19/2026 1:27:10 PM,-1.03761999635026
2/19/2026 1:27:11 PM,-0.903025281149894
2/19/2026 1:27:12 PM,0
2/19/2026 1:27:13 PM,0
2/19/2026 1:27:14 PM,0
2/19/2026 1:27:15 PM,0
2/19/2026 1:27:16 PM,0
2/19/2026 1:27:17 PM,0
2/19/2026 1:27:18 PM,0
2/19/2026 1:27:19 PM,0
2/19/2026 1:27:20 PM,0
2/19/2026 1:27:21 PM,0
2/19/2026 1:27:22 PM,0
2/19/2026 1:27:23 PM,0
2/19/2026 1:27:24 PM,0
2/19/2026 1:27:25 PM,0
2/19/2026 1:27:26 PM,0
2/19/2026 1:27:27 PM,0
2/19/2026 1:27:28 PM,0
2/19/2026 1:27:29 PM,0
2/19/2026 1:27:30 PM,0
2/19/2026 1:27:31 PM,0
2/19/2026 1:27:32 PM,0
2/19/2026 1:27:33 PM,0
2/19/2026 1:27:34 PM,0
2/19/2026 1:27:35 PM,0
2/19/2026 1:27:36 PM,0
2/19/2026 1:27:37 PM,0
2/19/2026 1:27:38 PM,0
2/19/2026 1:27:39 PM,0
2/19/2026 1:27:40 PM,0
2/19/2026 1:27:41 PM,0
2/19/2026 1:27:42 PM,0
2/19/2026 1:27:43 PM,0
2/19/2026 1:27:44 PM,0
2/19/2026 1:27:45 PM,0
2/19/2026 1:27:46 PM,0
2/19/2026 1:27:47 PM,0
2/19/2026 1:27:48 PM,0
2/19/2026 1:27:49 PM,0
2/19/2026 1:27:50 PM,0
2/19/2026 1:27:51 PM,0
2/19/2026 1:27:52 PM,0
2/19/2026 1:27:53 PM,0
2/19/2026 1:27:54 PM,0
2/19/2026 1:27:55 PM,-0.900776206981391
2/19/2026 1:27:56 PM,-0.900776206981391
2/19/2026 1:27:57 PM,-1.1133233550936
2/19/2026 1:27:58 PM,-0.929653435014188
2/19/2026 1:27:59 PM,-0.929653435014188
2/19/2026 1:28:00 PM,-1.1818841798231
2/19/2026 1:28:01 PM,-1.22727794805542
2/19/2026 1:28:02 PM,-0.984461233019829
2/19/2026 1:28:03 PM,-1.363946555648
2/19/2026 1:28:04 PM,-1.20995234465227
2/19/2026 1:28:05 PM,-1.08026334783062
2/19/2026 1:28:06 PM,0
2/19/2026 1:28:07 PM,0
2/19/2026 1:28:08 PM,0
2/19/2026 1:28:09 PM,0
2/19/2026 1:28:10 PM,0
2/19/2026 1:28:11 PM,0
2/19/2026 1:28:12 PM,0
2/19/2026 1:28:13 PM,0
2/19/2026 1:28:14 PM,0
2/19/2026 1:28:15 PM,0
2/19/2026 1:28:16 PM,0
2/19/2026 1:28:17 PM,0
2/19/2026 1:28:18 PM,0
2/19/2026 1:28:19 PM,0
2/19/2026 1:28:20 PM,0
2/19/2026 1:28:21 PM,0
2/19/2026 1:28:22 PM,0
2/19/2026 1:28:23 PM,-0.91819359222427
2/19/2026 1:28:24 PM,-1.02966567501426
2/19/2026 1:28:25 PM,-0.869379326468334
2/19/2026 1:28:26 PM,-1.0723365820013
2/19/2026 1:28:27 PM,-1.12704432103783
2/19/2026 1:28:28 PM,-1.33930774172768
2/19/2026 1:28:29 PM,
2/19/2026 1:28:30 PM,-1.28160410095006
2/19/2026 1:28:31 PM,-0.910554639995098
2/19/2026 1:28:32 PM,0
2/19/2026 1:28:33 PM,0
2/19/2026 1:28:34 PM,-1.00257295416668
2/19/2026 1:28:35 PM,0
2/19/2026 1:28:36 PM,-1.22293392196298
2/19/2026 1:28:37 PM,-1.35711404727772
2/19/2026 1:28:38 PM,-1.39760010642931
2/19/2026 1:28:39 PM,-1.5035955584608
2/19/2026 1:28:40 PM,-1.37777858180925
2/19/2026 1:28:41 PM,-1.29925177898258
2/19/2026 1:28:42 PM,-1.12558356486261
2/19/2026 1:28:43 PM,-1.12558356486261
2/19/2026 1:28:44 PM,-0.914802378974855
2/19/2026 1:28:45 PM,-1.4093253412284
2/19/2026 1:28:46 PM,-1.33236857363954
2/19/2026 1:28:47 PM,-1.37526275357231
2/19/2026 1:28:48 PM,-1.40579278813675
2/19/2026 1:28:49 PM,-1.5816142084077
2/19/2026 1:28:50 PM,-1.64505494758487
2/19/2026 1:28:51 PM,-1.53481385204941
2/19/2026 1:28:52 PM,-1.26811866648495
2/19/2026 1:28:53 PM,-1.26811866648495
2/19/2026 1:28:54 PM,-1.53077346039936
2/19/2026 1:28:55 PM,-1.41328662866727
2/19/2026 1:28:56 PM,-1.38824653113261
2/19/2026 1:28:57 PM,-0.956198084168136
2/19/2026 1:28:58 PM,0
2/19/2026 1:28:59 PM,0
2/19/2026 1:29:00 PM,0
2/19/2026 1:29:01 PM,-0.881135312374681
2/19/2026 1:29:02 PM,0
2/19/2026 1:29:03 PM,0
2/19/2026 1:29:04 PM,0
2/19/2026 1:29:05 PM,0
2/19/2026 1:29:06 PM,-0.900469534099102
2/19/2026 1:29:07 PM,
2/19/2026 1:29:08 PM,-0.861545704538003
2/19/2026 1:29:09 PM,-0.859885930549353
2/19/2026 1:29:10 PM,0
2/19/2026 1:29:11 PM,-0.89948937529698
2/19/2026 1:29:12 PM,0
2/19/2026 1:29:13 PM,
2/19/2026 1:29:14 PM,
2/19/2026 1:29:15 PM,
2/19/2026 1:29:16 PM,0
2/19/2026 1:29:17 PM,0
2/19/2026 1:29:18 PM,-1.05842293705791
2/19/2026 1:29:19 PM,-1.2752702110447
2/19/2026 1:29:20 PM,-1.08372287359089
2/19/2026 1:29:21 PM,-1.2416215846315
2/19/2026 1:29:22 PM,-0.969186471775174
2/19/2026 1:29:23 PM,0
2/19/2026 1:29:24 PM,0
2/19/2026 1:29:25 PM,0
2/19/2026 1:29:26 PM,0
2/19/2026 1:29:27 PM,-1.1037583462894
2/19/2026 1:29:28 PM,
2/19/2026 1:29:29 PM,-1.16015849635005
2/19/2026 1:29:30 PM,-1.23865753412247
2/19/2026 1:29:31 PM,-0.941448973026127
2/19/2026 1:29:32 PM,-1.63893343415111
2/19/2026 1:29:33 PM,-1.42709162319079
2/19/2026 1:29:34 PM,-1.40896858647466
2/19/2026 1:29:35 PM,-1.40605954220518
2/19/2026 1:29:36 PM,-1.68973656836897
2/19/2026 1:29:37 PM,-1.61403069505468
2/19/2026 1:29:38 PM,-1.55922404956073
2/19/2026 1:29:39 PM,-0.864856032421812
2/19/2026 1:29:40 PM,0
2/19/2026 1:29:41 PM,0
2/19/2026 1:29:42 PM,0
2/19/2026 1:29:43 PM,-0.922633067239076
2/19/2026 1:29:44 PM,-1.05053933802992
2/19/2026 1:29:45 PM,-1.38199226930737
2/19/2026 1:29:46 PM,-1.15271410904825
2/19/2026 1:29:47 PM,-1.16864339215681
2/19/2026 1:29:48 PM,
2/19/2026 1:29:49 PM,-1.20803561294451
2/19/2026 1:29:50 PM,-1.27960365498438
2/19/2026 1:29:51 PM,-1.71897505642846
2/19/2026 1:29:52 PM,-1.76658793352544
2/19/2026 1:29:53 PM,-1.60817698342726
2/19/2026 1:29:54 PM,-1.92416729405522
2/19/2026 1:29:55 PM,-1.88227957114577
2/19/2026 1:29:56 PM,-2.0691605983302
2/19/2026 1:29:57 PM,-2.06570809241384
2/19/2026 1:29:58 PM,-1.91169858444482
2/19/2026 1:29:59 PM,-2.02710104640573
2/19/2026 1:30:00 PM,-1.88616856466979
2/19/2026 1:30:01 PM,-1.8008571350947
2/19/2026 1:30:02 PM,-2.16720371972769
2/19/2026 1:30:03 PM,-2.04901364631951
2/19/2026 1:30:04 PM,-1.72607023268938
2/19/2026 1:30:05 PM,-1.43000674434006
2/19/2026 1:30:06 PM,-1.2120979023166
2/19/2026 1:30:07 PM,-1.16730962181464
2/19/2026 1:30:08 PM,-1.62184734363109
2/19/2026 1:30:09 PM,-1.41161883948371
2/19/2026 1:30:10 PM,-1.12604540772736
2/19/2026 1:30:11 PM,-0.935758498962969
2/19/2026 1:30:12 PM,-0.938568636775017
2/19/2026 1:30:13 PM,0
2/19/2026 1:30:14 PM,0
2/19/2026 1:30:15 PM,0
2/19/2026 1:30:16 PM,-1.04595276061445
2/19/2026 1:30:17 PM,-0.958524376619607
2/19/2026 1:30:18 PM,-1.1177416658029
2/19/2026 1:30:19 PM,-1.24828142579645
2/19/2026 1:30:20 PM,-1.32315539522097
2/19/2026 1:30:21 PM,-1.21195918181911
2/19/2026 1:30:22 PM,-1.08854058198631
2/19/2026 1:30:23 PM,-1.11788761569187
2/19/2026 1:30:24 PM,-1.21887372806668
2/19/2026 1:30:25 PM,-1.23406812781468
2/19/2026 1:30:26 PM,-1.37256587622687
2/19/2026 1:30:27 PM,-1.35816901456565
2/19/2026 1:30:28 PM,-1.36543465778232
2/19/2026 1:30:29 PM,-1.34331261506304
2/19/2026 1:30:30 PM,-1.49484359426424
2/19/2026 1:30:31 PM,-1.98069484904408
2/19/2026 1:30:32 PM,-2.44907999876887
2/19/2026 1:30:33 PM,-2.29261773638427
2/19/2026 1:30:34 PM,-2.51356679946184
2/19/2026 1:30:35 PM,-1.98555027600378
2/19/2026 1:30:36 PM,-1.41557310707867
2/19/2026 1:30:37 PM,-0.919812975917011
2/19/2026 1:30:38 PM,-0.988306745421141
2/19/2026 1:30:39 PM,-0.861678557703272
2/19/2026 1:30:40 PM,0
2/19/2026 1:30:41 PM,0
2/19/2026 1:30:42 PM,0
2/19/2026 1:30:43 PM,0
2/19/2026 1:30:44 PM,0
2/19/2026 1:30:45 PM,
2/19/2026 1:30:46 PM,-0.829456897918135
2/19/2026 1:30:47 PM,
2/19/2026 1:30:48 PM,-0.867322826525196
2/19/2026 1:30:49 PM,-0.867322826525196
2/19/2026 1:30:50 PM,
2/19/2026 1:30:51 PM,-1.00778974592686
2/19/2026 1:30:52 PM,-1.02930158609524
2/19/2026 1:30:53 PM,-1.31817277288064
2/19/2026 1:30:54 PM,
2/19/2026 1:30:55 PM,-1.48753446992487
2/19/2026 1:30:56 PM,-1.53962307376787
2/19/2026 1:30:57 PM,-1.60640630638227
2/19/2026 1:30:58 PM,-2.16582845896482
2/19/2026 1:30:59 PM,-2.21907219383866
2/19/2026 1:31:00 PM,-2.21907219383866
2/19/2026 1:31:01 PM,-2.21847833599895
2/19/2026 1:31:02 PM,-2.35781050287187
2/19/2026 1:31:03 PM,-2.40290053188801
2/19/2026 1:31:04 PM,-2.61741690337658
2/19/2026 1:31:05 PM,-2.47953229118139
2/19/2026 1:31:06 PM,-1.77209903486073
2/19/2026 1:31:07 PM,-1.56664968235418
2/19/2026 1:31:08 PM,-1.81653527542949
2/19/2026 1:31:09 PM,-1.72241698019207
2/19/2026 1:31:10 PM,-2.13310341350734
2/19/2026 1:31:11 PM,-2.17638462781906
2/19/2026 1:31:12 PM,-1.83849544264376
2/19/2026 1:31:13 PM,-1.4904297888279
2/19/2026 1:31:14 PM,-1.31354082841426
2/19/2026 1:31:15 PM,-0.930376793257892
2/19/2026 1:31:16 PM,0
2/19/2026 1:31:17 PM,0
2/19/2026 1:31:18 PM,0
2/19/2026 1:31:19 PM,0
2/19/2026 1:31:20 PM,0
2/19/2026 1:31:21 PM,0
2/19/2026 1:31:22 PM,0
2/19/2026 1:31:23 PM,0
2/19/2026 1:31:24 PM,0
2/19/2026 1:31:25 PM,0
2/19/2026 1:31:26 PM,0
2/19/2026 1:31:27 PM,0
2/19/2026 1:31:28 PM,0
2/19/2026 1:31:29 PM,0
2/19/2026 1:31:30 PM,0
2/19/2026 1:31:31 PM,0
2/19/2026 1:31:32 PM,0
2/19/2026 1:31:33 PM,0
2/19/2026 1:31:34 PM,0
2/19/2026 1:31:35 PM,0
2/19/2026 1:31:36 PM,0
2/19/2026 1:31:37 PM,0
2/19/2026 1:31:38 PM,0
2/19/2026 1:31:39 PM,0
2/19/2026 1:31:40 PM,0
2/19/2026 1:31:41 PM,-1.11061757197604
2/19/2026 1:31:42 PM,-1.18695324053988
2/19/2026 1:31:43 PM,-0.932015350554138
2/19/2026 1:31:44 PM,-0.937864661682397
2/19/2026 1:31:45 PM,-1.00786780240014
2/19/2026 1:31:46 PM,
2/19/2026 1:31:47 PM,
2/19/2026 1:31:48 PM,-1.01487381616607
2/19/2026 1:31:49 PM,
2/19/2026 1:31:50 PM,
2/19/2026 1:31:51 PM,-1.07515992131084
2/19/2026 1:31:52 PM,-0.943814765196294
2/19/2026 1:31:53 PM,0
2/19/2026 1:31:54 PM,0
2/19/2026 1:31:55 PM,0
2/19/2026 1:31:56 PM,
2/19/2026 1:31:57 PM,0
2/19/2026 1:31:58 PM,0
2/19/2026 1:31:59 PM,0
2/19/2026 1:32:00 PM,0
2/19/2026 1:32:01 PM,
2/19/2026 1:32:02 PM,
2/19/2026 1:32:03 PM,0
2/19/2026 1:32:04 PM,0
2/19/2026 1:32:05 PM,0
2/19/2026 1:32:06 PM,
2/19/2026 1:32:07 PM,0
2/19/2026 1:32:08 PM,0
2/19/2026 1:32:09 PM,0
2/19/2026 1:32:10 PM,0
2/19/2026 1:32:11 PM,0
2/19/2026 1:32:12 PM,0
2/19/2026 1:32:13 PM,0
2/19/2026 1:32:14 PM,-0.959492276888341
2/19/2026 1:32:15 PM,-0.959492276888341
2/19/2026 1:32:16 PM,0
2/19/2026 1:32:17 PM,-1.01757645606995
2/19/2026 1:32:18 PM,-1.26875265268609
2/19/2026 1:32:19 PM,0
2/19/2026 1:32:20 PM,0
2/19/2026 1:32:21 PM,0
2/19/2026 1:32:22 PM,0
2/19/2026 1:32:23 PM,0
2/19/2026 1:32:24 PM,0
2/19/2026 1:32:25 PM,-0.967975705862045
2/19/2026 1:32:26 PM,-1.13146556541324
2/19/2026 1:32:27 PM,-1.61432238528505
2/19/2026 1:32:28 PM,-1.57460400369018
2/19/2026 1:32:29 PM,-1.76660805009305
2/19/2026 1:32:30 PM,-1.74745686817914
2/19/2026 1:32:31 PM,
2/19/2026 1:32:32 PM,-1.54882011702284
2/19/2026 1:32:33 PM,-1.5684888814576
2/19/2026 1:32:34 PM,-1.98951805941761
2/19/2026 1:32:35 PM,-2.35832829494029
2/19/2026 1:32:36 PM,-1.94810915272683
2/19/2026 1:32:37 PM,-1.94810915272683
2/19/2026 1:32:38 PM,-1.93827676121145
2/19/2026 1:32:39 PM,-2.0961974747479
2/19/2026 1:32:40 PM,-1.68972032843158
2/19/2026 1:32:41 PM,-1.32475350983441
2/19/2026 1:32:42 PM,-0.83535005687736
2/19/2026 1:32:43 PM,
2/19/2026 1:32:44 PM,-1.03806119877845
2/19/2026 1:32:45 PM,-1.35317947715521
2/19/2026 1:32:46 PM,-1.36573651107028
2/19/2026 1:32:47 PM,-1.28798210062087
2/19/2026 1:32:48 PM,-1.43483503488824
2/19/2026 1:32:49 PM,-1.2911232188344
2/19/2026 1:32:50 PM,-1.0713066556491
2/19/2026 1:32:51 PM,-1.39942673267797
2/19/2026 1:32:52 PM,-1.18001354858279
2/19/2026 1:32:53 PM,-1.18847843259573
2/19/2026 1:32:54 PM,-1.05494643794373
2/19/2026 1:32:55 PM,0
2/19/2026 1:32:56 PM,-1.32634240435436
2/19/2026 1:32:57 PM,-1.16229514824226
2/19/2026 1:32:58 PM,-1.09061164548621
2/19/2026 1:32:59 PM,-1.17988729616627
2/19/2026 1:33:00 PM,-1.0724458610639
2/19/2026 1:33:01 PM,-1.36875284370035
2/19/2026 1:33:02 PM,-1.55933626228943
2/19/2026 1:33:03 PM,-1.89814902842045
2/19/2026 1:33:04 PM,-1.84398726560175
2/19/2026 1:33:05 PM,-2.04874186310917
2/19/2026 1:33:06 PM,-2.11279301438481
2/19/2026 1:33:07 PM,-1.99117620941252
2/19/2026 1:33:08 PM,-2.17402428388596
2/19/2026 1:33:09 PM,-2.14497805573046
2/19/2026 1:33:10 PM,-1.9064205000177
2/19/2026 1:33:11 PM,
2/19/2026 1:33:12 PM,-1.54897277243435
2/19/2026 1:33:13 PM,
2/19/2026 1:33:14 PM,-1.45305257756263
2/19/2026 1:33:15 PM,-1.40511940699071
2/19/2026 1:33:16 PM,-1.32598743075505
2/19/2026 1:33:17 PM,-0.935856567230076
2/19/2026 1:33:18 PM,-0.867754389764741
2/19/2026 1:33:19 PM,0
2/19/2026 1:33:20 PM,0
2/19/2026 1:33:21 PM,0
2/19/2026 1:33:22 PM,0
2/19/2026 1:33:23 PM,0
2/19/2026 1:33:24 PM,0
2/19/2026 1:33:25 PM,0
2/19/2026 1:33:26 PM,0
2/19/2026 1:33:27 PM,0
2/19/2026 1:33:28 PM,0
2/19/2026 1:33:29 PM,-0.861269363667816
2/19/2026 1:33:30 PM,-1.36561235412955
2/19/2026 1:33:31 PM,-1.23243847629055
2/19/2026 1:33:32 PM,-0.967166956979781
2/19/2026 1:33:33 PM,-0.95681237289682
2/19/2026 1:33:34 PM,-0.816109083825722
2/19/2026 1:33:35 PM,-0.94127714401111
2/19/2026 1:33:36 PM,-1.11858258023858
2/19/2026 1:33:37 PM,-1.1041386751458
2/19/2026 1:33:38 PM,-1.14462787751108
2/19/2026 1:33:39 PM,0
2/19/2026 1:33:40 PM,
2/19/2026 1:33:41 PM,
2/19/2026 1:33:42 PM,0
2/19/2026 1:33:43 PM,
2/19/2026 1:33:44 PM,
2/19/2026 1:33:45 PM,0
2/19/2026 1:33:46 PM,0
2/19/2026 1:33:47 PM,0
2/19/2026 1:33:48 PM,0
2/19/2026 1:33:49 PM,0
2/19/2026 1:33:50 PM,0
2/19/2026 1:33:51 PM,
2/19/2026 1:33:52 PM,0
2/19/2026 1:33:53 PM,0
2/19/2026 1:33:54 PM,0
2/19/2026 1:33:55 PM,0
2/19/2026 1:33:56 PM,
2/19/2026 1:33:57 PM,-0.975389289669693
2/19/2026 1:33:58 PM,-0.967666099313647
2/19/2026 1:33:59 PM,-0.922670995350927
2/19/2026 1:34:00 PM,0
2/19/2026 1:34:01 PM,-0.997152901254594
2/19/2026 1:34:02 PM,-0.997152901254594
2/19/2026 1:34:03 PM,-0.894951727241278
2/19/2026 1:34:04 PM,-1.04636756004766
2/19/2026 1:34:05 PM,0
2/19/2026 1:34:06 PM,0
2/19/2026 1:34:07 PM,
2/19/2026 1:34:08 PM,0
2/19/2026 1:34:09 PM,0
2/19/2026 1:34:10 PM,0
2/19/2026 1:34:11 PM,0
2/19/2026 1:34:12 PM,0
2/19/2026 1:34:13 PM,0
2/19/2026 1:34:14 PM,0
2/19/2026 1:34:15 PM,0
2/19/2026 1:34:16 PM,0
2/19/2026 1:34:17 PM,
2/19/2026 1:34:18 PM,-1.30772923585027
2/19/2026 1:34:19 PM,-1.69542033690959
2/19/2026 1:34:20 PM,-1.91989315208048
2/19/2026 1:34:21 PM,
2/19/2026 1:34:22 PM,-1.67875470360741
2/19/2026 1:34:23 PM,-1.67875470360741
2/19/2026 1:34:24 PM,-0.996124546509236
2/19/2026 1:34:25 PM,
2/19/2026 1:34:26 PM,0
2/19/2026 1:34:27 PM,0
2/19/2026 1:34:28 PM,0
2/19/2026 1:34:29 PM,0
2/19/2026 1:34:30 PM,0
2/19/2026 1:34:31 PM,0
2/19/2026 1:34:32 PM,0
2/19/2026 1:34:33 PM,0
2/19/2026 1:34:34 PM,
2/19/2026 1:34:35 PM,0
2/19/2026 1:34:36 PM,0
2/19/2026 1:34:37 PM,0
2/19/2026 1:34:38 PM,0
2/19/2026 1:34:39 PM,0
2/19/2026 1:34:40 PM,0
2/19/2026 1:34:41 PM,0
2/19/2026 1:34:42 PM,0
2/19/2026 1:34:43 PM,0
2/19/2026 1:34:44 PM,
2/19/2026 1:34:45 PM,0
2/19/2026 1:34:46 PM,0
2/19/2026 1:34:47 PM,0
2/19/2026 1:34:48 PM,0
2/19/2026 1:34:49 PM,0
2/19/2026 1:34:50 PM,0
2/19/2026 1:34:51 PM,-1.00807284470648
2/19/2026 1:34:52 PM,-0.993722397834063
2/19/2026 1:34:53 PM,-1.1331282206811
2/19/2026 1:34:54 PM,-0.9844109416008
2/19/2026 1:34:55 PM,-1.45721262088045
2/19/2026 1:34:56 PM,-1.61361118080094
2/19/2026 1:34:57 PM,-1.70869517605752
2/19/2026 1:34:58 PM,-2.00662217102945
2/19/2026 1:34:59 PM,-2.22684557083994
2/19/2026 1:35:00 PM,-1.93633027374744
2/19/2026 1:35:01 PM,-1.68157647131011
2/19/2026 1:35:02 PM,-1.2667705421336
2/19/2026 1:35:03 PM,-1.20873728301376
2/19/2026 1:35:04 PM,-1.55682378681377
2/19/2026 1:35:05 PM,-1.55682378681377
2/19/2026 1:35:06 PM,-1.51070278370753
2/19/2026 1:35:07 PM,-1.39912948943675
2/19/2026 1:35:08 PM,-1.03324537631124
2/19/2026 1:35:09 PM,0
2/19/2026 1:35:10 PM,0
2/19/2026 1:35:11 PM,0
2/19/2026 1:35:12 PM,-1.08856258448213
2/19/2026 1:35:13 PM,-1.13297409843653
2/19/2026 1:35:14 PM,-1.10499844886363
2/19/2026 1:35:15 PM,-1.10499844886363
2/19/2026 1:35:16 PM,-0.986252026632428
2/19/2026 1:35:17 PM,0
2/19/2026 1:35:18 PM,0
2/19/2026 1:35:19 PM,-1.1962175485678
2/19/2026 1:35:20 PM,-1.1962175485678
2/19/2026 1:35:21 PM,
2/19/2026 1:35:22 PM,
2/19/2026 1:35:23 PM,-1.15920201642439
2/19/2026 1:35:24 PM,0
2/19/2026 1:35:25 PM,
2/19/2026 1:35:26 PM,
2/19/2026 1:35:27 PM,
2/19/2026 1:35:28 PM,0
2/19/2026 1:35:29 PM,0
2/19/2026 1:35:30 PM,0
2/19/2026 1:35:31 PM,0
2/19/2026 1:35:32 PM,0
2/19/2026 1:35:33 PM,
2/19/2026 1:35:34 PM,0
2/19/2026 1:35:35 PM,
2/19/2026 1:35:36 PM,0
2/19/2026 1:35:37 PM,0
2/19/2026 1:35:38 PM,0
2/19/2026 1:35:39 PM,0
2/19/2026 1:35:40 PM,
2/19/2026 1:35:41 PM,
2/19/2026 1:35:42 PM,
2/19/2026 1:35:43 PM,0
2/19/2026 1:35:44 PM,
2/19/2026 1:35:45 PM,0
2/19/2026 1:35:46 PM,0
2/19/2026 1:35:47 PM,0
2/19/2026 1:35:48 PM,0
2/19/2026 1:35:49 PM,0
2/19/2026 1:35:50 PM,0
2/19/2026 1:35:51 PM,0
2/19/2026 1:35:52 PM,0
2/19/2026 1:35:53 PM,-0.909384735859931
2/19/2026 1:35:54 PM,-1.36431148275733
2/19/2026 1:35:55 PM,-1.49462315021083
2/19/2026 1:35:56 PM,-1.6520488075912
2/19/2026 1:35:57 PM,-2.21842133905739
2/19/2026 1:35:58 PM,-2.18421835452318
2/19/2026 1:35:59 PM,-1.71099328435957
2/19/2026 1:36:00 PM,-1.09844757243991
2/19/2026 1:36:01 PM,-0.882895931135863
2/19/2026 1:36:02 PM,-0.920393003616482
2/19/2026 1:36:03 PM,0
2/19/2026 1:36:04 PM,0
2/19/2026 1:36:05 PM,0
2/19/2026 1:36:06 PM,0
2/19/2026 1:36:07 PM,0
2/19/2026 1:36:08 PM,0
2/19/2026 1:36:09 PM,0
2/19/2026 1:36:10 PM,0
2/19/2026 1:36:11 PM,0
2/19/2026 1:36:12 PM,
2/19/2026 1:36:13 PM,0
2/19/2026 1:36:14 PM,0
2/19/2026 1:36:15 PM,-0.919659482315183
2/19/2026 1:36:16 PM,
2/19/2026 1:36:17 PM,-1.78415975533426
2/19/2026 1:36:18 PM,-1.78415975533426
2/19/2026 1:36:19 PM,-1.60146328853443
2/19/2026 1:36:20 PM,-1.57811507815495
2/19/2026 1:36:21 PM,
2/19/2026 1:36:22 PM,-1.84360987041146
2/19/2026 1:36:23 PM,-1.97978666983545
2/19/2026 1:36:24 PM,-2.12044171057642
2/19/2026 1:36:25 PM,-2.16627500485629
2/19/2026 1:36:26 PM,-2.11053262464702
2/19/2026 1:36:27 PM,-2.02328036539257
2/19/2026 1:36:28 PM,-2.00085605029017
2/19/2026 1:36:29 PM,-1.72427996294573
2/19/2026 1:36:30 PM,-1.72592428280041
2/19/2026 1:36:31 PM,-1.93895988631994
2/19/2026 1:36:32 PM,-1.98399166110903
2/19/2026 1:36:33 PM,-1.57008762471378
2/19/2026 1:36:34 PM,
2/19/2026 1:36:35 PM,-1.3011142378673
2/19/2026 1:36:36 PM,-1.33781702024862
2/19/2026 1:36:37 PM,-0.87228287011385
2/19/2026 1:36:38 PM,-0.810904602985829
2/19/2026 1:36:39 PM,-0.810904602985829
2/19/2026 1:36:40 PM,0
2/19/2026 1:36:41 PM,0
2/19/2026 1:36:42 PM,0
2/19/2026 1:36:43 PM,0
2/19/2026 1:36:44 PM,0
2/19/2026 1:36:45 PM,-0.968098605517298
2/19/2026 1:36:46 PM,-0.917443516664207
2/19/2026 1:36:47 PM,-0.83811393706128
2/19/2026 1:36:48 PM,-0.93953370815143
2/19/2026 1:36:49 PM,-1.19479157729074
2/19/2026 1:36:50 PM,-1.19479157729074
2/19/2026 1:36:51 PM,-1.31916529498994
2/19/2026 1:36:52 PM,
2/19/2026 1:36:53 PM,
2/19/2026 1:36:54 PM,-1.31867327727377
2/19/2026 1:36:55 PM,
2/19/2026 1:36:56 PM,
2/19/2026 1:36:57 PM,
2/19/2026 1:36:58 PM,-0.899633229710162
2/19/2026 1:36:59 PM,
2/19/2026 1:37:00 PM,0
2/19/2026 1:37:01 PM,0
2/19/2026 1:37:02 PM,
2/19/2026 1:37:03 PM,
2/19/2026 1:37:04 PM,
2/19/2026 1:37:05 PM,
2/19/2026 1:37:06 PM,0
2/19/2026 1:37:07 PM,0
2/19/2026 1:37:08 PM,0
2/19/2026 1:37:09 PM,0
2/19/2026 1:37:10 PM,
2/19/2026 1:37:11 PM,
2/19/2026 1:37:12 PM,-1.11720627173781
2/19/2026 1:37:13 PM,-1.4587672543712
2/19/2026 1:37:14 PM,-1.4587672543712
2/19/2026 1:37:15 PM,-1.37633668491617
2/19/2026 1:37:16 PM,-1.32234434131533
2/19/2026 1:37:17 PM,-0.886326644103974
2/19/2026 1:37:18 PM,
2/19/2026 1:37:19 PM,
2/19/2026 1:37:20 PM,-0.869979680282995
2/19/2026 1:37:21 PM,-0.980634684674442
2/19/2026 1:37:22 PM,-0.897552841342986
2/19/2026 1:37:23 PM,0
2/19/2026 1:37:24 PM,-0.92420446453616
2/19/2026 1:37:25 PM,-0.851650239201263
2/19/2026 1:37:26 PM,-1.04723257245496
2/19/2026 1:37:27 PM,-1.03430526796728
2/19/2026 1:37:28 PM,
2/19/2026 1:37:29 PM,-0.876519293524325
2/19/2026 1:37:30 PM,-1.18685318157077
2/19/2026 1:37:31 PM,0
2/19/2026 1:37:32 PM,-1.29610416479409
2/19/2026 1:37:33 PM,
2/19/2026 1:37:34 PM,
2/19/2026 1:37:35 PM,-1.27612244104967
2/19/2026 1:37:36 PM,-1.27612244104967
2/19/2026 1:37:37 PM,-0.975651119370013
2/19/2026 1:37:38 PM,-0.859857589239255
2/19/2026 1:37:39 PM,-0.851931190118194
2/19/2026 1:37:40 PM,0
2/19/2026 1:37:41 PM,0
2/19/2026 1:37:42 PM,
2/19/2026 1:37:43 PM,
2/19/2026 1:37:44 PM,
2/19/2026 1:37:45 PM,
2/19/2026 1:37:46 PM,
2/19/2026 1:37:47 PM,
2/19/2026 1:37:48 PM,
2/19/2026 1:37:49 PM,
2/19/2026 1:37:50 PM,
2/19/2026 1:37:51 PM,
2/19/2026 1:37:52 PM,0
2/19/2026 1:37:53 PM,
2/19/2026 1:37:54 PM,
2/19/2026 1:37:55 PM,
2/19/2026 1:37:56 PM,
2/19/2026 1:37:57 PM,
2/19/2026 1:37:58 PM,
2/19/2026 1:37:59 PM,
2/19/2026 1:38:00 PM,
2/19/2026 1:38:01 PM,
2/19/2026 1:38:02 PM,
2/19/2026 1:38:03 PM,0
2/19/2026 1:38:04 PM,
2/19/2026 1:38:05 PM,
2/19/2026 1:38:06 PM,
2/19/2026 1:38:07 PM,0
2/19/2026 1:38:08 PM,0
2/19/2026 1:38:09 PM,
2/19/2026 1:38:10 PM,
2/19/2026 1:38:11 PM,
2/19/2026 1:38:12 PM,0
2/19/2026 1:38:13 PM,0
2/19/2026 1:38:14 PM,
2/19/2026 1:38:15 PM,0
2/19/2026 1:38:16 PM,0
2/19/2026 1:38:17 PM,
2/19/2026 1:38:18 PM,
2/19/2026 1:38:19 PM,
2/19/2026 1:38:20 PM,
2/19/2026 1:38:21 PM,
2/19/2026 1:38:22 PM,
2/19/2026 1:38:23 PM,
2/19/2026 1:38:24 PM,
2/19/2026 1:38:25 PM,
2/19/2026 1:38:26 PM,0
2/19/2026 1:38:27 PM,
2/19/2026 1:38:28 PM,0
2/19/2026 1:38:29 PM,
2/19/2026 1:38:30 PM,
2/19/2026 1:38:31 PM,
2/19/2026 1:38:32 PM,
2/19/2026 1:38:33 PM,
2/19/2026 1:38:34 PM,
2/19/2026 1:38:35 PM,
2/19/2026 1:38:36 PM,
2/19/2026 1:38:37 PM,
2/19/2026 1:38:38 PM,
2/19/2026 1:38:39 PM,0
2/19/2026 1:38:40 PM,-0.886995205655694
2/19/2026 1:38:41 PM,
2/19/2026 1:38:42 PM,
2/19/2026 1:38:43 PM,
2/19/2026 1:38:44 PM,
2/19/2026 1:38:45 PM,-0.902183947619051
2/19/2026 1:38:46 PM,
2/19/2026 1:38:47 PM,-0.919319072272629
2/19/2026 1:38:48 PM,-0.899591215420514
2/19/2026 1:38:49 PM,
2/19/2026 1:38:50 PM,
2/19/2026 1:38:51 PM,
2/19/2026 1:38:52 PM,
2/19/2026 1:38:53 PM,
2/19/2026 1:38:54 PM,
2/19/2026 1:38:55 PM,
2/19/2026 1:38:56 PM,
2/19/2026 1:38:57 PM,
2/19/2026 1:38:58 PM,
2/19/2026 1:38:59 PM,-0.882670877035707
2/19/2026 1:39:00 PM,
2/19/2026 1:39:01 PM,
2/19/2026 1:39:02 PM,0
2/19/2026 1:39:03 PM,
2/19/2026 1:39:04 PM,
2/19/2026 1:39:05 PM,
2/19/2026 1:39:06 PM,
2/19/2026 1:39:07 PM,
2/19/2026 1:39:08 PM,0
2/19/2026 1:39:09 PM,0
2/19/2026 1:39:10 PM,0
2/19/2026 1:39:11 PM,
2/19/2026 1:39:12 PM,
2/19/2026 1:39:13 PM,-0.823743949877098
2/19/2026 1:39:14 PM,
2/19/2026 1:39:15 PM,
2/19/2026 1:39:16 PM,
2/19/2026 1:39:17 PM,
2/19/2026 1:39:18 PM,
2/19/2026 1:39:19 PM,-2.37139128148556
2/19/2026 1:39:20 PM,
2/19/2026 1:39:21 PM,
2/19/2026 1:39:22 PM,-1.90192863810807
2/19/2026 1:39:23 PM,
2/19/2026 1:39:24 PM,
2/19/2026 1:39:25 PM,
2/19/2026 1:39:26 PM,
2/19/2026 1:39:27 PM,
2/19/2026 1:39:28 PM,0
2/19/2026 1:39:29 PM,
2/19/2026 1:39:30 PM,
2/19/2026 1:39:31 PM,0
2/19/2026 1:39:32 PM,
2/19/2026 1:39:33 PM,
2/19/2026 1:39:34 PM,
2/19/2026 1:39:35 PM,
2/19/2026 1:39:36 PM,
2/19/2026 1:39:37 PM,0
2/19/2026 1:39:38 PM,
2/19/2026 1:39:39 PM,
2/19/2026 1:39:40 PM,0
2/19/2026 1:39:41 PM,0
2/19/2026 1:39:42 PM,
2/19/2026 1:39:43 PM,
2/19/2026 1:39:44 PM,0
2/19/2026 1:39:45 PM,
2/19/2026 1:39:46 PM,0
2/19/2026 1:39:47 PM,0
2/19/2026 1:39:48 PM,
2/19/2026 1:39:49 PM,
2/19/2026 1:39:50 PM,
2/19/2026 1:39:51 PM,
2/19/2026 1:39:52 PM,
2/19/2026 1:39:53 PM,
2/19/2026 1:39:54 PM,0
2/19/2026 1:39:55 PM,0
2/19/2026 1:39:56 PM,
2/19/2026 1:39:57 PM,
2/19/2026 1:39:58 PM,0
2/19/2026 1:39:59 PM,0
2/19/2026 1:40:00 PM,
2/19/2026 1:40:01 PM,
2/19/2026 1:40:02 PM,
2/19/2026 1:40:03 PM,1.01687771966681
2/19/2026 1:40:04 PM,
2/19/2026 1:40:05 PM,
2/19/2026 1:40:06 PM,
2/19/2026 1:40:07 PM,
2/19/2026 1:40:08 PM,0
2/19/2026 1:40:09 PM,0
2/19/2026 1:40:10 PM,
2/19/2026 1:40:11 PM,
2/19/2026 1:40:12 PM,
2/19/2026 1:40:13 PM,
2/19/2026 1:40:14 PM,
2/19/2026 1:40:15 PM,0
2/19/2026 1:40:16 PM,0
2/19/2026 1:40:17 PM,-1.19930366054177
2/19/2026 1:40:18 PM,-1.83538156561553
2/19/2026 1:40:19 PM,-1.61216697888449
2/19/2026 1:40:20 PM,-2.75878440588713
2/19/2026 1:40:21 PM,-3.04174509365112
2/19/2026 1:40:22 PM,-3.04174509365112
2/19/2026 1:40:23 PM,-4.00309637188911
2/19/2026 1:40:24 PM,
2/19/2026 1:40:25 PM,
2/19/2026 1:40:26 PM,-3.61509220674634
2/19/2026 1:40:27 PM,-2.290576742962
2/19/2026 1:40:28 PM,0
2/19/2026 1:40:29 PM,
2/19/2026 1:40:30 PM,0
2/19/2026 1:40:31 PM,
2/19/2026 1:40:32 PM,
2/19/2026 1:40:33 PM,
2/19/2026 1:40:34 PM,
2/19/2026 1:40:35 PM,
2/19/2026 1:40:36 PM,0
2/19/2026 1:40:37 PM,
2/19/2026 1:40:38 PM,
2/19/2026 1:40:39 PM,0
2/19/2026 1:40:40 PM,
2/19/2026 1:40:41 PM,0
2/19/2026 1:40:42 PM,0
2/19/2026 1:40:43 PM,0
2/19/2026 1:40:44 PM,0
2/19/2026 1:40:45 PM,0
2/19/2026 1:40:46 PM,0
2/19/2026 1:40:47 PM,-1.15031311288476
2/19/2026 1:40:48 PM,-1.06644389452413
2/19/2026 1:40:49 PM,-1.84011273086071
2/19/2026 1:40:50 PM,-1.91869684495032
2/19/2026 1:40:51 PM,-1.7906900960952
2/19/2026 1:40:52 PM,-1.82442557998002
2/19/2026 1:40:53 PM,-1.51118442881852
2/19/2026 1:40:54 PM,0
2/19/2026 1:40:55 PM,0
2/19/2026 1:40:56 PM,0
2/19/2026 1:40:57 PM,0
2/19/2026 1:40:58 PM,0
2/19/2026 1:40:59 PM,0
2/19/2026 1:41:00 PM,0
2/19/2026 1:41:01 PM,0
2/19/2026 1:41:02 PM,
2/19/2026 1:41:03 PM,0
2/19/2026 1:41:04 PM,0
2/19/2026 1:41:05 PM,0
2/19/2026 1:41:06 PM,0
2/19/2026 1:41:07 PM,0
2/19/2026 1:41:08 PM,0
2/19/2026 1:41:09 PM,0
2/19/2026 1:41:10 PM,0
2/19/2026 1:41:11 PM,0
2/19/2026 1:41:12 PM,0
2/19/2026 1:41:13 PM,-1.22768541332334
2/19/2026 1:41:14 PM,-1.46108097396791
2/19/2026 1:41:15 PM,-1.52795347385108
2/19/2026 1:41:16 PM,-1.83769601862878
2/19/2026 1:41:17 PM,-1.94229399785399
2/19/2026 1:41:18 PM,-2.11815156508237
2/19/2026 1:41:19 PM,-2.13851141743362
2/19/2026 1:41:20 PM,-2.07497722003609
2/19/2026 1:41:21 PM,-2.17301845550537
2/19/2026 1:41:22 PM,-1.91017056349665
2/19/2026 1:41:23 PM,-1.64512577466667
2/19/2026 1:41:24 PM,
2/19/2026 1:41:25 PM,-1.36285229818895
2/19/2026 1:41:26 PM,-1.37695359298959
2/19/2026 1:41:27 PM,
2/19/2026 1:41:28 PM,-1.29623513203114
2/19/2026 1:41:29 PM,-0.855250528547913
2/19/2026 1:41:30 PM,0
2/19/2026 1:41:31 PM,0
2/19/2026 1:41:32 PM,0
2/19/2026 1:41:33 PM,0
2/19/2026 1:41:34 PM,0
2/19/2026 1:41:35 PM,0
2/19/2026 1:41:36 PM,0
2/19/2026 1:41:37 PM,0
2/19/2026 1:41:38 PM,0
2/19/2026 1:41:39 PM,0
2/19/2026 1:41:40 PM,0
2/19/2026 1:41:41 PM,0
2/19/2026 1:41:42 PM,0
2/19/2026 1:41:43 PM,0
2/19/2026 1:41:44 PM,-0.832010968588293
2/19/2026 1:41:45 PM,-0.832010968588293
2/19/2026 1:41:46 PM,-1.15628731437027
2/19/2026 1:41:47 PM,-1.37977295089513
2/19/2026 1:41:48 PM,-1.12787496764213
2/19/2026 1:41:49 PM,
2/19/2026 1:41:50 PM,-1.12361339852214
2/19/2026 1:41:51 PM,-1.09058471862227
2/19/2026 1:41:52 PM,-1.47527321241796
2/19/2026 1:41:53 PM,-1.45178439561278
2/19/2026 1:41:54 PM,-1.61571933422238
2/19/2026 1:41:55 PM,-1.34724990930408
2/19/2026 1:41:56 PM,-1.10254705650732
2/19/2026 1:41:57 PM,-1.01547322701663
2/19/2026 1:41:58 PM,0
2/19/2026 1:41:59 PM,
2/19/2026 1:42:00 PM,
2/19/2026 1:42:01 PM,0
2/19/2026 1:42:02 PM,0
2/19/2026 1:42:03 PM,0
2/19/2026 1:42:04 PM,0
2/19/2026 1:42:05 PM,0
2/19/2026 1:42:06 PM,0
2/19/2026 1:42:07 PM,0
2/19/2026 1:42:08 PM,0
2/19/2026 1:42:09 PM,0
2/19/2026 1:42:10 PM,0
2/19/2026 1:42:11 PM,-1.05508924461901
2/19/2026 1:42:12 PM,-1.59758403897285
2/19/2026 1:42:13 PM,-1.31343542598188
2/19/2026 1:42:14 PM,-0.856221781577915
2/19/2026 1:42:15 PM,-0.850611459463835
2/19/2026 1:42:16 PM,-0.885556871071458
2/19/2026 1:42:17 PM,-1.38833977980539
2/19/2026 1:42:18 PM,-1.29598943749443
2/19/2026 1:42:19 PM,-1.10065536573529
2/19/2026 1:42:20 PM,-1.10065536573529
2/19/2026 1:42:21 PM,0
2/19/2026 1:42:22 PM,-0.933525245636702
2/19/2026 1:42:23 PM,-0.872794375754893
2/19/2026 1:42:24 PM,-1.25392894260585
2/19/2026 1:42:25 PM,-1.83795837219805
2/19/2026 1:42:26 PM,-1.80758109781891
2/19/2026 1:42:27 PM,-1.93117037415504
2/19/2026 1:42:28 PM,
2/19/2026 1:42:29 PM,-1.74114969559014
2/19/2026 1:42:30 PM,-1.58934179926291
2/19/2026 1:42:31 PM,-1.59957945579663
2/19/2026 1:42:32 PM,-1.70874106697738
2/19/2026 1:42:33 PM,-1.72469256212935
2/19/2026 1:42:34 PM,-1.61815050523728
2/19/2026 1:42:35 PM,-1.32308016764
2/19/2026 1:42:36 PM,-1.34572775568813
2/19/2026 1:42:37 PM,-1.21680622687563
2/19/2026 1:42:38 PM,-1.12631383817643
2/19/2026 1:42:39 PM,-0.882086239289492
2/19/2026 1:42:40 PM,0
2/19/2026 1:42:41 PM,0
2/19/2026 1:42:42 PM,0
2/19/2026 1:42:43 PM,0
2/19/2026 1:42:44 PM,0
2/19/2026 1:42:45 PM,0
2/19/2026 1:42:46 PM,0
2/19/2026 1:42:47 PM,0
2/19/2026 1:42:48 PM,0
2/19/2026 1:42:49 PM,0
2/19/2026 1:42:50 PM,0
2/19/2026 1:42:51 PM,
2/19/2026 1:42:52 PM,0
2/19/2026 1:42:53 PM,0
2/19/2026 1:42:54 PM,0
2/19/2026 1:42:55 PM,0
2/19/2026 1:42:56 PM,0
2/19/2026 1:42:57 PM,0
2/19/2026 1:42:58 PM,
2/19/2026 1:42:59 PM,0
2/19/2026 1:43:00 PM,0
2/19/2026 1:43:01 PM,0
2/19/2026 1:43:02 PM,0
2/19/2026 1:43:03 PM,0
2/19/2026 1:43:04 PM,0
2/19/2026 1:43:05 PM,0
2/19/2026 1:43:06 PM,0
2/19/2026 1:43:07 PM,0
2/19/2026 1:43:08 PM,0
2/19/2026 1:43:09 PM,0
2/19/2026 1:43:10 PM,0
2/19/2026 1:43:11 PM,0
2/19/2026 1:43:12 PM,0
2/19/2026 1:43:13 PM,0
2/19/2026 1:43:14 PM,0
2/19/2026 1:43:15 PM,0
2/19/2026 1:43:16 PM,0
2/19/2026 1:43:17 PM,0
2/19/2026 1:43:18 PM,0
2/19/2026 1:43:19 PM,0
2/19/2026 1:43:20 PM,0
2/19/2026 1:43:21 PM,0
2/19/2026 1:43:22 PM,0
2/19/2026 1:43:23 PM,0
2/19/2026 1:43:24 PM,0
2/19/2026 1:43:25 PM,
2/19/2026 1:43:26 PM,0
2/19/2026 1:43:27 PM,0
2/19/2026 1:43:28 PM,0
2/19/2026 1:43:29 PM,0
2/19/2026 1:43:30 PM,0
2/19/2026 1:43:31 PM,0
2/19/2026 1:43:32 PM,0
2/19/2026 1:43:33 PM,0
2/19/2026 1:43:34 PM,0
2/19/2026 1:43:35 PM,0
2/19/2026 1:43:36 PM,
2/19/2026 1:43:37 PM,0
2/19/2026 1:43:38 PM,0
2/19/2026 1:43:39 PM,0
2/19/2026 1:43:40 PM,0
2/19/2026 1:43:41 PM,0
2/19/2026 1:43:42 PM,0
2/19/2026 1:43:43 PM,0
2/19/2026 1:43:44 PM,0
2/19/2026 1:43:45 PM,0
2/19/2026 1:43:46 PM,0
2/19/2026 1:43:47 PM,
2/19/2026 1:43:48 PM,0
2/19/2026 1:43:49 PM,0
2/19/2026 1:43:50 PM,0
2/19/2026 1:43:51 PM,0
2/19/2026 1:43:52 PM,0
2/19/2026 1:43:53 PM,0
2/19/2026 1:43:54 PM,0
2/19/2026 1:43:55 PM,
2/19/2026 1:43:56 PM,
2/19/2026 1:43:57 PM,0
2/19/2026 1:43:58 PM,0
2/19/2026 1:43:59 PM,0
2/19/2026 1:44:00 PM,
2/19/2026 1:44:01 PM,
2/19/2026 1:44:02 PM,-1.09537350945175
2/19/2026 1:44:03 PM,-1.05921649374068
2/19/2026 1:44:04 PM,
2/19/2026 1:44:05 PM,0
2/19/2026 1:44:06 PM,0
2/19/2026 1:44:07 PM,0
2/19/2026 1:44:08 PM,
2/19/2026 1:44:09 PM,0
2/19/2026 1:44:10 PM,0
2/19/2026 1:44:11 PM,0
2/19/2026 1:44:12 PM,0
2/19/2026 1:44:13 PM,0
2/19/2026 1:44:14 PM,-0.992398161906749
2/19/2026 1:44:15 PM,-1.15885039558634
2/19/2026 1:44:16 PM,-1.57167295692489
2/19/2026 1:44:17 PM,-1.57167295692489
2/19/2026 1:44:18 PM,-1.6775963245891
2/19/2026 1:44:19 PM,
2/19/2026 1:44:20 PM,-2.20029128249735
2/19/2026 1:44:21 PM,
2/19/2026 1:44:22 PM,
2/19/2026 1:44:23 PM,-2.24976839963347
2/19/2026 1:44:24 PM,-2.33234167098999
2/19/2026 1:44:25 PM,
2/19/2026 1:44:26 PM,
2/19/2026 1:44:27 PM,
2/19/2026 1:44:28 PM,-2.2744101472199
2/19/2026 1:44:29 PM,-2.05063575413078
2/19/2026 1:44:30 PM,-1.92176923155785
2/19/2026 1:44:31 PM,-1.29128320841119
2/19/2026 1:44:32 PM,-0.882129091769457
2/19/2026 1:44:33 PM,-1.07211634749547
2/19/2026 1:44:34 PM,0
2/19/2026 1:44:35 PM,
2/19/2026 1:44:36 PM,
2/19/2026 1:44:37 PM,0
2/19/2026 1:44:38 PM,0
2/19/2026 1:44:39 PM,0
2/19/2026 1:44:40 PM,0
2/19/2026 1:44:41 PM,
2/19/2026 1:44:42 PM,
2/19/2026 1:44:43 PM,
2/19/2026 1:44:44 PM,
2/19/2026 1:44:45 PM,0
2/19/2026 1:44:46 PM,
2/19/2026 1:44:47 PM,
2/19/2026 1:44:48 PM,
2/19/2026 1:44:49 PM,0
2/19/2026 1:44:50 PM,0
2/19/2026 1:44:51 PM,0
2/19/2026 1:44:52 PM,
2/19/2026 1:44:53 PM,0
2/19/2026 1:44:54 PM,
2/19/2026 1:44:55 PM,0
2/19/2026 1:44:56 PM,0
2/19/2026 1:44:57 PM,
2/19/2026 1:44:58 PM,
2/19/2026 1:44:59 PM,
2/19/2026 1:45:00 PM,
2/19/2026 1:45:01 PM,
2/19/2026 1:45:02 PM,
2/19/2026 1:45:03 PM,-0.853439461207017
2/19/2026 1:45:04 PM,0
2/19/2026 1:45:05 PM,0
2/19/2026 1:45:06 PM,
2/19/2026 1:45:07 PM,
2/19/2026 1:45:08 PM,
2/19/2026 1:45:09 PM,
2/19/2026 1:45:10 PM,
2/19/2026 1:45:11 PM,
2/19/2026 1:45:12 PM,
2/19/2026 1:45:13 PM,
2/19/2026 1:45:14 PM,0
2/19/2026 1:45:15 PM,0
2/19/2026 1:45:16 PM,0
2/19/2026 1:45:17 PM,0
2/19/2026 1:45:18 PM,-1.38395541580394
2/19/2026 1:45:19 PM,-1.38395541580394
2/19/2026 1:45:20 PM,
2/19/2026 1:45:21 PM,-1.89605983905494
2/19/2026 1:45:22 PM,
2/19/2026 1:45:23 PM,
2/19/2026 1:45:24 PM,
2/19/2026 1:45:25 PM,-2.12988874409348
2/19/2026 1:45:26 PM,-2.28887521661818
2/19/2026 1:45:27 PM,-2.50330190174282
2/19/2026 1:45:28 PM,-2.29547282215208
2/19/2026 1:45:29 PM,-1.39358286978677
2/19/2026 1:45:30 PM,-1.45126251736656
2/19/2026 1:45:31 PM,-0.947009737137705
2/19/2026 1:45:32 PM,
2/19/2026 1:45:33 PM,0
2/19/2026 1:45:34 PM,
2/19/2026 1:45:35 PM,0
2/19/2026 1:45:36 PM,-0.959164754021913
2/19/2026 1:45:37 PM,-1.09682242618874
2/19/2026 1:45:38 PM,-1.18674798868597
2/19/2026 1:45:39 PM,-1.18674798868597
2/19/2026 1:45:40 PM,0
2/19/2026 1:45:41 PM,0
2/19/2026 1:45:42 PM,0
2/19/2026 1:45:43 PM,-0.857802137034014
2/19/2026 1:45:44 PM,0
2/19/2026 1:45:45 PM,-1.21322128688917
2/19/2026 1:45:46 PM,-1.09388970304281
2/19/2026 1:45:47 PM,-0.865237828111276
2/19/2026 1:45:48 PM,-1.26037389272824
2/19/2026 1:45:49 PM,-2.13033403269947
2/19/2026 1:45:50 PM,-2.519999910146
2/19/2026 1:45:51 PM,-2.77345734648407
2/19/2026 1:45:52 PM,-2.86686716135591
2/19/2026 1:45:53 PM,-3.0426932964474
2/19/2026 1:45:54 PM,-2.9628271702677
2/19/2026 1:45:55 PM,-2.83058295026422
2/19/2026 1:45:56 PM,
2/19/2026 1:45:57 PM,-2.46483818627894
2/19/2026 1:45:58 PM,-2.51507218927145
2/19/2026 1:45:59 PM,
2/19/2026 1:46:00 PM,-1.74449962796643
2/19/2026 1:46:01 PM,-1.32641721284017
2/19/2026 1:46:02 PM,-1.04257527273148
2/19/2026 1:46:03 PM,-1.08314536046237
2/19/2026 1:46:04 PM,-1.05568519793451
2/19/2026 1:46:05 PM,-1.16858702385798
2/19/2026 1:46:06 PM,-1.23242925619707
2/19/2026 1:46:07 PM,-1.64108119206503
2/19/2026 1:46:08 PM,-1.33211355423555
2/19/2026 1:46:09 PM,-1.13946546334773
2/19/2026 1:46:10 PM,-1.2680079205893
2/19/2026 1:46:11 PM,-1.64057293441147
2/19/2026 1:46:12 PM,-1.72742768190801
2/19/2026 1:46:13 PM,
2/19/2026 1:46:14 PM,-2.18949895352125
2/19/2026 1:46:15 PM,-2.31305805500597
2/19/2026 1:46:16 PM,-1.96096510626376
2/19/2026 1:46:17 PM,
2/19/2026 1:46:18 PM,
2/19/2026 1:46:19 PM,-1.74188332166523
2/19/2026 1:46:20 PM,-1.36080721858889
2/19/2026 1:46:21 PM,-1.08337764395401
2/19/2026 1:46:22 PM,-1.05296506080776
2/19/2026 1:46:23 PM,-0.920883659273386
2/19/2026 1:46:24 PM,-0.920883659273386
2/19/2026 1:46:25 PM,
2/19/2026 1:46:26 PM,0
2/19/2026 1:46:27 PM,-0.993097422178835
2/19/2026 1:46:28 PM,-1.26519380137324
2/19/2026 1:46:29 PM,-1.00210880627856
2/19/2026 1:46:30 PM,0
2/19/2026 1:46:31 PM,0
2/19/2026 1:46:32 PM,0
2/19/2026 1:46:33 PM,0
2/19/2026 1:46:34 PM,-0.840806413907558
2/19/2026 1:46:35 PM,-0.965366628952324
2/19/2026 1:46:36 PM,
2/19/2026 1:46:37 PM,-0.922207580879331
2/19/2026 1:46:38 PM,-0.90610709739849
2/19/2026 1:46:39 PM,-0.902025529649109
2/19/2026 1:46:40 PM,0
2/19/2026 1:46:41 PM,0
2/19/2026 1:46:42 PM,0
2/19/2026 1:46:43 PM,0
2/19/2026 1:46:44 PM,-1.28799519734457
2/19/2026 1:46:45 PM,-1.44883941393346
2/19/2026 1:46:46 PM,-1.16255938773975
2/19/2026 1:46:47 PM,
2/19/2026 1:46:48 PM,-1.26770198112354
2/19/2026 1:46:49 PM,
2/19/2026 1:46:50 PM,
2/19/2026 1:46:51 PM,-1.34040189441293
2/19/2026 1:46:52 PM,-1.11298776464537
2/19/2026 1:46:53 PM,-0.982769555412233
2/19/2026 1:46:54 PM,-1.10557805746794
2/19/2026 1:46:55 PM,-1.89143135212362
2/19/2026 1:46:56 PM,-1.93385405000299
2/19/2026 1:46:57 PM,-1.63802263559774
2/19/2026 1:46:58 PM,
2/19/2026 1:46:59 PM,
2/19/2026 1:47:00 PM,-1.41753070056438
2/19/2026 1:47:01 PM,-1.41937608132139
2/19/2026 1:47:02 PM,-0.93026248505339
2/19/2026 1:47:03 PM,-0.93026248505339
2/19/2026 1:47:04 PM,-0.860406918218359
2/19/2026 1:47:05 PM,0
2/19/2026 1:47:06 PM,0
2/19/2026 1:47:07 PM,0
2/19/2026 1:47:08 PM,0
2/19/2026 1:47:09 PM,-0.849292409839109
2/19/2026 1:47:10 PM,-1.23675704235211
2/19/2026 1:47:11 PM,-1.43695209408179
2/19/2026 1:47:12 PM,-1.92419139202684
2/19/2026 1:47:13 PM,
2/19/2026 1:47:14 PM,-1.70566490851343
2/19/2026 1:47:15 PM,-1.60980621585622
2/19/2026 1:47:16 PM,-1.46007629809901
2/19/2026 1:47:17 PM,-1.33877412881702
2/19/2026 1:47:18 PM,-1.08495930908248
2/19/2026 1:47:19 PM,-0.909003044944257
2/19/2026 1:47:20 PM,-1.01426476612687
2/19/2026 1:47:21 PM,-0.921144965104759
2/19/2026 1:47:22 PM,-1.19696877663955
2/19/2026 1:47:23 PM,-0.933019502554089
2/19/2026 1:47:24 PM,-1.0796403628774
2/19/2026 1:47:25 PM,-1.39079326763749
2/19/2026 1:47:26 PM,0
2/19/2026 1:47:27 PM,0
2/19/2026 1:47:28 PM,-0.977817527018487
2/19/2026 1:47:29 PM,-1.08334684045985
2/19/2026 1:47:30 PM,-1.03287667734548
2/19/2026 1:47:31 PM,-1.10256979241967
2/19/2026 1:47:32 PM,-1.16561050526798
2/19/2026 1:47:33 PM,-1.30846841493621
2/19/2026 1:47:34 PM,-1.45521814702079
2/19/2026 1:47:35 PM,-1.70589415356517
2/19/2026 1:47:36 PM,-1.69817211572081
2/19/2026 1:47:37 PM,-1.64882072713226
2/19/2026 1:47:38 PM,
2/19/2026 1:47:39 PM,-1.87673892360181
2/19/2026 1:47:40 PM,-1.93428320344537
2/19/2026 1:47:41 PM,-1.86825832352042
2/19/2026 1:47:42 PM,-1.50072632823139
2/19/2026 1:47:43 PM,-1.26041915500537
2/19/2026 1:47:44 PM,-1.48817243753001
2/19/2026 1:47:45 PM,-1.56833790242672
2/19/2026 1:47:46 PM,-1.15821860963479
2/19/2026 1:47:47 PM,-0.837689341278747
2/19/2026 1:47:48 PM,-0.837689341278747
2/19/2026 1:47:49 PM,-1.14412726834416
2/19/2026 1:47:50 PM,-1.07238184427842
2/19/2026 1:47:51 PM,-0.829765928210691
2/19/2026 1:47:52 PM,0
2/19/2026 1:47:53 PM,0
2/19/2026 1:47:54 PM,0
2/19/2026 1:47:55 PM,0
2/19/2026 1:47:56 PM,0
2/19/2026 1:47:57 PM,-0.901426223572344
2/19/2026 1:47:58 PM,-0.842464197194204
2/19/2026 1:47:59 PM,-0.842464197194204
2/19/2026 1:48:00 PM,-1.01472755195573
2/19/2026 1:48:01 PM,
2/19/2026 1:48:02 PM,
2/19/2026 1:48:03 PM,-1.04648165870458
2/19/2026 1:48:04 PM,-1.09078892273828
2/19/2026 1:48:05 PM,-1.16608837852255
2/19/2026 1:48:06 PM,-1.06548510957509
2/19/2026 1:48:07 PM,-1.04558542370796
2/19/2026 1:48:08 PM,-1.12392688170075
2/19/2026 1:48:09 PM,-0.81133297062479
2/19/2026 1:48:10 PM,-0.81133297062479
2/19/2026 1:48:11 PM,-0.956846110057086
2/19/2026 1:48:12 PM,-0.944783398881555
2/19/2026 1:48:13 PM,-0.83119158516638
2/19/2026 1:48:14 PM,-0.825067085679621
2/19/2026 1:48:15 PM,0
2/19/2026 1:48:16 PM,-1.05493899900466
2/19/2026 1:48:17 PM,-0.876560364849865
2/19/2026 1:48:18 PM,-0.869028281886131
2/19/2026 1:48:19 PM,-0.914339907467365
2/19/2026 1:48:20 PM,0
2/19/2026 1:48:21 PM,0
2/19/2026 1:48:22 PM,0
2/19/2026 1:48:23 PM,0
2/19/2026 1:48:24 PM,-1.00780766224489
2/19/2026 1:48:25 PM,-1.07307303696871
2/19/2026 1:48:26 PM,0
2/19/2026 1:48:27 PM,0
2/19/2026 1:48:28 PM,-0.988646317273378
2/19/2026 1:48:29 PM,-0.914120301604271
2/19/2026 1:48:30 PM,-1.23696679947898
2/19/2026 1:48:31 PM,-1.27185636665672
2/19/2026 1:48:32 PM,-1.47926802746952
2/19/2026 1:48:33 PM,-1.54556971974671
2/19/2026 1:48:34 PM,-1.65571976685897
2/19/2026 1:48:35 PM,-1.83567744679749
2/19/2026 1:48:36 PM,-1.68286403641105
2/19/2026 1:48:37 PM,-1.61140076816082
2/19/2026 1:48:38 PM,
2/19/2026 1:48:39 PM,-1.94396262522787
2/19/2026 1:48:40 PM,-1.78803764283657
2/19/2026 1:48:41 PM,-1.7002220149152
2/19/2026 1:48:42 PM,-1.67826216202229
2/19/2026 1:48:43 PM,-1.53155936859548
2/19/2026 1:48:44 PM,-1.2559256167151
2/19/2026 1:48:45 PM,-0.921585853211582
2/19/2026 1:48:46 PM,-0.885891413781792
2/19/2026 1:48:47 PM,0
2/19/2026 1:48:48 PM,0
2/19/2026 1:48:49 PM,0
2/19/2026 1:48:50 PM,0
2/19/2026 1:48:51 PM,0
2/19/2026 1:48:52 PM,0
2/19/2026 1:48:53 PM,0
2/19/2026 1:48:54 PM,0
2/19/2026 1:48:55 PM,0
2/19/2026 1:48:56 PM,0
2/19/2026 1:48:57 PM,0
2/19/2026 1:48:58 PM,0
2/19/2026 1:48:59 PM,0
2/19/2026 1:49:00 PM,0
2/19/2026 1:49:01 PM,0
2/19/2026 1:49:02 PM,0
2/19/2026 1:49:03 PM,0
2/19/2026 1:49:04 PM,-1.14384416956455
2/19/2026 1:49:05 PM,-1.23090500710532
2/19/2026 1:49:06 PM,-1.41749947797507
2/19/2026 1:49:07 PM,-1.53232620796189
2/19/2026 1:49:08 PM,
2/19/2026 1:49:09 PM,
2/19/2026 1:49:10 PM,-1.65487591875717
2/19/2026 1:49:11 PM,-1.48539792280644
2/19/2026 1:49:12 PM,-1.48162114201114
2/19/2026 1:49:13 PM,-1.46366542903706
2/19/2026 1:49:14 PM,-1.31556160049513
2/19/2026 1:49:15 PM,-1.31556160049513
2/19/2026 1:49:16 PM,-1.26073012361303
2/19/2026 1:49:17 PM,
2/19/2026 1:49:18 PM,-1.08278829138726
2/19/2026 1:49:19 PM,-0.94564170576632
2/19/2026 1:49:20 PM,0
2/19/2026 1:49:21 PM,0
2/19/2026 1:49:22 PM,0
2/19/2026 1:49:23 PM,0
2/19/2026 1:49:24 PM,0
2/19/2026 1:49:25 PM,0
2/19/2026 1:49:26 PM,0
2/19/2026 1:49:27 PM,0
2/19/2026 1:49:28 PM,0
2/19/2026 1:49:29 PM,0
2/19/2026 1:49:30 PM,0
2/19/2026 1:49:31 PM,0
2/19/2026 1:49:32 PM,0
2/19/2026 1:49:33 PM,0
2/19/2026 1:49:34 PM,-0.848158390726894
2/19/2026 1:49:35 PM,0
2/19/2026 1:49:36 PM,0
2/19/2026 1:49:37 PM,0
2/19/2026 1:49:38 PM,
2/19/2026 1:49:39 PM,
2/19/2026 1:49:40 PM,-0.814287224784493
2/19/2026 1:49:41 PM,0
2/19/2026 1:49:42 PM,-0.951951183378696
2/19/2026 1:49:43 PM,-1.24714829726145
2/19/2026 1:49:44 PM,-1.24714829726145
2/19/2026 1:49:45 PM,-1.19766468415037
2/19/2026 1:49:46 PM,-1.27697456628084
2/19/2026 1:49:47 PM,-1.18203914025798
2/19/2026 1:49:48 PM,-1.65910196956247
2/19/2026 1:49:49 PM,-1.69456842122599
2/19/2026 1:49:50 PM,-1.57676066737622
2/19/2026 1:49:51 PM,
2/19/2026 1:49:52 PM,-1.52584773022681
2/19/2026 1:49:53 PM,-1.66819340083748
2/19/2026 1:49:54 PM,-1.81637371424586
2/19/2026 1:49:55 PM,-1.81637371424586
2/19/2026 1:49:56 PM,-1.84844811446965
2/19/2026 1:49:57 PM,-1.8673752900213
2/19/2026 1:49:58 PM,-1.88353015109897
2/19/2026 1:49:59 PM,-2.0281049888581
2/19/2026 1:50:00 PM,-1.85070431325585
2/19/2026 1:50:01 PM,-1.56994974240661
2/19/2026 1:50:02 PM,-1.53634543530643
2/19/2026 1:50:03 PM,-1.53804580913857
2/19/2026 1:50:04 PM,-1.47535294527188
2/19/2026 1:50:05 PM,-1.97246067691594
2/19/2026 1:50:06 PM,-1.9426875282079
2/19/2026 1:50:07 PM,-2.08157734014094
2/19/2026 1:50:08 PM,-1.92240227479488
2/19/2026 1:50:09 PM,-1.79414113517851
2/19/2026 1:50:10 PM,-1.76259730942547
2/19/2026 1:50:11 PM,-1.30545847350731
2/19/2026 1:50:12 PM,-1.49040893884376
2/19/2026 1:50:13 PM,-1.77049285266548
2/19/2026 1:50:14 PM,-1.55285820364952
2/19/2026 1:50:15 PM,-1.98405159171671
2/19/2026 1:50:16 PM,-1.99385925661772
2/19/2026 1:50:17 PM,-1.98042641859502
2/19/2026 1:50:18 PM,-1.98042641859502
2/19/2026 1:50:19 PM,-1.68241015635431
2/19/2026 1:50:20 PM,-1.58925462746993
2/19/2026 1:50:21 PM,-1.51559645310044
2/19/2026 1:50:22 PM,-1.3211042387411
2/19/2026 1:50:23 PM,-1.24621402937919
2/19/2026 1:50:24 PM,-1.34445747826248
2/19/2026 1:50:25 PM,-1.47740682587028
2/19/2026 1:50:26 PM,
2/19/2026 1:50:27 PM,-1.47093337727711
2/19/2026 1:50:28 PM,-1.62381530972198
2/19/2026 1:50:29 PM,-1.68632639106363
2/19/2026 1:50:30 PM,
2/19/2026 1:50:31 PM,-1.76991240587085
2/19/2026 1:50:32 PM,-1.55866162385792
2/19/2026 1:50:33 PM,-1.46930131595582
2/19/2026 1:50:34 PM,-1.27112598856911
2/19/2026 1:50:35 PM,-1.25697010662407
2/19/2026 1:50:36 PM,-1.61110467743129
2/19/2026 1:50:37 PM,-1.6725011751987
2/19/2026 1:50:38 PM,-1.6819974523969
2/19/2026 1:50:39 PM,-1.54244787991047
2/19/2026 1:50:40 PM,-1.44129852997139
2/19/2026 1:50:41 PM,-1.56787752639502
2/19/2026 1:50:42 PM,-1.28686877433211
2/19/2026 1:50:43 PM,-1.21923729311675
2/19/2026 1:50:44 PM,-1.36229856871068
2/19/2026 1:50:45 PM,-1.40021725092083
2/19/2026 1:50:46 PM,-1.31180294556543
2/19/2026 1:50:47 PM,-1.16206380771473
2/19/2026 1:50:48 PM,-1.18924977723509
2/19/2026 1:50:49 PM,-1.29284245194867
2/19/2026 1:50:50 PM,-1.18947346927598
2/19/2026 1:50:51 PM,-0.834224472055212
2/19/2026 1:50:52 PM,-0.890935433562845
2/19/2026 1:50:53 PM,-1.02843479253352
2/19/2026 1:50:54 PM,-1.02843479253352
2/19/2026 1:50:55 PM,-1.01046022027731
2/19/2026 1:50:56 PM,-1.2560066068545
2/19/2026 1:50:57 PM,-0.911827327217907
2/19/2026 1:50:58 PM,-0.983571074903011
2/19/2026 1:50:59 PM,-0.976216059643775
2/19/2026 1:51:00 PM,-0.861424638424069
2/19/2026 1:51:01 PM,0
2/19/2026 1:51:02 PM,-0.820064189611003
2/19/2026 1:51:03 PM,-1.02294370299205
2/19/2026 1:51:04 PM,-1.0275213746354
2/19/2026 1:51:05 PM,-1.03646696079522
2/19/2026 1:51:06 PM,-1.05102454544976
2/19/2026 1:51:07 PM,-1.07592288404703
2/19/2026 1:51:08 PM,-1.3234464568086
2/19/2026 1:51:09 PM,-1.39535983325914
2/19/2026 1:51:10 PM,-1.60738300764933
2/19/2026 1:51:11 PM,-1.67280302848667
2/19/2026 1:51:12 PM,-1.48126292042434
2/19/2026 1:51:13 PM,-1.4057335909456
2/19/2026 1:51:14 PM,-1.44994833972305
2/19/2026 1:51:15 PM,-1.8493996700272
2/19/2026 1:51:16 PM,-1.63527756230906
2/19/2026 1:51:17 PM,-1.30606532329693
2/19/2026 1:51:18 PM,-1.27483833348379
2/19/2026 1:51:19 PM,-1.36445167008787
2/19/2026 1:51:20 PM,-1.20019078021869
2/19/2026 1:51:21 PM,-1.11073512816802
2/19/2026 1:51:22 PM,-1.11073512816802
2/19/2026 1:51:23 PM,-1.58527458552271
2/19/2026 1:51:24 PM,-1.68098177528009
2/19/2026 1:51:25 PM,-1.68098177528009
2/19/2026 1:51:26 PM,-1.8057519569993
2/19/2026 1:51:27 PM,-1.70944116543978
2/19/2026 1:51:28 PM,-1.70944116543978
2/19/2026 1:51:29 PM,-1.49174365215003
2/19/2026 1:51:30 PM,-1.78066387306899
2/19/2026 1:51:31 PM,-1.68675858294591
2/19/2026 1:51:32 PM,
2/19/2026 1:51:33 PM,-1.72323358710855
2/19/2026 1:51:34 PM,-1.18183325976133
2/19/2026 1:51:35 PM,0
2/19/2026 1:51:36 PM,0
2/19/2026 1:51:37 PM,-1.08368620276451
2/19/2026 1:51:38 PM,-1.49891206528991
2/19/2026 1:51:39 PM,-2.00991353485733
2/19/2026 1:51:40 PM,-2.00991353485733
2/19/2026 1:51:41 PM,-2.08824640139937
2/19/2026 1:51:42 PM,-1.96023944299668
2/19/2026 1:51:43 PM,-2.16758111491799
2/19/2026 1:51:44 PM,
2/19/2026 1:51:45 PM,-2.74165640585124
2/19/2026 1:51:46 PM,-3.16471725236624
2/19/2026 1:51:47 PM,-2.97403293661773
2/19/2026 1:51:48 PM,-2.60009779594839
2/19/2026 1:51:49 PM,
2/19/2026 1:51:50 PM,-2.43514110334218
2/19/2026 1:51:51 PM,-2.26794895716012
2/19/2026 1:51:52 PM,-1.69673053314909
2/19/2026 1:51:53 PM,-1.39400919433683
2/19/2026 1:51:54 PM,-0.950656493660063
2/19/2026 1:51:55 PM,0
2/19/2026 1:51:56 PM,0
2/19/2026 1:51:57 PM,0
2/19/2026 1:51:58 PM,
2/19/2026 1:51:59 PM,
2/19/2026 1:52:00 PM,0
2/19/2026 1:52:01 PM,0
2/19/2026 1:52:02 PM,0
2/19/2026 1:52:03 PM,-0.965184008236974
2/19/2026 1:52:04 PM,-0.965184008236974
2/19/2026 1:52:05 PM,-0.938687869347632
2/19/2026 1:52:06 PM,-0.943369686137885
2/19/2026 1:52:07 PM,-1.0779112810269
2/19/2026 1:52:08 PM,-1.38896674616262
2/19/2026 1:52:09 PM,-1.53078896692023
2/19/2026 1:52:10 PM,-1.28677405882627
2/19/2026 1:52:11 PM,-1.27134779468179
2/19/2026 1:52:12 PM,-1.15266958018765
2/19/2026 1:52:13 PM,-1.15220543229952
2/19/2026 1:52:14 PM,-1.15220543229952
2/19/2026 1:52:15 PM,-1.19305400876328
2/19/2026 1:52:16 PM,-1.08958632918075
2/19/2026 1:52:17 PM,-1.08958632918075
2/19/2026 1:52:18 PM,-1.5451418235898
2/19/2026 1:52:19 PM,-1.71049990458414
2/19/2026 1:52:20 PM,-1.77075122483075
2/19/2026 1:52:21 PM,-1.77715625613928
2/19/2026 1:52:22 PM,-1.839221525006
2/19/2026 1:52:23 PM,-1.8028654390946
2/19/2026 1:52:24 PM,-1.6328772995621
2/19/2026 1:52:25 PM,-1.71580062014982
2/19/2026 1:52:26 PM,-1.920181280002
2/19/2026 1:52:27 PM,-1.97472316212952
2/19/2026 1:52:28 PM,-1.80565514601767
2/19/2026 1:52:29 PM,-1.82604119181633
2/19/2026 1:52:30 PM,
2/19/2026 1:52:31 PM,-1.62095844279975
2/19/2026 1:52:32 PM,-1.98357235640287
2/19/2026 1:52:33 PM,
2/19/2026 1:52:34 PM,-1.91125790588558
2/19/2026 1:52:35 PM,-1.67375688906759
2/19/2026 1:52:36 PM,-1.67375688906759
2/19/2026 1:52:37 PM,-2.26195359136909
2/19/2026 1:52:38 PM,
2/19/2026 1:52:39 PM,-2.01644136104733
2/19/2026 1:52:40 PM,-1.9529243465513
2/19/2026 1:52:41 PM,-2.2736553568393
2/19/2026 1:52:42 PM,-2.60395682416856
2/19/2026 1:52:43 PM,-2.57877151016146
2/19/2026 1:52:44 PM,-2.654406032525
2/19/2026 1:52:45 PM,-2.654406032525
2/19/2026 1:52:46 PM,-2.47165015898645
2/19/2026 1:52:47 PM,-2.40073213353753
2/19/2026 1:52:48 PM,-2.49843788333237
2/19/2026 1:52:49 PM,-2.02627941034734
2/19/2026 1:52:50 PM,-1.7888781381771
2/19/2026 1:52:51 PM,-1.74966675695032
2/19/2026 1:52:52 PM,-1.20302952127531
2/19/2026 1:52:53 PM,-0.973921513650566
2/19/2026 1:52:54 PM,-0.875866657588631
2/19/2026 1:52:55 PM,-1.01636579493061
2/19/2026 1:52:56 PM,-1.1742931092158
2/19/2026 1:52:57 PM,-1.14564900286496
2/19/2026 1:52:58 PM,-1.24759830068797
2/19/2026 1:52:59 PM,-1.34968768106773
2/19/2026 1:53:00 PM,-1.37545396573842
2/19/2026 1:53:01 PM,-1.92643627524376
2/19/2026 1:53:02 PM,-1.74942881567404
2/19/2026 1:53:03 PM,-1.74942881567404
2/19/2026 1:53:04 PM,-1.49932759813964
2/19/2026 1:53:05 PM,-1.92513791844249
2/19/2026 1:53:06 PM,-1.92513791844249
2/19/2026 1:53:07 PM,-2.16659393627197
2/19/2026 1:53:08 PM,-2.22148241009563
2/19/2026 1:53:09 PM,-2.35025526490062
2/19/2026 1:53:10 PM,-2.01910575851798
2/19/2026 1:53:11 PM,-1.90482835751027
2/19/2026 1:53:12 PM,-1.70103191630915
2/19/2026 1:53:13 PM,-1.53306538704783
2/19/2026 1:53:14 PM,-1.3065816485323
2/19/2026 1:53:15 PM,-1.10922146122903
2/19/2026 1:53:16 PM,-1.14264744333923
2/19/2026 1:53:17 PM,-1.08062125509605
2/19/2026 1:53:18 PM,-0.969041255302727
2/19/2026 1:53:19 PM,0
2/19/2026 1:53:20 PM,0
2/19/2026 1:53:21 PM,0
2/19/2026 1:53:22 PM,0
2/19/2026 1:53:23 PM,0
2/19/2026 1:53:24 PM,0
2/19/2026 1:53:25 PM,
2/19/2026 1:53:26 PM,0
2/19/2026 1:53:27 PM,
2/19/2026 1:53:28 PM,0
2/19/2026 1:53:29 PM,0
2/19/2026 1:53:30 PM,0
2/19/2026 1:53:31 PM,-0.950127281248569
2/19/2026 1:53:32 PM,-0.979320192709565
2/19/2026 1:53:33 PM,-0.997931999154389
2/19/2026 1:53:34 PM,0
2/19/2026 1:53:35 PM,0
2/19/2026 1:53:36 PM,0
2/19/2026 1:53:37 PM,0
2/19/2026 1:53:38 PM,0
2/19/2026 1:53:39 PM,0
2/19/2026 1:53:40 PM,0
2/19/2026 1:53:41 PM,
2/19/2026 1:53:42 PM,-1.01935006678104
2/19/2026 1:53:43 PM,0
2/19/2026 1:53:44 PM,-1.21068356093019
2/19/2026 1:53:45 PM,-1.21068356093019
2/19/2026 1:53:46 PM,-1.13391444319859
2/19/2026 1:53:47 PM,-1.34947216138244
2/19/2026 1:53:48 PM,-1.46444180281833
2/19/2026 1:53:49 PM,-1.69660260435194
2/19/2026 1:53:50 PM,
2/19/2026 1:53:51 PM,-1.96718007791787
2/19/2026 1:53:52 PM,-1.8692540936172
2/19/2026 1:53:53 PM,-1.89301196951419
2/19/2026 1:53:54 PM,-1.6922636074014
2/19/2026 1:53:55 PM,-1.7532961210236
2/19/2026 1:53:56 PM,-1.96660235524178
2/19/2026 1:53:57 PM,-1.71902691945434
2/19/2026 1:53:58 PM,-1.85716613195837
2/19/2026 1:53:59 PM,
2/19/2026 1:54:00 PM,-1.84653201140463
2/19/2026 1:54:01 PM,-1.7115687020123
2/19/2026 1:54:02 PM,-1.64597549010068
2/19/2026 1:54:03 PM,-1.71434887452051
2/19/2026 1:54:04 PM,-1.70692104147747
2/19/2026 1:54:05 PM,-1.47419928107411
2/19/2026 1:54:06 PM,0
2/19/2026 1:54:07 PM,-0.909408938605338
2/19/2026 1:54:08 PM,0
2/19/2026 1:54:09 PM,0
2/19/2026 1:54:10 PM,0
2/19/2026 1:54:11 PM,0
2/19/2026 1:54:12 PM,-0.91377591015771
2/19/2026 1:54:13 PM,-1.01504093036056
2/19/2026 1:54:14 PM,-0.951616640668362
2/19/2026 1:54:15 PM,-1.35917851002887
2/19/2026 1:54:16 PM,-1.70643415767699
2/19/2026 1:54:17 PM,-1.96596868336201
2/19/2026 1:54:18 PM,-1.94862002972513
2/19/2026 1:54:19 PM,-2.11242253426462
2/19/2026 1:54:20 PM,-1.85532378964126
2/19/2026 1:54:21 PM,-2.31004811357707
2/19/2026 1:54:22 PM,-2.33816688414663
2/19/2026 1:54:23 PM,-2.22494036424905
2/19/2026 1:54:24 PM,
2/19/2026 1:54:25 PM,-2.04128636978567
2/19/2026 1:54:26 PM,-1.98155022226274
2/19/2026 1:54:27 PM,-1.61375199677423
2/19/2026 1:54:28 PM,-1.64048974402249
2/19/2026 1:54:29 PM,-1.72192401951179
2/19/2026 1:54:30 PM,-1.5926158754155
2/19/2026 1:54:31 PM,-1.81032512336969
2/19/2026 1:54:32 PM,-1.78038035519421
2/19/2026 1:54:33 PM,-1.61597131518647
2/19/2026 1:54:34 PM,-1.78013266995549
2/19/2026 1:54:35 PM,-1.97995242197067
2/19/2026 1:54:36 PM,-1.84461800381541
2/19/2026 1:54:37 PM,-1.64420439396054
2/19/2026 1:54:38 PM,-1.3246382586658
2/19/2026 1:54:39 PM,-1.3246382586658
2/19/2026 1:54:40 PM,-0.883339962456375
2/19/2026 1:54:41 PM,-1.18723696796224
2/19/2026 1:54:42 PM,-1.18723696796224
2/19/2026 1:54:43 PM,-0.829346309183165
2/19/2026 1:54:44 PM,0
2/19/2026 1:54:45 PM,0
2/19/2026 1:54:46 PM,0
2/19/2026 1:54:47 PM,0
2/19/2026 1:54:48 PM,0
2/19/2026 1:54:49 PM,0
2/19/2026 1:54:50 PM,
2/19/2026 1:54:51 PM,0
2/19/2026 1:54:52 PM,0
2/19/2026 1:54:53 PM,0
2/19/2026 1:54:54 PM,0
2/19/2026 1:54:55 PM,0
2/19/2026 1:54:56 PM,0
2/19/2026 1:54:57 PM,0
2/19/2026 1:54:58 PM,
2/19/2026 1:54:59 PM,0
2/19/2026 1:55:00 PM,0
2/19/2026 1:55:01 PM,0
2/19/2026 1:55:02 PM,-1.03394065517932
2/19/2026 1:55:03 PM,-1.03394065517932
2/19/2026 1:55:04 PM,
2/19/2026 1:55:05 PM,-0.883296690881252
2/19/2026 1:55:06 PM,-1.04648270644248
2/19/2026 1:55:07 PM,-1.03483919519931
2/19/2026 1:55:08 PM,0
2/19/2026 1:55:09 PM,0
2/19/2026 1:55:10 PM,0
2/19/2026 1:55:11 PM,0
2/19/2026 1:55:12 PM,0
2/19/2026 1:55:13 PM,0
2/19/2026 1:55:14 PM,0
2/19/2026 1:55:15 PM,0
2/19/2026 1:55:16 PM,0
2/19/2026 1:55:17 PM,-0.870773813221604
2/19/2026 1:55:18 PM,0
2/19/2026 1:55:19 PM,-1.02291646180674
2/19/2026 1:55:20 PM,-1.09352645231411
2/19/2026 1:55:21 PM,-0.934955617412925
2/19/2026 1:55:22 PM,-1.03345775278285
2/19/2026 1:55:23 PM,-0.919922778848559
2/19/2026 1:55:24 PM,
2/19/2026 1:55:25 PM,-0.961447774898261
2/19/2026 1:55:26 PM,-0.814524380257353
2/19/2026 1:55:27 PM,0
2/19/2026 1:55:28 PM,0
2/19/2026 1:55:29 PM,0
2/19/2026 1:55:30 PM,0
2/19/2026 1:55:31 PM,0
2/19/2026 1:55:32 PM,-0.93195887748152
2/19/2026 1:55:33 PM,-1.01049594813958
2/19/2026 1:55:34 PM,-1.01049594813958
2/19/2026 1:55:35 PM,-1.34415751090273
2/19/2026 1:55:36 PM,
2/19/2026 1:55:37 PM,-1.30343686323613
2/19/2026 1:55:38 PM,-1.20240915566683
2/19/2026 1:55:39 PM,-0.857949920464307
2/19/2026 1:55:40 PM,-1.0374526726082
2/19/2026 1:55:41 PM,-1.11360687296838
2/19/2026 1:55:42 PM,-1.07553197303787
2/19/2026 1:55:43 PM,-1.31065221503377
2/19/2026 1:55:44 PM,-1.50023986352608
2/19/2026 1:55:45 PM,-1.5266906353645
2/19/2026 1:55:46 PM,
2/19/2026 1:55:47 PM,
2/19/2026 1:55:48 PM,
2/19/2026 1:55:49 PM,-1.05734544340521
2/19/2026 1:55:50 PM,-0.954499596264213
2/19/2026 1:55:51 PM,0
2/19/2026 1:55:52 PM,0
2/19/2026 1:55:53 PM,0
2/19/2026 1:55:54 PM,0
2/19/2026 1:55:55 PM,0
2/19/2026 1:55:56 PM,0
2/19/2026 1:55:57 PM,0
2/19/2026 1:55:58 PM,0
2/19/2026 1:55:59 PM,0
2/19/2026 1:56:00 PM,0
2/19/2026 1:56:01 PM,0
2/19/2026 1:56:02 PM,0
2/19/2026 1:56:03 PM,0
2/19/2026 1:56:04 PM,0
2/19/2026 1:56:05 PM,0
2/19/2026 1:56:06 PM,-0.926072895526886
2/19/2026 1:56:07 PM,0
2/19/2026 1:56:08 PM,0
2/19/2026 1:56:09 PM,0
2/19/2026 1:56:10 PM,-0.889145059045404
2/19/2026 1:56:11 PM,-0.889145059045404
2/19/2026 1:56:12 PM,-1.01075589191169
2/19/2026 1:56:13 PM,-0.839955912670121
2/19/2026 1:56:14 PM,0
2/19/2026 1:56:15 PM,0
2/19/2026 1:56:16 PM,-0.85452544153668
2/19/2026 1:56:17 PM,-0.85452544153668
2/19/2026 1:56:18 PM,0
2/19/2026 1:56:19 PM,-1.0971890296787
2/19/2026 1:56:20 PM,-0.910897878929973
2/19/2026 1:56:21 PM,-0.967966904863715
2/19/2026 1:56:22 PM,-0.959894189145416
2/19/2026 1:56:23 PM,-0.910993118304759
2/19/2026 1:56:24 PM,0
2/19/2026 1:56:25 PM,0
2/19/2026 1:56:26 PM,-0.86473465198651
2/19/2026 1:56:27 PM,-0.961093115620315
2/19/2026 1:56:28 PM,-0.945640134159476
2/19/2026 1:56:29 PM,-0.83168926066719
2/19/2026 1:56:30 PM,-0.956157955806702
2/19/2026 1:56:31 PM,-0.956157955806702
2/19/2026 1:56:32 PM,-1.06377593474463
2/19/2026 1:56:33 PM,-1.70411551371217
2/19/2026 1:56:34 PM,-1.70411551371217
2/19/2026 1:56:35 PM,-1.66106867836788
2/19/2026 1:56:36 PM,
2/19/2026 1:56:37 PM,-1.71601823531091
2/19/2026 1:56:38 PM,-1.70654301764444
2/19/2026 1:56:39 PM,
2/19/2026 1:56:40 PM,-1.63053340511397
2/19/2026 1:56:41 PM,-1.4475004049018
2/19/2026 1:56:42 PM,-1.52616215636954
2/19/2026 1:56:43 PM,-1.5638995799236
2/19/2026 1:56:44 PM,-1.22673574369401
2/19/2026 1:56:45 PM,-1.02246750611812
2/19/2026 1:56:46 PM,-1.04547949740663
2/19/2026 1:56:47 PM,0
2/19/2026 1:56:48 PM,-0.841360352933407
2/19/2026 1:56:49 PM,-0.857427623122931
2/19/2026 1:56:50 PM,0
2/19/2026 1:56:51 PM,0
2/19/2026 1:56:52 PM,0
2/19/2026 1:56:53 PM,0
2/19/2026 1:56:54 PM,0
2/19/2026 1:56:55 PM,0
2/19/2026 1:56:56 PM,0
2/19/2026 1:56:57 PM,0
2/19/2026 1:56:58 PM,0
2/19/2026 1:56:59 PM,0
2/19/2026 1:57:00 PM,0
2/19/2026 1:57:01 PM,0
2/19/2026 1:57:02 PM,-0.826207129284739
2/19/2026 1:57:03 PM,0
2/19/2026 1:57:04 PM,-0.994175230152905
2/19/2026 1:57:05 PM,-1.29487684462219
2/19/2026 1:57:06 PM,
2/19/2026 1:57:07 PM,-1.38802084838971
2/19/2026 1:57:08 PM,-1.5758613939397
2/19/2026 1:57:09 PM,-1.5758613939397
2/19/2026 1:57:10 PM,-1.59631763817742
2/19/2026 1:57:11 PM,-1.75771925132722
2/19/2026 1:57:12 PM,-1.86870256438851
2/19/2026 1:57:13 PM,-2.03157006762922
2/19/2026 1:57:14 PM,-1.64364710217342
2/19/2026 1:57:15 PM,-1.52582300361246
2/19/2026 1:57:16 PM,-1.55260066967458
2/19/2026 1:57:17 PM,
2/19/2026 1:57:18 PM,-1.74509746721014
2/19/2026 1:57:19 PM,-1.549692673143
2/19/2026 1:57:20 PM,-1.3275915174745
2/19/2026 1:57:21 PM,-1.1353530921042
2/19/2026 1:57:22 PM,
2/19/2026 1:57:23 PM,-0.956634362228215
2/19/2026 1:57:24 PM,0
2/19/2026 1:57:25 PM,0
2/19/2026 1:57:26 PM,-1.64273096015677
2/19/2026 1:57:27 PM,-1.96965169161558
2/19/2026 1:57:28 PM,-1.84282930567861
2/19/2026 1:57:29 PM,-1.72548129921779
2/19/2026 1:57:30 PM,-1.70582783175632
2/19/2026 1:57:31 PM,-1.7774272011593
2/19/2026 1:57:32 PM,-1.87199811916798
2/19/2026 1:57:33 PM,-2.21618567593396
2/19/2026 1:57:34 PM,-2.22953406628221
2/19/2026 1:57:35 PM,-2.00953257735819
2/19/2026 1:57:36 PM,-1.69934872537851
2/19/2026 1:57:37 PM,-1.41337285749614
2/19/2026 1:57:38 PM,-1.13789888564497
2/19/2026 1:57:39 PM,-0.936121749691665
2/19/2026 1:57:40 PM,0
2/19/2026 1:57:41 PM,0
2/19/2026 1:57:42 PM,0
2/19/2026 1:57:43 PM,0
2/19/2026 1:57:44 PM,
2/19/2026 1:57:45 PM,0
2/19/2026 1:57:46 PM,0
2/19/2026 1:57:47 PM,0
2/19/2026 1:57:48 PM,0
2/19/2026 1:57:49 PM,0
2/19/2026 1:57:50 PM,
2/19/2026 1:57:51 PM,0
2/19/2026 1:57:52 PM,
2/19/2026 1:57:53 PM,0
2/19/2026 1:57:54 PM,0
2/19/2026 1:57:55 PM,
2/19/2026 1:57:56 PM,0
2/19/2026 1:57:57 PM,0
2/19/2026 1:57:58 PM,
2/19/2026 1:57:59 PM,0
2/19/2026 1:58:00 PM,
2/19/2026 1:58:01 PM,
2/19/2026 1:58:02 PM,0
2/19/2026 1:58:03 PM,0
2/19/2026 1:58:04 PM,-1.09673294937238
2/19/2026 1:58:05 PM,-1.17205849383026
2/19/2026 1:58:06 PM,-1.84017098508775
2/19/2026 1:58:07 PM,-2.37515266053379
2/19/2026 1:58:08 PM,
2/19/2026 1:58:09 PM,
2/19/2026 1:58:10 PM,-2.539690467529
2/19/2026 1:58:11 PM,-2.82488954253495
2/19/2026 1:58:12 PM,-2.99260995816439
2/19/2026 1:58:13 PM,-2.90517748799175
2/19/2026 1:58:14 PM,-2.90517748799175
2/19/2026 1:58:15 PM,-2.65506401192397
2/19/2026 1:58:16 PM,-2.64395233243704
2/19/2026 1:58:17 PM,-2.30890545062721
2/19/2026 1:58:18 PM,-1.72058102907613
2/19/2026 1:58:19 PM,-1.3938374700956
2/19/2026 1:58:20 PM,-1.3938374700956
2/19/2026 1:58:21 PM,-1.61499283276498
2/19/2026 1:58:22 PM,-1.59986297367141
2/19/2026 1:58:23 PM,-1.47595581365749
2/19/2026 1:58:24 PM,-1.10870482167229
2/19/2026 1:58:25 PM,-1.10870482167229
2/19/2026 1:58:26 PM,-0.992596603464335
2/19/2026 1:58:27 PM,-1.27198942936957
2/19/2026 1:58:28 PM,-1.24962137779221
2/19/2026 1:58:29 PM,-1.17036052979529
2/19/2026 1:58:30 PM,-1.34720674250275
2/19/2026 1:58:31 PM,-1.37370204320177
2/19/2026 1:58:32 PM,
2/19/2026 1:58:33 PM,
2/19/2026 1:58:34 PM,-1.28139706794173
2/19/2026 1:58:35 PM,-1.32881297031417
2/19/2026 1:58:36 PM,-1.81680957321078
2/19/2026 1:58:37 PM,-1.4974168385379
2/19/2026 1:58:38 PM,
2/19/2026 1:58:39 PM,
2/19/2026 1:58:40 PM,
2/19/2026 1:58:41 PM,
2/19/2026 1:58:42 PM,-1.13808726891875
2/19/2026 1:58:43 PM,
2/19/2026 1:58:44 PM,-1.05957167688757
2/19/2026 1:58:45 PM,-0.990914145950228
2/19/2026 1:58:46 PM,
2/19/2026 1:58:47 PM,
2/19/2026 1:58:48 PM,-1.42114015761763
2/19/2026 1:58:49 PM,-1.35106776142493
2/19/2026 1:58:50 PM,-1.25631086993963
2/19/2026 1:58:51 PM,-1.36784162605181
2/19/2026 1:58:52 PM,-1.63045744411647
2/19/2026 1:58:53 PM,
2/19/2026 1:58:54 PM,-1.51467549148947
2/19/2026 1:58:55 PM,-1.62401888519526
2/19/2026 1:58:56 PM,-1.62401888519526
2/19/2026 1:58:57 PM,-2.19781736377627
2/19/2026 1:58:58 PM,-2.12560014333576
2/19/2026 1:58:59 PM,-2.97642869409174
2/19/2026 1:59:00 PM,-3.07143924292177
2/19/2026 1:59:01 PM,
2/19/2026 1:59:02 PM,-2.68973282072693
2/19/2026 1:59:03 PM,-2.25668996572495
2/19/2026 1:59:04 PM,-2.02369359321892
2/19/2026 1:59:05 PM,-1.70651546213776
2/19/2026 1:59:06 PM,-1.19658750481904
2/19/2026 1:59:07 PM,-1.27033567987382
2/19/2026 1:59:08 PM,-1.68330324813724
2/19/2026 1:59:09 PM,-1.29191520391032
2/19/2026 1:59:10 PM,-1.13602343481034
2/19/2026 1:59:11 PM,-1.38568973634392
2/19/2026 1:59:12 PM,-1.54169130837545
2/19/2026 1:59:13 PM,-1.53621572535485
2/19/2026 1:59:14 PM,
2/19/2026 1:59:15 PM,
2/19/2026 1:59:16 PM,-1.5683987759985
2/19/2026 1:59:17 PM,-1.46511947968975
2/19/2026 1:59:18 PM,-1.48070395225659
2/19/2026 1:59:19 PM,-1.3309536036104
2/19/2026 1:59:20 PM,-1.10715657938272
2/19/2026 1:59:21 PM,-0.913175032474101
2/19/2026 1:59:22 PM,-0.913175032474101
2/19/2026 1:59:23 PM,-0.855541013879701
2/19/2026 1:59:24 PM,0
2/19/2026 1:59:25 PM,0
2/19/2026 1:59:26 PM,0
2/19/2026 1:59:27 PM,0
2/19/2026 1:59:28 PM,-0.832645950140432
2/19/2026 1:59:29 PM,-0.863531534560025
2/19/2026 1:59:30 PM,-0.863531534560025
2/19/2026 1:59:31 PM,0
2/19/2026 1:59:32 PM,
2/19/2026 1:59:33 PM,0
2/19/2026 1:59:34 PM,-1.02629876928404
2/19/2026 1:59:35 PM,-1.04923930484802
2/19/2026 1:59:36 PM,-1.46817321656272
2/19/2026 1:59:37 PM,
2/19/2026 1:59:38 PM,-1.40872079646215
2/19/2026 1:59:39 PM,-1.27919702790678
2/19/2026 1:59:40 PM,-1.29101792117581
2/19/2026 1:59:41 PM,-1.31465101148933
2/19/2026 1:59:42 PM,-1.54647884191945
2/19/2026 1:59:43 PM,-1.52792434673756
2/19/2026 1:59:44 PM,
2/19/2026 1:59:45 PM,-1.61068317247555
2/19/2026 1:59:46 PM,-1.61068317247555
2/19/2026 1:59:47 PM,-1.64030293235555
2/19/2026 1:59:48 PM,-1.99741192627698
2/19/2026 1:59:49 PM,-1.81240634992719
2/19/2026 1:59:50 PM,-1.81295725051314
2/19/2026 1:59:51 PM,-1.80328160058707
2/19/2026 1:59:52 PM,-1.68232204159722
2/19/2026 1:59:53 PM,-1.49781099753454
2/19/2026 1:59:54 PM,-1.19810127653182
2/19/2026 1:59:55 PM,-1.24476092169061
2/19/2026 1:59:56 PM,-1.572294998914
2/19/2026 1:59:57 PM,-1.58063970739022
2/19/2026 1:59:58 PM,-1.62017735419795
2/19/2026 1:59:59 PM,-1.56969493255019
2/19/2026 2:00:00 PM,-1.56771847978234
2/19/2026 2:00:01 PM,-1.94191094487906
2/19/2026 2:00:02 PM,-2.00188891030848
2/19/2026 2:00:03 PM,-1.94668171461672
2/19/2026 2:00:04 PM,-2.08098473958671
2/19/2026 2:00:05 PM,-2.04684985801578
2/19/2026 2:00:06 PM,-2.06705066375434
2/19/2026 2:00:07 PM,-2.22966209985316
2/19/2026 2:00:08 PM,-2.28298273868859
2/19/2026 2:00:09 PM,-2.15697926469147
2/19/2026 2:00:10 PM,-1.88761129975319
2/19/2026 2:00:11 PM,
2/19/2026 2:00:12 PM,-1.41585903475061
2/19/2026 2:00:13 PM,-1.26928479876369
2/19/2026 2:00:14 PM,-1.09047659207135
2/19/2026 2:00:15 PM,0
2/19/2026 2:00:16 PM,0
2/19/2026 2:00:17 PM,0
2/19/2026 2:00:18 PM,0
2/19/2026 2:00:19 PM,0
2/19/2026 2:00:20 PM,0
2/19/2026 2:00:21 PM,0
2/19/2026 2:00:22 PM,0
2/19/2026 2:00:23 PM,0
2/19/2026 2:00:24 PM,0
2/19/2026 2:00:25 PM,0
2/19/2026 2:00:26 PM,0
2/19/2026 2:00:27 PM,0
2/19/2026 2:00:28 PM,0
2/19/2026 2:00:29 PM,0
2/19/2026 2:00:30 PM,0
2/19/2026 2:00:31 PM,0
2/19/2026 2:00:32 PM,-0.991855643223971
2/19/2026 2:00:33 PM,-0.865360465832055
2/19/2026 2:00:34 PM,0
2/19/2026 2:00:35 PM,0
2/19/2026 2:00:36 PM,0
2/19/2026 2:00:37 PM,0
2/19/2026 2:00:38 PM,0
2/19/2026 2:00:39 PM,0
2/19/2026 2:00:40 PM,0
2/19/2026 2:00:41 PM,0
2/19/2026 2:00:42 PM,0
2/19/2026 2:00:43 PM,0
2/19/2026 2:00:44 PM,-0.88276444002986
2/19/2026 2:00:45 PM,-1.00917275995016
2/19/2026 2:00:46 PM,-1.00917275995016
2/19/2026 2:00:47 PM,-0.869865214917809
2/19/2026 2:00:48 PM,-0.966982031241059
2/19/2026 2:00:49 PM,-1.00954397348687
2/19/2026 2:00:50 PM,-0.913406058680266
2/19/2026 2:00:51 PM,
2/19/2026 2:00:52 PM,
2/19/2026 2:00:53 PM,-0.883717252872884
2/19/2026 2:00:54 PM,-0.993176002521068
2/19/2026 2:00:55 PM,-1.16396000375971
2/19/2026 2:00:56 PM,-1.16396000375971
2/19/2026 2:00:57 PM,-1.04696665657684
2/19/2026 2:00:58 PM,-1.04453747626394
2/19/2026 2:00:59 PM,-1.04453747626394
2/19/2026 2:01:00 PM,-0.849082652712241
2/19/2026 2:01:01 PM,-0.822295033140108
2/19/2026 2:01:02 PM,0
2/19/2026 2:01:03 PM,0
2/19/2026 2:01:04 PM,0
2/19/2026 2:01:05 PM,
2/19/2026 2:01:06 PM,0
2/19/2026 2:01:07 PM,0
2/19/2026 2:01:08 PM,0
2/19/2026 2:01:09 PM,-0.838194246171042
2/19/2026 2:01:10 PM,-0.986584683414549
2/19/2026 2:01:11 PM,-1.03640430606902
2/19/2026 2:01:12 PM,-1.04360237019137
2/19/2026 2:01:13 PM,-0.944111903663725
2/19/2026 2:01:14 PM,-0.891533691901714
2/19/2026 2:01:15 PM,
2/19/2026 2:01:16 PM,0
2/19/2026 2:01:17 PM,0
2/19/2026 2:01:18 PM,0
2/19/2026 2:01:19 PM,0
2/19/2026 2:01:20 PM,0
2/19/2026 2:01:21 PM,0
2/19/2026 2:01:22 PM,
2/19/2026 2:01:23 PM,
2/19/2026 2:01:24 PM,0
2/19/2026 2:01:25 PM,0
2/19/2026 2:01:26 PM,-0.815284985583276
2/19/2026 2:01:27 PM,-0.819998182123527
2/19/2026 2:01:28 PM,-0.814252597047016
2/19/2026 2:01:29 PM,-0.965336558874696
2/19/2026 2:01:30 PM,
2/19/2026 2:01:31 PM,-1.27559385728091
2/19/2026 2:01:32 PM,-1.4094972750172
2/19/2026 2:01:33 PM,-1.22045539319515
2/19/2026 2:01:34 PM,-1.07511025853455
2/19/2026 2:01:35 PM,
2/19/2026 2:01:36 PM,-1.08377578435466
2/19/2026 2:01:37 PM,-1.01116922451183
2/19/2026 2:01:38 PM,-1.28738048952073
2/19/2026 2:01:39 PM,-1.15434816107154
2/19/2026 2:01:40 PM,-1.28901789430529
2/19/2026 2:01:41 PM,-1.10649095149711
2/19/2026 2:01:42 PM,-1.11581896198913
2/19/2026 2:01:43 PM,-0.979742011986673
2/19/2026 2:01:44 PM,-1.06110064079985
2/19/2026 2:01:45 PM,-1.14641626132652
2/19/2026 2:01:46 PM,-1.66326117468998
2/19/2026 2:01:47 PM,-2.08314140327275
2/19/2026 2:01:48 PM,-2.128299116157
2/19/2026 2:01:49 PM,-2.01836857013404
2/19/2026 2:01:50 PM,-2.01836857013404
2/19/2026 2:01:51 PM,-2.13074327912182
2/19/2026 2:01:52 PM,-1.89302475191653
2/19/2026 2:01:53 PM,-1.90698166843504
2/19/2026 2:01:54 PM,
2/19/2026 2:01:55 PM,
2/19/2026 2:01:56 PM,-1.71773537294939
2/19/2026 2:01:57 PM,-1.56831296626478
2/19/2026 2:01:58 PM,
2/19/2026 2:01:59 PM,-1.00646865321323
2/19/2026 2:02:00 PM,-1.00333277368918
2/19/2026 2:02:01 PM,-1.13803341519088
2/19/2026 2:02:02 PM,-1.09635073458776
2/19/2026 2:02:03 PM,-1.24745758948848
2/19/2026 2:02:04 PM,-1.48879018379375
2/19/2026 2:02:05 PM,-1.82489810977131
2/19/2026 2:02:06 PM,-1.89082303550094
2/19/2026 2:02:07 PM,-1.70519814128056
2/19/2026 2:02:08 PM,-1.5337293385528
2/19/2026 2:02:09 PM,-1.28427551826462
2/19/2026 2:02:10 PM,-1.14477822789922
2/19/2026 2:02:11 PM,-1.14477822789922
2/19/2026 2:02:12 PM,-1.23309394111857
2/19/2026 2:02:13 PM,-1.23309394111857
2/19/2026 2:02:14 PM,-1.40093149384484
2/19/2026 2:02:15 PM,-1.12253548577428
2/19/2026 2:02:16 PM,-1.12253548577428
2/19/2026 2:02:17 PM,-0.918230996467173
2/19/2026 2:02:18 PM,-0.840467837406322
2/19/2026 2:02:19 PM,-0.975103781092912
2/19/2026 2:02:20 PM,-0.833767501171678
2/19/2026 2:02:21 PM,0
2/19/2026 2:02:22 PM,0
2/19/2026 2:02:23 PM,
2/19/2026 2:02:24 PM,
2/19/2026 2:02:25 PM,0
2/19/2026 2:02:26 PM,0
2/19/2026 2:02:27 PM,-0.900872179772705
2/19/2026 2:02:28 PM,-0.820224912604317
2/19/2026 2:02:29 PM,-0.924220075830817
2/19/2026 2:02:30 PM,-0.943976640701294
2/19/2026 2:02:31 PM,0
2/19/2026 2:02:32 PM,0
2/19/2026 2:02:33 PM,
2/19/2026 2:02:34 PM,0
2/19/2026 2:02:35 PM,0
2/19/2026 2:02:36 PM,0
2/19/2026 2:02:37 PM,0
2/19/2026 2:02:38 PM,0
2/19/2026 2:02:39 PM,0
2/19/2026 2:02:40 PM,0
2/19/2026 2:02:41 PM,
2/19/2026 2:02:42 PM,-0.987690256442875
2/19/2026 2:02:43 PM,
2/19/2026 2:02:44 PM,
2/19/2026 2:02:45 PM,
2/19/2026 2:02:46 PM,
2/19/2026 2:02:47 PM,-1.36923386016861
2/19/2026 2:02:48 PM,-1.19034833041951
2/19/2026 2:02:49 PM,-1.23996280599385
2/19/2026 2:02:50 PM,-1.27684118924662
2/19/2026 2:02:51 PM,-1.27684118924662
2/19/2026 2:02:52 PM,-1.35226836428046
2/19/2026 2:02:53 PM,
2/19/2026 2:02:54 PM,-1.4730631140992
2/19/2026 2:02:55 PM,-1.54787589563057
2/19/2026 2:02:56 PM,-1.43166206544265
2/19/2026 2:02:57 PM,-1.35900563327596
2/19/2026 2:02:58 PM,-1.36237494880334
2/19/2026 2:02:59 PM,-1.49268871173263
2/19/2026 2:03:00 PM,
2/19/2026 2:03:01 PM,
2/19/2026 2:03:02 PM,-1.36834233999252
2/19/2026 2:03:03 PM,-1.19749715086073
2/19/2026 2:03:04 PM,
2/19/2026 2:03:05 PM,-0.942496920470148
2/19/2026 2:03:06 PM,-0.97014787606895
2/19/2026 2:03:07 PM,-0.856496550841257
2/19/2026 2:03:08 PM,-0.852238805964589
2/19/2026 2:03:09 PM,-0.865596783114597
2/19/2026 2:03:10 PM,
2/19/2026 2:03:11 PM,
2/19/2026 2:03:12 PM,-0.938451709225774
2/19/2026 2:03:13 PM,
2/19/2026 2:03:14 PM,0
2/19/2026 2:03:15 PM,
2/19/2026 2:03:16 PM,
2/19/2026 2:03:17 PM,
2/19/2026 2:03:18 PM,
2/19/2026 2:03:19 PM,
2/19/2026 2:03:20 PM,0
2/19/2026 2:03:21 PM,
2/19/2026 2:03:22 PM,-1.1533560580574
2/19/2026 2:03:23 PM,
2/19/2026 2:03:24 PM,
2/19/2026 2:03:25 PM,-1.47663778625429
2/19/2026 2:03:26 PM,-1.40095066744834
2/19/2026 2:03:27 PM,-1.76181716378778
2/19/2026 2:03:28 PM,
2/19/2026 2:03:29 PM,
2/19/2026 2:03:30 PM,-1.55760277993977
2/19/2026 2:03:31 PM,-1.46907856687903
2/19/2026 2:03:32 PM,-1.62950934609398
2/19/2026 2:03:33 PM,
2/19/2026 2:03:34 PM,
2/19/2026 2:03:35 PM,-1.28841649275273
2/19/2026 2:03:36 PM,-0.96765027847141
2/19/2026 2:03:37 PM,
2/19/2026 2:03:38 PM,0
2/19/2026 2:03:39 PM,
2/19/2026 2:03:40 PM,
2/19/2026 2:03:41 PM,-0.827851344365627
2/19/2026 2:03:42 PM,
2/19/2026 2:03:43 PM,
2/19/2026 2:03:44 PM,0
2/19/2026 2:03:45 PM,0
2/19/2026 2:03:46 PM,0
2/19/2026 2:03:47 PM,-1.3666064478457
2/19/2026 2:03:48 PM,
2/19/2026 2:03:49 PM,-0.982509716413915
2/19/2026 2:03:50 PM,-0.982509716413915
2/19/2026 2:03:51 PM,0
2/19/2026 2:03:52 PM,0
2/19/2026 2:03:53 PM,-0.959980313200504
2/19/2026 2:03:54 PM,
2/19/2026 2:03:55 PM,
2/19/2026 2:03:56 PM,-1.44398912088946
2/19/2026 2:03:57 PM,
2/19/2026 2:03:58 PM,
2/19/2026 2:03:59 PM,-1.17929301923141
2/19/2026 2:04:00 PM,
2/19/2026 2:04:01 PM,-0.929987663403153
2/19/2026 2:04:02 PM,-0.929987663403153
2/19/2026 2:04:03 PM,-0.88332393206656
2/19/2026 2:04:04 PM,0
2/19/2026 2:04:05 PM,0
2/19/2026 2:04:06 PM,-0.825963582610711
2/19/2026 2:04:07 PM,
2/19/2026 2:04:08 PM,-1.58155385870486
2/19/2026 2:04:09 PM,-1.19793531484902
2/19/2026 2:04:10 PM,-1.3750251266174
2/19/2026 2:04:11 PM,
2/19/2026 2:04:12 PM,
2/19/2026 2:04:13 PM,
2/19/2026 2:04:14 PM,-1.1156867374666
2/19/2026 2:04:15 PM,-1.58793898299336
2/19/2026 2:04:16 PM,
2/19/2026 2:04:17 PM,
2/19/2026 2:04:18 PM,
2/19/2026 2:04:19 PM,-1.74749919679016
2/19/2026 2:04:20 PM,-1.5270781936124
2/19/2026 2:04:21 PM,-1.56291575403884
2/19/2026 2:04:22 PM,-1.36269681388512
2/19/2026 2:04:23 PM,-1.5501550398767
2/19/2026 2:04:24 PM,-1.03548900224268
2/19/2026 2:04:25 PM,
2/19/2026 2:04:26 PM,
2/19/2026 2:04:27 PM,
2/19/2026 2:04:28 PM,
2/19/2026 2:04:29 PM,0
2/19/2026 2:04:30 PM,0
2/19/2026 2:04:31 PM,0
2/19/2026 2:04:32 PM,0
2/19/2026 2:04:33 PM,
2/19/2026 2:04:34 PM,0
2/19/2026 2:04:35 PM,0
2/19/2026 2:04:36 PM,-0.876766088185832
2/19/2026 2:04:37 PM,
2/19/2026 2:04:38 PM,-1.14499217597768
2/19/2026 2:04:39 PM,0
2/19/2026 2:04:40 PM,-0.990978896152228
2/19/2026 2:04:41 PM,-0.989199208561331
2/19/2026 2:04:42 PM,0
2/19/2026 2:04:43 PM,0
2/19/2026 2:04:44 PM,0
2/19/2026 2:04:45 PM,0
2/19/2026 2:04:46 PM,0
2/19/2026 2:04:47 PM,-0.899849692359567
2/19/2026 2:04:48 PM,-0.867137376917526
2/19/2026 2:04:49 PM,0
2/19/2026 2:04:50 PM,-1.49760427884758
2/19/2026 2:04:51 PM,-1.51735476683825
2/19/2026 2:04:52 PM,-1.43332545412704
2/19/2026 2:04:53 PM,-1.56416549580172
2/19/2026 2:04:54 PM,-1.87574839219451
2/19/2026 2:04:55 PM,-1.29513102583587
2/19/2026 2:04:56 PM,-1.01770689943805
2/19/2026 2:04:57 PM,0
2/19/2026 2:04:58 PM,0
2/19/2026 2:04:59 PM,0
2/19/2026 2:05:00 PM,0
2/19/2026 2:05:01 PM,-0.982122053392231
2/19/2026 2:05:02 PM,-1.29190504085273
2/19/2026 2:05:03 PM,-1.51552384486422
2/19/2026 2:05:04 PM,-2.09972981829196
2/19/2026 2:05:05 PM,-1.99275116901845
2/19/2026 2:05:06 PM,
2/19/2026 2:05:07 PM,-2.01097950339317
2/19/2026 2:05:08 PM,-2.49648322351277
2/19/2026 2:05:09 PM,-2.49648322351277
2/19/2026 2:05:10 PM,-2.32336674816906
2/19/2026 2:05:11 PM,
2/19/2026 2:05:12 PM,-2.11794264614582
2/19/2026 2:05:13 PM,-1.91786242648959
2/19/2026 2:05:14 PM,-1.71808720333502
2/19/2026 2:05:15 PM,
2/19/2026 2:05:16 PM,
2/19/2026 2:05:17 PM,-1.28986341878772
2/19/2026 2:05:18 PM,
2/19/2026 2:05:19 PM,-1.14402511389926
2/19/2026 2:05:20 PM,-1.34999089641497
2/19/2026 2:05:21 PM,-1.55610220972449
2/19/2026 2:05:22 PM,-1.59944125916809
2/19/2026 2:05:23 PM,-1.76138340029866
2/19/2026 2:05:24 PM,
2/19/2026 2:05:25 PM,
2/19/2026 2:05:26 PM,
2/19/2026 2:05:27 PM,-1.82277518324554
2/19/2026 2:05:28 PM,
2/19/2026 2:05:29 PM,-1.80744132958353
2/19/2026 2:05:30 PM,-1.67391782160848
2/19/2026 2:05:31 PM,-1.82324142660946
2/19/2026 2:05:32 PM,-1.79608217440546
2/19/2026 2:05:33 PM,
2/19/2026 2:05:34 PM,-1.36237159604207
2/19/2026 2:05:35 PM,-1.15102871786803
2/19/2026 2:05:36 PM,
2/19/2026 2:05:37 PM,
2/19/2026 2:05:38 PM,-1.02418799651787
2/19/2026 2:05:39 PM,
2/19/2026 2:05:40 PM,
2/19/2026 2:05:41 PM,-0.970121682621539
2/19/2026 2:05:42 PM,-0.872470729518682
2/19/2026 2:05:43 PM,
2/19/2026 2:05:44 PM,0
2/19/2026 2:05:45 PM,0
2/19/2026 2:05:46 PM,0
2/19/2026 2:05:47 PM,0
2/19/2026 2:05:48 PM,-1.11464884830639
2/19/2026 2:05:49 PM,-1.23938047327101
2/19/2026 2:05:50 PM,-1.53845683671534
2/19/2026 2:05:51 PM,-1.39105415437371
2/19/2026 2:05:52 PM,
2/19/2026 2:05:53 PM,
2/19/2026 2:05:54 PM,
2/19/2026 2:05:55 PM,-1.18367444956675
2/19/2026 2:05:56 PM,-1.18367444956675
2/19/2026 2:05:57 PM,0
2/19/2026 2:05:58 PM,0
2/19/2026 2:05:59 PM,0
2/19/2026 2:06:00 PM,0
2/19/2026 2:06:01 PM,0
2/19/2026 2:06:02 PM,0
2/19/2026 2:06:03 PM,-0.857177266152576
2/19/2026 2:06:04 PM,0
2/19/2026 2:06:05 PM,-1.04733399348333
2/19/2026 2:06:06 PM,
2/19/2026 2:06:07 PM,-1.36919205542654
2/19/2026 2:06:08 PM,-1.46505169104785
2/19/2026 2:06:09 PM,-1.42025523819029
2/19/2026 2:06:10 PM,-1.26081268535927
2/19/2026 2:06:11 PM,-1.10109216766432
2/19/2026 2:06:12 PM,
2/19/2026 2:06:13 PM,
2/19/2026 2:06:14 PM,-1.19976822752506
2/19/2026 2:06:15 PM,-1.17918719770387
2/19/2026 2:06:16 PM,-1.17918719770387
2/19/2026 2:06:17 PM,-1.31615221034735
2/19/2026 2:06:18 PM,-1.35084595531225
2/19/2026 2:06:19 PM,-1.36365874204785
2/19/2026 2:06:20 PM,-1.4856664580293
2/19/2026 2:06:21 PM,-1.61838456988335
2/19/2026 2:06:22 PM,-1.59621097845957
2/19/2026 2:06:23 PM,-1.72259960090742
2/19/2026 2:06:24 PM,-1.38184925308451
2/19/2026 2:06:25 PM,-1.63476647576317
2/19/2026 2:06:26 PM,
2/19/2026 2:06:27 PM,
2/19/2026 2:06:28 PM,-1.25971937086433
2/19/2026 2:06:29 PM,-1.25971937086433
2/19/2026 2:06:30 PM,-1.51254051597789
2/19/2026 2:06:31 PM,
2/19/2026 2:06:32 PM,
2/19/2026 2:06:33 PM,-1.99135516304523
2/19/2026 2:06:34 PM,-1.96026479825377
2/19/2026 2:06:35 PM,
2/19/2026 2:06:36 PM,
2/19/2026 2:06:37 PM,
2/19/2026 2:06:38 PM,-1.7845943570137
2/19/2026 2:06:39 PM,-1.89000873360783
2/19/2026 2:06:40 PM,
2/19/2026 2:06:41 PM,
2/19/2026 2:06:42 PM,
2/19/2026 2:06:43 PM,
2/19/2026 2:06:44 PM,-1.70940114185214
2/19/2026 2:06:45 PM,-1.78267657756805
2/19/2026 2:06:46 PM,
2/19/2026 2:06:47 PM,-1.5248937648721
2/19/2026 2:06:48 PM,-1.5248937648721
2/19/2026 2:06:49 PM,-1.49923791177571
2/19/2026 2:06:50 PM,
2/19/2026 2:06:51 PM,-1.61522218259051
2/19/2026 2:06:52 PM,
2/19/2026 2:06:53 PM,-1.41880862647668
2/19/2026 2:06:54 PM,
2/19/2026 2:06:55 PM,
2/19/2026 2:06:56 PM,-1.37377423234284
2/19/2026 2:06:57 PM,-1.37377423234284
2/19/2026 2:06:58 PM,
2/19/2026 2:06:59 PM,-1.18446255801246
2/19/2026 2:07:00 PM,
2/19/2026 2:07:01 PM,
2/19/2026 2:07:02 PM,
2/19/2026 2:07:03 PM,
2/19/2026 2:07:04 PM,
2/19/2026 2:07:05 PM,
2/19/2026 2:07:06 PM,-1.21774133294821
2/19/2026 2:07:07 PM,
2/19/2026 2:07:08 PM,-1.33171824272722
2/19/2026 2:07:09 PM,-1.37560243019834
2/19/2026 2:07:10 PM,
2/19/2026 2:07:11 PM,-1.11351540545002
2/19/2026 2:07:12 PM,-0.891965779010206
2/19/2026 2:07:13 PM,-0.972296472173184
2/19/2026 2:07:14 PM,
2/19/2026 2:07:15 PM,-1.28006623126566
2/19/2026 2:07:16 PM,
2/19/2026 2:07:17 PM,-1.79109431337565
2/19/2026 2:07:18 PM,-1.67317790910602
2/19/2026 2:07:19 PM,-1.0421936865896
2/19/2026 2:07:20 PM,-0.93700677389279
2/19/2026 2:07:21 PM,
2/19/2026 2:07:22 PM,0
2/19/2026 2:07:23 PM,0
2/19/2026 2:07:24 PM,0
2/19/2026 2:07:25 PM,
2/19/2026 2:07:26 PM,
2/19/2026 2:07:27 PM,0
2/19/2026 2:07:28 PM,0
2/19/2026 2:07:29 PM,
2/19/2026 2:07:30 PM,0
2/19/2026 2:07:31 PM,0
2/19/2026 2:07:32 PM,
2/19/2026 2:07:33 PM,0
2/19/2026 2:07:34 PM,-1.02897731121629
2/19/2026 2:07:35 PM,-1.44878053106368
2/19/2026 2:07:36 PM,-1.28112350357696
2/19/2026 2:07:37 PM,-1.45457588369027
2/19/2026 2:07:38 PM,
2/19/2026 2:07:39 PM,-1.92357616033405
2/19/2026 2:07:40 PM,
2/19/2026 2:07:41 PM,
2/19/2026 2:07:42 PM,-1.89908382017165
2/19/2026 2:07:43 PM,-1.74296993063763
2/19/2026 2:07:44 PM,-1.68202888453379
2/19/2026 2:07:45 PM,-1.92946360912174
2/19/2026 2:07:46 PM,-1.84193809982389
2/19/2026 2:07:47 PM,-2.06905163358897
2/19/2026 2:07:48 PM,-2.62385881505907
2/19/2026 2:07:49 PM,
2/19/2026 2:07:50 PM,-2.65350393019617
2/19/2026 2:07:51 PM,-2.58408752270043
2/19/2026 2:07:52 PM,-2.29813994374126
2/19/2026 2:07:53 PM,
2/19/2026 2:07:54 PM,-2.41891583427787
2/19/2026 2:07:55 PM,-2.41891583427787
2/19/2026 2:07:56 PM,-2.42724807467312
2/19/2026 2:07:57 PM,-1.49924985598773
2/19/2026 2:07:58 PM,-1.05850172694772
2/19/2026 2:07:59 PM,-1.09641799936071
2/19/2026 2:08:00 PM,-1.17376986891031
2/19/2026 2:08:01 PM,-0.817916746018454
2/19/2026 2:08:02 PM,
2/19/2026 2:08:03 PM,
2/19/2026 2:08:04 PM,-0.934324669651687
2/19/2026 2:08:05 PM,-1.46976745454594
2/19/2026 2:08:06 PM,
2/19/2026 2:08:07 PM,-1.51512916199863
2/19/2026 2:08:08 PM,-1.9785002572462
2/19/2026 2:08:09 PM,-1.9785002572462
2/19/2026 2:08:10 PM,-2.19130776822567
2/19/2026 2:08:11 PM,-2.41520663257688
2/19/2026 2:08:12 PM,-2.55743097513914
2/19/2026 2:08:13 PM,-2.58857624139637
2/19/2026 2:08:14 PM,-2.58857624139637
2/19/2026 2:08:15 PM,-2.34377521555871
2/19/2026 2:08:16 PM,-2.03151516616344
2/19/2026 2:08:17 PM,-2.2475138772279
2/19/2026 2:08:18 PM,-2.04134504310787
2/19/2026 2:08:19 PM,-1.92707581445575
2/19/2026 2:08:20 PM,-1.70150989433751
2/19/2026 2:08:21 PM,-1.25338003272191
2/19/2026 2:08:22 PM,-1.16687921108678
2/19/2026 2:08:23 PM,-1.17267739260569
2/19/2026 2:08:24 PM,
2/19/2026 2:08:25 PM,
2/19/2026 2:08:26 PM,0
2/19/2026 2:08:27 PM,
2/19/2026 2:08:28 PM,0
2/19/2026 2:08:29 PM,0
2/19/2026 2:08:30 PM,
2/19/2026 2:08:31 PM,0
2/19/2026 2:08:32 PM,0
2/19/2026 2:08:33 PM,-0.873522029723972
2/19/2026 2:08:34 PM,-1.21143489377573
2/19/2026 2:08:35 PM,-1.17266377201304
2/19/2026 2:08:36 PM,-1.46838664077222
2/19/2026 2:08:37 PM,-1.62129801465198
2/19/2026 2:08:38 PM,-1.96506783831865
2/19/2026 2:08:39 PM,-2.50443534459919
2/19/2026 2:08:40 PM,-2.50321514904499
2/19/2026 2:08:41 PM,-2.83246573526412
2/19/2026 2:08:42 PM,-2.52412003464997
2/19/2026 2:08:43 PM,-2.46479648631066
2/19/2026 2:08:44 PM,-2.46479648631066
2/19/2026 2:08:45 PM,-2.65706309583038
2/19/2026 2:08:46 PM,-2.66369946766645
2/19/2026 2:08:47 PM,-2.3756138747558
2/19/2026 2:08:48 PM,-2.47121744323522
2/19/2026 2:08:49 PM,-1.99274194892496
2/19/2026 2:08:50 PM,-2.30650508310646
2/19/2026 2:08:51 PM,-1.93939448799938
2/19/2026 2:08:52 PM,-1.86030787881464
2/19/2026 2:08:53 PM,-1.89374224282801
2/19/2026 2:08:54 PM,-1.60330018261448
2/19/2026 2:08:55 PM,-1.56031380174682
2/19/2026 2:08:56 PM,-1.42579871462658
2/19/2026 2:08:57 PM,-1.3335335534066
2/19/2026 2:08:58 PM,-1.38417627895251
2/19/2026 2:08:59 PM,
2/19/2026 2:09:00 PM,-1.55080568511039
2/19/2026 2:09:01 PM,-1.54888287652284
2/19/2026 2:09:02 PM,-1.44500113092363
2/19/2026 2:09:03 PM,-1.62114860722795
2/19/2026 2:09:04 PM,-1.91466975957155
2/19/2026 2:09:05 PM,-2.10074067581445
2/19/2026 2:09:06 PM,-2.4357640882954
2/19/2026 2:09:07 PM,
2/19/2026 2:09:08 PM,-2.66677625477314
2/19/2026 2:09:09 PM,
2/19/2026 2:09:10 PM,-2.7849990176037
2/19/2026 2:09:11 PM,-2.88130310364068
2/19/2026 2:09:12 PM,-2.63306591659784
2/19/2026 2:09:13 PM,-2.41907048039138
2/19/2026 2:09:14 PM,-2.19331062398851
2/19/2026 2:09:15 PM,-2.23425412550569
2/19/2026 2:09:16 PM,-2.23425412550569
2/19/2026 2:09:17 PM,-1.6580697381869
2/19/2026 2:09:18 PM,-1.40263218199834
2/19/2026 2:09:19 PM,-1.28361460519955
2/19/2026 2:09:20 PM,-1.25593253178522
2/19/2026 2:09:21 PM,-1.50545979849994
2/19/2026 2:09:22 PM,-1.43599194707349
2/19/2026 2:09:23 PM,-1.40582149615511
2/19/2026 2:09:24 PM,-1.4022734365426
2/19/2026 2:09:25 PM,-1.20460458565503
2/19/2026 2:09:26 PM,-1.22422662097961
2/19/2026 2:09:27 PM,-1.093620643951
2/19/2026 2:09:28 PM,-1.13956332206726
2/19/2026 2:09:29 PM,-1.2742453138344
2/19/2026 2:09:30 PM,-1.15827235858887
2/19/2026 2:09:31 PM,-1.33678594138473
2/19/2026 2:09:32 PM,-1.20441986946389
2/19/2026 2:09:33 PM,-1.20441986946389
2/19/2026 2:09:34 PM,-1.12496896181256
2/19/2026 2:09:35 PM,-1.13568480592221
2/19/2026 2:09:36 PM,-1.2374046491459
2/19/2026 2:09:37 PM,-1.3329993118532
2/19/2026 2:09:38 PM,-1.22348461300135
2/19/2026 2:09:39 PM,0
2/19/2026 2:09:40 PM,-0.827704713447019
2/19/2026 2:09:41 PM,-1.09297953313217
2/19/2026 2:09:42 PM,-1.15790418349206
2/19/2026 2:09:43 PM,-1.09983750153333
2/19/2026 2:09:44 PM,-1.09983750153333
2/19/2026 2:09:45 PM,-1.00447837030515
2/19/2026 2:09:46 PM,0
2/19/2026 2:09:47 PM,-1.06764041120186
2/19/2026 2:09:48 PM,-0.959914829581976
2/19/2026 2:09:49 PM,0
2/19/2026 2:09:50 PM,0
2/19/2026 2:09:51 PM,
2/19/2026 2:09:52 PM,0
2/19/2026 2:09:53 PM,0
2/19/2026 2:09:54 PM,0
2/19/2026 2:09:55 PM,0
2/19/2026 2:09:56 PM,0
2/19/2026 2:09:57 PM,0
2/19/2026 2:09:58 PM,0
2/19/2026 2:09:59 PM,0
2/19/2026 2:10:00 PM,-0.869237672304735
2/19/2026 2:10:01 PM,-0.977674825116992
2/19/2026 2:10:02 PM,-1.36305304476991
2/19/2026 2:10:03 PM,-1.57416803995147
2/19/2026 2:10:04 PM,-1.75977973267436
2/19/2026 2:10:05 PM,-1.70027104904875
2/19/2026 2:10:06 PM,-2.18842586036772
2/19/2026 2:10:07 PM,-2.47801684308797
2/19/2026 2:10:08 PM,-2.43414260912687
2/19/2026 2:10:09 PM,-2.28444684762508
2/19/2026 2:10:10 PM,-2.31035845354199
2/19/2026 2:10:11 PM,-2.39153236616403
2/19/2026 2:10:12 PM,
2/19/2026 2:10:13 PM,
2/19/2026 2:10:14 PM,
2/19/2026 2:10:15 PM,-2.22376375459135
2/19/2026 2:10:16 PM,-2.15829585213214
2/19/2026 2:10:17 PM,-1.984070870094
2/19/2026 2:10:18 PM,-1.81411185767502
2/19/2026 2:10:19 PM,-1.55221153981984
2/19/2026 2:10:20 PM,-1.47300967946649
2/19/2026 2:10:21 PM,-1.20673987548798
2/19/2026 2:10:22 PM,-1.20673987548798
2/19/2026 2:10:23 PM,-0.936745782382786
2/19/2026 2:10:24 PM,
2/19/2026 2:10:25 PM,-1.09393559396267
2/19/2026 2:10:26 PM,-1.09393559396267
2/19/2026 2:10:27 PM,
2/19/2026 2:10:28 PM,-0.974695791956037
2/19/2026 2:10:29 PM,
2/19/2026 2:10:30 PM,0
2/19/2026 2:10:31 PM,0
2/19/2026 2:10:32 PM,0
2/19/2026 2:10:33 PM,0
2/19/2026 2:10:34 PM,
2/19/2026 2:10:35 PM,0
2/19/2026 2:10:36 PM,0
2/19/2026 2:10:37 PM,0
2/19/2026 2:10:38 PM,0
2/19/2026 2:10:39 PM,0
2/19/2026 2:10:40 PM,0
2/19/2026 2:10:41 PM,0
2/19/2026 2:10:42 PM,0
2/19/2026 2:10:43 PM,0
2/19/2026 2:10:44 PM,0
2/19/2026 2:10:45 PM,0
2/19/2026 2:10:46 PM,0
2/19/2026 2:10:47 PM,0
2/19/2026 2:10:48 PM,0
2/19/2026 2:10:49 PM,0
2/19/2026 2:10:50 PM,0
2/19/2026 2:10:51 PM,0
2/19/2026 2:10:52 PM,0
2/19/2026 2:10:53 PM,0
2/19/2026 2:10:54 PM,0
2/19/2026 2:10:55 PM,0
2/19/2026 2:10:56 PM,0
2/19/2026 2:10:57 PM,0
2/19/2026 2:10:58 PM,0
2/19/2026 2:10:59 PM,0
2/19/2026 2:11:00 PM,0
2/19/2026 2:11:01 PM,0
2/19/2026 2:11:02 PM,0
2/19/2026 2:11:03 PM,0
2/19/2026 2:11:04 PM,0
2/19/2026 2:11:05 PM,
2/19/2026 2:11:06 PM,
2/19/2026 2:11:07 PM,0
2/19/2026 2:11:08 PM,0
2/19/2026 2:11:09 PM,
2/19/2026 2:11:10 PM,
2/19/2026 2:11:11 PM,0
2/19/2026 2:11:12 PM,
2/19/2026 2:11:13 PM,
2/19/2026 2:11:14 PM,0
2/19/2026 2:11:15 PM,0
2/19/2026 2:11:16 PM,0
2/19/2026 2:11:17 PM,0
2/19/2026 2:11:18 PM,0
2/19/2026 2:11:19 PM,0
2/19/2026 2:11:20 PM,0
2/19/2026 2:11:21 PM,0
2/19/2026 2:11:22 PM,0
2/19/2026 2:11:23 PM,0
2/19/2026 2:11:24 PM,0
2/19/2026 2:11:25 PM,0
2/19/2026 2:11:26 PM,0
2/19/2026 2:11:27 PM,0
2/19/2026 2:11:28 PM,-1.02914872113615
2/19/2026 2:11:29 PM,-1.28484276356176
2/19/2026 2:11:30 PM,-1.29779280396178
2/19/2026 2:11:31 PM,-1.26126625109464
2/19/2026 2:11:32 PM,-1.30262161837891
2/19/2026 2:11:33 PM,-1.2220079312101
2/19/2026 2:11:34 PM,-1.66222621919587
2/19/2026 2:11:35 PM,-1.77982379682362
2/19/2026 2:11:36 PM,-1.74849800532684
2/19/2026 2:11:37 PM,-1.53942829929292
2/19/2026 2:11:38 PM,-1.54550758888945
2/19/2026 2:11:39 PM,-1.55573110096157
2/19/2026 2:11:40 PM,-1.54835481662303
2/19/2026 2:11:41 PM,-1.35580196511
2/19/2026 2:11:42 PM,-1.34326693369076
2/19/2026 2:11:43 PM,-1.31377897923812
2/19/2026 2:11:44 PM,-1.58438924700022
2/19/2026 2:11:45 PM,-1.73645488684997
2/19/2026 2:11:46 PM,-1.53188133845106
2/19/2026 2:11:47 PM,-1.4780672150664
2/19/2026 2:11:48 PM,-1.32495174184442
2/19/2026 2:11:49 PM,-1.43534465460107
2/19/2026 2:11:50 PM,-1.43044878495857
2/19/2026 2:11:51 PM,-1.71334545593709
2/19/2026 2:11:52 PM,-1.67124713771045
2/19/2026 2:11:53 PM,-1.57624958083034
2/19/2026 2:11:54 PM,-1.93214036989957
2/19/2026 2:11:55 PM,-1.92744587548077
2/19/2026 2:11:56 PM,
2/19/2026 2:11:57 PM,
2/19/2026 2:11:58 PM,-2.12796467822045
2/19/2026 2:11:59 PM,-2.27172605227679
2/19/2026 2:12:00 PM,-2.17914856038988
2/19/2026 2:12:01 PM,-2.07665590569377
2/19/2026 2:12:02 PM,-2.07175039686263
2/19/2026 2:12:03 PM,-1.92219146993011
2/19/2026 2:12:04 PM,-1.89356307964772
2/19/2026 2:12:05 PM,-2.00936933979392
2/19/2026 2:12:06 PM,-1.95121108554304
2/19/2026 2:12:07 PM,-1.82093954645097
2/19/2026 2:12:08 PM,-2.13126693852246
2/19/2026 2:12:09 PM,-2.22747714724392
2/19/2026 2:12:10 PM,-1.9846182083711
2/19/2026 2:12:11 PM,-1.8670039717108
2/19/2026 2:12:12 PM,-1.66667323792353
2/19/2026 2:12:13 PM,-1.53649211861193
2/19/2026 2:12:14 PM,-1.52124973246828
2/19/2026 2:12:15 PM,-1.35073332348838
2/19/2026 2:12:16 PM,
2/19/2026 2:12:17 PM,
2/19/2026 2:12:18 PM,-1.28062760923058
2/19/2026 2:12:19 PM,-1.08996508643031
2/19/2026 2:12:20 PM,-0.862058938946575
2/19/2026 2:12:21 PM,-0.99516324698925
2/19/2026 2:12:22 PM,-1.03081284323707
2/19/2026 2:12:23 PM,-0.954462611116469
2/19/2026 2:12:24 PM,-1.02711506187916
2/19/2026 2:12:25 PM,0
2/19/2026 2:12:26 PM,0
2/19/2026 2:12:27 PM,-0.836422207066789
2/19/2026 2:12:28 PM,0
2/19/2026 2:12:29 PM,0
2/19/2026 2:12:30 PM,0
2/19/2026 2:12:31 PM,
2/19/2026 2:12:32 PM,
2/19/2026 2:12:33 PM,0
2/19/2026 2:12:34 PM,
2/19/2026 2:12:35 PM,0
2/19/2026 2:12:36 PM,0
2/19/2026 2:12:37 PM,0
2/19/2026 2:12:38 PM,0
2/19/2026 2:12:39 PM,0
2/19/2026 2:12:40 PM,
2/19/2026 2:12:41 PM,0
2/19/2026 2:12:42 PM,0
2/19/2026 2:12:43 PM,0
2/19/2026 2:12:44 PM,-1.0636608931236
2/19/2026 2:12:45 PM,-1.13007018808275
2/19/2026 2:12:46 PM,
2/19/2026 2:12:47 PM,-1.2505664373748
2/19/2026 2:12:48 PM,-1.05519014177844
2/19/2026 2:12:49 PM,-1.30716838175431
2/19/2026 2:12:50 PM,
2/19/2026 2:12:51 PM,-1.40492955688387
2/19/2026 2:12:52 PM,-2.11650389246643
2/19/2026 2:12:53 PM,-1.73065167618915
2/19/2026 2:12:54 PM,-1.79955186322331
2/19/2026 2:12:55 PM,-1.7479955102317
2/19/2026 2:12:56 PM,-2.16301863547415
2/19/2026 2:12:57 PM,-1.79056688211858
2/19/2026 2:12:58 PM,-1.69971669092774
2/19/2026 2:12:59 PM,-1.44153018482029
2/19/2026 2:13:00 PM,-1.39286611229181
2/19/2026 2:13:01 PM,-1.3195117819123
2/19/2026 2:13:02 PM,-1.3336721691303
2/19/2026 2:13:03 PM,-1.68705834075809
2/19/2026 2:13:04 PM,-1.58066349104047
2/19/2026 2:13:05 PM,-1.63276739185676
2/19/2026 2:13:06 PM,-1.83087943587452
2/19/2026 2:13:07 PM,
2/19/2026 2:13:08 PM,-1.68039745185524
2/19/2026 2:13:09 PM,-1.55278748134151
2/19/2026 2:13:10 PM,-1.40326051041484
2/19/2026 2:13:11 PM,-1.06305341469124
2/19/2026 2:13:12 PM,-0.930339703336358
2/19/2026 2:13:13 PM,0
2/19/2026 2:13:14 PM,-0.924630369991064
2/19/2026 2:13:15 PM,-0.924630369991064
2/19/2026 2:13:16 PM,-1.37907871976495
2/19/2026 2:13:17 PM,-1.41571999993175
2/19/2026 2:13:18 PM,-1.53280303347856
2/19/2026 2:13:19 PM,-1.92165481857955
2/19/2026 2:13:20 PM,-2.01793333981186
2/19/2026 2:13:21 PM,-2.12432567495853
2/19/2026 2:13:22 PM,-2.2109251935035
2/19/2026 2:13:23 PM,-2.53135026432574
2/19/2026 2:13:24 PM,-2.46002906933427
2/19/2026 2:13:25 PM,-2.18401090241969
2/19/2026 2:13:26 PM,-2.01898862142116
2/19/2026 2:13:27 PM,-1.91029629204422
2/19/2026 2:13:28 PM,
2/19/2026 2:13:29 PM,-1.95239398162812
2/19/2026 2:13:30 PM,-1.81890337262303
2/19/2026 2:13:31 PM,
2/19/2026 2:13:32 PM,-1.34377822978422
2/19/2026 2:13:33 PM,-1.34308473207057
2/19/2026 2:13:34 PM,-1.42761653987691
2/19/2026 2:13:35 PM,-1.4948894851841
2/19/2026 2:13:36 PM,-1.4948894851841
2/19/2026 2:13:37 PM,-1.40472514322028
2/19/2026 2:13:38 PM,-1.42259169369936
2/19/2026 2:13:39 PM,
2/19/2026 2:13:40 PM,-1.53022968443111
2/19/2026 2:13:41 PM,-1.57780851004645
2/19/2026 2:13:42 PM,-1.31469197804108
2/19/2026 2:13:43 PM,-1.23603860847652
2/19/2026 2:13:44 PM,-1.351726683788
2/19/2026 2:13:45 PM,
2/19/2026 2:13:46 PM,-1.61194821121171
2/19/2026 2:13:47 PM,-1.74327848944813
2/19/2026 2:13:48 PM,
2/19/2026 2:13:49 PM,
2/19/2026 2:13:50 PM,-2.37144764978439
2/19/2026 2:13:51 PM,-2.28313319385052
2/19/2026 2:13:52 PM,-1.78090611007065
2/19/2026 2:13:53 PM,-1.46990104112774
2/19/2026 2:13:54 PM,-1.66115511674434
2/19/2026 2:13:55 PM,-1.11972953891382
2/19/2026 2:13:56 PM,-1.04834348894656
2/19/2026 2:13:57 PM,-1.12442277604714
2/19/2026 2:13:58 PM,-1.0939191444777
2/19/2026 2:13:59 PM,-0.909093569498509
2/19/2026 2:14:00 PM,-0.812164350645617
2/19/2026 2:14:01 PM,-1.55039539095014
2/19/2026 2:14:02 PM,-1.93170995917171
2/19/2026 2:14:03 PM,-2.31544626876712
2/19/2026 2:14:04 PM,-2.73172133602202
2/19/2026 2:14:05 PM,-2.96863918192685
2/19/2026 2:14:06 PM,-2.96987635083497
2/19/2026 2:14:07 PM,-3.26982904225588
2/19/2026 2:14:08 PM,-3.26982904225588
2/19/2026 2:14:09 PM,-3.55737232603133
2/19/2026 2:14:10 PM,-3.3516900613904
2/19/2026 2:14:11 PM,-2.96424853149801
2/19/2026 2:14:12 PM,-2.62651881203055
2/19/2026 2:14:13 PM,-2.02556296717376
2/19/2026 2:14:14 PM,-2.45307125151157
2/19/2026 2:14:15 PM,-1.98090125340968
2/19/2026 2:14:16 PM,-1.91686036996543
2/19/2026 2:14:17 PM,-1.88879419583827
2/19/2026 2:14:18 PM,-2.26431980263442
2/19/2026 2:14:19 PM,-2.26431980263442
2/19/2026 2:14:20 PM,-1.93672610912472
2/19/2026 2:14:21 PM,-1.84076107107103
2/19/2026 2:14:22 PM,-1.83301116339862
2/19/2026 2:14:23 PM,-1.66052270215005
2/19/2026 2:14:24 PM,-1.46054317010567
2/19/2026 2:14:25 PM,-1.34547734633088
2/19/2026 2:14:26 PM,
2/19/2026 2:14:27 PM,-1.20045292424038
2/19/2026 2:14:28 PM,-1.19522282620892
2/19/2026 2:14:29 PM,-1.53107447549701
2/19/2026 2:14:30 PM,-1.66619966039434
2/19/2026 2:14:31 PM,-1.83323160745203
2/19/2026 2:14:32 PM,-2.49357239808887
2/19/2026 2:14:33 PM,-2.60790637694299
2/19/2026 2:14:34 PM,-2.80572411138564
2/19/2026 2:14:35 PM,-3.27622862532735
2/19/2026 2:14:36 PM,-3.42797208577394
2/19/2026 2:14:37 PM,-3.25865219347179
2/19/2026 2:14:38 PM,-3.35410719271749
2/19/2026 2:14:39 PM,-3.58605938963592
2/19/2026 2:14:40 PM,-3.27382385730743
2/19/2026 2:14:41 PM,-2.94963028281927
2/19/2026 2:14:42 PM,-2.42846764158458
2/19/2026 2:14:43 PM,
2/19/2026 2:14:44 PM,-2.44028130546212
2/19/2026 2:14:45 PM,-1.95006255526096
2/19/2026 2:14:46 PM,-1.76730437669903
2/19/2026 2:14:47 PM,-1.7845245776698
2/19/2026 2:14:48 PM,-1.15049699088559
2/19/2026 2:14:49 PM,-1.03400959633291
2/19/2026 2:14:50 PM,-0.876867823535576
2/19/2026 2:14:51 PM,0
2/19/2026 2:14:52 PM,0
2/19/2026 2:14:53 PM,-1.36497103376314
2/19/2026 2:14:54 PM,-1.57858362654224
2/19/2026 2:14:55 PM,-1.73570533515885
2/19/2026 2:14:56 PM,-2.3949048249051
2/19/2026 2:14:57 PM,-2.68013428431004
2/19/2026 2:14:58 PM,-2.42284045089036
2/19/2026 2:14:59 PM,-2.4550671922043
2/19/2026 2:15:00 PM,-2.33181235380471
2/19/2026 2:15:01 PM,-2.16813662555069
2/19/2026 2:15:02 PM,-1.97349668014795
2/19/2026 2:15:03 PM,-2.25021012593061
2/19/2026 2:15:04 PM,-2.05458363052458
2/19/2026 2:15:05 PM,-2.05458363052458
2/19/2026 2:15:06 PM,-1.83032434433699
2/19/2026 2:15:07 PM,
2/19/2026 2:15:08 PM,
2/19/2026 2:15:09 PM,-2.00416145380586
2/19/2026 2:15:10 PM,-1.95136698894203
2/19/2026 2:15:11 PM,-1.91008946858346
2/19/2026 2:15:12 PM,-2.02188184484839
2/19/2026 2:15:13 PM,-2.010224503465
2/19/2026 2:15:14 PM,-1.77987010683864
2/19/2026 2:15:15 PM,-1.84743495192379
2/19/2026 2:15:16 PM,-1.7602639971301
2/19/2026 2:15:17 PM,
2/19/2026 2:15:18 PM,
2/19/2026 2:15:19 PM,
2/19/2026 2:15:20 PM,
2/19/2026 2:15:21 PM,-1.41085126670077
2/19/2026 2:15:22 PM,-1.48983320686966
2/19/2026 2:15:23 PM,-1.34855916257948
2/19/2026 2:15:24 PM,-1.20019224705175
2/19/2026 2:15:25 PM,-1.24510332243517
2/19/2026 2:15:26 PM,-1.59799370449036
2/19/2026 2:15:27 PM,-1.39007745310664
2/19/2026 2:15:28 PM,
2/19/2026 2:15:29 PM,-1.49224331835285
2/19/2026 2:15:30 PM,-1.53729185694829
2/19/2026 2:15:31 PM,-1.89276847522706
2/19/2026 2:15:32 PM,-2.25970221217722
2/19/2026 2:15:33 PM,-2.14432636275887
2/19/2026 2:15:34 PM,-2.14432636275887
2/19/2026 2:15:35 PM,-2.42324215359986
2/19/2026 2:15:36 PM,
2/19/2026 2:15:37 PM,
2/19/2026 2:15:38 PM,-2.24249626044184
2/19/2026 2:15:39 PM,-2.18446373473853
2/19/2026 2:15:40 PM,-2.04349709674716
2/19/2026 2:15:41 PM,-2.06555323675275
2/19/2026 2:15:42 PM,-2.19685973133892
2/19/2026 2:15:43 PM,-2.48208311386406
2/19/2026 2:15:44 PM,-2.14733190368861
2/19/2026 2:15:45 PM,-1.94653125945479
2/19/2026 2:15:46 PM,-1.90458067227155
2/19/2026 2:15:47 PM,-1.82019690982997
2/19/2026 2:15:48 PM,-1.6743466607295
2/19/2026 2:15:49 PM,-1.59959360025823
2/19/2026 2:15:50 PM,-1.76173921208829
2/19/2026 2:15:51 PM,-1.90563867799938
2/19/2026 2:15:52 PM,-1.81538632605225
2/19/2026 2:15:53 PM,-1.69004449853674
2/19/2026 2:15:54 PM,-1.65544085903093
2/19/2026 2:15:55 PM,-1.67024937691167
2/19/2026 2:15:56 PM,-1.58044859999791
2/19/2026 2:15:57 PM,-1.34977034758776
2/19/2026 2:15:58 PM,-1.45420110784471
2/19/2026 2:15:59 PM,-1.21735042193905
2/19/2026 2:16:00 PM,0
2/19/2026 2:16:01 PM,0
2/19/2026 2:16:02 PM,-0.821180030470714
2/19/2026 2:16:03 PM,0
2/19/2026 2:16:04 PM,0
2/19/2026 2:16:05 PM,0
2/19/2026 2:16:06 PM,0
2/19/2026 2:16:07 PM,0
2/19/2026 2:16:08 PM,0
2/19/2026 2:16:09 PM,0
2/19/2026 2:16:10 PM,0
2/19/2026 2:16:11 PM,0
2/19/2026 2:16:12 PM,-0.920442875940353
2/19/2026 2:16:13 PM,
2/19/2026 2:16:14 PM,-1.05662376154214
2/19/2026 2:16:15 PM,-1.09524432336912
2/19/2026 2:16:16 PM,
2/19/2026 2:16:17 PM,-0.888208800461143
2/19/2026 2:16:18 PM,-0.888208800461143
2/19/2026 2:16:19 PM,0
2/19/2026 2:16:20 PM,0
2/19/2026 2:16:21 PM,0
2/19/2026 2:16:22 PM,0
2/19/2026 2:16:23 PM,0
2/19/2026 2:16:24 PM,0
2/19/2026 2:16:25 PM,0
2/19/2026 2:16:26 PM,0
2/19/2026 2:16:27 PM,0
2/19/2026 2:16:28 PM,0
2/19/2026 2:16:29 PM,0
2/19/2026 2:16:30 PM,0
2/19/2026 2:16:31 PM,0
2/19/2026 2:16:32 PM,0
2/19/2026 2:16:33 PM,0
2/19/2026 2:16:34 PM,0
2/19/2026 2:16:35 PM,-0.896250503137708
2/19/2026 2:16:36 PM,0
2/19/2026 2:16:37 PM,0
2/19/2026 2:16:38 PM,0
2/19/2026 2:16:39 PM,0
2/19/2026 2:16:40 PM,0
2/19/2026 2:16:41 PM,0
2/19/2026 2:16:42 PM,-0.847491977037862
2/19/2026 2:16:43 PM,-0.945731706451625
2/19/2026 2:16:44 PM,-1.05396261205897
2/19/2026 2:16:45 PM,-1.08309360221028
2/19/2026 2:16:46 PM,-1.42455567838624
2/19/2026 2:16:47 PM,-1.5675671864301
2/19/2026 2:16:48 PM,-1.74365672282875
2/19/2026 2:16:49 PM,-1.80946555919945
2/19/2026 2:16:50 PM,-1.96075891144574
2/19/2026 2:16:51 PM,
2/19/2026 2:16:52 PM,-1.66617158101872
2/19/2026 2:16:53 PM,-1.66617158101872
2/19/2026 2:16:54 PM,-1.86530663631856
2/19/2026 2:16:55 PM,-1.98885253630579
2/19/2026 2:16:56 PM,-1.89558563288301
2/19/2026 2:16:57 PM,-2.39950628019869
2/19/2026 2:16:58 PM,-2.34828824177384
2/19/2026 2:16:59 PM,-2.16380171477795
2/19/2026 2:17:00 PM,-2.16380171477795
2/19/2026 2:17:01 PM,-2.59976210072637
2/19/2026 2:17:02 PM,-2.65138163231313
2/19/2026 2:17:03 PM,-2.65138163231313
2/19/2026 2:17:04 PM,-2.6500849518925
2/19/2026 2:17:05 PM,-2.56649956572801
2/19/2026 2:17:06 PM,-3.00854940433055
2/19/2026 2:17:07 PM,-2.96704242937267
2/19/2026 2:17:08 PM,-2.77634323574603
2/19/2026 2:17:09 PM,-2.69885254092515
2/19/2026 2:17:10 PM,-2.48861429281533
2/19/2026 2:17:11 PM,-2.1248570876196
2/19/2026 2:17:12 PM,-1.97050664573908
2/19/2026 2:17:13 PM,-1.74290842842311
2/19/2026 2:17:14 PM,-1.70315882423893
2/19/2026 2:17:15 PM,-1.490009855479
2/19/2026 2:17:16 PM,-1.62418285617605
2/19/2026 2:17:17 PM,
2/19/2026 2:17:18 PM,
2/19/2026 2:17:19 PM,-1.47374215302989
2/19/2026 2:17:20 PM,-1.4694492565468
2/19/2026 2:17:21 PM,-1.16405010921881
2/19/2026 2:17:22 PM,-1.13244561944157
2/19/2026 2:17:23 PM,-1.17095753084868
2/19/2026 2:17:24 PM,-1.35237104259431
2/19/2026 2:17:25 PM,-1.31756298942491
2/19/2026 2:17:26 PM,-1.31756298942491
2/19/2026 2:17:27 PM,-1.20891885599121
2/19/2026 2:17:28 PM,-1.02550144074485
2/19/2026 2:17:29 PM,-1.18652272503823
2/19/2026 2:17:30 PM,-1.23457607114688
2/19/2026 2:17:31 PM,-1.52549558551982
2/19/2026 2:17:32 PM,-1.96107553783804
2/19/2026 2:17:33 PM,-1.99285426642746
2/19/2026 2:17:34 PM,
2/19/2026 2:17:35 PM,-1.94781348109245
2/19/2026 2:17:36 PM,-1.76320457831025
2/19/2026 2:17:37 PM,-1.7748340498656
2/19/2026 2:17:38 PM,-1.71297696651891
2/19/2026 2:17:39 PM,-1.4080899534747
2/19/2026 2:17:40 PM,
2/19/2026 2:17:41 PM,
2/19/2026 2:17:42 PM,-1.02609802270308
2/19/2026 2:17:43 PM,0
2/19/2026 2:17:44 PM,0
2/19/2026 2:17:45 PM,0
2/19/2026 2:17:46 PM,0
2/19/2026 2:17:47 PM,-0.938527984544635
2/19/2026 2:17:48 PM,0
2/19/2026 2:17:49 PM,-0.902329792734236
2/19/2026 2:17:50 PM,
2/19/2026 2:17:51 PM,
2/19/2026 2:17:52 PM,-1.32406441261992
2/19/2026 2:17:53 PM,
2/19/2026 2:17:54 PM,-1.35861503658816
2/19/2026 2:17:55 PM,-1.55094681540504
2/19/2026 2:17:56 PM,-1.52526581659913
2/19/2026 2:17:57 PM,-1.50139352772385
2/19/2026 2:17:58 PM,-1.39151107287034
2/19/2026 2:17:59 PM,-1.50048870127648
2/19/2026 2:18:00 PM,-1.29825611365959
2/19/2026 2:18:01 PM,-1.19776809588075
2/19/2026 2:18:02 PM,-1.07456197729334
2/19/2026 2:18:03 PM,-1.09112388454378
2/19/2026 2:18:04 PM,-1.2556626345031
2/19/2026 2:18:05 PM,-1.40379422809929
2/19/2026 2:18:06 PM,-1.36082555400208
2/19/2026 2:18:07 PM,-1.3915995019488
2/19/2026 2:18:08 PM,-1.46516673266888
2/19/2026 2:18:09 PM,-1.68778536608443
2/19/2026 2:18:10 PM,-1.62738159997389
2/19/2026 2:18:11 PM,-1.4037718065083
2/19/2026 2:18:12 PM,-1.75766969332471
2/19/2026 2:18:13 PM,-1.94417552556843
2/19/2026 2:18:14 PM,-1.66684883879498
2/19/2026 2:18:15 PM,-1.88137704972178
2/19/2026 2:18:16 PM,-1.86249031685293
2/19/2026 2:18:17 PM,-1.93877820856869
2/19/2026 2:18:18 PM,-2.28721455205232
2/19/2026 2:18:19 PM,-2.70851876121014
2/19/2026 2:18:20 PM,-2.50208862125874
2/19/2026 2:18:21 PM,-2.43214059155434
2/19/2026 2:18:22 PM,-2.59797445032746
2/19/2026 2:18:23 PM,-2.5605940958485
2/19/2026 2:18:24 PM,
2/19/2026 2:18:25 PM,-2.57333731278777
2/19/2026 2:18:26 PM,-2.75090478826314
2/19/2026 2:18:27 PM,-3.14637995325029
2/19/2026 2:18:28 PM,-3.24016925878823
2/19/2026 2:18:29 PM,-3.44730704091489
2/19/2026 2:18:30 PM,-3.23954166378826
2/19/2026 2:18:31 PM,-3.66606172174215
2/19/2026 2:18:32 PM,-3.23854505550116
2/19/2026 2:18:33 PM,-3.01981279626489
2/19/2026 2:18:34 PM,-2.89242127910256
2/19/2026 2:18:35 PM,-2.61879153549671
2/19/2026 2:18:36 PM,-2.52657572273165
2/19/2026 2:18:37 PM,-2.10953580681235
2/19/2026 2:18:38 PM,-2.17595736030489
2/19/2026 2:18:39 PM,-2.10833384189755
2/19/2026 2:18:40 PM,-2.03223160933703
2/19/2026 2:18:41 PM,-2.02427236363292
2/19/2026 2:18:42 PM,-2.12270440533757
2/19/2026 2:18:43 PM,-2.20967000350356
2/19/2026 2:18:44 PM,-2.09851989056915
2/19/2026 2:18:45 PM,-1.95493327919394
2/19/2026 2:18:46 PM,-1.90193052403629
2/19/2026 2:18:47 PM,-2.13139790575951
2/19/2026 2:18:48 PM,-2.17595861759037
2/19/2026 2:18:49 PM,-2.19021958764642
2/19/2026 2:18:50 PM,-1.97605148423463
2/19/2026 2:18:51 PM,-1.93188493140042
2/19/2026 2:18:52 PM,-2.0218564895913
2/19/2026 2:18:53 PM,-2.33802711591125
2/19/2026 2:18:54 PM,-2.07446131389588
2/19/2026 2:18:55 PM,-1.96651183068752
2/19/2026 2:18:56 PM,-1.73504819395021
2/19/2026 2:18:57 PM,-1.65671731811017
2/19/2026 2:18:58 PM,-1.61968250758946
2/19/2026 2:18:59 PM,-2.01270135585219
2/19/2026 2:19:00 PM,-2.01270135585219
2/19/2026 2:19:01 PM,-2.01050655450672
2/19/2026 2:19:02 PM,-2.13376097381115
2/19/2026 2:19:03 PM,-2.06603393889964
2/19/2026 2:19:04 PM,-1.64109795587137
2/19/2026 2:19:05 PM,-1.67858800850809
2/19/2026 2:19:06 PM,-1.5611436101608
2/19/2026 2:19:07 PM,-1.55545523157343
2/19/2026 2:19:08 PM,-1.55439460650086
2/19/2026 2:19:09 PM,-1.53916133567691
2/19/2026 2:19:10 PM,-1.69628419680521
2/19/2026 2:19:11 PM,-1.5045304549858
2/19/2026 2:19:12 PM,
2/19/2026 2:19:13 PM,
2/19/2026 2:19:14 PM,-1.965770451352
2/19/2026 2:19:15 PM,-2.24086723756045
2/19/2026 2:19:16 PM,-2.2982185240835
2/19/2026 2:19:17 PM,-2.25362407509238
2/19/2026 2:19:18 PM,-2.01360995415598
2/19/2026 2:19:19 PM,-1.92818180657923
2/19/2026 2:19:20 PM,-1.89869804307818
2/19/2026 2:19:21 PM,-1.85783416964114
2/19/2026 2:19:22 PM,-2.37615031655878
2/19/2026 2:19:23 PM,-2.65701217576861
2/19/2026 2:19:24 PM,-2.42170260753483
2/19/2026 2:19:25 PM,-2.32627254445106
2/19/2026 2:19:26 PM,-2.19191084615886
2/19/2026 2:19:27 PM,-1.97996289934963
2/19/2026 2:19:28 PM,-2.06264157313854
2/19/2026 2:19:29 PM,-2.24857502616942
2/19/2026 2:19:30 PM,-2.01420800294727
2/19/2026 2:19:31 PM,-1.83890552725643
2/19/2026 2:19:32 PM,-1.74142032628879
2/19/2026 2:19:33 PM,-1.44162909127772
2/19/2026 2:19:34 PM,-1.4140865765512
2/19/2026 2:19:35 PM,-1.00832042517141
2/19/2026 2:19:36 PM,0
2/19/2026 2:19:37 PM,0
2/19/2026 2:19:38 PM,0
2/19/2026 2:19:39 PM,0
2/19/2026 2:19:40 PM,0
2/19/2026 2:19:41 PM,-0.963585160207003
2/19/2026 2:19:42 PM,-1.17478104075417
2/19/2026 2:19:43 PM,-1.40993868699297
2/19/2026 2:19:44 PM,-1.47895936388522
2/19/2026 2:19:45 PM,-1.65933488169685
2/19/2026 2:19:46 PM,-1.72938726609573
2/19/2026 2:19:47 PM,-1.73176971729845
2/19/2026 2:19:48 PM,-2.39213418681175
2/19/2026 2:19:49 PM,-2.54770314786583
2/19/2026 2:19:50 PM,-2.60028513148427
2/19/2026 2:19:51 PM,
2/19/2026 2:19:52 PM,-2.72992027457803
2/19/2026 2:19:53 PM,-2.54201602656394
2/19/2026 2:19:54 PM,-2.54201602656394
2/19/2026 2:19:55 PM,-2.69606010988355
2/19/2026 2:19:56 PM,-2.70064207725227
2/19/2026 2:19:57 PM,-2.52840423490852
2/19/2026 2:19:58 PM,-2.33755563385785
2/19/2026 2:19:59 PM,
2/19/2026 2:20:00 PM,-2.17840990517288
2/19/2026 2:20:01 PM,-2.15102350339293
2/19/2026 2:20:02 PM,-1.67548879981041
2/19/2026 2:20:03 PM,-1.48058681515977
2/19/2026 2:20:04 PM,-1.07334492495283
2/19/2026 2:20:05 PM,-1.07334492495283
2/19/2026 2:20:06 PM,-0.893305102363229
2/19/2026 2:20:07 PM,0
2/19/2026 2:20:08 PM,0
2/19/2026 2:20:09 PM,-0.818563828943297
2/19/2026 2:20:10 PM,-0.848796882200986
2/19/2026 2:20:11 PM,-0.866340834181756
2/19/2026 2:20:12 PM,-1.16020836867392
2/19/2026 2:20:13 PM,-1.36234749807045
2/19/2026 2:20:14 PM,-1.71363075496629
2/19/2026 2:20:15 PM,-1.73109811730683
2/19/2026 2:20:16 PM,-2.06554380711168
2/19/2026 2:20:17 PM,-2.02496533747762
2/19/2026 2:20:18 PM,-1.89752248115838
2/19/2026 2:20:19 PM,-1.92181973252445
2/19/2026 2:20:20 PM,-1.85187505558133
2/19/2026 2:20:21 PM,-1.59918225836009
2/19/2026 2:20:22 PM,-1.77852481137961
2/19/2026 2:20:23 PM,-1.86664857901633
2/19/2026 2:20:24 PM,-1.92033320199698
2/19/2026 2:20:25 PM,-1.92033320199698
2/19/2026 2:20:26 PM,-1.84519635513425
2/19/2026 2:20:27 PM,-1.83514980599284
2/19/2026 2:20:28 PM,-1.64807190885767
2/19/2026 2:20:29 PM,-1.477138500195
2/19/2026 2:20:30 PM,-1.3592681963928
2/19/2026 2:20:31 PM,-1.35871027596295
2/19/2026 2:20:32 PM,-1.35871027596295
2/19/2026 2:20:33 PM,-1.31459129042923
2/19/2026 2:20:34 PM,-1.22854026267305
2/19/2026 2:20:35 PM,-1.1508762720041
2/19/2026 2:20:36 PM,-1.1508762720041
2/19/2026 2:20:37 PM,-1.17714997613803
2/19/2026 2:20:38 PM,-1.72023695195094
2/19/2026 2:20:39 PM,-1.79366776719689
2/19/2026 2:20:40 PM,-1.73622207948938
2/19/2026 2:20:41 PM,-1.48902833461761
2/19/2026 2:20:42 PM,-1.70323143247515
2/19/2026 2:20:43 PM,-1.38676303904504
2/19/2026 2:20:44 PM,-1.33900075452402
2/19/2026 2:20:45 PM,
2/19/2026 2:20:46 PM,-1.29046209622175
2/19/2026 2:20:47 PM,-1.17919578915462
2/19/2026 2:20:48 PM,-0.85084269521758
2/19/2026 2:20:49 PM,-0.85083976155147
2/19/2026 2:20:50 PM,-0.848645431688055
2/19/2026 2:20:51 PM,0
2/19/2026 2:20:52 PM,-1.36956599308178
2/19/2026 2:20:53 PM,-1.42555480124429
2/19/2026 2:20:54 PM,-1.42555480124429
2/19/2026 2:20:55 PM,-1.43168197246268
2/19/2026 2:20:56 PM,-1.23105514794588
2/19/2026 2:20:57 PM,-1.17595461197197
2/19/2026 2:20:58 PM,
2/19/2026 2:20:59 PM,-1.3050276436843
2/19/2026 2:21:00 PM,-1.36781742330641
2/19/2026 2:21:01 PM,-1.304389256984
2/19/2026 2:21:02 PM,-1.39379786560312
2/19/2026 2:21:03 PM,
2/19/2026 2:21:04 PM,-1.37742696097121
2/19/2026 2:21:05 PM,-1.56354921637103
2/19/2026 2:21:06 PM,-1.66769499192014
2/19/2026 2:21:07 PM,-1.44042220199481
2/19/2026 2:21:08 PM,-1.37519465060905
2/19/2026 2:21:09 PM,-1.39975530328229
2/19/2026 2:21:10 PM,-1.39949347358197
2/19/2026 2:21:11 PM,-1.39830691041425
2/19/2026 2:21:12 PM,-1.28505241591483
2/19/2026 2:21:13 PM,-1.41246425919235
2/19/2026 2:21:14 PM,-1.50861474685371
2/19/2026 2:21:15 PM,-1.92612069658935
2/19/2026 2:21:16 PM,-1.95473106577992
2/19/2026 2:21:17 PM,-2.17186238151044
2/19/2026 2:21:18 PM,-2.37674207892269
2/19/2026 2:21:19 PM,-2.07073849160224
2/19/2026 2:21:20 PM,-1.77051967475563
2/19/2026 2:21:21 PM,-1.64852725574747
2/19/2026 2:21:22 PM,-1.51369166560471
2/19/2026 2:21:23 PM,-1.50138933677226
2/19/2026 2:21:24 PM,-1.50138933677226
2/19/2026 2:21:25 PM,-1.3793513411656
2/19/2026 2:21:26 PM,-1.59938740544021
2/19/2026 2:21:27 PM,-1.73913175240159
2/19/2026 2:21:28 PM,-1.42894664313644
2/19/2026 2:21:29 PM,-1.34527796180919
2/19/2026 2:21:30 PM,-1.39033865416422
2/19/2026 2:21:31 PM,-1.35863578179851
2/19/2026 2:21:32 PM,-1.42765499185771
2/19/2026 2:21:33 PM,-1.44360617268831
2/19/2026 2:21:34 PM,-1.25230851117522
2/19/2026 2:21:35 PM,-1.15898890653625
2/19/2026 2:21:36 PM,-1.18499512318522
2/19/2026 2:21:37 PM,-0.999198399949819
2/19/2026 2:21:38 PM,-1.05016194283962
2/19/2026 2:21:39 PM,-1.09285558573902
2/19/2026 2:21:40 PM,-0.917285098694265
2/19/2026 2:21:41 PM,-1.0505041340366
2/19/2026 2:21:42 PM,-0.992941414006054
2/19/2026 2:21:43 PM,-0.976024218834937
2/19/2026 2:21:44 PM,-0.843185459962115
2/19/2026 2:21:45 PM,0
2/19/2026 2:21:46 PM,0
2/19/2026 2:21:47 PM,-0.834615278290585
2/19/2026 2:21:48 PM,-1.10069224610925
2/19/2026 2:21:49 PM,-1.64076498476788
2/19/2026 2:21:50 PM,-1.79805443622172
2/19/2026 2:21:51 PM,-1.79805443622172
2/19/2026 2:21:52 PM,-1.95433208718896
2/19/2026 2:21:53 PM,-2.10486121941358
2/19/2026 2:21:54 PM,-2.18215347267687
2/19/2026 2:21:55 PM,-2.08172779530287
2/19/2026 2:21:56 PM,-2.08837820682675
2/19/2026 2:21:57 PM,-2.10659522563219
2/19/2026 2:21:58 PM,-1.87790358904749
2/19/2026 2:21:59 PM,-1.78930666297674
2/19/2026 2:22:00 PM,-1.3918382814154
2/19/2026 2:22:01 PM,-1.10856662504375
2/19/2026 2:22:02 PM,-1.10856662504375
2/19/2026 2:22:03 PM,-1.11811057431623
2/19/2026 2:22:04 PM,-0.870035105617717
2/19/2026 2:22:05 PM,-1.0018098866567
2/19/2026 2:22:06 PM,-1.35777915129438
2/19/2026 2:22:07 PM,-1.72034623101354
2/19/2026 2:22:08 PM,-1.47384451702237
2/19/2026 2:22:09 PM,-1.68771474855021
2/19/2026 2:22:10 PM,-1.5965627040714
2/19/2026 2:22:11 PM,-2.01759219635278
2/19/2026 2:22:12 PM,-2.13370879646391
2/19/2026 2:22:13 PM,-2.03329171054065
2/19/2026 2:22:14 PM,-2.03860960900784
2/19/2026 2:22:15 PM,-2.27811830118299
2/19/2026 2:22:16 PM,-2.70920523907989
2/19/2026 2:22:17 PM,-3.00785349681973
2/19/2026 2:22:18 PM,-2.81638966407627
2/19/2026 2:22:19 PM,-2.419193694368
2/19/2026 2:22:20 PM,-2.28575651999563
2/19/2026 2:22:21 PM,-2.80887424014509
2/19/2026 2:22:22 PM,-2.80887424014509
2/19/2026 2:22:23 PM,-2.70218350924551
2/19/2026 2:22:24 PM,-2.65018113423139
2/19/2026 2:22:25 PM,-2.08053924143314
2/19/2026 2:22:26 PM,-1.85272183734924
2/19/2026 2:22:27 PM,-1.85272183734924
2/19/2026 2:22:28 PM,-1.55743608484045
2/19/2026 2:22:29 PM,-1.39025032985955
2/19/2026 2:22:30 PM,-1.02450137492269
2/19/2026 2:22:31 PM,-1.02450137492269
2/19/2026 2:22:32 PM,0
2/19/2026 2:22:33 PM,0
2/19/2026 2:22:34 PM,0
2/19/2026 2:22:35 PM,0
2/19/2026 2:22:36 PM,0
2/19/2026 2:22:37 PM,0
2/19/2026 2:22:38 PM,0
2/19/2026 2:22:39 PM,0
2/19/2026 2:22:40 PM,0
2/19/2026 2:22:41 PM,0
2/19/2026 2:22:42 PM,-0.990440358873457
2/19/2026 2:22:43 PM,-1.06798826018348
2/19/2026 2:22:44 PM,-1.26550770364702
2/19/2026 2:22:45 PM,-1.24151984928176
2/19/2026 2:22:46 PM,-1.2426566448994
2/19/2026 2:22:47 PM,-1.56805354636163
2/19/2026 2:22:48 PM,-1.47435654653236
2/19/2026 2:22:49 PM,-1.6156311146915
2/19/2026 2:22:50 PM,-1.35178064228967
2/19/2026 2:22:51 PM,-1.42076475312933
2/19/2026 2:22:52 PM,-1.395342964679
2/19/2026 2:22:53 PM,-1.44783620489761
2/19/2026 2:22:54 PM,-1.30214950768277
2/19/2026 2:22:55 PM,-1.48412031121552
2/19/2026 2:22:56 PM,-1.55464585404843
2/19/2026 2:22:57 PM,-1.5555557096377
2/19/2026 2:22:58 PM,-1.32444798946381
2/19/2026 2:22:59 PM,-1.31494856905192
2/19/2026 2:23:00 PM,-1.11246819142252
2/19/2026 2:23:01 PM,-1.09616497065872
2/19/2026 2:23:02 PM,-1.17912129499018
2/19/2026 2:23:03 PM,-1.23185645788908
2/19/2026 2:23:04 PM,-1.34552554227412
2/19/2026 2:23:05 PM,-1.72765860334039
2/19/2026 2:23:06 PM,-1.6113351797685
2/19/2026 2:23:07 PM,-1.75702041015029
2/19/2026 2:23:08 PM,-1.8376643769443
2/19/2026 2:23:09 PM,-2.20008613541722
2/19/2026 2:23:10 PM,-2.38465145230293
2/19/2026 2:23:11 PM,-2.39310460165143
2/19/2026 2:23:12 PM,-2.34658755362034
2/19/2026 2:23:13 PM,-3.04772222880274
2/19/2026 2:23:14 PM,-3.07923650834709
2/19/2026 2:23:15 PM,-2.94694849289954
2/19/2026 2:23:16 PM,-2.85427628550678
2/19/2026 2:23:17 PM,-2.79188705608249
2/19/2026 2:23:18 PM,-2.51153209246695
2/19/2026 2:23:19 PM,-2.32527970802039
2/19/2026 2:23:20 PM,-2.36017042770982
2/19/2026 2:23:21 PM,-2.18306521419436
2/19/2026 2:23:22 PM,-2.02402928844094
2/19/2026 2:23:23 PM,-1.7915815114975
2/19/2026 2:23:24 PM,-1.80096253752708
2/19/2026 2:23:25 PM,-1.55505248112604
2/19/2026 2:23:26 PM,-1.27377540338784
2/19/2026 2:23:27 PM,-1.25317624770105
2/19/2026 2:23:28 PM,-1.12986001186073
2/19/2026 2:23:29 PM,-1.76204117015004
2/19/2026 2:23:30 PM,-2.01075717341155
2/19/2026 2:23:31 PM,-1.89227792434394
2/19/2026 2:23:32 PM,-2.21099350601435
2/19/2026 2:23:33 PM,-2.19054040499032
2/19/2026 2:23:34 PM,-2.01186169870198
2/19/2026 2:23:35 PM,-2.32941617723554
2/19/2026 2:23:36 PM,-2.18331457581371
2/19/2026 2:23:37 PM,-2.24341386929154
2/19/2026 2:23:38 PM,-2.23075551912189
2/19/2026 2:23:39 PM,-2.20376537181437
2/19/2026 2:23:40 PM,-2.1268714684993
2/19/2026 2:23:41 PM,-2.10015352349728
2/19/2026 2:23:42 PM,-1.96999283507466
2/19/2026 2:23:43 PM,-1.55076597584412
2/19/2026 2:23:44 PM,-1.61317563615739
2/19/2026 2:23:45 PM,-1.63760144496337
2/19/2026 2:23:46 PM,-1.41506181098521
2/19/2026 2:23:47 PM,-1.42625437583774
2/19/2026 2:23:48 PM,-1.32712883641943
2/19/2026 2:23:49 PM,-1.41885986085981
2/19/2026 2:23:50 PM,-1.46479551913217
2/19/2026 2:23:51 PM,-1.29762998549268
2/19/2026 2:23:52 PM,-1.29762998549268
2/19/2026 2:23:53 PM,-0.89891228126362
2/19/2026 2:23:54 PM,-0.925251364242285
2/19/2026 2:23:55 PM,-0.857281358912587
2/19/2026 2:23:56 PM,-1.08193218475208
2/19/2026 2:23:57 PM,-1.21635769028217
2/19/2026 2:23:58 PM,-1.84358870610595
2/19/2026 2:23:59 PM,-1.73208843916655
2/19/2026 2:24:00 PM,-1.73041876405478
2/19/2026 2:24:01 PM,-2.03835647553205
2/19/2026 2:24:02 PM,-1.93731745239347
2/19/2026 2:24:03 PM,-2.11745502892882
2/19/2026 2:24:04 PM,-2.42781343404204
2/19/2026 2:24:05 PM,-2.7726344531402
2/19/2026 2:24:06 PM,-2.82370077911764
2/19/2026 2:24:07 PM,-2.84250495024025
2/19/2026 2:24:08 PM,-3.07418368756771
2/19/2026 2:24:09 PM,-2.79551181010902
2/19/2026 2:24:10 PM,
2/19/2026 2:24:11 PM,-2.9518537921831
2/19/2026 2:24:12 PM,-3.50161988753825
2/19/2026 2:24:13 PM,-3.56363570317626
2/19/2026 2:24:14 PM,-3.3588704187423
2/19/2026 2:24:15 PM,-3.3588704187423
2/19/2026 2:24:16 PM,-3.58290234580636
2/19/2026 2:24:17 PM,-3.59796294942498
2/19/2026 2:24:18 PM,-3.53408823721111
2/19/2026 2:24:19 PM,
2/19/2026 2:24:20 PM,-3.34413775708526
2/19/2026 2:24:21 PM,-3.35624017752707
2/19/2026 2:24:22 PM,-3.25643057003617
2/19/2026 2:24:23 PM,-2.99596816767007
2/19/2026 2:24:24 PM,-2.89905471727252
2/19/2026 2:24:25 PM,-2.36485863570124
2/19/2026 2:24:26 PM,-2.36485863570124
2/19/2026 2:24:27 PM,-2.31623270083219
2/19/2026 2:24:28 PM,-2.02221146319062
2/19/2026 2:24:29 PM,-2.01492968481034
2/19/2026 2:24:30 PM,-2.09517802577466
2/19/2026 2:24:31 PM,-2.16412839945406
2/19/2026 2:24:32 PM,-2.31457999907434
2/19/2026 2:24:33 PM,
2/19/2026 2:24:34 PM,
2/19/2026 2:24:35 PM,-2.0658916560933
2/19/2026 2:24:36 PM,-2.15002584736794
2/19/2026 2:24:37 PM,-2.26492644287646
2/19/2026 2:24:38 PM,-2.75934305973351
2/19/2026 2:24:39 PM,-2.75934305973351
2/19/2026 2:24:40 PM,-2.94939014129341
2/19/2026 2:24:41 PM,-2.73139863274992
2/19/2026 2:24:42 PM,-2.53383424133062
2/19/2026 2:24:43 PM,-2.02125424984843
2/19/2026 2:24:44 PM,
2/19/2026 2:24:45 PM,
2/19/2026 2:24:46 PM,
2/19/2026 2:24:47 PM,-1.79405249655247
2/19/2026 2:24:48 PM,-1.63370145019144
2/19/2026 2:24:49 PM,-1.63370145019144
2/19/2026 2:24:50 PM,-1.80058891419321
2/19/2026 2:24:51 PM,-1.51407670928165
2/19/2026 2:24:52 PM,-1.39651423087344
2/19/2026 2:24:53 PM,-1.28690345445648
2/19/2026 2:24:54 PM,-1.06550742639229
2/19/2026 2:24:55 PM,-1.00888609886169
2/19/2026 2:24:56 PM,-0.812711950857192
2/19/2026 2:24:57 PM,-0.812711950857192
2/19/2026 2:24:58 PM,-0.94496140955016
2/19/2026 2:24:59 PM,-0.94496140955016
2/19/2026 2:25:00 PM,-1.09569034539163
2/19/2026 2:25:01 PM,0
2/19/2026 2:25:02 PM,0
2/19/2026 2:25:03 PM,0
2/19/2026 2:25:04 PM,0
2/19/2026 2:25:05 PM,0
2/19/2026 2:25:06 PM,0
2/19/2026 2:25:07 PM,0
2/19/2026 2:25:08 PM,0
2/19/2026 2:25:09 PM,-1.53125531505793
2/19/2026 2:25:10 PM,
2/19/2026 2:25:11 PM,
2/19/2026 2:25:12 PM,
2/19/2026 2:25:13 PM,-1.92107793409377
2/19/2026 2:25:14 PM,
2/19/2026 2:25:15 PM,-2.19217068515718
2/19/2026 2:25:16 PM,-2.3833719547838
2/19/2026 2:25:17 PM,
2/19/2026 2:25:18 PM,-3.0071506742388
2/19/2026 2:25:19 PM,
2/19/2026 2:25:20 PM,
2/19/2026 2:25:21 PM,-3.64537141285837
2/19/2026 2:25:22 PM,-3.58405360020697
2/19/2026 2:25:23 PM,-3.18672540597618
2/19/2026 2:25:24 PM,
2/19/2026 2:25:25 PM,-3.59821105375886
2/19/2026 2:25:26 PM,-3.60332317650318
2/19/2026 2:25:27 PM,-3.37138648610562
2/19/2026 2:25:28 PM,
2/19/2026 2:25:29 PM,-2.89195063523948
2/19/2026 2:25:30 PM,-2.93798069469631
2/19/2026 2:25:31 PM,-2.56852693855762
2/19/2026 2:25:32 PM,
2/19/2026 2:25:33 PM,-2.35361724626273
2/19/2026 2:25:34 PM,-2.35361724626273
2/19/2026 2:25:35 PM,-2.16001393273473
2/19/2026 2:25:36 PM,-2.05737061332911
2/19/2026 2:25:37 PM,-1.97419698815793
2/19/2026 2:25:38 PM,-1.73741964390501
2/19/2026 2:25:39 PM,-2.21517838072032
2/19/2026 2:25:40 PM,-2.37150758039206
2/19/2026 2:25:41 PM,-2.26044883020222
2/19/2026 2:25:42 PM,
2/19/2026 2:25:43 PM,-2.14557987637818
2/19/2026 2:25:44 PM,-2.13729038368911
2/19/2026 2:25:45 PM,-2.31358862947673
2/19/2026 2:25:46 PM,
2/19/2026 2:25:47 PM,-2.66445446759462
2/19/2026 2:25:48 PM,-2.63818160165101
2/19/2026 2:25:49 PM,-2.86244004964828
2/19/2026 2:25:50 PM,-2.57571442052722
2/19/2026 2:25:51 PM,-2.52220833208412
2/19/2026 2:25:52 PM,-2.06481269560754
2/19/2026 2:25:53 PM,-2.43748594075441
2/19/2026 2:25:54 PM,-2.43748594075441
2/19/2026 2:25:55 PM,-2.83622627612203
2/19/2026 2:25:56 PM,
2/19/2026 2:25:57 PM,-3.39854322373867
2/19/2026 2:25:58 PM,-3.22720371186733
2/19/2026 2:25:59 PM,-2.8592792339623
2/19/2026 2:26:00 PM,-2.72473124787211
2/19/2026 2:26:01 PM,-3.16249814350158
2/19/2026 2:26:02 PM,-2.94089717790484
2/19/2026 2:26:03 PM,-2.85204376559705
2/19/2026 2:26:04 PM,-2.85204376559705
2/19/2026 2:26:05 PM,-2.73802285082638
2/19/2026 2:26:06 PM,-2.67204910051078
2/19/2026 2:26:07 PM,-2.75814360938966
2/19/2026 2:26:08 PM,-2.33758476097137
2/19/2026 2:26:09 PM,-2.07151004578918
2/19/2026 2:26:10 PM,-2.36406528856605
2/19/2026 2:26:11 PM,-2.44924910366535
2/19/2026 2:26:12 PM,-2.41551424842328
2/19/2026 2:26:13 PM,-2.08273257594556
2/19/2026 2:26:14 PM,-1.9000253174454
2/19/2026 2:26:15 PM,-1.7922279657796
2/19/2026 2:26:16 PM,-1.70034491457045
2/19/2026 2:26:17 PM,-1.74870933406055
2/19/2026 2:26:18 PM,-2.2151077631861
2/19/2026 2:26:19 PM,-2.02614467125386
2/19/2026 2:26:20 PM,-1.94791490212083
2/19/2026 2:26:21 PM,-1.66142606176436
2/19/2026 2:26:22 PM,
2/19/2026 2:26:23 PM,-1.85436301399022
2/19/2026 2:26:24 PM,
2/19/2026 2:26:25 PM,-1.95304127410054
2/19/2026 2:26:26 PM,-1.88864583615214
2/19/2026 2:26:27 PM,-1.92994535900652
2/19/2026 2:26:28 PM,-1.91494384780526
2/19/2026 2:26:29 PM,-1.82463910896331
2/19/2026 2:26:30 PM,-2.00036717578769
2/19/2026 2:26:31 PM,-2.15169175062329
2/19/2026 2:26:32 PM,-1.84681594837457
2/19/2026 2:26:33 PM,-1.6337614855729
2/19/2026 2:26:34 PM,-1.68870004126802
2/19/2026 2:26:35 PM,-1.71258846530691
2/19/2026 2:26:36 PM,-1.62464637542143
2/19/2026 2:26:37 PM,-1.65775321656838
2/19/2026 2:26:38 PM,-1.55296863522381
2/19/2026 2:26:39 PM,-1.65624615037814
2/19/2026 2:26:40 PM,-1.44442319869995
2/19/2026 2:26:41 PM,-1.14779036957771
2/19/2026 2:26:42 PM,-1.06830656295642
2/19/2026 2:26:43 PM,0
2/19/2026 2:26:44 PM,0
2/19/2026 2:26:45 PM,0
2/19/2026 2:26:46 PM,0
2/19/2026 2:26:47 PM,0
2/19/2026 2:26:48 PM,0
2/19/2026 2:26:49 PM,0
2/19/2026 2:26:50 PM,0
2/19/2026 2:26:51 PM,0
2/19/2026 2:26:52 PM,-0.929976557381451
2/19/2026 2:26:53 PM,-1.01203444646671
2/19/2026 2:26:54 PM,-1.28906870959327
2/19/2026 2:26:55 PM,-1.26420012675226
2/19/2026 2:26:56 PM,-1.86934964731336
2/19/2026 2:26:57 PM,-1.86934964731336
2/19/2026 2:26:58 PM,-1.69218041701242
2/19/2026 2:26:59 PM,-1.23036322183907
2/19/2026 2:27:00 PM,-1.32875523995608
2/19/2026 2:27:01 PM,-1.72317711403593
2/19/2026 2:27:02 PM,-1.94787760265172
2/19/2026 2:27:03 PM,-1.8540931167081
2/19/2026 2:27:04 PM,-1.7301322077401
2/19/2026 2:27:05 PM,-1.65601680055261
2/19/2026 2:27:06 PM,-1.47730886237696
2/19/2026 2:27:07 PM,-1.42479005735368
2/19/2026 2:27:08 PM,-1.51820228202268
2/19/2026 2:27:09 PM,-1.77824904676527
2/19/2026 2:27:10 PM,-1.91729916259646
2/19/2026 2:27:11 PM,-2.07248004153371
2/19/2026 2:27:12 PM,-1.84346025343984
2/19/2026 2:27:13 PM,-1.80493053048849
2/19/2026 2:27:14 PM,-1.50993332499638
2/19/2026 2:27:15 PM,-1.02830728283152
2/19/2026 2:27:16 PM,-0.816025212407112
2/19/2026 2:27:17 PM,-0.925295893102884
2/19/2026 2:27:18 PM,-0.996078446041793
2/19/2026 2:27:19 PM,-1.03238392621279
2/19/2026 2:27:20 PM,-1.04709437582642
2/19/2026 2:27:21 PM,-1.13208624534309
2/19/2026 2:27:22 PM,-1.15006825653836
2/19/2026 2:27:23 PM,-1.27057760255411
2/19/2026 2:27:24 PM,-0.987448962405324
2/19/2026 2:27:25 PM,-0.987448962405324
2/19/2026 2:27:26 PM,-0.873355544172227
2/19/2026 2:27:27 PM,-0.864292139885947
2/19/2026 2:27:28 PM,-0.937622634228319
2/19/2026 2:27:29 PM,-1.05192235205323
2/19/2026 2:27:30 PM,-1.02066393010318
2/19/2026 2:27:31 PM,-0.975732528604567
2/19/2026 2:27:32 PM,-1.20871873805299
2/19/2026 2:27:33 PM,-1.39690451323986
2/19/2026 2:27:34 PM,-0.985453021712601
2/19/2026 2:27:35 PM,
2/19/2026 2:27:36 PM,-1.42861712956801
2/19/2026 2:27:37 PM,-1.02357590803877
2/19/2026 2:27:38 PM,-1.11869552638382
2/19/2026 2:27:39 PM,-1.02510120486841
2/19/2026 2:27:40 PM,0
2/19/2026 2:27:41 PM,-1.0899499990046
2/19/2026 2:27:42 PM,
2/19/2026 2:27:43 PM,-1.35892778635025
2/19/2026 2:27:44 PM,-1.50385634042323
2/19/2026 2:27:45 PM,-1.60430339165032
2/19/2026 2:27:46 PM,-1.94454893935472
2/19/2026 2:27:47 PM,-1.92188783548772
2/19/2026 2:27:48 PM,-1.93068862427026
2/19/2026 2:27:49 PM,-1.98408532887697
2/19/2026 2:27:50 PM,-1.99757139198482
2/19/2026 2:27:51 PM,-1.67309283278883
2/19/2026 2:27:52 PM,-1.77529882639647
2/19/2026 2:27:53 PM,-1.69749443884939
2/19/2026 2:27:54 PM,-1.59380903933197
2/19/2026 2:27:55 PM,-1.58785034436733
2/19/2026 2:27:56 PM,-1.64154680678621
2/19/2026 2:27:57 PM,-1.60858088638633
2/19/2026 2:27:58 PM,-1.29272552439943
2/19/2026 2:27:59 PM,-1.29272552439943
2/19/2026 2:28:00 PM,-0.970576400868595
2/19/2026 2:28:01 PM,-0.850953545887023
2/19/2026 2:28:02 PM,-0.823505327571183
2/19/2026 2:28:03 PM,-1.26731159398332
2/19/2026 2:28:04 PM,-1.25353970797732
2/19/2026 2:28:05 PM,0
2/19/2026 2:28:06 PM,0
2/19/2026 2:28:07 PM,0
2/19/2026 2:28:08 PM,0
2/19/2026 2:28:09 PM,0
2/19/2026 2:28:10 PM,
2/19/2026 2:28:11 PM,0
2/19/2026 2:28:12 PM,-1.39300671871752
2/19/2026 2:28:13 PM,-1.14501910284162
2/19/2026 2:28:14 PM,-1.25889626797289
2/19/2026 2:28:15 PM,
2/19/2026 2:28:16 PM,-1.54807863291353
2/19/2026 2:28:17 PM,-1.54807863291353
2/19/2026 2:28:18 PM,-2.03205705620348
2/19/2026 2:28:19 PM,-2.13333684951067
2/19/2026 2:28:20 PM,-1.97393589187413
2/19/2026 2:28:21 PM,-2.0892386091873
2/19/2026 2:28:22 PM,-1.96102524641901
2/19/2026 2:28:23 PM,-1.75461197504774
2/19/2026 2:28:24 PM,-1.65778213413432
2/19/2026 2:28:25 PM,-1.67662570020184
2/19/2026 2:28:26 PM,-2.08261585794389
2/19/2026 2:28:27 PM,-1.71190816909075
2/19/2026 2:28:28 PM,-1.86897434759885
2/19/2026 2:28:29 PM,-2.16596131213009
2/19/2026 2:28:30 PM,-1.85424273367971
2/19/2026 2:28:31 PM,
2/19/2026 2:28:32 PM,-2.16005186084658
2/19/2026 2:28:33 PM,-1.91936844494194
2/19/2026 2:28:34 PM,-1.31587497889996
2/19/2026 2:28:35 PM,-1.12594744423404
2/19/2026 2:28:36 PM,-0.8430115878582
2/19/2026 2:28:37 PM,0
2/19/2026 2:28:38 PM,-0.861693802289665
2/19/2026 2:28:39 PM,0
2/19/2026 2:28:40 PM,0
2/19/2026 2:28:41 PM,0
2/19/2026 2:28:42 PM,0
2/19/2026 2:28:43 PM,-0.863971165381372
2/19/2026 2:28:44 PM,-1.1928262305446
2/19/2026 2:28:45 PM,-1.62901460425928
2/19/2026 2:28:46 PM,
2/19/2026 2:28:47 PM,-1.65142142213881
2/19/2026 2:28:48 PM,-1.70875395415351
2/19/2026 2:28:49 PM,-1.64457036880776
2/19/2026 2:28:50 PM,-1.75370369106531
2/19/2026 2:28:51 PM,-1.71813780907542
2/19/2026 2:28:52 PM,-1.74088838975877
2/19/2026 2:28:53 PM,-1.82446183171123
2/19/2026 2:28:54 PM,
2/19/2026 2:28:55 PM,-1.43354149768129
2/19/2026 2:28:56 PM,-1.27711307723075
2/19/2026 2:28:57 PM,-1.18907344294712
2/19/2026 2:28:58 PM,-0.844889710424468
2/19/2026 2:28:59 PM,0
2/19/2026 2:29:00 PM,0
2/19/2026 2:29:01 PM,0
2/19/2026 2:29:02 PM,0
2/19/2026 2:29:03 PM,0
2/19/2026 2:29:04 PM,0
2/19/2026 2:29:05 PM,-1.13603768404573
2/19/2026 2:29:06 PM,-1.62414817605168
2/19/2026 2:29:07 PM,-2.01925348956138
2/19/2026 2:29:08 PM,-2.23301716614515
2/19/2026 2:29:09 PM,-2.43616830557585
2/19/2026 2:29:10 PM,-2.69155798014253
2/19/2026 2:29:11 PM,-3.31280599348247
2/19/2026 2:29:12 PM,-3.35187090095133
2/19/2026 2:29:13 PM,-3.31141543574631
2/19/2026 2:29:14 PM,-2.95707110781223
2/19/2026 2:29:15 PM,-2.95707110781223
2/19/2026 2:29:16 PM,-3.20259926375002
2/19/2026 2:29:17 PM,-3.23836086317897
2/19/2026 2:29:18 PM,-2.60896878316998
2/19/2026 2:29:19 PM,-2.54069943912327
2/19/2026 2:29:20 PM,-2.39281689282507
2/19/2026 2:29:21 PM,-2.396848378703
2/19/2026 2:29:22 PM,-2.21881109755486
2/19/2026 2:29:23 PM,-1.81483940687031
2/19/2026 2:29:24 PM,-2.20383494161069
2/19/2026 2:29:25 PM,-2.20383494161069
2/19/2026 2:29:26 PM,-2.26592933759093
2/19/2026 2:29:27 PM,-2.24356725811958
2/19/2026 2:29:28 PM,-2.1933420561254
2/19/2026 2:29:29 PM,-2.06653580535203
2/19/2026 2:29:30 PM,-2.2196484496817
2/19/2026 2:29:31 PM,
2/19/2026 2:29:32 PM,
2/19/2026 2:29:33 PM,-1.60171642201021
2/19/2026 2:29:34 PM,-1.2685795663856
2/19/2026 2:29:35 PM,-1.04072507238016
2/19/2026 2:29:36 PM,0
2/19/2026 2:29:37 PM,-1.01680584484711
2/19/2026 2:29:38 PM,0
2/19/2026 2:29:39 PM,0
2/19/2026 2:29:40 PM,
2/19/2026 2:29:41 PM,
2/19/2026 2:29:42 PM,-0.876487704226747
2/19/2026 2:29:43 PM,0
2/19/2026 2:29:44 PM,-1.52798752533272
2/19/2026 2:29:45 PM,-2.35644362401217
2/19/2026 2:29:46 PM,-2.52148748841137
2/19/2026 2:29:47 PM,-2.57751611061394
2/19/2026 2:29:48 PM,-2.58101890794933
2/19/2026 2:29:49 PM,-3.22096401359886
2/19/2026 2:29:50 PM,-2.8280203929171
2/19/2026 2:29:51 PM,-2.8280203929171
2/19/2026 2:29:52 PM,-2.95636074151844
2/19/2026 2:29:53 PM,-2.82654413022101
2/19/2026 2:29:54 PM,-2.68182407598943
2/19/2026 2:29:55 PM,-2.52186572179198
2/19/2026 2:29:56 PM,-2.21875954885036
2/19/2026 2:29:57 PM,-2.00848442036659
2/19/2026 2:29:58 PM,-1.44902350148186
2/19/2026 2:29:59 PM,
2/19/2026 2:30:00 PM,
2/19/2026 2:30:01 PM,-1.55551579082385
2/19/2026 2:30:02 PM,-1.27793041756377
2/19/2026 2:30:03 PM,-1.1200706823729
2/19/2026 2:30:04 PM,-1.34272514842451
2/19/2026 2:30:05 PM,-1.33264968171716
2/19/2026 2:30:06 PM,-1.13059290451929
2/19/2026 2:30:07 PM,-1.13059290451929
2/19/2026 2:30:08 PM,
2/19/2026 2:30:09 PM,-0.936333602294326
2/19/2026 2:30:10 PM,-1.45035570021719
2/19/2026 2:30:11 PM,-1.51295332470909
2/19/2026 2:30:12 PM,
2/19/2026 2:30:13 PM,-1.44704401027411
2/19/2026 2:30:14 PM,-1.39081904198974
2/19/2026 2:30:15 PM,-1.44679601071402
2/19/2026 2:30:16 PM,-1.60278490511701
2/19/2026 2:30:17 PM,-1.27154309302568
2/19/2026 2:30:18 PM,-1.27154309302568
2/19/2026 2:30:19 PM,0
2/19/2026 2:30:20 PM,0
2/19/2026 2:30:21 PM,0
2/19/2026 2:30:22 PM,0
2/19/2026 2:30:23 PM,0
2/19/2026 2:30:24 PM,-0.934101187158376
2/19/2026 2:30:25 PM,0
2/19/2026 2:30:26 PM,-0.910402089357376
2/19/2026 2:30:27 PM,0
2/19/2026 2:30:28 PM,
2/19/2026 2:30:29 PM,
2/19/2026 2:30:30 PM,-1.00604714825749
2/19/2026 2:30:31 PM,
2/19/2026 2:30:32 PM,
2/19/2026 2:30:33 PM,-1.44007990602404
2/19/2026 2:30:34 PM,-1.56038693385199
2/19/2026 2:30:35 PM,-1.43448184244335
2/19/2026 2:30:36 PM,-1.63476961897686
2/19/2026 2:30:37 PM,
2/19/2026 2:30:38 PM,-1.19768081931397
2/19/2026 2:30:39 PM,
2/19/2026 2:30:40 PM,
2/19/2026 2:30:41 PM,-1.29236814100295
2/19/2026 2:30:42 PM,-1.29445879720151
2/19/2026 2:30:43 PM,-1.74605530919507
2/19/2026 2:30:44 PM,-2.00482362415642
2/19/2026 2:30:45 PM,-1.86250163242221
2/19/2026 2:30:46 PM,-2.10997899994254
2/19/2026 2:30:47 PM,-2.43140801321715
2/19/2026 2:30:48 PM,-2.4084388744086
2/19/2026 2:30:49 PM,-2.02072262763977
2/19/2026 2:30:50 PM,-1.59946986241266
2/19/2026 2:30:51 PM,-1.05014465516433
2/19/2026 2:30:52 PM,-1.05014465516433
2/19/2026 2:30:53 PM,-1.91092262975872
2/19/2026 2:30:54 PM,
2/19/2026 2:30:55 PM,-1.97340447921306
2/19/2026 2:30:56 PM,-1.66036857990548
2/19/2026 2:30:57 PM,
2/19/2026 2:30:58 PM,-1.28470226190984
2/19/2026 2:30:59 PM,-1.4090976677835
2/19/2026 2:31:00 PM,
2/19/2026 2:31:01 PM,
2/19/2026 2:31:02 PM,
2/19/2026 2:31:03 PM,
2/19/2026 2:31:04 PM,-1.3664991594851
2/19/2026 2:31:05 PM,
2/19/2026 2:31:06 PM,-1.66712303180248
2/19/2026 2:31:07 PM,
2/19/2026 2:31:08 PM,
2/19/2026 2:31:09 PM,
2/19/2026 2:31:10 PM,
2/19/2026 2:31:11 PM,
2/19/2026 2:31:12 PM,
2/19/2026 2:31:13 PM,
2/19/2026 2:31:14 PM,-2.91839407291263
2/19/2026 2:31:15 PM,-3.10107870027423
2/19/2026 2:31:16 PM,-2.81060070265085
2/19/2026 2:31:17 PM,-2.89883846417069
2/19/2026 2:31:18 PM,-2.77220676653087
2/19/2026 2:31:19 PM,-2.89175324141979
2/19/2026 2:31:20 PM,-2.74048356804997
2/19/2026 2:31:21 PM,-2.45858172420412
2/19/2026 2:31:22 PM,-2.45858172420412
2/19/2026 2:31:23 PM,-2.29084496386349
2/19/2026 2:31:24 PM,-1.48784648627043
2/19/2026 2:31:25 PM,-1.53053604299203
2/19/2026 2:31:26 PM,-1.40828839503229
2/19/2026 2:31:27 PM,
2/19/2026 2:31:28 PM,-1.16449843626469
2/19/2026 2:31:29 PM,-1.26949581317604
2/19/2026 2:31:30 PM,-1.40373712638393
2/19/2026 2:31:31 PM,-1.05667195748538
2/19/2026 2:31:32 PM,-0.874272629152983
2/19/2026 2:31:33 PM,-0.982692441903055
2/19/2026 2:31:34 PM,-1.08305892208591
2/19/2026 2:31:35 PM,-1.00974733941257
2/19/2026 2:31:36 PM,-1.44433246459812
2/19/2026 2:31:37 PM,-1.5462264418602
2/19/2026 2:31:38 PM,-1.6617767396383
2/19/2026 2:31:39 PM,-1.60781163722277
2/19/2026 2:31:40 PM,-1.52429341105744
2/19/2026 2:31:41 PM,-1.23664640123025
2/19/2026 2:31:42 PM,-1.53610330307856
2/19/2026 2:31:43 PM,-1.41473596449941
2/19/2026 2:31:44 PM,-1.40221109613776
2/19/2026 2:31:45 PM,-1.38842286542058
2/19/2026 2:31:46 PM,-1.43403697293252
2/19/2026 2:31:47 PM,-1.33758075535297
2/19/2026 2:31:48 PM,-1.23250469332561
2/19/2026 2:31:49 PM,-1.51374677661806
2/19/2026 2:31:50 PM,-1.50203872472048
2/19/2026 2:31:51 PM,-1.53674703324214
2/19/2026 2:31:52 PM,-1.22166343498975
2/19/2026 2:31:53 PM,-1.09970978228375
2/19/2026 2:31:54 PM,-1.51289014611393
2/19/2026 2:31:55 PM,-1.56183228828013
2/19/2026 2:31:56 PM,-1.40502008143812
2/19/2026 2:31:57 PM,-1.51578976074234
2/19/2026 2:31:58 PM,-1.51578976074234
2/19/2026 2:31:59 PM,-1.65927421767265
2/19/2026 2:32:00 PM,-1.57477038446814
2/19/2026 2:32:01 PM,-1.53242039959878
2/19/2026 2:32:02 PM,-2.07943073473871
2/19/2026 2:32:03 PM,-1.96500685997307
2/19/2026 2:32:04 PM,-1.71899726847187
2/19/2026 2:32:05 PM,-1.37755373725668
2/19/2026 2:32:06 PM,-1.51765054324642
2/19/2026 2:32:07 PM,-1.27787101082504
2/19/2026 2:32:08 PM,-1.21121392585337
2/19/2026 2:32:09 PM,-1.51401112088934
2/19/2026 2:32:10 PM,
2/19/2026 2:32:11 PM,
2/19/2026 2:32:12 PM,
2/19/2026 2:32:13 PM,
2/19/2026 2:32:14 PM,-1.20766764739528
2/19/2026 2:32:15 PM,-0.995462480932474
2/19/2026 2:32:16 PM,0
2/19/2026 2:32:17 PM,
2/19/2026 2:32:18 PM,0
2/19/2026 2:32:19 PM,0
2/19/2026 2:32:20 PM,-0.864180765347555
2/19/2026 2:32:21 PM,0
2/19/2026 2:32:22 PM,0
2/19/2026 2:32:23 PM,
2/19/2026 2:32:24 PM,0
2/19/2026 2:32:25 PM,0
2/19/2026 2:32:26 PM,
2/19/2026 2:32:27 PM,
2/19/2026 2:32:28 PM,
2/19/2026 2:32:29 PM,0
2/19/2026 2:32:30 PM,0
2/19/2026 2:32:31 PM,0
2/19/2026 2:32:32 PM,0
2/19/2026 2:32:33 PM,0
2/19/2026 2:32:34 PM,0
2/19/2026 2:32:35 PM,0
2/19/2026 2:32:36 PM,0
2/19/2026 2:32:37 PM,
2/19/2026 2:32:38 PM,0
2/19/2026 2:32:39 PM,0
2/19/2026 2:32:40 PM,0
2/19/2026 2:32:41 PM,0
2/19/2026 2:32:42 PM,0
2/19/2026 2:32:43 PM,0
2/19/2026 2:32:44 PM,0
2/19/2026 2:32:45 PM,0
2/19/2026 2:32:46 PM,0
2/19/2026 2:32:47 PM,0
2/19/2026 2:32:48 PM,0
2/19/2026 2:32:49 PM,0
2/19/2026 2:32:50 PM,0
2/19/2026 2:32:51 PM,0
2/19/2026 2:32:52 PM,0
2/19/2026 2:32:53 PM,-0.979682814795524
2/19/2026 2:32:54 PM,-1.38792822835967
2/19/2026 2:32:55 PM,-1.61794462474063
2/19/2026 2:32:56 PM,-1.63411499233916
2/19/2026 2:32:57 PM,-1.35682172840461
2/19/2026 2:32:58 PM,-1.30824880907312
2/19/2026 2:32:59 PM,0
2/19/2026 2:33:00 PM,0
2/19/2026 2:33:01 PM,0
2/19/2026 2:33:02 PM,0
2/19/2026 2:33:03 PM,0
2/19/2026 2:33:04 PM,0
2/19/2026 2:33:05 PM,0
2/19/2026 2:33:06 PM,0
2/19/2026 2:33:07 PM,0
2/19/2026 2:33:08 PM,0
2/19/2026 2:33:09 PM,0
2/19/2026 2:33:10 PM,0
2/19/2026 2:33:11 PM,0
2/19/2026 2:33:12 PM,0
2/19/2026 2:33:13 PM,0
2/19/2026 2:33:14 PM,
2/19/2026 2:33:15 PM,0
2/19/2026 2:33:16 PM,0
2/19/2026 2:33:17 PM,0
2/19/2026 2:33:18 PM,0
2/19/2026 2:33:19 PM,0
2/19/2026 2:33:20 PM,0
2/19/2026 2:33:21 PM,0
2/19/2026 2:33:22 PM,0
2/19/2026 2:33:23 PM,0
2/19/2026 2:33:24 PM,0
2/19/2026 2:33:25 PM,0
2/19/2026 2:33:26 PM,
2/19/2026 2:33:27 PM,
2/19/2026 2:33:28 PM,0
2/19/2026 2:33:29 PM,
2/19/2026 2:33:30 PM,
2/19/2026 2:33:31 PM,
2/19/2026 2:33:32 PM,-0.953219051007181
2/19/2026 2:33:33 PM,-1.07740794774145
2/19/2026 2:33:34 PM,-1.06653274269775
2/19/2026 2:33:35 PM,
2/19/2026 2:33:36 PM,
2/19/2026 2:33:37 PM,-1.10207085963339
2/19/2026 2:33:38 PM,-0.943810259923339
2/19/2026 2:33:39 PM,-1.05229534674436
2/19/2026 2:33:40 PM,-0.872323103249073
2/19/2026 2:33:41 PM,-0.954330596141517
2/19/2026 2:33:42 PM,-1.02949573192745
2/19/2026 2:33:43 PM,0
2/19/2026 2:33:44 PM,
2/19/2026 2:33:45 PM,0
2/19/2026 2:33:46 PM,-0.837157404748723
2/19/2026 2:33:47 PM,-0.971319666132331
2/19/2026 2:33:48 PM,-0.971319666132331
2/19/2026 2:33:49 PM,-1.14785857731476
2/19/2026 2:33:50 PM,-1.14785857731476
2/19/2026 2:33:51 PM,-1.46055469522253
2/19/2026 2:33:52 PM,-1.31157872965559
2/19/2026 2:33:53 PM,-1.29040227038786
2/19/2026 2:33:54 PM,
2/19/2026 2:33:55 PM,
2/19/2026 2:33:56 PM,-1.08903689542785
2/19/2026 2:33:57 PM,
2/19/2026 2:33:58 PM,
2/19/2026 2:33:59 PM,-0.960483436938375
2/19/2026 2:34:00 PM,-1.02984913391992
2/19/2026 2:34:01 PM,-0.920992519240826
2/19/2026 2:34:02 PM,
2/19/2026 2:34:03 PM,
2/19/2026 2:34:04 PM,
2/19/2026 2:34:05 PM,0
2/19/2026 2:34:06 PM,0
2/19/2026 2:34:07 PM,0
2/19/2026 2:34:08 PM,0
2/19/2026 2:34:09 PM,
2/19/2026 2:34:10 PM,0
2/19/2026 2:34:11 PM,0
2/19/2026 2:34:12 PM,0
2/19/2026 2:34:13 PM,0
2/19/2026 2:34:14 PM,
2/19/2026 2:34:15 PM,0
2/19/2026 2:34:16 PM,
2/19/2026 2:34:17 PM,0
2/19/2026 2:34:18 PM,0
2/19/2026 2:34:19 PM,0
2/19/2026 2:34:20 PM,0.985768914688379
2/19/2026 2:34:21 PM,0.985768914688379
2/19/2026 2:34:22 PM,
2/19/2026 2:34:23 PM,1.09956980450079
2/19/2026 2:34:24 PM,0
2/19/2026 2:34:25 PM,
2/19/2026 2:34:26 PM,
2/19/2026 2:34:27 PM,0
2/19/2026 2:34:28 PM,0
2/19/2026 2:34:29 PM,
2/19/2026 2:34:30 PM,
2/19/2026 2:34:31 PM,-0.900009681936353
2/19/2026 2:34:32 PM,-1.21170961065218
2/19/2026 2:34:33 PM,-1.32055333815515
2/19/2026 2:34:34 PM,
2/19/2026 2:34:35 PM,
2/19/2026 2:34:36 PM,-1.95142356678843
2/19/2026 2:34:37 PM,
2/19/2026 2:34:38 PM,
2/19/2026 2:34:39 PM,
2/19/2026 2:34:40 PM,0
2/19/2026 2:34:41 PM,0
2/19/2026 2:34:42 PM,0
2/19/2026 2:34:43 PM,0
2/19/2026 2:34:44 PM,
2/19/2026 2:34:45 PM,
2/19/2026 2:34:46 PM,0
2/19/2026 2:34:47 PM,0
2/19/2026 2:34:48 PM,0
2/19/2026 2:34:49 PM,-1.40419540693983
2/19/2026 2:34:50 PM,-1.4287113212049
2/19/2026 2:34:51 PM,
2/19/2026 2:34:52 PM,-1.29774387460202
2/19/2026 2:34:53 PM,0
2/19/2026 2:34:54 PM,
2/19/2026 2:34:55 PM,0
2/19/2026 2:34:56 PM,
2/19/2026 2:34:57 PM,
2/19/2026 2:34:58 PM,0
2/19/2026 2:34:59 PM,0
2/19/2026 2:35:00 PM,0
2/19/2026 2:35:01 PM,0
2/19/2026 2:35:02 PM,
2/19/2026 2:35:03 PM,0
2/19/2026 2:35:04 PM,0
2/19/2026 2:35:05 PM,-1.19442507857457
2/19/2026 2:35:06 PM,-1.97082159575075
2/19/2026 2:35:07 PM,
2/19/2026 2:35:08 PM,
2/19/2026 2:35:09 PM,-2.42907993961126
2/19/2026 2:35:10 PM,-2.28510608430952
2/19/2026 2:35:11 PM,-2.32769390568137
2/19/2026 2:35:12 PM,
2/19/2026 2:35:13 PM,-2.60666501708329
2/19/2026 2:35:14 PM,-2.60666501708329
2/19/2026 2:35:15 PM,-2.74686450138688
2/19/2026 2:35:16 PM,-2.73076056037098
2/19/2026 2:35:17 PM,-2.98340998124331
2/19/2026 2:35:18 PM,
2/19/2026 2:35:19 PM,
2/19/2026 2:35:20 PM,
2/19/2026 2:35:21 PM,-2.57800791878253
2/19/2026 2:35:22 PM,
2/19/2026 2:35:23 PM,-1.99650395661592
2/19/2026 2:35:24 PM,-2.13349610567093
2/19/2026 2:35:25 PM,
2/19/2026 2:35:26 PM,
2/19/2026 2:35:27 PM,
2/19/2026 2:35:28 PM,
2/19/2026 2:35:29 PM,-1.73251717351377
2/19/2026 2:35:30 PM,-1.47984260693192
2/19/2026 2:35:31 PM,-1.31107874913141
2/19/2026 2:35:32 PM,
2/19/2026 2:35:33 PM,
2/19/2026 2:35:34 PM,-1.62462018197402
2/19/2026 2:35:35 PM,-1.62462018197402
2/19/2026 2:35:36 PM,
2/19/2026 2:35:37 PM,
2/19/2026 2:35:38 PM,
2/19/2026 2:35:39 PM,
2/19/2026 2:35:40 PM,
2/19/2026 2:35:41 PM,
2/19/2026 2:35:42 PM,
2/19/2026 2:35:43 PM,-2.61172705795616
2/19/2026 2:35:44 PM,-2.73879964370281
2/19/2026 2:35:45 PM,
2/19/2026 2:35:46 PM,-2.17892203945667
2/19/2026 2:35:47 PM,-2.72714586462826
2/19/2026 2:35:48 PM,-3.12603204511106
2/19/2026 2:35:49 PM,
2/19/2026 2:35:50 PM,
2/19/2026 2:35:51 PM,-3.23727708309889
2/19/2026 2:35:52 PM,
2/19/2026 2:35:53 PM,
2/19/2026 2:35:54 PM,-3.60076962970197
2/19/2026 2:35:55 PM,-3.3253149362281
2/19/2026 2:35:56 PM,-3.1658599153161
2/19/2026 2:35:57 PM,
2/19/2026 2:35:58 PM,-2.7075074845925
2/19/2026 2:35:59 PM,
2/19/2026 2:36:00 PM,
2/19/2026 2:36:01 PM,
2/19/2026 2:36:02 PM,-2.10650658700615
2/19/2026 2:36:03 PM,-1.20458436431363
2/19/2026 2:36:04 PM,-1.1076626367867
2/19/2026 2:36:05 PM,-1.05512402951717
2/19/2026 2:36:06 PM,-1.01715851342306
2/19/2026 2:36:07 PM,-0.930844608228654
2/19/2026 2:36:08 PM,
2/19/2026 2:36:09 PM,-0.824076920980588
2/19/2026 2:36:10 PM,-1.2477142852731
2/19/2026 2:36:11 PM,-2.19098443631083
2/19/2026 2:36:12 PM,
2/19/2026 2:36:13 PM,
2/19/2026 2:36:14 PM,-1.48034583544359
2/19/2026 2:36:15 PM,-1.25237085158005
2/19/2026 2:36:16 PM,
2/19/2026 2:36:17 PM,
2/19/2026 2:36:18 PM,
2/19/2026 2:36:19 PM,-0.940136157441884
2/19/2026 2:36:20 PM,
2/19/2026 2:36:21 PM,0
2/19/2026 2:36:22 PM,0
2/19/2026 2:36:23 PM,
2/19/2026 2:36:24 PM,
2/19/2026 2:36:25 PM,
2/19/2026 2:36:26 PM,
2/19/2026 2:36:27 PM,0
2/19/2026 2:36:28 PM,0
2/19/2026 2:36:29 PM,
2/19/2026 2:36:30 PM,
2/19/2026 2:36:31 PM,
2/19/2026 2:36:32 PM,0
2/19/2026 2:36:33 PM,0
2/19/2026 2:36:34 PM,
2/19/2026 2:36:35 PM,
2/19/2026 2:36:36 PM,
2/19/2026 2:36:37 PM,
2/19/2026 2:36:38 PM,0
2/19/2026 2:36:39 PM,0
2/19/2026 2:36:40 PM,
2/19/2026 2:36:41 PM,
2/19/2026 2:36:42 PM,
2/19/2026 2:36:43 PM,
2/19/2026 2:36:44 PM,
2/19/2026 2:36:45 PM,
2/19/2026 2:36:46 PM,
2/19/2026 2:36:47 PM,
2/19/2026 2:36:48 PM,
2/19/2026 2:36:49 PM,0
2/19/2026 2:36:50 PM,
2/19/2026 2:36:51 PM,
2/19/2026 2:36:52 PM,0
2/19/2026 2:36:53 PM,
2/19/2026 2:36:54 PM,0.830314104678109
2/19/2026 2:36:55 PM,
2/19/2026 2:36:56 PM,
2/19/2026 2:36:57 PM,
2/19/2026 2:36:58 PM,0
2/19/2026 2:36:59 PM,0
2/19/2026 2:37:00 PM,0
2/19/2026 2:37:01 PM,0
2/19/2026 2:37:02 PM,-0.99827628582716
2/19/2026 2:37:03 PM,
2/19/2026 2:37:04 PM,-0.947871396783739
2/19/2026 2:37:05 PM,
2/19/2026 2:37:06 PM,
2/19/2026 2:37:07 PM,
2/19/2026 2:37:08 PM,
2/19/2026 2:37:09 PM,
2/19/2026 2:37:10 PM,
2/19/2026 2:37:11 PM,
2/19/2026 2:37:12 PM,-1.12763189245015
2/19/2026 2:37:13 PM,
2/19/2026 2:37:14 PM,-1.48747045313939
2/19/2026 2:37:15 PM,
2/19/2026 2:37:16 PM,
2/19/2026 2:37:17 PM,
2/19/2026 2:37:18 PM,
2/19/2026 2:37:19 PM,
2/19/2026 2:37:20 PM,
2/19/2026 2:37:21 PM,
2/19/2026 2:37:22 PM,
2/19/2026 2:37:23 PM,
2/19/2026 2:37:24 PM,
2/19/2026 2:37:25 PM,
2/19/2026 2:37:26 PM,
2/19/2026 2:37:27 PM,
2/19/2026 2:37:28 PM,
2/19/2026 2:37:29 PM,
2/19/2026 2:37:30 PM,
2/19/2026 2:37:31 PM,-1.71114918775856
2/19/2026 2:37:32 PM,
2/19/2026 2:37:33 PM,-1.76064223051071
2/19/2026 2:37:34 PM,-1.97270312346518
2/19/2026 2:37:35 PM,-1.54478737385944
2/19/2026 2:37:36 PM,
2/19/2026 2:37:37 PM,-1.6201616381295
2/19/2026 2:37:38 PM,-1.84452140238136
2/19/2026 2:37:39 PM,-2.13109259493649
2/19/2026 2:37:40 PM,
2/19/2026 2:37:41 PM,-1.48521980736405
2/19/2026 2:37:42 PM,-1.44125672522932
2/19/2026 2:37:43 PM,
2/19/2026 2:37:44 PM,
2/19/2026 2:37:45 PM,
2/19/2026 2:37:46 PM,
2/19/2026 2:37:47 PM,-3.46661433577538
2/19/2026 2:37:48 PM,
2/19/2026 2:37:49 PM,-3.28330839984119
2/19/2026 2:37:50 PM,-3.90283497981727
2/19/2026 2:37:51 PM,-3.66997816599905
2/19/2026 2:37:52 PM,-2.73988405242562
2/19/2026 2:37:53 PM,-2.34092264436185
2/19/2026 2:37:54 PM,-3.15576998982579
2/19/2026 2:37:55 PM,-3.43435322865844
2/19/2026 2:37:56 PM,-2.46788500808179
2/19/2026 2:37:57 PM,0
2/19/2026 2:37:58 PM,0
2/19/2026 2:37:59 PM,0
2/19/2026 2:38:00 PM,0
2/19/2026 2:38:01 PM,0
2/19/2026 2:38:02 PM,0
2/19/2026 2:38:03 PM,0
2/19/2026 2:38:04 PM,
2/19/2026 2:38:05 PM,0
2/19/2026 2:38:06 PM,0
2/19/2026 2:38:07 PM,0
2/19/2026 2:38:08 PM,0
2/19/2026 2:38:09 PM,
2/19/2026 2:38:10 PM,0
2/19/2026 2:38:11 PM,0
2/19/2026 2:38:12 PM,
2/19/2026 2:38:13 PM,
2/19/2026 2:38:14 PM,0
2/19/2026 2:38:15 PM,-1.00983367301524
2/19/2026 2:38:16 PM,
2/19/2026 2:38:17 PM,-0.971454405225813
2/19/2026 2:38:18 PM,-1.00422429386526
2/19/2026 2:38:19 PM,-1.22872267384082
2/19/2026 2:38:20 PM,-1.31781895179302
2/19/2026 2:38:21 PM,-1.40189352678135
2/19/2026 2:38:22 PM,-1.40189352678135
2/19/2026 2:38:23 PM,-1.4384351670742
2/19/2026 2:38:24 PM,
2/19/2026 2:38:25 PM,
2/19/2026 2:38:26 PM,-1.42114309128374
2/19/2026 2:38:27 PM,-1.62049492355436
2/19/2026 2:38:28 PM,-1.34189795935526
2/19/2026 2:38:29 PM,-1.10127656953409
2/19/2026 2:38:30 PM,-0.975735357496887
2/19/2026 2:38:31 PM,-0.970636017154902
2/19/2026 2:38:32 PM,-0.899771531112492
2/19/2026 2:38:33 PM,0
2/19/2026 2:38:34 PM,
2/19/2026 2:38:35 PM,
2/19/2026 2:38:36 PM,0
2/19/2026 2:38:37 PM,0
2/19/2026 2:38:38 PM,-0.909430102910846
2/19/2026 2:38:39 PM,-1.00710274418816
2/19/2026 2:38:40 PM,
2/19/2026 2:38:41 PM,-1.08330535003915
2/19/2026 2:38:42 PM,-1.04058855213225
2/19/2026 2:38:43 PM,-1.04058855213225
2/19/2026 2:38:44 PM,-1.03216012939811
2/19/2026 2:38:45 PM,-1.20045596268028
2/19/2026 2:38:46 PM,-1.24301664764062
2/19/2026 2:38:47 PM,-1.07399797998369
2/19/2026 2:38:48 PM,-0.909538334235549
2/19/2026 2:38:49 PM,-0.821510015521199
2/19/2026 2:38:50 PM,0
2/19/2026 2:38:51 PM,0
2/19/2026 2:38:52 PM,
2/19/2026 2:38:53 PM,
2/19/2026 2:38:54 PM,0
2/19/2026 2:38:55 PM,0
2/19/2026 2:38:56 PM,
2/19/2026 2:38:57 PM,
2/19/2026 2:38:58 PM,
2/19/2026 2:38:59 PM,
2/19/2026 2:39:00 PM,0
2/19/2026 2:39:01 PM,
2/19/2026 2:39:02 PM,0
2/19/2026 2:39:03 PM,0
2/19/2026 2:39:04 PM,
2/19/2026 2:39:05 PM,
2/19/2026 2:39:06 PM,
2/19/2026 2:39:07 PM,
2/19/2026 2:39:08 PM,
2/19/2026 2:39:09 PM,
2/19/2026 2:39:10 PM,
2/19/2026 2:39:11 PM,
2/19/2026 2:39:12 PM,
2/19/2026 2:39:13 PM,0
2/19/2026 2:39:14 PM,0
2/19/2026 2:39:15 PM,-0.895188620779663
2/19/2026 2:39:16 PM,-0.895188620779663
2/19/2026 2:39:17 PM,
2/19/2026 2:39:18 PM,
2/19/2026 2:39:19 PM,
2/19/2026 2:39:20 PM,
2/19/2026 2:39:21 PM,
2/19/2026 2:39:22 PM,
2/19/2026 2:39:23 PM,
2/19/2026 2:39:24 PM,-0.979437539353967
2/19/2026 2:39:25 PM,-0.943371991161257
2/19/2026 2:39:26 PM,-0.843364727916196
2/19/2026 2:39:27 PM,-0.843364727916196
2/19/2026 2:39:28 PM,
2/19/2026 2:39:29 PM,
2/19/2026 2:39:30 PM,
2/19/2026 2:39:31 PM,
2/19/2026 2:39:32 PM,
2/19/2026 2:39:33 PM,
2/19/2026 2:39:34 PM,
2/19/2026 2:39:35 PM,-0.846836459822953
2/19/2026 2:39:36 PM,-1.1715654283762
2/19/2026 2:39:37 PM,-0.93540761154145
2/19/2026 2:39:38 PM,0
2/19/2026 2:39:39 PM,0
2/19/2026 2:39:40 PM,
2/19/2026 2:39:41 PM,0
2/19/2026 2:39:42 PM,-0.895814958494157
2/19/2026 2:39:43 PM,-0.88047586614266
2/19/2026 2:39:44 PM,
2/19/2026 2:39:45 PM,
2/19/2026 2:39:46 PM,
2/19/2026 2:39:47 PM,
2/19/2026 2:39:48 PM,
2/19/2026 2:39:49 PM,0
2/19/2026 2:39:50 PM,0
2/19/2026 2:39:51 PM,0
2/19/2026 2:39:52 PM,-1.56590233091265
2/19/2026 2:39:53 PM,
2/19/2026 2:39:54 PM,-1.98461296968162
2/19/2026 2:39:55 PM,
2/19/2026 2:39:56 PM,
2/19/2026 2:39:57 PM,
2/19/2026 2:39:58 PM,
2/19/2026 2:39:59 PM,
2/19/2026 2:40:00 PM,-2.24270832259208
2/19/2026 2:40:01 PM,
2/19/2026 2:40:02 PM,
2/19/2026 2:40:03 PM,
2/19/2026 2:40:04 PM,
2/19/2026 2:40:05 PM,
2/19/2026 2:40:06 PM,
2/19/2026 2:40:07 PM,
2/19/2026 2:40:08 PM,-1.96524281054735
2/19/2026 2:40:09 PM,-2.00293643865734
2/19/2026 2:40:10 PM,
2/19/2026 2:40:11 PM,-1.6640248708427
2/19/2026 2:40:12 PM,-1.39500171644613
2/19/2026 2:40:13 PM,-1.68856173986569
2/19/2026 2:40:14 PM,-1.42118227668107
2/19/2026 2:40:15 PM,
2/19/2026 2:40:16 PM,-1.48945308756083
2/19/2026 2:40:17 PM,-1.48945308756083
2/19/2026 2:40:18 PM,
2/19/2026 2:40:19 PM,-1.60399242304265
2/19/2026 2:40:20 PM,-1.60399242304265
2/19/2026 2:40:21 PM,
2/19/2026 2:40:22 PM,-1.62856229580939
2/19/2026 2:40:23 PM,
2/19/2026 2:40:24 PM,
2/19/2026 2:40:25 PM,
2/19/2026 2:40:26 PM,-1.90182281658053
2/19/2026 2:40:27 PM,
2/19/2026 2:40:28 PM,-1.93327402230352
2/19/2026 2:40:29 PM,
2/19/2026 2:40:30 PM,
2/19/2026 2:40:31 PM,-1.99931252282113
2/19/2026 2:40:32 PM,-2.19660995062441
2/19/2026 2:40:33 PM,-1.8988981610164
2/19/2026 2:40:34 PM,-1.52536901878193
2/19/2026 2:40:35 PM,-1.07584220822901
2/19/2026 2:40:36 PM,-1.35822182055563
2/19/2026 2:40:37 PM,-1.35822182055563
2/19/2026 2:40:38 PM,-1.14833938423544
2/19/2026 2:40:39 PM,
2/19/2026 2:40:40 PM,-1.02112923050299
2/19/2026 2:40:41 PM,-1.03959162952378
2/19/2026 2:40:42 PM,-1.46385967964306
2/19/2026 2:40:43 PM,
2/19/2026 2:40:44 PM,-1.60168404690921
2/19/2026 2:40:45 PM,
2/19/2026 2:40:46 PM,
2/19/2026 2:40:47 PM,
2/19/2026 2:40:48 PM,
2/19/2026 2:40:49 PM,-1.67097084922716
2/19/2026 2:40:50 PM,
2/19/2026 2:40:51 PM,
2/19/2026 2:40:52 PM,
2/19/2026 2:40:53 PM,
2/19/2026 2:40:54 PM,-1.65873201331124
2/19/2026 2:40:55 PM,-1.6112249577418
2/19/2026 2:40:56 PM,
2/19/2026 2:40:57 PM,
2/19/2026 2:40:58 PM,-1.43375471234322
2/19/2026 2:40:59 PM,-1.40012484043837
2/19/2026 2:41:00 PM,
2/19/2026 2:41:01 PM,
2/19/2026 2:41:02 PM,
2/19/2026 2:41:03 PM,
2/19/2026 2:41:04 PM,-1.28547549247742
2/19/2026 2:41:05 PM,-1.06062758713961
2/19/2026 2:41:06 PM,-1.00651024840772
2/19/2026 2:41:07 PM,
2/19/2026 2:41:08 PM,
2/19/2026 2:41:09 PM,
2/19/2026 2:41:10 PM,
2/19/2026 2:41:11 PM,-0.814655085559934
2/19/2026 2:41:12 PM,-0.814655085559934
2/19/2026 2:41:13 PM,0
2/19/2026 2:41:14 PM,0
2/19/2026 2:41:15 PM,
2/19/2026 2:41:16 PM,
2/19/2026 2:41:17 PM,0
2/19/2026 2:41:18 PM,0
2/19/2026 2:41:19 PM,0
2/19/2026 2:41:20 PM,0
2/19/2026 2:41:21 PM,
2/19/2026 2:41:22 PM,0
2/19/2026 2:41:23 PM,0
2/19/2026 2:41:24 PM,0
2/19/2026 2:41:25 PM,0
2/19/2026 2:41:26 PM,0
2/19/2026 2:41:27 PM,0
2/19/2026 2:41:28 PM,0
2/19/2026 2:41:29 PM,0
2/19/2026 2:41:30 PM,0
2/19/2026 2:41:31 PM,0
2/19/2026 2:41:32 PM,0
2/19/2026 2:41:33 PM,0
2/19/2026 2:41:34 PM,0
2/19/2026 2:41:35 PM,0
2/19/2026 2:41:36 PM,0
2/19/2026 2:41:37 PM,0
2/19/2026 2:41:38 PM,0
2/19/2026 2:41:39 PM,0
2/19/2026 2:41:40 PM,0
2/19/2026 2:41:41 PM,0
2/19/2026 2:41:42 PM,0
2/19/2026 2:41:43 PM,0
2/19/2026 2:41:44 PM,0
2/19/2026 2:41:45 PM,0
2/19/2026 2:41:46 PM,0
2/19/2026 2:41:47 PM,0
2/19/2026 2:41:48 PM,
2/19/2026 2:41:49 PM,0
2/19/2026 2:41:50 PM,0
2/19/2026 2:41:51 PM,0
2/19/2026 2:41:52 PM,0
2/19/2026 2:41:53 PM,0
2/19/2026 2:41:54 PM,0
2/19/2026 2:41:55 PM,
2/19/2026 2:41:56 PM,0
2/19/2026 2:41:57 PM,0
2/19/2026 2:41:58 PM,0
2/19/2026 2:41:59 PM,-0.828143715625629
2/19/2026 2:42:00 PM,-0.930311204865575
2/19/2026 2:42:01 PM,
2/19/2026 2:42:02 PM,
2/19/2026 2:42:03 PM,0
2/19/2026 2:42:04 PM,0
2/19/2026 2:42:05 PM,0
2/19/2026 2:42:06 PM,
2/19/2026 2:42:07 PM,0
2/19/2026 2:42:08 PM,
2/19/2026 2:42:09 PM,0
2/19/2026 2:42:10 PM,0
2/19/2026 2:42:11 PM,-1.15117791574448
2/19/2026 2:42:12 PM,-1.15117791574448
2/19/2026 2:42:13 PM,-1.38594035524875
2/19/2026 2:42:14 PM,
2/19/2026 2:42:15 PM,-1.68327516876161
2/19/2026 2:42:16 PM,-1.68327516876161
2/19/2026 2:42:17 PM,-1.98739995248616
2/19/2026 2:42:18 PM,-1.98739995248616
2/19/2026 2:42:19 PM,-2.0676409592852
2/19/2026 2:42:20 PM,-2.04035053029656
2/19/2026 2:42:21 PM,-2.06193623598665
2/19/2026 2:42:22 PM,-2.11795542854816
2/19/2026 2:42:23 PM,-2.49885404482484
2/19/2026 2:42:24 PM,-2.94834889937192
2/19/2026 2:42:25 PM,-2.7194764232263
2/19/2026 2:42:26 PM,-2.74948405567557
2/19/2026 2:42:27 PM,-2.60948406066746
2/19/2026 2:42:28 PM,
2/19/2026 2:42:29 PM,
2/19/2026 2:42:30 PM,-2.4717457126826
2/19/2026 2:42:31 PM,-2.4717457126826
2/19/2026 2:42:32 PM,-2.25600160192698
2/19/2026 2:42:33 PM,-2.23626641090959
2/19/2026 2:42:34 PM,-2.23626641090959
2/19/2026 2:42:35 PM,-2.21073995344341
2/19/2026 2:42:36 PM,-1.85732454992831
2/19/2026 2:42:37 PM,-1.67949147289619
2/19/2026 2:42:38 PM,-1.58633259125054
2/19/2026 2:42:39 PM,-1.42336691496894
2/19/2026 2:42:40 PM,-1.12326240632683
2/19/2026 2:42:41 PM,-1.32842583116144
2/19/2026 2:42:42 PM,-1.23298361431807
2/19/2026 2:42:43 PM,-1.30966943688691
2/19/2026 2:42:44 PM,
2/19/2026 2:42:45 PM,-1.36143187992275
2/19/2026 2:42:46 PM,-1.14915337180719
2/19/2026 2:42:47 PM,
2/19/2026 2:42:48 PM,-1.02243209257722
2/19/2026 2:42:49 PM,-0.985480472445488
2/19/2026 2:42:50 PM,0
2/19/2026 2:42:51 PM,0
2/19/2026 2:42:52 PM,0
2/19/2026 2:42:53 PM,-1.11890203552321
2/19/2026 2:42:54 PM,-1.27058451762423
2/19/2026 2:42:55 PM,-1.27693611430004
2/19/2026 2:42:56 PM,-1.69239352690056
2/19/2026 2:42:57 PM,-1.71204867074266
2/19/2026 2:42:58 PM,-1.77671243436635
2/19/2026 2:42:59 PM,-1.96233261376619
2/19/2026 2:43:00 PM,-2.06776480190456
2/19/2026 2:43:01 PM,-2.0886994432658
2/19/2026 2:43:02 PM,-2.12001192849129
2/19/2026 2:43:03 PM,-1.75938431639224
2/19/2026 2:43:04 PM,
2/19/2026 2:43:05 PM,-1.79641221184283
2/19/2026 2:43:06 PM,-1.42766882199794
2/19/2026 2:43:07 PM,-1.5140509349294
2/19/2026 2:43:08 PM,-1.46546533796936
2/19/2026 2:43:09 PM,-1.54474169248715
2/19/2026 2:43:10 PM,
2/19/2026 2:43:11 PM,-1.43504824955016
2/19/2026 2:43:12 PM,-1.47965170908719
2/19/2026 2:43:13 PM,-1.37072898214683
2/19/2026 2:43:14 PM,-1.86542104929686
2/19/2026 2:43:15 PM,-1.96716750506312
2/19/2026 2:43:16 PM,-2.21793246455491
2/19/2026 2:43:17 PM,-2.50507132150233
2/19/2026 2:43:18 PM,
2/19/2026 2:43:19 PM,-2.46228631585836
2/19/2026 2:43:20 PM,-2.53010429441929
2/19/2026 2:43:21 PM,-2.68612566869706
2/19/2026 2:43:22 PM,-2.66163228079677
2/19/2026 2:43:23 PM,-2.8473346028477
2/19/2026 2:43:24 PM,-2.53202626481652
2/19/2026 2:43:25 PM,-2.53202626481652
2/19/2026 2:43:26 PM,-2.34441810753196
2/19/2026 2:43:27 PM,-2.2767290007323
2/19/2026 2:43:28 PM,-2.2767290007323
2/19/2026 2:43:29 PM,-2.30279902461916
2/19/2026 2:43:30 PM,
2/19/2026 2:43:31 PM,-2.07862879615277
2/19/2026 2:43:32 PM,
2/19/2026 2:43:33 PM,-2.09717501420528
2/19/2026 2:43:34 PM,-2.16918226797134
2/19/2026 2:43:35 PM,
2/19/2026 2:43:36 PM,-2.26512593217194
2/19/2026 2:43:37 PM,-2.77795759029686
2/19/2026 2:43:38 PM,-2.68767380621284
2/19/2026 2:43:39 PM,-2.73989117704332
2/19/2026 2:43:40 PM,-2.63839261606336
2/19/2026 2:43:41 PM,-2.675741747953
2/19/2026 2:43:42 PM,-2.50261919572949
2/19/2026 2:43:43 PM,-2.46522354427725
2/19/2026 2:43:44 PM,-2.324199071154
2/19/2026 2:43:45 PM,-2.66523608006537
2/19/2026 2:43:46 PM,-2.58046360686421
2/19/2026 2:43:47 PM,-2.34622419811785
2/19/2026 2:43:48 PM,-2.04367605037987
2/19/2026 2:43:49 PM,-1.85907029081136
2/19/2026 2:43:50 PM,-1.72864567721263
2/19/2026 2:43:51 PM,-1.78363588638604
2/19/2026 2:43:52 PM,
2/19/2026 2:43:53 PM,
2/19/2026 2:43:54 PM,
2/19/2026 2:43:55 PM,
2/19/2026 2:43:56 PM,
2/19/2026 2:43:57 PM,
2/19/2026 2:43:58 PM,
2/19/2026 2:43:59 PM,
2/19/2026 2:44:00 PM,-1.779376831837
2/19/2026 2:44:01 PM,
2/19/2026 2:44:02 PM,
2/19/2026 2:44:03 PM,-1.74303761450574
2/19/2026 2:44:04 PM,-1.74303761450574
2/19/2026 2:44:05 PM,
2/19/2026 2:44:06 PM,
2/19/2026 2:44:07 PM,
2/19/2026 2:44:08 PM,-1.80782543029636
2/19/2026 2:44:09 PM,-1.97232405189425
2/19/2026 2:44:10 PM,-1.97232405189425
2/19/2026 2:44:11 PM,-1.97489394340664
2/19/2026 2:44:12 PM,
2/19/2026 2:44:13 PM,
2/19/2026 2:44:14 PM,-2.10439790971577
2/19/2026 2:44:15 PM,-2.10439790971577
2/19/2026 2:44:16 PM,
2/19/2026 2:44:17 PM,
2/19/2026 2:44:18 PM,-2.63425342272967
2/19/2026 2:44:19 PM,
2/19/2026 2:44:20 PM,-3.2641083933413
2/19/2026 2:44:21 PM,-3.27318850904703
2/19/2026 2:44:22 PM,
2/19/2026 2:44:23 PM,
2/19/2026 2:44:24 PM,-3.69184529408813
2/19/2026 2:44:25 PM,
2/19/2026 2:44:26 PM,
2/19/2026 2:44:27 PM,
2/19/2026 2:44:28 PM,
2/19/2026 2:44:29 PM,
2/19/2026 2:44:30 PM,-3.19025439675897
2/19/2026 2:44:31 PM,
2/19/2026 2:44:32 PM,
2/19/2026 2:44:33 PM,
2/19/2026 2:44:34 PM,-2.70818830467761
2/19/2026 2:44:35 PM,-2.92723090387881
2/19/2026 2:44:36 PM,-2.92723090387881
2/19/2026 2:44:37 PM,
2/19/2026 2:44:38 PM,
2/19/2026 2:44:39 PM,
2/19/2026 2:44:40 PM,
2/19/2026 2:44:41 PM,
2/19/2026 2:44:42 PM,
2/19/2026 2:44:43 PM,
2/19/2026 2:44:44 PM,
2/19/2026 2:44:45 PM,-3.66324875503778
2/19/2026 2:44:46 PM,
2/19/2026 2:44:47 PM,
2/19/2026 2:44:48 PM,
2/19/2026 2:44:49 PM,
2/19/2026 2:44:50 PM,-3.67229282855988
2/19/2026 2:44:51 PM,-3.67229282855988
2/19/2026 2:44:52 PM,
2/19/2026 2:44:53 PM,-3.19239282980561
2/19/2026 2:44:54 PM,-2.84851749893278
2/19/2026 2:44:55 PM,-2.78076112736017
2/19/2026 2:44:56 PM,
2/19/2026 2:44:57 PM,
2/19/2026 2:44:58 PM,
2/19/2026 2:44:59 PM,
2/19/2026 2:45:00 PM,-2.98804768826813
2/19/2026 2:45:01 PM,
2/19/2026 2:45:02 PM,
2/19/2026 2:45:03 PM,
2/19/2026 2:45:04 PM,-3.15509252250195
2/19/2026 2:45:05 PM,-3.22796604596078
2/19/2026 2:45:06 PM,-3.09916657861322
2/19/2026 2:45:07 PM,-3.15959213767201
2/19/2026 2:45:08 PM,
2/19/2026 2:45:09 PM,
2/19/2026 2:45:10 PM,-3.30659374594688
2/19/2026 2:45:11 PM,-3.17123041022569
2/19/2026 2:45:12 PM,-2.04456096980721
2/19/2026 2:45:13 PM,
2/19/2026 2:45:14 PM,-1.59407495521009
2/19/2026 2:45:15 PM,
2/19/2026 2:45:16 PM,-1.41260119853541
2/19/2026 2:45:17 PM,-1.33023464586586
2/19/2026 2:45:18 PM,
2/19/2026 2:45:19 PM,
2/19/2026 2:45:20 PM,
2/19/2026 2:45:21 PM,-1.06412902241573
2/19/2026 2:45:22 PM,0
2/19/2026 2:45:23 PM,
2/19/2026 2:45:24 PM,
2/19/2026 2:45:25 PM,-1.03247466031462
2/19/2026 2:45:26 PM,
2/19/2026 2:45:27 PM,
2/19/2026 2:45:28 PM,
2/19/2026 2:45:29 PM,
2/19/2026 2:45:30 PM,
2/19/2026 2:45:31 PM,
2/19/2026 2:45:32 PM,-2.16535446234047
2/19/2026 2:45:33 PM,
2/19/2026 2:45:34 PM,
2/19/2026 2:45:35 PM,
2/19/2026 2:45:36 PM,
2/19/2026 2:45:37 PM,-2.35277737956494
2/19/2026 2:45:38 PM,-2.03790511004627
2/19/2026 2:45:39 PM,
2/19/2026 2:45:40 PM,-1.60946234827861
2/19/2026 2:45:41 PM,-1.08075148891658
2/19/2026 2:45:42 PM,-1.56493652611971
2/19/2026 2:45:43 PM,-1.48097112542018
2/19/2026 2:45:44 PM,-2.05871716607362
2/19/2026 2:45:45 PM,-2.23761317320168
2/19/2026 2:45:46 PM,-1.81390147190541
2/19/2026 2:45:47 PM,
2/19/2026 2:45:48 PM,
2/19/2026 2:45:49 PM,
2/19/2026 2:45:50 PM,
2/19/2026 2:45:51 PM,0
2/19/2026 2:45:52 PM,
2/19/2026 2:45:53 PM,
2/19/2026 2:45:54 PM,
2/19/2026 2:45:55 PM,
2/19/2026 2:45:56 PM,
2/19/2026 2:45:57 PM,
2/19/2026 2:45:58 PM,-0.979540427215397
2/19/2026 2:45:59 PM,-0.979540427215397
2/19/2026 2:46:00 PM,-0.836647051619366
2/19/2026 2:46:01 PM,
2/19/2026 2:46:02 PM,
2/19/2026 2:46:03 PM,
2/19/2026 2:46:04 PM,
2/19/2026 2:46:05 PM,-0.852568214759231
2/19/2026 2:46:06 PM,
2/19/2026 2:46:07 PM,
2/19/2026 2:46:08 PM,
2/19/2026 2:46:09 PM,
2/19/2026 2:46:10 PM,
2/19/2026 2:46:11 PM,
2/19/2026 2:46:12 PM,
2/19/2026 2:46:13 PM,
2/19/2026 2:46:14 PM,
2/19/2026 2:46:15 PM,
2/19/2026 2:46:16 PM,50.86310505867
2/19/2026 2:46:17 PM,33.9912828058004
2/19/2026 2:46:18 PM,33.9912828058004
2/19/2026 2:46:19 PM,11.0975593328476
2/19/2026 2:46:20 PM,
2/19/2026 2:46:21 PM,0
2/19/2026 2:46:22 PM,
2/19/2026 2:46:23 PM,
2/19/2026 2:46:24 PM,
2/19/2026 2:46:25 PM,0
2/19/2026 2:46:26 PM,0
2/19/2026 2:46:27 PM,0
2/19/2026 2:46:28 PM,
2/19/2026 2:46:29 PM,0
2/19/2026 2:46:30 PM,0
2/19/2026 2:46:31 PM,
2/19/2026 2:46:32 PM,
2/19/2026 2:46:33 PM,0
2/19/2026 2:46:34 PM,
2/19/2026 2:46:35 PM,
2/19/2026 2:46:36 PM,
2/19/2026 2:46:37 PM,
2/19/2026 2:46:38 PM,
2/19/2026 2:46:39 PM,0
2/19/2026 2:46:40 PM,0
2/19/2026 2:46:41 PM,0
2/19/2026 2:46:42 PM,-1.19044011225924
2/19/2026 2:46:43 PM,-1.09599136048928
2/19/2026 2:46:44 PM,-1.46522854920477
2/19/2026 2:46:45 PM,-2.23951544612646
2/19/2026 2:46:46 PM,-2.52734727691859
2/19/2026 2:46:47 PM,-2.21899319440126
2/19/2026 2:46:48 PM,
2/19/2026 2:46:49 PM,
2/19/2026 2:46:50 PM,
2/19/2026 2:46:51 PM,-1.7658467637375
2/19/2026 2:46:52 PM,
2/19/2026 2:46:53 PM,
2/19/2026 2:46:54 PM,
2/19/2026 2:46:55 PM,-1.98106826283038
2/19/2026 2:46:56 PM,
2/19/2026 2:46:57 PM,
2/19/2026 2:46:58 PM,
2/19/2026 2:46:59 PM,
2/19/2026 2:47:00 PM,
2/19/2026 2:47:01 PM,
2/19/2026 2:47:02 PM,
2/19/2026 2:47:03 PM,-0.979702407494187
2/19/2026 2:47:04 PM,0
2/19/2026 2:47:05 PM,0
2/19/2026 2:47:06 PM,
2/19/2026 2:47:07 PM,
2/19/2026 2:47:08 PM,0
2/19/2026 2:47:09 PM,0
2/19/2026 2:47:10 PM,
2/19/2026 2:47:11 PM,-0.996893271803856
2/19/2026 2:47:12 PM,
2/19/2026 2:47:13 PM,-1.42724008765072
2/19/2026 2:47:14 PM,-1.67857197811827
2/19/2026 2:47:15 PM,-1.83759774081409
2/19/2026 2:47:16 PM,
2/19/2026 2:47:17 PM,
2/19/2026 2:47:18 PM,
2/19/2026 2:47:19 PM,
2/19/2026 2:47:20 PM,
2/19/2026 2:47:21 PM,
2/19/2026 2:47:22 PM,
2/19/2026 2:47:23 PM,-2.25249042268842
2/19/2026 2:47:24 PM,-2.624138770625
2/19/2026 2:47:25 PM,-2.57594827562571
2/19/2026 2:47:26 PM,
2/19/2026 2:47:27 PM,-2.55909331608564
2/19/2026 2:47:28 PM,
2/19/2026 2:47:29 PM,
2/19/2026 2:47:30 PM,-2.54088656511158
2/19/2026 2:47:31 PM,
2/19/2026 2:47:32 PM,
2/19/2026 2:47:33 PM,
2/19/2026 2:47:34 PM,
2/19/2026 2:47:35 PM,
2/19/2026 2:47:36 PM,
2/19/2026 2:47:37 PM,
2/19/2026 2:47:38 PM,
2/19/2026 2:47:39 PM,
2/19/2026 2:47:40 PM,
2/19/2026 2:47:41 PM,-2.12237373925745
2/19/2026 2:47:42 PM,
