Date,A Mass flow rate [kg/h]
11/22/2025 12:31:37 AM,
11/22/2025 12:31:47 AM,
11/22/2025 12:31:57 AM,
11/22/2025 12:32:07 AM,
11/22/2025 12:32:17 AM,
11/22/2025 12:32:27 AM,
11/22/2025 12:32:37 AM,
11/22/2025 12:32:47 AM,
11/22/2025 12:32:57 AM,
11/22/2025 12:33:07 AM,
11/22/2025 12:33:17 AM,
11/22/2025 12:33:27 AM,
11/22/2025 12:33:37 AM,
11/22/2025 12:33:47 AM,
11/22/2025 12:33:57 AM,
11/22/2025 12:34:07 AM,
11/22/2025 12:34:17 AM,
11/22/2025 12:34:27 AM,
11/22/2025 12:34:37 AM,
11/22/2025 12:34:47 AM,
11/22/2025 12:34:57 AM,
11/22/2025 12:35:07 AM,
11/22/2025 12:35:17 AM,
11/22/2025 12:35:27 AM,
11/22/2025 12:35:37 AM,
11/22/2025 12:35:47 AM,
11/22/2025 12:35:57 AM,
11/22/2025 12:36:07 AM,
11/22/2025 12:36:17 AM,
11/22/2025 12:36:27 AM,
11/22/2025 12:36:37 AM,
11/22/2025 12:36:47 AM,
11/22/2025 12:36:57 AM,
11/22/2025 12:37:07 AM,
11/22/2025 12:37:17 AM,
11/22/2025 12:37:27 AM,
11/22/2025 12:37:37 AM,
11/22/2025 12:37:47 AM,
11/22/2025 12:37:57 AM,
11/22/2025 12:38:07 AM,
11/22/2025 12:38:17 AM,
11/22/2025 12:38:27 AM,
11/22/2025 12:38:37 AM,
11/22/2025 12:38:47 AM,
11/22/2025 12:38:57 AM,
11/22/2025 12:39:07 AM,
11/22/2025 12:39:17 AM,
11/22/2025 12:39:27 AM,
11/22/2025 12:39:37 AM,
11/22/2025 12:39:47 AM,
11/22/2025 12:39:57 AM,
11/22/2025 12:40:07 AM,
11/22/2025 12:40:17 AM,
11/22/2025 12:40:27 AM,
11/22/2025 12:40:37 AM,
11/22/2025 12:40:47 AM,
11/22/2025 12:40:57 AM,
11/22/2025 12:41:07 AM,
11/22/2025 12:41:17 AM,
11/22/2025 12:41:27 AM,
11/22/2025 12:41:37 AM,
11/22/2025 12:41:47 AM,
11/22/2025 12:41:57 AM,
11/22/2025 12:42:07 AM,
11/22/2025 12:42:17 AM,
11/22/2025 12:42:27 AM,
11/22/2025 12:42:37 AM,
11/22/2025 12:42:47 AM,
11/22/2025 12:42:57 AM,
11/22/2025 12:43:07 AM,
11/22/2025 12:43:17 AM,
11/22/2025 12:43:27 AM,
11/22/2025 12:43:37 AM,
11/22/2025 12:43:47 AM,
11/22/2025 12:43:57 AM,
11/22/2025 12:44:07 AM,
11/22/2025 12:44:17 AM,
11/22/2025 12:44:27 AM,
11/22/2025 12:44:37 AM,
11/22/2025 12:44:47 AM,
11/22/2025 12:44:57 AM,735.68406701088
11/22/2025 12:45:07 AM,
11/22/2025 12:45:17 AM,
11/22/2025 12:45:27 AM,723.149889707565
11/22/2025 12:45:37 AM,
11/22/2025 12:45:47 AM,713.931351900101
11/22/2025 12:45:57 AM,725.688761472702
11/22/2025 12:46:07 AM,748.482173681259
11/22/2025 12:46:17 AM,725.804042816162
11/22/2025 12:46:27 AM,724.628698825836
11/22/2025 12:46:37 AM,723.716855049133
11/22/2025 12:46:47 AM,
11/22/2025 12:46:57 AM,
11/22/2025 12:47:07 AM,
11/22/2025 12:47:17 AM,704.281568527222
11/22/2025 12:47:27 AM,
11/22/2025 12:47:37 AM,706.427764892578
11/22/2025 12:47:47 AM,
11/22/2025 12:47:57 AM,711.09647154808
11/22/2025 12:48:07 AM,707.449525594711
11/22/2025 12:48:17 AM,708.757263422012
11/22/2025 12:48:27 AM,719.374305009842
11/22/2025 12:48:37 AM,
11/22/2025 12:48:47 AM,738.730895519257
11/22/2025 12:48:57 AM,
11/22/2025 12:49:07 AM,719.367974996567
11/22/2025 12:49:17 AM,
11/22/2025 12:49:27 AM,
11/22/2025 12:49:37 AM,714.010852575302
11/22/2025 12:49:47 AM,
11/22/2025 12:49:57 AM,
11/22/2025 12:50:07 AM,
11/22/2025 12:50:17 AM,
11/22/2025 12:50:27 AM,
11/22/2025 12:50:37 AM,
11/22/2025 12:50:47 AM,
11/22/2025 12:50:57 AM,
11/22/2025 12:51:07 AM,
11/22/2025 12:51:17 AM,
11/22/2025 12:51:27 AM,
11/22/2025 12:51:37 AM,
11/22/2025 12:51:47 AM,
11/22/2025 12:51:57 AM,
11/22/2025 12:52:07 AM,
11/22/2025 12:52:17 AM,
11/22/2025 12:52:27 AM,
11/22/2025 12:52:37 AM,
11/22/2025 12:52:47 AM,
11/22/2025 12:52:57 AM,
11/22/2025 12:53:07 AM,
11/22/2025 12:53:17 AM,
11/22/2025 12:53:27 AM,
11/22/2025 12:53:37 AM,
11/22/2025 12:53:47 AM,
11/22/2025 12:53:57 AM,712.928420305252
11/22/2025 12:54:07 AM,
11/22/2025 12:54:17 AM,
11/22/2025 12:54:27 AM,708.283585309982
11/22/2025 12:54:37 AM,
11/22/2025 12:54:47 AM,
11/22/2025 12:54:57 AM,
11/22/2025 12:55:07 AM,
11/22/2025 12:55:17 AM,717.771363258362
11/22/2025 12:55:27 AM,711.422950029373
11/22/2025 12:55:37 AM,708.106184005737
11/22/2025 12:55:47 AM,715.881317853928
11/22/2025 12:55:57 AM,718.827563524246
11/22/2025 12:56:07 AM,707.248628139496
11/22/2025 12:56:17 AM,705.000561475754
11/22/2025 12:56:27 AM,710.482728481293
11/22/2025 12:56:37 AM,
11/22/2025 12:56:47 AM,
11/22/2025 12:56:57 AM,715.823596715927
11/22/2025 12:57:07 AM,
11/22/2025 12:57:17 AM,
11/22/2025 12:57:27 AM,
11/22/2025 12:57:37 AM,712.534189224243
11/22/2025 12:57:47 AM,
11/22/2025 12:57:57 AM,
11/22/2025 12:58:07 AM,
11/22/2025 12:58:17 AM,
11/22/2025 12:58:27 AM,
11/22/2025 12:58:37 AM,701.050740480423
11/22/2025 12:58:47 AM,
11/22/2025 12:58:57 AM,
11/22/2025 12:59:07 AM,978.904473781586
11/22/2025 12:59:17 AM,
11/22/2025 12:59:27 AM,
11/22/2025 12:59:37 AM,
11/22/2025 12:59:47 AM,
11/22/2025 12:59:57 AM,898.086887598038
11/22/2025 1:00:07 AM,
11/22/2025 1:00:17 AM,
11/22/2025 1:00:27 AM,
11/22/2025 1:00:37 AM,
11/22/2025 1:00:47 AM,
11/22/2025 1:00:57 AM,
11/22/2025 1:01:07 AM,
11/22/2025 1:01:17 AM,
11/22/2025 1:01:27 AM,
11/22/2025 1:01:37 AM,
11/22/2025 1:01:47 AM,
11/22/2025 1:01:57 AM,
11/22/2025 1:02:07 AM,
11/22/2025 1:02:17 AM,
11/22/2025 1:02:27 AM,
11/22/2025 1:02:37 AM,
11/22/2025 1:02:47 AM,
11/22/2025 1:02:57 AM,
11/22/2025 1:03:07 AM,
11/22/2025 1:03:17 AM,714.089548587799
11/22/2025 1:03:27 AM,714.395105838776
11/22/2025 1:03:37 AM,
11/22/2025 1:03:47 AM,
11/22/2025 1:03:57 AM,
11/22/2025 1:04:07 AM,
11/22/2025 1:04:17 AM,
11/22/2025 1:04:27 AM,
11/22/2025 1:04:37 AM,
11/22/2025 1:04:47 AM,
11/22/2025 1:04:57 AM,
11/22/2025 1:05:07 AM,
11/22/2025 1:05:17 AM,
11/22/2025 1:05:27 AM,
11/22/2025 1:05:37 AM,
11/22/2025 1:05:47 AM,
11/22/2025 1:05:57 AM,1200.95533132553
11/22/2025 1:06:07 AM,1205.7003736496
11/22/2025 1:06:17 AM,
11/22/2025 1:06:27 AM,
11/22/2025 1:06:37 AM,
11/22/2025 1:06:47 AM,
11/22/2025 1:06:57 AM,
11/22/2025 1:07:07 AM,
11/22/2025 1:07:17 AM,
11/22/2025 1:07:27 AM,1200.67777633667
11/22/2025 1:07:37 AM,
11/22/2025 1:07:47 AM,
11/22/2025 1:07:57 AM,
11/22/2025 1:08:07 AM,
11/22/2025 1:08:17 AM,
11/22/2025 1:08:27 AM,1047.01541662216
11/22/2025 1:08:37 AM,600.258851051331
11/22/2025 1:08:47 AM,
11/22/2025 1:08:57 AM,663.837075233459
11/22/2025 1:09:07 AM,
11/22/2025 1:09:17 AM,699.87410902977
11/22/2025 1:09:27 AM,736.484652757645
11/22/2025 1:09:37 AM,670.159417390823
11/22/2025 1:09:47 AM,
11/22/2025 1:09:57 AM,640.017396211624
11/22/2025 1:10:07 AM,678.504037857056
11/22/2025 1:10:17 AM,724.054169654846
11/22/2025 1:10:27 AM,
11/22/2025 1:10:37 AM,784.742742776871
11/22/2025 1:10:47 AM,
11/22/2025 1:10:57 AM,812.272131443024
11/22/2025 1:11:07 AM,822.003293037415
11/22/2025 1:11:17 AM,805.445909500122
11/22/2025 1:11:27 AM,
11/22/2025 1:11:37 AM,
11/22/2025 1:11:47 AM,606.42723441124
11/22/2025 1:11:57 AM,602.03629732132
11/22/2025 1:12:07 AM,616.349905729294
11/22/2025 1:12:17 AM,619.415777921677
11/22/2025 1:12:27 AM,624.981254339218
11/22/2025 1:12:37 AM,631.373012065887
11/22/2025 1:12:47 AM,627.003479003906
11/22/2025 1:12:57 AM,624.034541845322
11/22/2025 1:13:07 AM,735.587078332901
11/22/2025 1:13:17 AM,738.988173007965
11/22/2025 1:13:27 AM,678.769093751907
11/22/2025 1:13:37 AM,601.205563545227
11/22/2025 1:13:47 AM,619.879800081253
11/22/2025 1:13:57 AM,667.544156312943
11/22/2025 1:14:07 AM,621.726876497269
11/22/2025 1:14:17 AM,
11/22/2025 1:14:27 AM,
11/22/2025 1:14:37 AM,607.944935560226
11/22/2025 1:14:47 AM,622.764140367508
11/22/2025 1:14:57 AM,633.369594812393
11/22/2025 1:15:07 AM,632.125210762024
11/22/2025 1:15:17 AM,877.963292598724
11/22/2025 1:15:27 AM,651.796102523804
11/22/2025 1:15:37 AM,614.398008584976
11/22/2025 1:15:47 AM,604.630315303802
11/22/2025 1:15:57 AM,601.847523450851
11/22/2025 1:16:07 AM,599.681532382965
11/22/2025 1:16:17 AM,601.781272888184
11/22/2025 1:16:27 AM,663.098984956741
11/22/2025 1:16:37 AM,618.959319591522
11/22/2025 1:16:47 AM,610.224545001984
11/22/2025 1:16:57 AM,819.593167304993
11/22/2025 1:17:07 AM,1049.40333366394
11/22/2025 1:17:17 AM,
11/22/2025 1:17:27 AM,1094.33484077454
11/22/2025 1:17:37 AM,963.987636566162
11/22/2025 1:17:47 AM,790.180921554565
11/22/2025 1:17:57 AM,684.907919168472
11/22/2025 1:18:07 AM,935.469210147858
11/22/2025 1:18:17 AM,909.819889068604
11/22/2025 1:18:27 AM,876.203870773315
11/22/2025 1:18:37 AM,1048.75853061676
11/22/2025 1:18:47 AM,1015.09219408035
11/22/2025 1:18:57 AM,951.488864421844
11/22/2025 1:19:07 AM,
11/22/2025 1:19:17 AM,
11/22/2025 1:19:27 AM,
11/22/2025 1:19:37 AM,
11/22/2025 1:19:47 AM,372.129356861115
11/22/2025 1:19:57 AM,364.988297224045
11/22/2025 1:20:07 AM,403.568387031555
11/22/2025 1:20:17 AM,395.344465970993
11/22/2025 1:20:27 AM,385.916286706924
11/22/2025 1:20:37 AM,
11/22/2025 1:20:47 AM,361.709108948708
11/22/2025 1:20:57 AM,343.004080653191
11/22/2025 1:21:07 AM,350.596931576729
11/22/2025 1:21:17 AM,
11/22/2025 1:21:27 AM,352.624547481537
11/22/2025 1:21:37 AM,
11/22/2025 1:21:47 AM,353.872928023338
11/22/2025 1:21:57 AM,
11/22/2025 1:22:07 AM,
11/22/2025 1:22:17 AM,
11/22/2025 1:22:27 AM,365.797573328018
11/22/2025 1:22:37 AM,400.04635155201
11/22/2025 1:22:47 AM,403.33688557148
11/22/2025 1:22:57 AM,392.323333024979
11/22/2025 1:23:07 AM,396.618381142616
11/22/2025 1:23:17 AM,391.173738241196
11/22/2025 1:23:27 AM,
11/22/2025 1:23:37 AM,
11/22/2025 1:23:47 AM,
11/22/2025 1:23:57 AM,
11/22/2025 1:24:07 AM,
11/22/2025 1:24:17 AM,
11/22/2025 1:24:27 AM,
11/22/2025 1:24:37 AM,
11/22/2025 1:24:47 AM,
11/22/2025 1:24:57 AM,393.577319383621
11/22/2025 1:25:07 AM,
11/22/2025 1:25:17 AM,
11/22/2025 1:25:27 AM,
11/22/2025 1:25:37 AM,
11/22/2025 1:25:47 AM,
11/22/2025 1:25:57 AM,
11/22/2025 1:26:07 AM,
11/22/2025 1:26:17 AM,
11/22/2025 1:26:27 AM,
11/22/2025 1:26:37 AM,343.729135394096
11/22/2025 1:26:47 AM,
11/22/2025 1:26:57 AM,370.967289805412
11/22/2025 1:27:07 AM,371.087640523911
11/22/2025 1:27:17 AM,349.98471736908
11/22/2025 1:27:27 AM,368.985432386398
11/22/2025 1:27:37 AM,398.405510187149
11/22/2025 1:27:47 AM,391.384291648865
11/22/2025 1:27:57 AM,398.570466041565
11/22/2025 1:28:07 AM,399.588444828987
11/22/2025 1:28:17 AM,395.530530810356
11/22/2025 1:28:27 AM,447.534084320068
11/22/2025 1:28:37 AM,402.191716432571
11/22/2025 1:28:47 AM,346.594592928886
11/22/2025 1:28:57 AM,347.72085249424
11/22/2025 1:29:07 AM,350.444340705872
11/22/2025 1:29:17 AM,347.375410795212
11/22/2025 1:29:27 AM,349.969696998596
11/22/2025 1:29:37 AM,354.061272740364
11/22/2025 1:29:47 AM,353.413760662079
11/22/2025 1:29:57 AM,354.07138466835
11/22/2025 1:30:07 AM,373.141300678253
11/22/2025 1:30:17 AM,397.716933488846
11/22/2025 1:30:27 AM,
11/22/2025 1:30:37 AM,368.349292874336
11/22/2025 1:30:47 AM,
11/22/2025 1:30:57 AM,
11/22/2025 1:31:07 AM,
11/22/2025 1:31:17 AM,321.625962853432
11/22/2025 1:31:27 AM,279.948109388351
11/22/2025 1:31:37 AM,
11/22/2025 1:31:47 AM,288.095909357071
11/22/2025 1:31:57 AM,
11/22/2025 1:32:07 AM,
11/22/2025 1:32:17 AM,
11/22/2025 1:32:27 AM,
11/22/2025 1:32:37 AM,302.896955609322
11/22/2025 1:32:47 AM,303.67822945118
11/22/2025 1:32:57 AM,
11/22/2025 1:33:07 AM,
11/22/2025 1:33:17 AM,
11/22/2025 1:33:27 AM,
11/22/2025 1:33:37 AM,311.811223626137
11/22/2025 1:33:47 AM,318.071499466896
11/22/2025 1:33:57 AM,321.587312221527
11/22/2025 1:34:07 AM,
11/22/2025 1:34:17 AM,
11/22/2025 1:34:27 AM,
11/22/2025 1:34:37 AM,
11/22/2025 1:34:47 AM,
11/22/2025 1:34:57 AM,
11/22/2025 1:35:07 AM,
11/22/2025 1:35:17 AM,
11/22/2025 1:35:27 AM,
11/22/2025 1:35:37 AM,
11/22/2025 1:35:47 AM,
11/22/2025 1:35:57 AM,
11/22/2025 1:36:07 AM,
11/22/2025 1:36:17 AM,
11/22/2025 1:36:27 AM,
11/22/2025 1:36:37 AM,
11/22/2025 1:36:47 AM,
11/22/2025 1:36:57 AM,
11/22/2025 1:37:07 AM,
11/22/2025 1:37:17 AM,
11/22/2025 1:37:27 AM,
11/22/2025 1:37:37 AM,
11/22/2025 1:37:47 AM,
11/22/2025 1:37:57 AM,
11/22/2025 1:38:07 AM,
11/22/2025 1:38:17 AM,303.83320748806
11/22/2025 1:38:27 AM,
11/22/2025 1:38:37 AM,304.38078045845
11/22/2025 1:38:47 AM,306.433555483818
11/22/2025 1:38:57 AM,305.057287216187
11/22/2025 1:39:07 AM,
11/22/2025 1:39:17 AM,
11/22/2025 1:39:27 AM,
11/22/2025 1:39:37 AM,317.220568656921
11/22/2025 1:39:47 AM,
11/22/2025 1:39:57 AM,317.842948436737
11/22/2025 1:40:07 AM,
11/22/2025 1:40:17 AM,
11/22/2025 1:40:27 AM,
11/22/2025 1:40:37 AM,
11/22/2025 1:40:47 AM,319.047904014587
11/22/2025 1:40:57 AM,
11/22/2025 1:41:07 AM,
11/22/2025 1:41:17 AM,
11/22/2025 1:41:27 AM,
11/22/2025 1:41:37 AM,
11/22/2025 1:41:47 AM,
11/22/2025 1:41:57 AM,
11/22/2025 1:42:07 AM,
11/22/2025 1:42:17 AM,
11/22/2025 1:42:27 AM,
11/22/2025 1:42:37 AM,
11/22/2025 1:42:47 AM,
11/22/2025 1:42:57 AM,
11/22/2025 1:43:07 AM,
11/22/2025 1:43:17 AM,
11/22/2025 1:43:27 AM,
11/22/2025 1:43:37 AM,
11/22/2025 1:43:47 AM,
11/22/2025 1:43:57 AM,
11/22/2025 1:44:07 AM,
11/22/2025 1:44:17 AM,
11/22/2025 1:44:27 AM,
11/22/2025 1:44:37 AM,
11/22/2025 1:44:47 AM,
11/22/2025 1:44:57 AM,
11/22/2025 1:45:07 AM,
11/22/2025 1:45:17 AM,393.421268463135
11/22/2025 1:45:27 AM,380.984669923782
11/22/2025 1:45:37 AM,420.307946205139
11/22/2025 1:45:47 AM,433.054232597351
11/22/2025 1:45:57 AM,504.466170072556
11/22/2025 1:46:07 AM,
11/22/2025 1:46:17 AM,
11/22/2025 1:46:27 AM,
11/22/2025 1:46:37 AM,
11/22/2025 1:46:47 AM,
11/22/2025 1:46:57 AM,
11/22/2025 1:47:07 AM,
11/22/2025 1:47:17 AM,
11/22/2025 1:47:27 AM,
11/22/2025 1:47:37 AM,
11/22/2025 1:47:47 AM,
11/22/2025 1:47:57 AM,
11/22/2025 1:48:07 AM,
11/22/2025 1:48:17 AM,
11/22/2025 1:48:27 AM,
11/22/2025 1:48:37 AM,
11/22/2025 1:48:47 AM,
11/22/2025 1:48:57 AM,
11/22/2025 1:49:07 AM,
11/22/2025 1:49:17 AM,
11/22/2025 1:49:27 AM,
11/22/2025 1:49:37 AM,
11/22/2025 1:49:47 AM,359.365233778954
11/22/2025 1:49:57 AM,364.915180206299
11/22/2025 1:50:07 AM,
11/22/2025 1:50:17 AM,
11/22/2025 1:50:27 AM,
11/22/2025 1:50:37 AM,
11/22/2025 1:50:47 AM,
11/22/2025 1:50:57 AM,
11/22/2025 1:51:07 AM,392.073646187782
11/22/2025 1:51:17 AM,395.354497432709
11/22/2025 1:51:27 AM,396.13636136055
11/22/2025 1:51:37 AM,385.65072119236
11/22/2025 1:51:47 AM,385.627734661102
11/22/2025 1:51:57 AM,382.895851135254
11/22/2025 1:52:07 AM,374.213862419128
11/22/2025 1:52:17 AM,
11/22/2025 1:52:27 AM,342.374271154404
11/22/2025 1:52:37 AM,346.597838401794
11/22/2025 1:52:47 AM,351.313269138336
11/22/2025 1:52:57 AM,354.384130239487
11/22/2025 1:53:07 AM,376.545721292496
11/22/2025 1:53:17 AM,371.129429340363
11/22/2025 1:53:27 AM,368.87766122818
11/22/2025 1:53:37 AM,364.614987373352
11/22/2025 1:53:47 AM,385.470262169838
11/22/2025 1:53:57 AM,405.724534392357
11/22/2025 1:54:07 AM,397.198006510735
11/22/2025 1:54:17 AM,387.480363249779
11/22/2025 1:54:27 AM,386.589762568474
11/22/2025 1:54:37 AM,369.802379608154
11/22/2025 1:54:47 AM,
11/22/2025 1:54:57 AM,354.719513654709
11/22/2025 1:55:07 AM,351.64886713028
11/22/2025 1:55:17 AM,
11/22/2025 1:55:27 AM,
11/22/2025 1:55:37 AM,351.971778273582
11/22/2025 1:55:47 AM,
11/22/2025 1:55:57 AM,364.601790904999
11/22/2025 1:56:07 AM,379.154035449028
11/22/2025 1:56:17 AM,376.467829942703
11/22/2025 1:56:27 AM,
11/22/2025 1:56:37 AM,381.253400444984
11/22/2025 1:56:47 AM,380.420681834221
11/22/2025 1:56:57 AM,367.783159017563
11/22/2025 1:57:07 AM,354.443138837814
11/22/2025 1:57:17 AM,
11/22/2025 1:57:27 AM,
11/22/2025 1:57:37 AM,338.342696428299
11/22/2025 1:57:47 AM,331.841719150543
11/22/2025 1:57:57 AM,359.53560769558
11/22/2025 1:58:07 AM,432.939729094505
11/22/2025 1:58:17 AM,368.495392799377
11/22/2025 1:58:27 AM,394.483825564384
11/22/2025 1:58:37 AM,388.931196928024
11/22/2025 1:58:47 AM,399.568569660187
11/22/2025 1:58:57 AM,386.172839999199
11/22/2025 1:59:07 AM,407.840234041214
11/22/2025 1:59:17 AM,377.660527825356
11/22/2025 1:59:27 AM,367.300441861153
11/22/2025 1:59:37 AM,
11/22/2025 1:59:47 AM,332.637423276901
11/22/2025 1:59:57 AM,422.173181176186
11/22/2025 2:00:07 AM,
11/22/2025 2:00:17 AM,
11/22/2025 2:00:27 AM,
11/22/2025 2:00:37 AM,
11/22/2025 2:00:47 AM,
11/22/2025 2:00:57 AM,566.764229536057
11/22/2025 2:01:07 AM,
11/22/2025 2:01:17 AM,
11/22/2025 2:01:27 AM,
11/22/2025 2:01:37 AM,
11/22/2025 2:01:47 AM,
11/22/2025 2:01:57 AM,
11/22/2025 2:02:07 AM,
11/22/2025 2:02:17 AM,
11/22/2025 2:02:27 AM,
11/22/2025 2:02:37 AM,
11/22/2025 2:02:47 AM,
11/22/2025 2:02:57 AM,
11/22/2025 2:03:07 AM,
11/22/2025 2:03:17 AM,
11/22/2025 2:03:27 AM,
11/22/2025 2:03:37 AM,
11/22/2025 2:03:47 AM,
11/22/2025 2:03:57 AM,
11/22/2025 2:04:07 AM,
11/22/2025 2:04:17 AM,
11/22/2025 2:04:27 AM,
11/22/2025 2:04:37 AM,
11/22/2025 2:04:47 AM,
11/22/2025 2:04:57 AM,
11/22/2025 2:05:07 AM,
11/22/2025 2:05:17 AM,
11/22/2025 2:05:27 AM,
11/22/2025 2:05:37 AM,
11/22/2025 2:05:47 AM,
11/22/2025 2:05:57 AM,
11/22/2025 2:06:07 AM,
11/22/2025 2:06:17 AM,
11/22/2025 2:06:27 AM,
11/22/2025 2:06:37 AM,
11/22/2025 2:06:47 AM,
11/22/2025 2:06:57 AM,
11/22/2025 2:07:07 AM,
11/22/2025 2:07:17 AM,
11/22/2025 2:07:27 AM,
11/22/2025 2:07:37 AM,
11/22/2025 2:07:47 AM,554.191696643829
11/22/2025 2:07:57 AM,
11/22/2025 2:08:07 AM,
11/22/2025 2:08:17 AM,
11/22/2025 2:08:27 AM,
11/22/2025 2:08:37 AM,
11/22/2025 2:08:47 AM,
11/22/2025 2:08:57 AM,
11/22/2025 2:09:07 AM,
11/22/2025 2:09:17 AM,
11/22/2025 2:09:27 AM,
11/22/2025 2:09:37 AM,561.314517259598
11/22/2025 2:09:47 AM,
11/22/2025 2:09:57 AM,
11/22/2025 2:10:07 AM,
11/22/2025 2:10:17 AM,577.557921409607
11/22/2025 2:10:27 AM,
11/22/2025 2:10:37 AM,
11/22/2025 2:10:47 AM,
11/22/2025 2:10:57 AM,
11/22/2025 2:11:07 AM,578.301268815994
11/22/2025 2:11:17 AM,612.35808134079
11/22/2025 2:11:27 AM,556.809854507446
11/22/2025 2:11:37 AM,552.660477161407
11/22/2025 2:11:47 AM,547.977608442307
11/22/2025 2:11:57 AM,510.736209154129
11/22/2025 2:12:07 AM,508.617049455643
11/22/2025 2:12:17 AM,
11/22/2025 2:12:27 AM,
11/22/2025 2:12:37 AM,490.76292514801
11/22/2025 2:12:47 AM,477.048254013062
11/22/2025 2:12:57 AM,465.791130065918
11/22/2025 2:13:07 AM,
11/22/2025 2:13:17 AM,456.673657894135
11/22/2025 2:13:27 AM,458.202141523361
11/22/2025 2:13:37 AM,463.312876224518
11/22/2025 2:13:47 AM,464.215868711472
11/22/2025 2:13:57 AM,463.558620214462
11/22/2025 2:14:07 AM,459.023916721344
11/22/2025 2:14:17 AM,417.926493287086
11/22/2025 2:14:27 AM,410.805952548981
11/22/2025 2:14:37 AM,408.660694956779
11/22/2025 2:14:47 AM,404.760843515396
11/22/2025 2:14:57 AM,
11/22/2025 2:15:07 AM,399.434781074524
11/22/2025 2:15:17 AM,395.817205309868
11/22/2025 2:15:27 AM,398.624593019485
11/22/2025 2:15:37 AM,396.060588955879
11/22/2025 2:15:47 AM,402.384647727013
11/22/2025 2:15:57 AM,399.490195512772
11/22/2025 2:16:07 AM,426.956069469452
11/22/2025 2:16:17 AM,405.142843723297
11/22/2025 2:16:27 AM,424.759581685066
11/22/2025 2:16:37 AM,427.502167224884
11/22/2025 2:16:47 AM,418.316647410393
11/22/2025 2:16:57 AM,427.575927972794
11/22/2025 2:17:07 AM,445.061784982681
11/22/2025 2:17:17 AM,461.014598608017
11/22/2025 2:17:27 AM,466.850602626801
11/22/2025 2:17:37 AM,
11/22/2025 2:17:47 AM,505.896162986755
11/22/2025 2:17:57 AM,512.33743429184
11/22/2025 2:18:07 AM,
11/22/2025 2:18:17 AM,
11/22/2025 2:18:27 AM,525.108343362808
11/22/2025 2:18:37 AM,
11/22/2025 2:18:47 AM,
11/22/2025 2:18:57 AM,
11/22/2025 2:19:07 AM,565.057969093323
11/22/2025 2:19:17 AM,
11/22/2025 2:19:27 AM,
11/22/2025 2:19:37 AM,
11/22/2025 2:19:47 AM,
11/22/2025 2:19:57 AM,582.648968696594
11/22/2025 2:20:07 AM,
11/22/2025 2:20:17 AM,
11/22/2025 2:20:27 AM,
11/22/2025 2:20:37 AM,
11/22/2025 2:20:47 AM,
11/22/2025 2:20:57 AM,
11/22/2025 2:21:07 AM,
11/22/2025 2:21:17 AM,
11/22/2025 2:21:27 AM,
11/22/2025 2:21:37 AM,674.258637428284
11/22/2025 2:21:47 AM,
11/22/2025 2:21:57 AM,
11/22/2025 2:22:07 AM,
11/22/2025 2:22:17 AM,
11/22/2025 2:22:27 AM,595.739758014679
11/22/2025 2:22:37 AM,596.715116500854
11/22/2025 2:22:47 AM,598.67924451828
11/22/2025 2:22:57 AM,575.283622741699
11/22/2025 2:23:07 AM,
11/22/2025 2:23:17 AM,
11/22/2025 2:23:27 AM,
11/22/2025 2:23:37 AM,
11/22/2025 2:23:47 AM,
11/22/2025 2:23:57 AM,
11/22/2025 2:24:07 AM,
11/22/2025 2:24:17 AM,
11/22/2025 2:24:27 AM,
11/22/2025 2:24:37 AM,
11/22/2025 2:24:47 AM,
11/22/2025 2:24:57 AM,
11/22/2025 2:25:07 AM,
11/22/2025 2:25:17 AM,
11/22/2025 2:25:27 AM,
11/22/2025 2:25:37 AM,
11/22/2025 2:25:47 AM,
11/22/2025 2:25:57 AM,644.541960954666
11/22/2025 2:26:07 AM,
11/22/2025 2:26:17 AM,
11/22/2025 2:26:27 AM,
11/22/2025 2:26:37 AM,525.650900602341
11/22/2025 2:26:47 AM,510.636806488037
11/22/2025 2:26:57 AM,496.668612957001
11/22/2025 2:27:07 AM,
11/22/2025 2:27:17 AM,
11/22/2025 2:27:27 AM,570.212692022324
11/22/2025 2:27:37 AM,513.016247749329
11/22/2025 2:27:47 AM,496.380436420441
11/22/2025 2:27:57 AM,412.806344032288
11/22/2025 2:28:07 AM,406.564226746559
11/22/2025 2:28:17 AM,401.141121983528
11/22/2025 2:28:27 AM,405.79539835453
11/22/2025 2:28:37 AM,
11/22/2025 2:28:47 AM,408.058592677116
11/22/2025 2:28:57 AM,410.807454586029
11/22/2025 2:29:07 AM,412.948313355446
11/22/2025 2:29:17 AM,417.59939789772
11/22/2025 2:29:27 AM,427.350515127182
11/22/2025 2:29:37 AM,434.654733538628
11/22/2025 2:29:47 AM,438.770824670792
11/22/2025 2:29:57 AM,448.578858375549
11/22/2025 2:30:07 AM,463.626855611801
11/22/2025 2:30:17 AM,454.180008172989
11/22/2025 2:30:27 AM,443.930268287659
11/22/2025 2:30:37 AM,446.843442320824
11/22/2025 2:30:47 AM,444.748422503471
11/22/2025 2:30:57 AM,449.078285694122
11/22/2025 2:31:07 AM,461.322033405304
11/22/2025 2:31:17 AM,482.698863744736
11/22/2025 2:31:27 AM,481.875854730606
11/22/2025 2:31:37 AM,495.226174592972
11/22/2025 2:31:47 AM,509.485119581223
11/22/2025 2:31:57 AM,
11/22/2025 2:32:07 AM,
11/22/2025 2:32:17 AM,531.944274902344
11/22/2025 2:32:27 AM,549.011063575745
11/22/2025 2:32:37 AM,581.062656641006
11/22/2025 2:32:47 AM,
11/22/2025 2:32:57 AM,
11/22/2025 2:33:07 AM,
11/22/2025 2:33:17 AM,
11/22/2025 2:33:27 AM,
11/22/2025 2:33:37 AM,
11/22/2025 2:33:47 AM,
11/22/2025 2:33:57 AM,
11/22/2025 2:34:07 AM,
11/22/2025 2:34:17 AM,667.733412981033
11/22/2025 2:34:27 AM,
11/22/2025 2:34:37 AM,
11/22/2025 2:34:47 AM,663.807410001755
11/22/2025 2:34:57 AM,
11/22/2025 2:35:07 AM,
11/22/2025 2:35:17 AM,
11/22/2025 2:35:27 AM,
11/22/2025 2:35:37 AM,861.486214399338
11/22/2025 2:35:47 AM,
11/22/2025 2:35:57 AM,976.140940189362
11/22/2025 2:36:07 AM,
11/22/2025 2:36:17 AM,
11/22/2025 2:36:27 AM,
11/22/2025 2:36:37 AM,
11/22/2025 2:36:47 AM,
11/22/2025 2:36:57 AM,
11/22/2025 2:37:07 AM,1053.0734539032
11/22/2025 2:37:17 AM,
11/22/2025 2:37:27 AM,
11/22/2025 2:37:37 AM,1061.36480569839
11/22/2025 2:37:47 AM,1054.33473587036
11/22/2025 2:37:57 AM,
11/22/2025 2:38:07 AM,1058.44860076904
11/22/2025 2:38:17 AM,1047.82780408859
11/22/2025 2:38:27 AM,547.477215528488
11/22/2025 2:38:37 AM,602.528321743011
11/22/2025 2:38:47 AM,516.075038909912
11/22/2025 2:38:57 AM,513.48659992218
11/22/2025 2:39:07 AM,512.198442220688
11/22/2025 2:39:17 AM,517.055815458298
11/22/2025 2:39:27 AM,476.661050319672
11/22/2025 2:39:37 AM,650.598120689392
11/22/2025 2:39:47 AM,795.809054374695
11/22/2025 2:39:57 AM,715.019953250885
11/22/2025 2:40:07 AM,515.86571931839
11/22/2025 2:40:17 AM,440.165224671364
11/22/2025 2:40:27 AM,435.541149973869
11/22/2025 2:40:37 AM,431.950879096985
11/22/2025 2:40:47 AM,430.257225036621
11/22/2025 2:40:57 AM,428.901743888855
11/22/2025 2:41:07 AM,
11/22/2025 2:41:17 AM,435.395640134811
11/22/2025 2:41:27 AM,
11/22/2025 2:41:37 AM,399.240240454674
11/22/2025 2:41:47 AM,
11/22/2025 2:41:57 AM,384.863278269768
11/22/2025 2:42:07 AM,348.036575317383
11/22/2025 2:42:17 AM,371.311095356941
11/22/2025 2:42:27 AM,372.42579460144
11/22/2025 2:42:37 AM,369.367647171021
11/22/2025 2:42:47 AM,371.508023142815
11/22/2025 2:42:57 AM,372.157868742943
11/22/2025 2:43:07 AM,378.418734669685
11/22/2025 2:43:17 AM,386.909776926041
11/22/2025 2:43:27 AM,401.411515474319
11/22/2025 2:43:37 AM,417.648348212242
11/22/2025 2:43:47 AM,423.548349738121
11/22/2025 2:43:57 AM,429.182785749435
11/22/2025 2:44:07 AM,430.534645915031
11/22/2025 2:44:17 AM,432.981008291245
11/22/2025 2:44:27 AM,435.743254423141
11/22/2025 2:44:37 AM,445.522132515907
11/22/2025 2:44:47 AM,454.132157564163
11/22/2025 2:44:57 AM,469.17570233345
11/22/2025 2:45:07 AM,489.28416967392
11/22/2025 2:45:17 AM,520.049214363098
11/22/2025 2:45:27 AM,555.214101076126
11/22/2025 2:45:37 AM,544.917154312134
11/22/2025 2:45:47 AM,
11/22/2025 2:45:57 AM,
11/22/2025 2:46:07 AM,
11/22/2025 2:46:17 AM,564.023172855377
11/22/2025 2:46:27 AM,
11/22/2025 2:46:37 AM,
11/22/2025 2:46:47 AM,663.340920209885
11/22/2025 2:46:57 AM,
11/22/2025 2:47:07 AM,
11/22/2025 2:47:17 AM,
11/22/2025 2:47:27 AM,
11/22/2025 2:47:37 AM,
11/22/2025 2:47:47 AM,
11/22/2025 2:47:57 AM,
11/22/2025 2:48:07 AM,
11/22/2025 2:48:17 AM,
11/22/2025 2:48:27 AM,
11/22/2025 2:48:37 AM,
11/22/2025 2:48:47 AM,
11/22/2025 2:48:57 AM,
11/22/2025 2:49:07 AM,
11/22/2025 2:49:17 AM,
11/22/2025 2:49:27 AM,
11/22/2025 2:49:37 AM,
11/22/2025 2:49:47 AM,
11/22/2025 2:49:57 AM,
11/22/2025 2:50:07 AM,
11/22/2025 2:50:17 AM,
11/22/2025 2:50:27 AM,
11/22/2025 2:50:37 AM,
11/22/2025 2:50:47 AM,
11/22/2025 2:50:57 AM,
11/22/2025 2:51:07 AM,
11/22/2025 2:51:17 AM,
11/22/2025 2:51:27 AM,
11/22/2025 2:51:37 AM,
11/22/2025 2:51:47 AM,
11/22/2025 2:51:57 AM,474.046164751053
11/22/2025 2:52:07 AM,
11/22/2025 2:52:17 AM,476.017481088638
11/22/2025 2:52:27 AM,475.064492225647
11/22/2025 2:52:37 AM,
11/22/2025 2:52:47 AM,411.139270663261
11/22/2025 2:52:57 AM,
11/22/2025 2:53:07 AM,411.689418554306
11/22/2025 2:53:17 AM,
11/22/2025 2:53:27 AM,
11/22/2025 2:53:37 AM,395.779922604561
11/22/2025 2:53:47 AM,
11/22/2025 2:53:57 AM,
11/22/2025 2:54:07 AM,
11/22/2025 2:54:17 AM,
11/22/2025 2:54:27 AM,
11/22/2025 2:54:37 AM,
11/22/2025 2:54:47 AM,380.611011385918
11/22/2025 2:54:57 AM,
11/22/2025 2:55:07 AM,369.914308190346
11/22/2025 2:55:17 AM,374.263000488281
11/22/2025 2:55:27 AM,380.417436361313
11/22/2025 2:55:37 AM,365.023273229599
11/22/2025 2:55:47 AM,368.364608287811
11/22/2025 2:55:57 AM,344.033271074295
11/22/2025 2:56:07 AM,342.864552140236
11/22/2025 2:56:17 AM,337.175479531288
11/22/2025 2:56:27 AM,341.272902488708
11/22/2025 2:56:37 AM,
11/22/2025 2:56:47 AM,348.327541351318
11/22/2025 2:56:57 AM,354.194229841232
11/22/2025 2:57:07 AM,
11/22/2025 2:57:17 AM,363.644939661026
11/22/2025 2:57:27 AM,372.770860791206
11/22/2025 2:57:37 AM,
11/22/2025 2:57:47 AM,
11/22/2025 2:57:57 AM,394.674047827721
11/22/2025 2:58:07 AM,
11/22/2025 2:58:17 AM,416.107419133186
11/22/2025 2:58:27 AM,
11/22/2025 2:58:37 AM,412.351629137993
11/22/2025 2:58:47 AM,409.743797779083
11/22/2025 2:58:57 AM,430.139744281769
11/22/2025 2:59:07 AM,455.81202507019
11/22/2025 2:59:17 AM,454.824113845825
11/22/2025 2:59:27 AM,456.58096075058
11/22/2025 2:59:37 AM,484.672862291336
11/22/2025 2:59:47 AM,507.798331975937
11/22/2025 2:59:57 AM,513.490623235703
11/22/2025 3:00:07 AM,
11/22/2025 3:00:17 AM,
11/22/2025 3:00:27 AM,
11/22/2025 3:00:37 AM,
11/22/2025 3:00:47 AM,
11/22/2025 3:00:57 AM,
11/22/2025 3:01:07 AM,
11/22/2025 3:01:17 AM,
11/22/2025 3:01:27 AM,
11/22/2025 3:01:37 AM,
11/22/2025 3:01:47 AM,
11/22/2025 3:01:57 AM,
11/22/2025 3:02:07 AM,
11/22/2025 3:02:17 AM,
11/22/2025 3:02:27 AM,
11/22/2025 3:02:37 AM,
11/22/2025 3:02:47 AM,762.23316192627
11/22/2025 3:02:57 AM,
11/22/2025 3:03:07 AM,
11/22/2025 3:03:17 AM,
11/22/2025 3:03:27 AM,
11/22/2025 3:03:37 AM,
11/22/2025 3:03:47 AM,
11/22/2025 3:03:57 AM,
11/22/2025 3:04:07 AM,
11/22/2025 3:04:17 AM,
11/22/2025 3:04:27 AM,
11/22/2025 3:04:37 AM,
11/22/2025 3:04:47 AM,536.626821756363
11/22/2025 3:04:57 AM,582.692581415176
11/22/2025 3:05:07 AM,595.753169059753
11/22/2025 3:05:17 AM,
11/22/2025 3:05:27 AM,
11/22/2025 3:05:37 AM,
11/22/2025 3:05:47 AM,
11/22/2025 3:05:57 AM,
11/22/2025 3:06:07 AM,
11/22/2025 3:06:17 AM,
11/22/2025 3:06:27 AM,
11/22/2025 3:06:37 AM,
11/22/2025 3:06:47 AM,302.097308635712
11/22/2025 3:06:57 AM,
11/22/2025 3:07:07 AM,
11/22/2025 3:07:17 AM,
11/22/2025 3:07:27 AM,
11/22/2025 3:07:37 AM,
11/22/2025 3:07:47 AM,
11/22/2025 3:07:57 AM,
11/22/2025 3:08:07 AM,
11/22/2025 3:08:17 AM,
11/22/2025 3:08:27 AM,
11/22/2025 3:08:37 AM,
11/22/2025 3:08:47 AM,258.951079845428
11/22/2025 3:08:57 AM,264.512667059898
11/22/2025 3:09:07 AM,
11/22/2025 3:09:17 AM,641.874825954437
11/22/2025 3:09:27 AM,
11/22/2025 3:09:37 AM,382.127103209496
11/22/2025 3:09:47 AM,285.000613331795
11/22/2025 3:09:57 AM,273.858314752579
11/22/2025 3:10:07 AM,
11/22/2025 3:10:17 AM,257.949677109718
11/22/2025 3:10:27 AM,256.771516799927
11/22/2025 3:10:37 AM,257.992297410965
11/22/2025 3:10:47 AM,
11/22/2025 3:10:57 AM,
11/22/2025 3:11:07 AM,
11/22/2025 3:11:17 AM,
11/22/2025 3:11:27 AM,297.516873478889
11/22/2025 3:11:37 AM,297.967001795769
11/22/2025 3:11:47 AM,
11/22/2025 3:11:57 AM,347.480446100235
11/22/2025 3:12:07 AM,387.080311775208
11/22/2025 3:12:17 AM,360.213294625282
11/22/2025 3:12:27 AM,384.405720233917
11/22/2025 3:12:37 AM,
11/22/2025 3:12:47 AM,405.976313352585
11/22/2025 3:12:57 AM,415.896463394165
11/22/2025 3:13:07 AM,423.325672745705
11/22/2025 3:13:17 AM,422.069004178047
11/22/2025 3:13:27 AM,424.469044804573
11/22/2025 3:13:37 AM,432.956358790398
11/22/2025 3:13:47 AM,436.709010601044
11/22/2025 3:13:57 AM,
11/22/2025 3:14:07 AM,446.175438165665
11/22/2025 3:14:17 AM,447.204387187958
11/22/2025 3:14:27 AM,449.30117726326
11/22/2025 3:14:37 AM,
11/22/2025 3:14:47 AM,
11/22/2025 3:14:57 AM,
11/22/2025 3:15:07 AM,
11/22/2025 3:15:17 AM,
11/22/2025 3:15:27 AM,
11/22/2025 3:15:37 AM,
11/22/2025 3:15:47 AM,
11/22/2025 3:15:57 AM,
11/22/2025 3:16:07 AM,
11/22/2025 3:16:17 AM,
11/22/2025 3:16:27 AM,
11/22/2025 3:16:37 AM,
11/22/2025 3:16:47 AM,
11/22/2025 3:16:57 AM,
11/22/2025 3:17:07 AM,
11/22/2025 3:17:17 AM,
11/22/2025 3:17:27 AM,
11/22/2025 3:17:37 AM,
11/22/2025 3:17:47 AM,
11/22/2025 3:17:57 AM,
11/22/2025 3:18:07 AM,
11/22/2025 3:18:17 AM,
11/22/2025 3:18:27 AM,
11/22/2025 3:18:37 AM,
11/22/2025 3:18:47 AM,
11/22/2025 3:18:57 AM,
11/22/2025 3:19:07 AM,
11/22/2025 3:19:17 AM,614.986217021942
11/22/2025 3:19:27 AM,
11/22/2025 3:19:37 AM,
11/22/2025 3:19:47 AM,965.528512001038
11/22/2025 3:19:57 AM,858.211398124695
11/22/2025 3:20:07 AM,
11/22/2025 3:20:17 AM,804.951739311218
11/22/2025 3:20:27 AM,
11/22/2025 3:20:37 AM,742.513132095337
11/22/2025 3:20:47 AM,823.294132947922
11/22/2025 3:20:57 AM,876.372098922729
11/22/2025 3:21:07 AM,579.753309488297
11/22/2025 3:21:17 AM,482.375550270081
11/22/2025 3:21:27 AM,414.722621440887
11/22/2025 3:21:37 AM,424.954497814178
11/22/2025 3:21:47 AM,
11/22/2025 3:21:57 AM,
11/22/2025 3:22:07 AM,424.399951100349
11/22/2025 3:22:17 AM,423.581099510193
11/22/2025 3:22:27 AM,422.507572174072
11/22/2025 3:22:37 AM,423.624283075333
11/22/2025 3:22:47 AM,425.537583231926
11/22/2025 3:22:57 AM,430.156588554382
11/22/2025 3:23:07 AM,438.705539703369
11/22/2025 3:23:17 AM,457.568281888962
11/22/2025 3:23:27 AM,481.394129991531
11/22/2025 3:23:37 AM,480.918896198273
11/22/2025 3:23:47 AM,506.09330534935
11/22/2025 3:23:57 AM,490.699410438538
11/22/2025 3:24:07 AM,482.152229547501
11/22/2025 3:24:17 AM,
11/22/2025 3:24:27 AM,887.928235530853
11/22/2025 3:24:37 AM,876.383793354034
11/22/2025 3:24:47 AM,
11/22/2025 3:24:57 AM,
11/22/2025 3:25:07 AM,
11/22/2025 3:25:17 AM,
11/22/2025 3:25:27 AM,
11/22/2025 3:25:37 AM,
11/22/2025 3:25:47 AM,
11/22/2025 3:25:57 AM,
11/22/2025 3:26:07 AM,
11/22/2025 3:26:17 AM,
11/22/2025 3:26:27 AM,
11/22/2025 3:26:37 AM,
11/22/2025 3:26:47 AM,
11/22/2025 3:26:57 AM,
11/22/2025 3:27:07 AM,
11/22/2025 3:27:17 AM,
11/22/2025 3:27:27 AM,
11/22/2025 3:27:37 AM,
11/22/2025 3:27:47 AM,
11/22/2025 3:27:57 AM,
11/22/2025 3:28:07 AM,
11/22/2025 3:28:17 AM,
11/22/2025 3:28:27 AM,
11/22/2025 3:28:37 AM,
11/22/2025 3:28:47 AM,
11/22/2025 3:28:57 AM,
11/22/2025 3:29:07 AM,
11/22/2025 3:29:17 AM,
11/22/2025 3:29:27 AM,
11/22/2025 3:29:37 AM,
11/22/2025 3:29:47 AM,
11/22/2025 3:29:57 AM,
11/22/2025 3:30:07 AM,
11/22/2025 3:30:17 AM,
11/22/2025 3:30:27 AM,
11/22/2025 3:30:37 AM,
11/22/2025 3:30:47 AM,
11/22/2025 3:30:57 AM,
11/22/2025 3:31:07 AM,
11/22/2025 3:31:17 AM,
11/22/2025 3:31:27 AM,
11/22/2025 3:31:37 AM,
11/22/2025 3:31:47 AM,
11/22/2025 3:31:57 AM,
11/22/2025 3:32:07 AM,
11/22/2025 3:32:17 AM,
11/22/2025 3:32:27 AM,
11/22/2025 3:32:37 AM,
11/22/2025 3:32:47 AM,
11/22/2025 3:32:57 AM,
11/22/2025 3:33:07 AM,736.474621295929
11/22/2025 3:33:17 AM,622.467702627182
11/22/2025 3:33:27 AM,522.421735525131
11/22/2025 3:33:37 AM,568.350541591644
11/22/2025 3:33:47 AM,511.774814128876
11/22/2025 3:33:57 AM,501.166087388992
11/22/2025 3:34:07 AM,497.699546813965
11/22/2025 3:34:17 AM,482.102233171463
11/22/2025 3:34:27 AM,487.731546163559
11/22/2025 3:34:37 AM,
11/22/2025 3:34:47 AM,
11/22/2025 3:34:57 AM,
11/22/2025 3:35:07 AM,
11/22/2025 3:35:17 AM,
11/22/2025 3:35:27 AM,
11/22/2025 3:35:37 AM,494.067460298538
11/22/2025 3:35:47 AM,488.457888364792
11/22/2025 3:35:57 AM,
11/22/2025 3:36:07 AM,473.29289317131
11/22/2025 3:36:17 AM,
11/22/2025 3:36:27 AM,
11/22/2025 3:36:37 AM,
11/22/2025 3:36:47 AM,
11/22/2025 3:36:57 AM,
11/22/2025 3:37:07 AM,
11/22/2025 3:37:17 AM,
11/22/2025 3:37:27 AM,
11/22/2025 3:37:37 AM,
11/22/2025 3:37:47 AM,
11/22/2025 3:37:57 AM,
11/22/2025 3:38:07 AM,
11/22/2025 3:38:17 AM,
11/22/2025 3:38:27 AM,
11/22/2025 3:38:37 AM,
11/22/2025 3:38:47 AM,
11/22/2025 3:38:57 AM,
11/22/2025 3:39:07 AM,
11/22/2025 3:39:17 AM,
11/22/2025 3:39:27 AM,
11/22/2025 3:39:37 AM,
11/22/2025 3:39:47 AM,
11/22/2025 3:39:57 AM,
11/22/2025 3:40:07 AM,
11/22/2025 3:40:17 AM,
11/22/2025 3:40:27 AM,
11/22/2025 3:40:37 AM,
11/22/2025 3:40:47 AM,
11/22/2025 3:40:57 AM,
11/22/2025 3:41:07 AM,
11/22/2025 3:41:17 AM,
11/22/2025 3:41:27 AM,
11/22/2025 3:41:37 AM,
11/22/2025 3:41:47 AM,
11/22/2025 3:41:57 AM,
11/22/2025 3:42:07 AM,
11/22/2025 3:42:17 AM,
11/22/2025 3:42:27 AM,
11/22/2025 3:42:37 AM,
11/22/2025 3:42:47 AM,
11/22/2025 3:42:57 AM,416.849103569984
11/22/2025 3:43:07 AM,
11/22/2025 3:43:17 AM,
11/22/2025 3:43:27 AM,
11/22/2025 3:43:37 AM,
11/22/2025 3:43:47 AM,
11/22/2025 3:43:57 AM,
11/22/2025 3:44:07 AM,
11/22/2025 3:44:17 AM,
11/22/2025 3:44:27 AM,
11/22/2025 3:44:37 AM,
11/22/2025 3:44:47 AM,
11/22/2025 3:44:57 AM,
11/22/2025 3:45:07 AM,
11/22/2025 3:45:17 AM,
11/22/2025 3:45:27 AM,
11/22/2025 3:45:37 AM,
11/22/2025 3:45:47 AM,
11/22/2025 3:45:57 AM,
11/22/2025 3:46:07 AM,
11/22/2025 3:46:17 AM,
11/22/2025 3:46:27 AM,
11/22/2025 3:46:37 AM,
11/22/2025 3:46:47 AM,
11/22/2025 3:46:57 AM,591.985362768173
11/22/2025 3:47:07 AM,
11/22/2025 3:47:17 AM,
11/22/2025 3:47:27 AM,
11/22/2025 3:47:37 AM,
11/22/2025 3:47:47 AM,
11/22/2025 3:47:57 AM,
11/22/2025 3:48:07 AM,
11/22/2025 3:48:17 AM,
11/22/2025 3:48:27 AM,
11/22/2025 3:48:37 AM,
11/22/2025 3:48:47 AM,
11/22/2025 3:48:57 AM,
11/22/2025 3:49:07 AM,
11/22/2025 3:49:17 AM,
11/22/2025 3:49:27 AM,
11/22/2025 3:49:37 AM,
11/22/2025 3:49:47 AM,
11/22/2025 3:49:57 AM,
11/22/2025 3:50:07 AM,503.091430664062
11/22/2025 3:50:17 AM,
11/22/2025 3:50:27 AM,
11/22/2025 3:50:37 AM,
11/22/2025 3:50:47 AM,
11/22/2025 3:50:57 AM,
11/22/2025 3:51:07 AM,824.263322353363
11/22/2025 3:51:17 AM,
11/22/2025 3:51:27 AM,
11/22/2025 3:51:37 AM,
11/22/2025 3:51:47 AM,
11/22/2025 3:51:57 AM,
11/22/2025 3:52:07 AM,
11/22/2025 3:52:17 AM,
11/22/2025 3:52:27 AM,
11/22/2025 3:52:37 AM,
11/22/2025 3:52:47 AM,
11/22/2025 3:52:57 AM,
11/22/2025 3:53:07 AM,1059.22054052353
11/22/2025 3:53:17 AM,1187.65704631805
11/22/2025 3:53:27 AM,
11/22/2025 3:53:37 AM,
11/22/2025 3:53:47 AM,
11/22/2025 3:53:57 AM,
11/22/2025 3:54:07 AM,
11/22/2025 3:54:17 AM,
11/22/2025 3:54:27 AM,
11/22/2025 3:54:37 AM,
11/22/2025 3:54:47 AM,
11/22/2025 3:54:57 AM,
11/22/2025 3:55:07 AM,
11/22/2025 3:55:17 AM,1153.97043228149
11/22/2025 3:55:27 AM,
11/22/2025 3:55:37 AM,
11/22/2025 3:55:47 AM,
11/22/2025 3:55:57 AM,
11/22/2025 3:56:07 AM,
11/22/2025 3:56:17 AM,
11/22/2025 3:56:27 AM,
11/22/2025 3:56:37 AM,
11/22/2025 3:56:47 AM,
11/22/2025 3:56:57 AM,
11/22/2025 3:57:07 AM,
11/22/2025 3:57:17 AM,
11/22/2025 3:57:27 AM,
11/22/2025 3:57:37 AM,
11/22/2025 3:57:47 AM,
11/22/2025 3:57:57 AM,
11/22/2025 3:58:07 AM,
11/22/2025 3:58:17 AM,
11/22/2025 3:58:27 AM,1030.38915395737
11/22/2025 3:58:37 AM,
11/22/2025 3:58:47 AM,
11/22/2025 3:58:57 AM,
11/22/2025 3:59:07 AM,
11/22/2025 3:59:17 AM,
11/22/2025 3:59:27 AM,
11/22/2025 3:59:37 AM,
11/22/2025 3:59:47 AM,
11/22/2025 3:59:57 AM,
11/22/2025 4:00:07 AM,
11/22/2025 4:00:17 AM,
11/22/2025 4:00:27 AM,
11/22/2025 4:00:37 AM,644.257485866547
11/22/2025 4:00:47 AM,
11/22/2025 4:00:57 AM,
11/22/2025 4:01:07 AM,
11/22/2025 4:01:17 AM,825.53973197937
11/22/2025 4:01:27 AM,
11/22/2025 4:01:37 AM,
11/22/2025 4:01:47 AM,584.099024534225
11/22/2025 4:01:57 AM,
11/22/2025 4:02:07 AM,
11/22/2025 4:02:17 AM,
11/22/2025 4:02:27 AM,778.12015414238
11/22/2025 4:02:37 AM,
11/22/2025 4:02:47 AM,
11/22/2025 4:02:57 AM,
11/22/2025 4:03:07 AM,
11/22/2025 4:03:17 AM,
11/22/2025 4:03:27 AM,
11/22/2025 4:03:37 AM,
11/22/2025 4:03:47 AM,
11/22/2025 4:03:57 AM,
11/22/2025 4:04:07 AM,842.611080408096
11/22/2025 4:04:17 AM,771.525943279266
11/22/2025 4:04:27 AM,
11/22/2025 4:04:37 AM,
11/22/2025 4:04:47 AM,
11/22/2025 4:04:57 AM,
11/22/2025 4:05:07 AM,
11/22/2025 4:05:17 AM,
11/22/2025 4:05:27 AM,
11/22/2025 4:05:37 AM,
11/22/2025 4:05:47 AM,
11/22/2025 4:05:57 AM,
11/22/2025 4:06:07 AM,844.470924139023
11/22/2025 4:06:17 AM,
11/22/2025 4:06:27 AM,877.124619483948
11/22/2025 4:06:37 AM,
11/22/2025 4:06:47 AM,
11/22/2025 4:06:57 AM,
11/22/2025 4:07:07 AM,
11/22/2025 4:07:17 AM,
11/22/2025 4:07:27 AM,
11/22/2025 4:07:37 AM,
11/22/2025 4:07:47 AM,
11/22/2025 4:07:57 AM,904.463517665863
11/22/2025 4:08:07 AM,
11/22/2025 4:08:17 AM,
11/22/2025 4:08:27 AM,
11/22/2025 4:08:37 AM,
11/22/2025 4:08:47 AM,
11/22/2025 4:08:57 AM,
11/22/2025 4:09:07 AM,
11/22/2025 4:09:17 AM,
11/22/2025 4:09:27 AM,
11/22/2025 4:09:37 AM,
11/22/2025 4:09:47 AM,
11/22/2025 4:09:57 AM,
11/22/2025 4:10:07 AM,
11/22/2025 4:10:17 AM,
11/22/2025 4:10:27 AM,
11/22/2025 4:10:37 AM,
11/22/2025 4:10:47 AM,
11/22/2025 4:10:57 AM,
11/22/2025 4:11:07 AM,
11/22/2025 4:11:17 AM,
11/22/2025 4:11:27 AM,
11/22/2025 4:11:37 AM,
11/22/2025 4:11:47 AM,
11/22/2025 4:11:57 AM,
11/22/2025 4:12:07 AM,
11/22/2025 4:12:17 AM,
11/22/2025 4:12:27 AM,
11/22/2025 4:12:37 AM,
11/22/2025 4:12:47 AM,
11/22/2025 4:12:57 AM,
11/22/2025 4:13:07 AM,
11/22/2025 4:13:17 AM,
11/22/2025 4:13:27 AM,923.347878456116
11/22/2025 4:13:37 AM,
11/22/2025 4:13:47 AM,
11/22/2025 4:13:57 AM,
11/22/2025 4:14:07 AM,
11/22/2025 4:14:17 AM,
11/22/2025 4:14:27 AM,
11/22/2025 4:14:37 AM,
11/22/2025 4:14:47 AM,
11/22/2025 4:14:57 AM,
11/22/2025 4:15:07 AM,883.510208129883
11/22/2025 4:15:17 AM,
11/22/2025 4:15:27 AM,
11/22/2025 4:15:37 AM,
11/22/2025 4:15:47 AM,
11/22/2025 4:15:57 AM,
11/22/2025 4:16:07 AM,
11/22/2025 4:16:17 AM,
11/22/2025 4:16:27 AM,
11/22/2025 4:16:37 AM,
11/22/2025 4:16:47 AM,
11/22/2025 4:16:57 AM,
11/22/2025 4:17:07 AM,
11/22/2025 4:17:17 AM,
11/22/2025 4:17:27 AM,
11/22/2025 4:17:37 AM,
11/22/2025 4:17:47 AM,
11/22/2025 4:17:57 AM,
11/22/2025 4:18:07 AM,
11/22/2025 4:18:17 AM,
11/22/2025 4:18:27 AM,
11/22/2025 4:18:37 AM,
11/22/2025 4:18:47 AM,
11/22/2025 4:18:57 AM,
11/22/2025 4:19:07 AM,
11/22/2025 4:19:17 AM,
11/22/2025 4:19:27 AM,
11/22/2025 4:19:37 AM,
11/22/2025 4:19:47 AM,
11/22/2025 4:19:57 AM,
11/22/2025 4:20:07 AM,
11/22/2025 4:20:17 AM,
11/22/2025 4:20:27 AM,
11/22/2025 4:20:37 AM,
11/22/2025 4:20:47 AM,
11/22/2025 4:20:57 AM,
11/22/2025 4:21:07 AM,
11/22/2025 4:21:17 AM,
11/22/2025 4:21:27 AM,
11/22/2025 4:21:37 AM,
11/22/2025 4:21:47 AM,
11/22/2025 4:21:57 AM,935.91091632843
11/22/2025 4:22:07 AM,
11/22/2025 4:22:17 AM,
11/22/2025 4:22:27 AM,
11/22/2025 4:22:37 AM,925.082516670227
11/22/2025 4:22:47 AM,920.812010765076
11/22/2025 4:22:57 AM,
11/22/2025 4:23:07 AM,916.190242767334
11/22/2025 4:23:17 AM,
11/22/2025 4:23:27 AM,
11/22/2025 4:23:37 AM,
11/22/2025 4:23:47 AM,
11/22/2025 4:23:57 AM,
11/22/2025 4:24:07 AM,940.800797939301
11/22/2025 4:24:17 AM,
11/22/2025 4:24:27 AM,915.98607301712
11/22/2025 4:24:37 AM,
11/22/2025 4:24:47 AM,
11/22/2025 4:24:57 AM,
11/22/2025 4:25:07 AM,
11/22/2025 4:25:17 AM,1139.69013690948
11/22/2025 4:25:27 AM,
11/22/2025 4:25:37 AM,958.266699314117
11/22/2025 4:25:47 AM,
11/22/2025 4:25:57 AM,
11/22/2025 4:26:07 AM,
11/22/2025 4:26:17 AM,
11/22/2025 4:26:27 AM,
11/22/2025 4:26:37 AM,
11/22/2025 4:26:47 AM,
11/22/2025 4:26:57 AM,
11/22/2025 4:27:07 AM,
11/22/2025 4:27:17 AM,778.079330921173
11/22/2025 4:27:27 AM,
11/22/2025 4:27:37 AM,1194.28060054779
11/22/2025 4:27:47 AM,1239.09441232681
11/22/2025 4:27:57 AM,
11/22/2025 4:28:07 AM,
11/22/2025 4:28:17 AM,1179.27439212799
11/22/2025 4:28:27 AM,
11/22/2025 4:28:37 AM,
11/22/2025 4:28:47 AM,
11/22/2025 4:28:57 AM,769.368427991867
11/22/2025 4:29:07 AM,
11/22/2025 4:29:17 AM,
11/22/2025 4:29:27 AM,778.075897693634
11/22/2025 4:29:37 AM,
11/22/2025 4:29:47 AM,
11/22/2025 4:29:57 AM,
11/22/2025 4:30:07 AM,
11/22/2025 4:30:17 AM,
11/22/2025 4:30:27 AM,
11/22/2025 4:30:37 AM,
11/22/2025 4:30:47 AM,806.339997053146
11/22/2025 4:30:57 AM,
11/22/2025 4:31:07 AM,
11/22/2025 4:31:17 AM,
11/22/2025 4:31:27 AM,
11/22/2025 4:31:37 AM,
11/22/2025 4:31:47 AM,
11/22/2025 4:31:57 AM,
11/22/2025 4:32:07 AM,
11/22/2025 4:32:17 AM,
11/22/2025 4:32:27 AM,
11/22/2025 4:32:37 AM,
11/22/2025 4:32:47 AM,
11/22/2025 4:32:57 AM,
11/22/2025 4:33:07 AM,
11/22/2025 4:33:17 AM,
11/22/2025 4:33:27 AM,
11/22/2025 4:33:37 AM,
11/22/2025 4:33:47 AM,
11/22/2025 4:33:57 AM,
11/22/2025 4:34:07 AM,
11/22/2025 4:34:17 AM,
11/22/2025 4:34:27 AM,
11/22/2025 4:34:37 AM,
11/22/2025 4:34:47 AM,
11/22/2025 4:34:57 AM,
11/22/2025 4:35:07 AM,
11/22/2025 4:35:17 AM,
11/22/2025 4:35:27 AM,
11/22/2025 4:35:37 AM,
11/22/2025 4:35:47 AM,
11/22/2025 4:35:57 AM,829.859751462936
11/22/2025 4:36:07 AM,849.730628728867
11/22/2025 4:36:17 AM,
11/22/2025 4:36:27 AM,823.096561431885
11/22/2025 4:36:37 AM,830.063384771347
11/22/2025 4:36:47 AM,807.827872037888
11/22/2025 4:36:57 AM,812.703591585159
11/22/2025 4:37:07 AM,808.191365003586
11/22/2025 4:37:17 AM,791.628992557526
11/22/2025 4:37:27 AM,818.338268995285
11/22/2025 4:37:37 AM,808.824419975281
11/22/2025 4:37:47 AM,803.906428813934
11/22/2025 4:37:57 AM,
11/22/2025 4:38:07 AM,808.636289834976
11/22/2025 4:38:17 AM,
11/22/2025 4:38:27 AM,835.110068321228
11/22/2025 4:38:37 AM,822.796851396561
11/22/2025 4:38:47 AM,836.724543571472
11/22/2025 4:38:57 AM,
11/22/2025 4:39:07 AM,868.66203546524
11/22/2025 4:39:17 AM,
11/22/2025 4:39:27 AM,857.163727283478
11/22/2025 4:39:37 AM,843.370252847672
11/22/2025 4:39:47 AM,
11/22/2025 4:39:57 AM,
11/22/2025 4:40:07 AM,843.14484000206
11/22/2025 4:40:17 AM,840.628176927567
11/22/2025 4:40:27 AM,842.996406555176
11/22/2025 4:40:37 AM,847.384607791901
11/22/2025 4:40:47 AM,856.460720300674
11/22/2025 4:40:57 AM,
11/22/2025 4:41:07 AM,
11/22/2025 4:41:17 AM,
11/22/2025 4:41:27 AM,
11/22/2025 4:41:37 AM,
11/22/2025 4:41:47 AM,
11/22/2025 4:41:57 AM,
11/22/2025 4:42:07 AM,
11/22/2025 4:42:17 AM,
11/22/2025 4:42:27 AM,
11/22/2025 4:42:37 AM,875.949651002884
11/22/2025 4:42:47 AM,853.792458772659
11/22/2025 4:42:57 AM,844.981026649475
11/22/2025 4:43:07 AM,851.348483562469
11/22/2025 4:43:17 AM,839.793795347214
11/22/2025 4:43:27 AM,831.895226240158
11/22/2025 4:43:37 AM,843.4510409832
11/22/2025 4:43:47 AM,848.724049329758
11/22/2025 4:43:57 AM,844.64339017868
11/22/2025 4:44:07 AM,850.147175788879
11/22/2025 4:44:17 AM,852.32121348381
11/22/2025 4:44:27 AM,856.080061197281
11/22/2025 4:44:37 AM,855.359351634979
11/22/2025 4:44:47 AM,844.012051820755
11/22/2025 4:44:57 AM,835.162478685379
11/22/2025 4:45:07 AM,832.205826044083
11/22/2025 4:45:17 AM,
11/22/2025 4:45:27 AM,851.322895288467
11/22/2025 4:45:37 AM,852.325719594955
11/22/2025 4:45:47 AM,851.182293891907
11/22/2025 4:45:57 AM,
11/22/2025 4:46:07 AM,
11/22/2025 4:46:17 AM,
11/22/2025 4:46:27 AM,
11/22/2025 4:46:37 AM,
11/22/2025 4:46:47 AM,
11/22/2025 4:46:57 AM,
11/22/2025 4:47:07 AM,866.139847040176
11/22/2025 4:47:17 AM,
11/22/2025 4:47:27 AM,
11/22/2025 4:47:37 AM,841.173899173737
11/22/2025 4:47:47 AM,
11/22/2025 4:47:57 AM,818.648439645767
11/22/2025 4:48:07 AM,820.811533927917
11/22/2025 4:48:17 AM,
11/22/2025 4:48:27 AM,
11/22/2025 4:48:37 AM,816.338306665421
11/22/2025 4:48:47 AM,826.797795295715
11/22/2025 4:48:57 AM,803.580003976822
11/22/2025 4:49:07 AM,811.791104078293
11/22/2025 4:49:17 AM,828.972691297531
11/22/2025 4:49:27 AM,
11/22/2025 4:49:37 AM,
11/22/2025 4:49:47 AM,811.516338586807
11/22/2025 4:49:57 AM,826.441651582718
11/22/2025 4:50:07 AM,823.534727096558
11/22/2025 4:50:17 AM,
11/22/2025 4:50:27 AM,
11/22/2025 4:50:37 AM,
11/22/2025 4:50:47 AM,
11/22/2025 4:50:57 AM,
11/22/2025 4:51:07 AM,
11/22/2025 4:51:17 AM,
11/22/2025 4:51:27 AM,794.500190019608
11/22/2025 4:51:37 AM,797.77495265007
11/22/2025 4:51:47 AM,
11/22/2025 4:51:57 AM,
11/22/2025 4:52:07 AM,
11/22/2025 4:52:17 AM,
11/22/2025 4:52:27 AM,833.899372816086
11/22/2025 4:52:37 AM,830.353599786758
11/22/2025 4:52:47 AM,
11/22/2025 4:52:57 AM,781.829005479813
11/22/2025 4:53:07 AM,787.585562467575
11/22/2025 4:53:17 AM,803.1509578228
11/22/2025 4:53:27 AM,820.880895853043
11/22/2025 4:53:37 AM,815.676122903824
11/22/2025 4:53:47 AM,812.690663337708
11/22/2025 4:53:57 AM,807.553964853287
11/22/2025 4:54:07 AM,806.778967380524
11/22/2025 4:54:17 AM,813.103187084198
11/22/2025 4:54:27 AM,821.108400821686
11/22/2025 4:54:37 AM,824.799174070358
11/22/2025 4:54:47 AM,820.002686977386
11/22/2025 4:54:57 AM,840.636384487152
11/22/2025 4:55:07 AM,841.457676887512
11/22/2025 4:55:17 AM,
11/22/2025 4:55:27 AM,
11/22/2025 4:55:37 AM,
11/22/2025 4:55:47 AM,836.500310897827
11/22/2025 4:55:57 AM,829.039746522903
11/22/2025 4:56:07 AM,
11/22/2025 4:56:17 AM,
11/22/2025 4:56:27 AM,843.218386173248
11/22/2025 4:56:37 AM,831.027799844742
11/22/2025 4:56:47 AM,818.271696567535
11/22/2025 4:56:57 AM,
11/22/2025 4:57:07 AM,
11/22/2025 4:57:17 AM,833.912998437881
11/22/2025 4:57:27 AM,847.160214185715
11/22/2025 4:57:37 AM,848.341512680054
11/22/2025 4:57:47 AM,845.324403047562
11/22/2025 4:57:57 AM,855.813181400299
11/22/2025 4:58:07 AM,857.870221138
11/22/2025 4:58:17 AM,831.596106290817
11/22/2025 4:58:27 AM,831.844961643219
11/22/2025 4:58:37 AM,837.196719646454
11/22/2025 4:58:47 AM,829.312473535538
11/22/2025 4:58:57 AM,833.50573182106
11/22/2025 4:59:07 AM,832.000154256821
11/22/2025 4:59:17 AM,
11/22/2025 4:59:27 AM,
11/22/2025 4:59:37 AM,
11/22/2025 4:59:47 AM,849.133569002151
11/22/2025 4:59:57 AM,851.892864704132
11/22/2025 5:00:07 AM,862.385129928589
11/22/2025 5:00:17 AM,867.910480499268
11/22/2025 5:00:27 AM,866.801011562347
11/22/2025 5:00:37 AM,875.508588552475
11/22/2025 5:00:47 AM,886.59844994545
11/22/2025 5:00:57 AM,882.793414592743
11/22/2025 5:01:07 AM,872.972184419632
11/22/2025 5:01:17 AM,877.734714746475
11/22/2025 5:01:27 AM,
11/22/2025 5:01:37 AM,876.763647794724
11/22/2025 5:01:47 AM,876.255637407303
11/22/2025 5:01:57 AM,872.200566530228
11/22/2025 5:02:07 AM,871.545249223709
11/22/2025 5:02:17 AM,857.780420780182
11/22/2025 5:02:27 AM,855.487668514252
11/22/2025 5:02:37 AM,859.313035011292
11/22/2025 5:02:47 AM,855.686151981354
11/22/2025 5:02:57 AM,860.25475859642
11/22/2025 5:03:07 AM,
11/22/2025 5:03:17 AM,
11/22/2025 5:03:27 AM,851.831012964249
11/22/2025 5:03:37 AM,870.588558912277
11/22/2025 5:03:47 AM,
11/22/2025 5:03:57 AM,856.730496883392
11/22/2025 5:04:07 AM,850.666075944901
11/22/2025 5:04:17 AM,839.409649372101
11/22/2025 5:04:27 AM,829.0462911129
11/22/2025 5:04:37 AM,826.167905330658
11/22/2025 5:04:47 AM,826.216667890549
11/22/2025 5:04:57 AM,884.286546707153
11/22/2025 5:05:07 AM,861.570811271667
11/22/2025 5:05:17 AM,891.925317049026
11/22/2025 5:05:27 AM,
11/22/2025 5:05:37 AM,896.344578266144
11/22/2025 5:05:47 AM,882.066267728806
11/22/2025 5:05:57 AM,881.690490245819
11/22/2025 5:06:07 AM,880.323207378387
11/22/2025 5:06:17 AM,857.884865999222
11/22/2025 5:06:27 AM,844.86311674118
11/22/2025 5:06:37 AM,859.325802326202
11/22/2025 5:06:47 AM,
11/22/2025 5:06:57 AM,
11/22/2025 5:07:07 AM,859.499877691269
11/22/2025 5:07:17 AM,
11/22/2025 5:07:27 AM,
11/22/2025 5:07:37 AM,856.713384389877
11/22/2025 5:07:47 AM,
11/22/2025 5:07:57 AM,883.893710374832
11/22/2025 5:08:07 AM,865.581089258194
11/22/2025 5:08:17 AM,868.378096818924
11/22/2025 5:08:27 AM,849.404579401016
11/22/2025 5:08:37 AM,839.678782224655
11/22/2025 5:08:47 AM,866.9040620327
11/22/2025 5:08:57 AM,
11/22/2025 5:09:07 AM,835.880881547928
11/22/2025 5:09:17 AM,
11/22/2025 5:09:27 AM,
11/22/2025 5:09:37 AM,
11/22/2025 5:09:47 AM,
11/22/2025 5:09:57 AM,
11/22/2025 5:10:07 AM,
11/22/2025 5:10:17 AM,859.805649518967
11/22/2025 5:10:27 AM,
11/22/2025 5:10:37 AM,
11/22/2025 5:10:47 AM,869.721347093582
11/22/2025 5:10:57 AM,
11/22/2025 5:11:07 AM,
11/22/2025 5:11:17 AM,
11/22/2025 5:11:27 AM,
11/22/2025 5:11:37 AM,
11/22/2025 5:11:47 AM,
11/22/2025 5:11:57 AM,
11/22/2025 5:12:07 AM,
11/22/2025 5:12:17 AM,
11/22/2025 5:12:27 AM,
11/22/2025 5:12:37 AM,854.326432943344
11/22/2025 5:12:47 AM,
11/22/2025 5:12:57 AM,855.823051929474
11/22/2025 5:13:07 AM,849.884426593781
11/22/2025 5:13:17 AM,847.265839576721
11/22/2025 5:13:27 AM,854.137068986893
11/22/2025 5:13:37 AM,864.734154939651
11/22/2025 5:13:47 AM,
11/22/2025 5:13:57 AM,827.528804540634
11/22/2025 5:14:07 AM,831.458723545074
11/22/2025 5:14:17 AM,
11/22/2025 5:14:27 AM,
11/22/2025 5:14:37 AM,834.698992967606
11/22/2025 5:14:47 AM,844.752663373947
11/22/2025 5:14:57 AM,847.056841850281
11/22/2025 5:15:07 AM,846.799349784851
11/22/2025 5:15:17 AM,855.027455091476
11/22/2025 5:15:27 AM,849.561542272568
11/22/2025 5:15:37 AM,
11/22/2025 5:15:47 AM,879.870772361755
11/22/2025 5:15:57 AM,890.437656641006
11/22/2025 5:16:07 AM,878.338694572449
11/22/2025 5:16:17 AM,
11/22/2025 5:16:27 AM,873.466944694519
11/22/2025 5:16:37 AM,
11/22/2025 5:16:47 AM,
11/22/2025 5:16:57 AM,859.866374731064
11/22/2025 5:17:07 AM,873.23659658432
11/22/2025 5:17:17 AM,854.724580049515
11/22/2025 5:17:27 AM,
11/22/2025 5:17:37 AM,864.201200008392
11/22/2025 5:17:47 AM,
11/22/2025 5:17:57 AM,
11/22/2025 5:18:07 AM,
11/22/2025 5:18:17 AM,866.523993015289
11/22/2025 5:18:27 AM,
11/22/2025 5:18:37 AM,
11/22/2025 5:18:47 AM,
11/22/2025 5:18:57 AM,
11/22/2025 5:19:07 AM,
11/22/2025 5:19:17 AM,
11/22/2025 5:19:27 AM,
11/22/2025 5:19:37 AM,
11/22/2025 5:19:47 AM,
11/22/2025 5:19:57 AM,888.659566640854
11/22/2025 5:20:07 AM,878.582668304443
11/22/2025 5:20:17 AM,
11/22/2025 5:20:27 AM,863.947141170502
11/22/2025 5:20:37 AM,
11/22/2025 5:20:47 AM,871.661549806595
11/22/2025 5:20:57 AM,
11/22/2025 5:21:07 AM,
11/22/2025 5:21:17 AM,864.389383792877
11/22/2025 5:21:27 AM,869.266015291214
11/22/2025 5:21:37 AM,
11/22/2025 5:21:47 AM,
11/22/2025 5:21:57 AM,
11/22/2025 5:22:07 AM,839.491188526154
11/22/2025 5:22:17 AM,844.219815731049
11/22/2025 5:22:27 AM,849.21607375145
11/22/2025 5:22:37 AM,
11/22/2025 5:22:47 AM,
11/22/2025 5:22:57 AM,
11/22/2025 5:23:07 AM,
11/22/2025 5:23:17 AM,
11/22/2025 5:23:27 AM,870.559591054916
11/22/2025 5:23:37 AM,
11/22/2025 5:23:47 AM,871.544766426086
11/22/2025 5:23:57 AM,
11/22/2025 5:24:07 AM,
11/22/2025 5:24:17 AM,865.179616212845
11/22/2025 5:24:27 AM,
11/22/2025 5:24:37 AM,
11/22/2025 5:24:47 AM,854.227244853973
11/22/2025 5:24:57 AM,
11/22/2025 5:25:07 AM,
11/22/2025 5:25:17 AM,843.849402666092
11/22/2025 5:25:27 AM,846.34712934494
11/22/2025 5:25:37 AM,
11/22/2025 5:25:47 AM,
11/22/2025 5:25:57 AM,
11/22/2025 5:26:07 AM,
11/22/2025 5:26:17 AM,
11/22/2025 5:26:27 AM,
11/22/2025 5:26:37 AM,
11/22/2025 5:26:47 AM,882.570737600327
11/22/2025 5:26:57 AM,
11/22/2025 5:27:07 AM,
11/22/2025 5:27:17 AM,
11/22/2025 5:27:27 AM,
11/22/2025 5:27:37 AM,
11/22/2025 5:27:47 AM,
11/22/2025 5:27:57 AM,
11/22/2025 5:28:07 AM,
11/22/2025 5:28:17 AM,
11/22/2025 5:28:27 AM,
11/22/2025 5:28:37 AM,
11/22/2025 5:28:47 AM,
11/22/2025 5:28:57 AM,
11/22/2025 5:29:07 AM,
11/22/2025 5:29:17 AM,852.001440525055
11/22/2025 5:29:27 AM,
11/22/2025 5:29:37 AM,
11/22/2025 5:29:47 AM,
11/22/2025 5:29:57 AM,
11/22/2025 5:30:07 AM,
11/22/2025 5:30:17 AM,
11/22/2025 5:30:27 AM,
11/22/2025 5:30:37 AM,
11/22/2025 5:30:47 AM,
11/22/2025 5:30:57 AM,
11/22/2025 5:31:07 AM,
11/22/2025 5:31:17 AM,
11/22/2025 5:31:27 AM,
11/22/2025 5:31:37 AM,
11/22/2025 5:31:47 AM,888.889217376709
11/22/2025 5:31:57 AM,
11/22/2025 5:32:07 AM,
11/22/2025 5:32:17 AM,
11/22/2025 5:32:27 AM,892.257910966873
11/22/2025 5:32:37 AM,
11/22/2025 5:32:47 AM,
11/22/2025 5:32:57 AM,
11/22/2025 5:33:07 AM,
11/22/2025 5:33:17 AM,
11/22/2025 5:33:27 AM,
11/22/2025 5:33:37 AM,
11/22/2025 5:33:47 AM,
11/22/2025 5:33:57 AM,
11/22/2025 5:34:07 AM,
11/22/2025 5:34:17 AM,
11/22/2025 5:34:27 AM,
11/22/2025 5:34:37 AM,
11/22/2025 5:34:47 AM,
11/22/2025 5:34:57 AM,
11/22/2025 5:35:07 AM,
11/22/2025 5:35:17 AM,
11/22/2025 5:35:27 AM,
11/22/2025 5:35:37 AM,
11/22/2025 5:35:47 AM,
11/22/2025 5:35:57 AM,
11/22/2025 5:36:07 AM,
11/22/2025 5:36:17 AM,
11/22/2025 5:36:27 AM,
11/22/2025 5:36:37 AM,
11/22/2025 5:36:47 AM,
11/22/2025 5:36:57 AM,
11/22/2025 5:37:07 AM,
11/22/2025 5:37:17 AM,
11/22/2025 5:37:27 AM,
11/22/2025 5:37:37 AM,
11/22/2025 5:37:47 AM,
11/22/2025 5:37:57 AM,828.077155351639
11/22/2025 5:38:07 AM,
11/22/2025 5:38:17 AM,
11/22/2025 5:38:27 AM,
11/22/2025 5:38:37 AM,
11/22/2025 5:38:47 AM,
11/22/2025 5:38:57 AM,
11/22/2025 5:39:07 AM,
11/22/2025 5:39:17 AM,
11/22/2025 5:39:27 AM,
11/22/2025 5:39:37 AM,868.194097280502
11/22/2025 5:39:47 AM,832.779711484909
11/22/2025 5:39:57 AM,
11/22/2025 5:40:07 AM,842.286211252213
11/22/2025 5:40:17 AM,846.01743221283
11/22/2025 5:40:27 AM,834.32343006134
11/22/2025 5:40:37 AM,
11/22/2025 5:40:47 AM,
11/22/2025 5:40:57 AM,845.037299394608
11/22/2025 5:41:07 AM,
11/22/2025 5:41:17 AM,
11/22/2025 5:41:27 AM,
11/22/2025 5:41:37 AM,
11/22/2025 5:41:47 AM,
11/22/2025 5:41:57 AM,
11/22/2025 5:42:07 AM,
11/22/2025 5:42:17 AM,
11/22/2025 5:42:27 AM,
11/22/2025 5:42:37 AM,
11/22/2025 5:42:47 AM,
11/22/2025 5:42:57 AM,
11/22/2025 5:43:07 AM,1177.51024961472
11/22/2025 5:43:17 AM,
11/22/2025 5:43:27 AM,
11/22/2025 5:43:37 AM,
11/22/2025 5:43:47 AM,1166.89556837082
11/22/2025 5:43:57 AM,
11/22/2025 5:44:07 AM,1170.9293961525
11/22/2025 5:44:17 AM,
11/22/2025 5:44:27 AM,
11/22/2025 5:44:37 AM,1169.9679851532
11/22/2025 5:44:47 AM,1173.67984056473
11/22/2025 5:44:57 AM,1168.39470863342
11/22/2025 5:45:07 AM,1170.47567367554
11/22/2025 5:45:17 AM,
11/22/2025 5:45:27 AM,1035.05254983902
11/22/2025 5:45:37 AM,
11/22/2025 5:45:47 AM,
11/22/2025 5:45:57 AM,677.251017093658
11/22/2025 5:46:07 AM,
11/22/2025 5:46:17 AM,
11/22/2025 5:46:27 AM,
11/22/2025 5:46:37 AM,1153.16383838654
11/22/2025 5:46:47 AM,1081.551861763
11/22/2025 5:46:57 AM,1050.8037686348
11/22/2025 5:47:07 AM,1100.54436922073
11/22/2025 5:47:17 AM,
11/22/2025 5:47:27 AM,1146.47741317749
11/22/2025 5:47:37 AM,951.42320394516
11/22/2025 5:47:47 AM,
11/22/2025 5:47:57 AM,930.130755901337
11/22/2025 5:48:07 AM,1037.52876520157
11/22/2025 5:48:17 AM,1109.3027472496
11/22/2025 5:48:27 AM,1154.89375591278
11/22/2025 5:48:37 AM,1160.10582447052
11/22/2025 5:48:47 AM,1149.97962713242
11/22/2025 5:48:57 AM,1151.17599964142
11/22/2025 5:49:07 AM,1109.62954759598
11/22/2025 5:49:17 AM,
11/22/2025 5:49:27 AM,
11/22/2025 5:49:37 AM,
11/22/2025 5:49:47 AM,
11/22/2025 5:49:57 AM,
11/22/2025 5:50:07 AM,
11/22/2025 5:50:17 AM,
11/22/2025 5:50:27 AM,
11/22/2025 5:50:37 AM,
11/22/2025 5:50:47 AM,999.976873397827
11/22/2025 5:50:57 AM,1073.56853485107
11/22/2025 5:51:07 AM,1007.58565664291
11/22/2025 5:51:17 AM,734.047919511795
11/22/2025 5:51:27 AM,
11/22/2025 5:51:37 AM,
11/22/2025 5:51:47 AM,659.873414039612
11/22/2025 5:51:57 AM,663.552707433701
11/22/2025 5:52:07 AM,667.843973636627
11/22/2025 5:52:17 AM,655.52174448967
11/22/2025 5:52:27 AM,662.74031996727
11/22/2025 5:52:37 AM,661.725854873657
11/22/2025 5:52:47 AM,669.36087012291
11/22/2025 5:52:57 AM,
11/22/2025 5:53:07 AM,
11/22/2025 5:53:17 AM,
11/22/2025 5:53:27 AM,981.243252754211
11/22/2025 5:53:37 AM,
11/22/2025 5:53:47 AM,
11/22/2025 5:53:57 AM,
11/22/2025 5:54:07 AM,
11/22/2025 5:54:17 AM,
11/22/2025 5:54:27 AM,
11/22/2025 5:54:37 AM,
11/22/2025 5:54:47 AM,
11/22/2025 5:54:57 AM,
11/22/2025 5:55:07 AM,
11/22/2025 5:55:17 AM,
11/22/2025 5:55:27 AM,
11/22/2025 5:55:37 AM,
11/22/2025 5:55:47 AM,
11/22/2025 5:55:57 AM,
11/22/2025 5:56:07 AM,
11/22/2025 5:56:17 AM,
11/22/2025 5:56:27 AM,
11/22/2025 5:56:37 AM,
11/22/2025 5:56:47 AM,
11/22/2025 5:56:57 AM,
11/22/2025 5:57:07 AM,
11/22/2025 5:57:17 AM,
11/22/2025 5:57:27 AM,
11/22/2025 5:57:37 AM,
11/22/2025 5:57:47 AM,
11/22/2025 5:57:57 AM,
11/22/2025 5:58:07 AM,
11/22/2025 5:58:17 AM,
11/22/2025 5:58:27 AM,
11/22/2025 5:58:37 AM,
11/22/2025 5:58:47 AM,
11/22/2025 5:58:57 AM,
11/22/2025 5:59:07 AM,
11/22/2025 5:59:17 AM,
11/22/2025 5:59:27 AM,674.143892526627
11/22/2025 5:59:37 AM,
11/22/2025 5:59:47 AM,666.702318191528
11/22/2025 5:59:57 AM,687.872511148453
11/22/2025 6:00:07 AM,680.666166543961
11/22/2025 6:00:17 AM,
11/22/2025 6:00:27 AM,692.714542150497
11/22/2025 6:00:37 AM,
11/22/2025 6:00:47 AM,
11/22/2025 6:00:57 AM,
11/22/2025 6:01:07 AM,
11/22/2025 6:01:17 AM,
11/22/2025 6:01:27 AM,
11/22/2025 6:01:37 AM,
11/22/2025 6:01:47 AM,
11/22/2025 6:01:57 AM,
11/22/2025 6:02:07 AM,
11/22/2025 6:02:17 AM,
11/22/2025 6:02:27 AM,
11/22/2025 6:02:37 AM,
11/22/2025 6:02:47 AM,
11/22/2025 6:02:57 AM,
11/22/2025 6:03:07 AM,
11/22/2025 6:03:17 AM,
11/22/2025 6:03:27 AM,
11/22/2025 6:03:37 AM,
11/22/2025 6:03:47 AM,
11/22/2025 6:03:57 AM,
11/22/2025 6:04:07 AM,
11/22/2025 6:04:17 AM,
11/22/2025 6:04:27 AM,
11/22/2025 6:04:37 AM,
11/22/2025 6:04:47 AM,
11/22/2025 6:04:57 AM,
11/22/2025 6:05:07 AM,
11/22/2025 6:05:17 AM,
11/22/2025 6:05:27 AM,
11/22/2025 6:05:37 AM,
11/22/2025 6:05:47 AM,
11/22/2025 6:05:57 AM,
11/22/2025 6:06:07 AM,
11/22/2025 6:06:17 AM,
11/22/2025 6:06:27 AM,
11/22/2025 6:06:37 AM,
11/22/2025 6:06:47 AM,
11/22/2025 6:06:57 AM,
11/22/2025 6:07:07 AM,
11/22/2025 6:07:17 AM,
11/22/2025 6:07:27 AM,
11/22/2025 6:07:37 AM,
11/22/2025 6:07:47 AM,
11/22/2025 6:07:57 AM,
11/22/2025 6:08:07 AM,
11/22/2025 6:08:17 AM,
11/22/2025 6:08:27 AM,
11/22/2025 6:08:37 AM,
11/22/2025 6:08:47 AM,
11/22/2025 6:08:57 AM,
11/22/2025 6:09:07 AM,719.319427013397
11/22/2025 6:09:17 AM,
11/22/2025 6:09:27 AM,
11/22/2025 6:09:37 AM,917.268061637878
11/22/2025 6:09:47 AM,
11/22/2025 6:09:57 AM,
11/22/2025 6:10:07 AM,
11/22/2025 6:10:17 AM,
11/22/2025 6:10:27 AM,705.9490442276
11/22/2025 6:10:37 AM,
11/22/2025 6:10:47 AM,
11/22/2025 6:10:57 AM,
11/22/2025 6:11:07 AM,
11/22/2025 6:11:17 AM,
11/22/2025 6:11:27 AM,466.875654459
11/22/2025 6:11:37 AM,472.715306282043
11/22/2025 6:11:47 AM,469.329339265823
11/22/2025 6:11:57 AM,480.409008264542
11/22/2025 6:12:07 AM,483.023196458817
11/22/2025 6:12:17 AM,482.82927274704
11/22/2025 6:12:27 AM,474.73184466362
11/22/2025 6:12:37 AM,
11/22/2025 6:12:47 AM,463.176190853119
11/22/2025 6:12:57 AM,460.930752754211
11/22/2025 6:13:07 AM,458.417308330536
11/22/2025 6:13:17 AM,455.884122848511
11/22/2025 6:13:27 AM,463.226079940796
11/22/2025 6:13:37 AM,464.670664072037
11/22/2025 6:13:47 AM,
11/22/2025 6:13:57 AM,473.940753936768
11/22/2025 6:14:07 AM,
11/22/2025 6:14:17 AM,490.16484618187
11/22/2025 6:14:27 AM,496.355599164963
11/22/2025 6:14:37 AM,493.311131000519
11/22/2025 6:14:47 AM,496.470719575882
11/22/2025 6:14:57 AM,
11/22/2025 6:15:07 AM,
11/22/2025 6:15:17 AM,
11/22/2025 6:15:27 AM,
11/22/2025 6:15:37 AM,499.878358840942
11/22/2025 6:15:47 AM,493.211513757706
11/22/2025 6:15:57 AM,
11/22/2025 6:16:07 AM,490.779769420624
11/22/2025 6:16:17 AM,487.184965610504
11/22/2025 6:16:27 AM,494.521933794022
11/22/2025 6:16:37 AM,494.155597686768
11/22/2025 6:16:47 AM,490.913718938828
11/22/2025 6:16:57 AM,494.711995124817
11/22/2025 6:17:07 AM,502.144449949265
11/22/2025 6:17:17 AM,513.34422826767
11/22/2025 6:17:27 AM,514.099162817001
11/22/2025 6:17:37 AM,507.819896936417
11/22/2025 6:17:47 AM,503.101408481598
11/22/2025 6:17:57 AM,500.884401798248
11/22/2025 6:18:07 AM,500.51543712616
11/22/2025 6:18:17 AM,497.299039363861
11/22/2025 6:18:27 AM,500.280743837357
11/22/2025 6:18:37 AM,499.932378530502
11/22/2025 6:18:47 AM,
11/22/2025 6:18:57 AM,501.327341794968
11/22/2025 6:19:07 AM,493.629670143127
11/22/2025 6:19:17 AM,
11/22/2025 6:19:27 AM,
11/22/2025 6:19:37 AM,
11/22/2025 6:19:47 AM,
11/22/2025 6:19:57 AM,
11/22/2025 6:20:07 AM,525.617426633835
11/22/2025 6:20:17 AM,
11/22/2025 6:20:27 AM,
11/22/2025 6:20:37 AM,
11/22/2025 6:20:47 AM,
11/22/2025 6:20:57 AM,
11/22/2025 6:21:07 AM,
11/22/2025 6:21:17 AM,
11/22/2025 6:21:27 AM,501.131272315979
11/22/2025 6:21:37 AM,
11/22/2025 6:21:47 AM,
11/22/2025 6:21:57 AM,488.897877931595
11/22/2025 6:22:07 AM,
11/22/2025 6:22:17 AM,
11/22/2025 6:22:27 AM,
11/22/2025 6:22:37 AM,
11/22/2025 6:22:47 AM,500.120133161545
11/22/2025 6:22:57 AM,
11/22/2025 6:23:07 AM,
11/22/2025 6:23:17 AM,
11/22/2025 6:23:27 AM,
11/22/2025 6:23:37 AM,
11/22/2025 6:23:47 AM,
11/22/2025 6:23:57 AM,
11/22/2025 6:24:07 AM,
11/22/2025 6:24:17 AM,
11/22/2025 6:24:27 AM,526.557379961014
11/22/2025 6:24:37 AM,
11/22/2025 6:24:47 AM,
11/22/2025 6:24:57 AM,
11/22/2025 6:25:07 AM,602.459496259689
11/22/2025 6:25:17 AM,
11/22/2025 6:25:27 AM,582.918745279312
11/22/2025 6:25:37 AM,573.966550827026
11/22/2025 6:25:47 AM,582.521188259125
11/22/2025 6:25:57 AM,563.711285591125
11/22/2025 6:26:07 AM,
11/22/2025 6:26:17 AM,
11/22/2025 6:26:27 AM,
11/22/2025 6:26:37 AM,
11/22/2025 6:26:47 AM,
11/22/2025 6:26:57 AM,
11/22/2025 6:27:07 AM,
11/22/2025 6:27:17 AM,
11/22/2025 6:27:27 AM,
11/22/2025 6:27:37 AM,
11/22/2025 6:27:47 AM,
11/22/2025 6:27:57 AM,
11/22/2025 6:28:07 AM,
11/22/2025 6:28:17 AM,
11/22/2025 6:28:27 AM,
11/22/2025 6:28:37 AM,
11/22/2025 6:28:47 AM,740.449011325836
11/22/2025 6:28:57 AM,771.090459823608
11/22/2025 6:29:07 AM,834.414625167847
11/22/2025 6:29:17 AM,902.467203140259
11/22/2025 6:29:27 AM,
11/22/2025 6:29:37 AM,
11/22/2025 6:29:47 AM,
11/22/2025 6:29:57 AM,
11/22/2025 6:30:07 AM,
11/22/2025 6:30:17 AM,
11/22/2025 6:30:27 AM,
11/22/2025 6:30:37 AM,
11/22/2025 6:30:47 AM,
11/22/2025 6:30:57 AM,
11/22/2025 6:31:07 AM,
11/22/2025 6:31:17 AM,
11/22/2025 6:31:27 AM,
11/22/2025 6:31:37 AM,
11/22/2025 6:31:47 AM,
11/22/2025 6:31:57 AM,
11/22/2025 6:32:07 AM,
11/22/2025 6:32:17 AM,
11/22/2025 6:32:27 AM,
11/22/2025 6:32:37 AM,
11/22/2025 6:32:47 AM,
11/22/2025 6:32:57 AM,
11/22/2025 6:33:07 AM,
11/22/2025 6:33:17 AM,
11/22/2025 6:33:27 AM,
11/22/2025 6:33:37 AM,
11/22/2025 6:33:47 AM,
11/22/2025 6:33:57 AM,
11/22/2025 6:34:07 AM,
11/22/2025 6:34:17 AM,
11/22/2025 6:34:27 AM,
11/22/2025 6:34:37 AM,
11/22/2025 6:34:47 AM,
11/22/2025 6:34:57 AM,
11/22/2025 6:35:07 AM,
11/22/2025 6:35:17 AM,
11/22/2025 6:35:27 AM,
11/22/2025 6:35:37 AM,
11/22/2025 6:35:47 AM,
11/22/2025 6:35:57 AM,
11/22/2025 6:36:07 AM,
11/22/2025 6:36:17 AM,
11/22/2025 6:36:27 AM,
11/22/2025 6:36:37 AM,
11/22/2025 6:36:47 AM,
11/22/2025 6:36:57 AM,
11/22/2025 6:37:07 AM,
11/22/2025 6:37:17 AM,
11/22/2025 6:37:27 AM,
11/22/2025 6:37:37 AM,
11/22/2025 6:37:47 AM,
11/22/2025 6:37:57 AM,
11/22/2025 6:38:07 AM,
11/22/2025 6:38:17 AM,
11/22/2025 6:38:27 AM,
11/22/2025 6:38:37 AM,
11/22/2025 6:38:47 AM,
11/22/2025 6:38:57 AM,
11/22/2025 6:39:07 AM,
11/22/2025 6:39:17 AM,
11/22/2025 6:39:27 AM,
11/22/2025 6:39:37 AM,
11/22/2025 6:39:47 AM,
11/22/2025 6:39:57 AM,
11/22/2025 6:40:07 AM,
11/22/2025 6:40:17 AM,
11/22/2025 6:40:27 AM,
11/22/2025 6:40:37 AM,
11/22/2025 6:40:47 AM,
11/22/2025 6:40:57 AM,
11/22/2025 6:41:07 AM,
11/22/2025 6:41:17 AM,
11/22/2025 6:41:27 AM,
11/22/2025 6:41:37 AM,319.815927743912
11/22/2025 6:41:47 AM,
11/22/2025 6:41:57 AM,
11/22/2025 6:42:07 AM,
11/22/2025 6:42:17 AM,
11/22/2025 6:42:27 AM,306.215626001358
11/22/2025 6:42:37 AM,311.180394887924
11/22/2025 6:42:47 AM,
11/22/2025 6:42:57 AM,
11/22/2025 6:43:07 AM,
11/22/2025 6:43:17 AM,
11/22/2025 6:43:27 AM,
11/22/2025 6:43:37 AM,
11/22/2025 6:43:47 AM,
11/22/2025 6:43:57 AM,
11/22/2025 6:44:07 AM,
11/22/2025 6:44:17 AM,
11/22/2025 6:44:27 AM,
11/22/2025 6:44:37 AM,
11/22/2025 6:44:47 AM,
11/22/2025 6:44:57 AM,
11/22/2025 6:45:07 AM,
11/22/2025 6:45:17 AM,
11/22/2025 6:45:27 AM,
11/22/2025 6:45:37 AM,
11/22/2025 6:45:47 AM,
11/22/2025 6:45:57 AM,
11/22/2025 6:46:07 AM,
11/22/2025 6:46:17 AM,
11/22/2025 6:46:27 AM,
11/22/2025 6:46:37 AM,
11/22/2025 6:46:47 AM,
11/22/2025 6:46:57 AM,
11/22/2025 6:47:07 AM,
11/22/2025 6:47:17 AM,
11/22/2025 6:47:27 AM,
11/22/2025 6:47:37 AM,
11/22/2025 6:47:47 AM,
11/22/2025 6:47:57 AM,
11/22/2025 6:48:07 AM,
11/22/2025 6:48:17 AM,
11/22/2025 6:48:27 AM,
11/22/2025 6:48:37 AM,
11/22/2025 6:48:47 AM,
11/22/2025 6:48:57 AM,
11/22/2025 6:49:07 AM,
11/22/2025 6:49:17 AM,
11/22/2025 6:49:27 AM,
11/22/2025 6:49:37 AM,
11/22/2025 6:49:47 AM,
11/22/2025 6:49:57 AM,
11/22/2025 6:50:07 AM,
11/22/2025 6:50:17 AM,
11/22/2025 6:50:27 AM,
11/22/2025 6:50:37 AM,
11/22/2025 6:50:47 AM,
11/22/2025 6:50:57 AM,
11/22/2025 6:51:07 AM,
11/22/2025 6:51:17 AM,
11/22/2025 6:51:27 AM,
11/22/2025 6:51:37 AM,
11/22/2025 6:51:47 AM,
11/22/2025 6:51:57 AM,
11/22/2025 6:52:07 AM,
11/22/2025 6:52:17 AM,
11/22/2025 6:52:27 AM,
11/22/2025 6:52:37 AM,
11/22/2025 6:52:47 AM,
11/22/2025 6:52:57 AM,
11/22/2025 6:53:07 AM,
11/22/2025 6:53:17 AM,
11/22/2025 6:53:27 AM,
11/22/2025 6:53:37 AM,
11/22/2025 6:53:47 AM,
11/22/2025 6:53:57 AM,
11/22/2025 6:54:07 AM,
11/22/2025 6:54:17 AM,
11/22/2025 6:54:27 AM,
11/22/2025 6:54:37 AM,
11/22/2025 6:54:47 AM,
11/22/2025 6:54:57 AM,
11/22/2025 6:55:07 AM,
11/22/2025 6:55:17 AM,
11/22/2025 6:55:27 AM,
11/22/2025 6:55:37 AM,
11/22/2025 6:55:47 AM,
11/22/2025 6:55:57 AM,
11/22/2025 6:56:07 AM,
11/22/2025 6:56:17 AM,
11/22/2025 6:56:27 AM,
11/22/2025 6:56:37 AM,
11/22/2025 6:56:47 AM,
11/22/2025 6:56:57 AM,
11/22/2025 6:57:07 AM,
11/22/2025 6:57:17 AM,
11/22/2025 6:57:27 AM,
11/22/2025 6:57:37 AM,
11/22/2025 6:57:47 AM,
11/22/2025 6:57:57 AM,
11/22/2025 6:58:07 AM,
11/22/2025 6:58:17 AM,
11/22/2025 6:58:27 AM,
11/22/2025 6:58:37 AM,
11/22/2025 6:58:47 AM,
11/22/2025 6:58:57 AM,311.666223406792
11/22/2025 6:59:07 AM,470.290160179138
11/22/2025 6:59:17 AM,411.453786492348
11/22/2025 6:59:27 AM,
11/22/2025 6:59:37 AM,
11/22/2025 6:59:47 AM,492.468327283859
11/22/2025 6:59:57 AM,
11/22/2025 7:00:07 AM,540.100604295731
11/22/2025 7:00:17 AM,
11/22/2025 7:00:27 AM,
11/22/2025 7:00:37 AM,
11/22/2025 7:00:47 AM,
11/22/2025 7:00:57 AM,
11/22/2025 7:01:07 AM,
11/22/2025 7:01:17 AM,
11/22/2025 7:01:27 AM,
11/22/2025 7:01:37 AM,
11/22/2025 7:01:47 AM,
11/22/2025 7:01:57 AM,
11/22/2025 7:02:07 AM,
11/22/2025 7:02:17 AM,
11/22/2025 7:02:27 AM,
11/22/2025 7:02:37 AM,
11/22/2025 7:02:47 AM,
11/22/2025 7:02:57 AM,
11/22/2025 7:03:07 AM,509.428256750107
11/22/2025 7:03:17 AM,484.895753860474
11/22/2025 7:03:27 AM,481.633597612381
11/22/2025 7:03:37 AM,466.894429922104
11/22/2025 7:03:47 AM,500.264167785645
11/22/2025 7:03:57 AM,473.124504089355
11/22/2025 7:04:07 AM,
11/22/2025 7:04:17 AM,491.37521982193
11/22/2025 7:04:27 AM,
11/22/2025 7:04:37 AM,
11/22/2025 7:04:47 AM,
11/22/2025 7:04:57 AM,
11/22/2025 7:05:07 AM,
11/22/2025 7:05:17 AM,
11/22/2025 7:05:27 AM,
11/22/2025 7:05:37 AM,
11/22/2025 7:05:47 AM,
11/22/2025 7:05:57 AM,
11/22/2025 7:06:07 AM,522.474038600922
11/22/2025 7:06:17 AM,
11/22/2025 7:06:27 AM,
11/22/2025 7:06:37 AM,
11/22/2025 7:06:47 AM,
11/22/2025 7:06:57 AM,
11/22/2025 7:07:07 AM,
11/22/2025 7:07:17 AM,
11/22/2025 7:07:27 AM,
11/22/2025 7:07:37 AM,474.720847606659
11/22/2025 7:07:47 AM,
11/22/2025 7:07:57 AM,515.079510211945
11/22/2025 7:08:07 AM,512.46537566185
11/22/2025 7:08:17 AM,519.215476512909
11/22/2025 7:08:27 AM,515.148013830185
11/22/2025 7:08:37 AM,
11/22/2025 7:08:47 AM,502.41926908493
11/22/2025 7:08:57 AM,498.450189828873
11/22/2025 7:09:07 AM,497.769981622696
11/22/2025 7:09:17 AM,494.385623931885
11/22/2025 7:09:27 AM,487.881106138229
11/22/2025 7:09:37 AM,488.815158605576
11/22/2025 7:09:47 AM,489.071094989777
11/22/2025 7:09:57 AM,486.276072263718
11/22/2025 7:10:07 AM,486.30359172821
11/22/2025 7:10:17 AM,484.996390342712
11/22/2025 7:10:27 AM,
11/22/2025 7:10:37 AM,470.231795310974
11/22/2025 7:10:47 AM,461.58601641655
11/22/2025 7:10:57 AM,448.874866962433
11/22/2025 7:11:07 AM,439.244717359543
11/22/2025 7:11:17 AM,444.693920016289
11/22/2025 7:11:27 AM,440.746459364891
11/22/2025 7:11:37 AM,436.669045686722
11/22/2025 7:11:47 AM,438.40483725071
11/22/2025 7:11:57 AM,440.441036224365
11/22/2025 7:12:07 AM,443.94668340683
11/22/2025 7:12:17 AM,449.493142962456
11/22/2025 7:12:27 AM,451.775246858597
11/22/2025 7:12:37 AM,450.1440346241
11/22/2025 7:12:47 AM,449.0851521492
11/22/2025 7:12:57 AM,453.024137020111
11/22/2025 7:13:07 AM,
11/22/2025 7:13:17 AM,436.629831790924
11/22/2025 7:13:27 AM,419.921413064003
11/22/2025 7:13:37 AM,405.289399623871
11/22/2025 7:13:47 AM,405.718150734901
11/22/2025 7:13:57 AM,409.904837608337
11/22/2025 7:14:07 AM,
11/22/2025 7:14:17 AM,416.103154420853
11/22/2025 7:14:27 AM,413.288471102715
11/22/2025 7:14:37 AM,
11/22/2025 7:14:47 AM,408.860921859741
11/22/2025 7:14:57 AM,410.709258913994
11/22/2025 7:15:07 AM,418.576070666313
11/22/2025 7:15:17 AM,412.843841314316
11/22/2025 7:15:27 AM,417.124378681183
11/22/2025 7:15:37 AM,
11/22/2025 7:15:47 AM,
11/22/2025 7:15:57 AM,
11/22/2025 7:16:07 AM,
11/22/2025 7:16:17 AM,
11/22/2025 7:16:27 AM,392.661935091019
11/22/2025 7:16:37 AM,
11/22/2025 7:16:47 AM,
11/22/2025 7:16:57 AM,398.10486137867
11/22/2025 7:17:07 AM,
11/22/2025 7:17:17 AM,397.742575407028
11/22/2025 7:17:27 AM,397.183334827423
11/22/2025 7:17:37 AM,397.992879152298
11/22/2025 7:17:47 AM,407.171854376793
11/22/2025 7:17:57 AM,411.10292673111
11/22/2025 7:18:07 AM,408.615097403526
11/22/2025 7:18:17 AM,406.254512071609
11/22/2025 7:18:27 AM,396.796426177025
11/22/2025 7:18:37 AM,384.689900279045
11/22/2025 7:18:47 AM,
11/22/2025 7:18:57 AM,
11/22/2025 7:19:07 AM,
11/22/2025 7:19:17 AM,
11/22/2025 7:19:27 AM,
11/22/2025 7:19:37 AM,377.799841761589
11/22/2025 7:19:47 AM,378.061491250992
11/22/2025 7:19:57 AM,
11/22/2025 7:20:07 AM,
11/22/2025 7:20:17 AM,377.752768993378
11/22/2025 7:20:27 AM,
11/22/2025 7:20:37 AM,
11/22/2025 7:20:47 AM,381.85408115387
11/22/2025 7:20:57 AM,386.498138308525
11/22/2025 7:21:07 AM,
11/22/2025 7:21:17 AM,
11/22/2025 7:21:27 AM,
11/22/2025 7:21:37 AM,
11/22/2025 7:21:47 AM,
11/22/2025 7:21:57 AM,
11/22/2025 7:22:07 AM,
11/22/2025 7:22:17 AM,
11/22/2025 7:22:27 AM,
11/22/2025 7:22:37 AM,781.738668680191
11/22/2025 7:22:47 AM,
11/22/2025 7:22:57 AM,
11/22/2025 7:23:07 AM,
11/22/2025 7:23:17 AM,
11/22/2025 7:23:27 AM,
11/22/2025 7:23:37 AM,
11/22/2025 7:23:47 AM,
11/22/2025 7:23:57 AM,
11/22/2025 7:24:07 AM,
11/22/2025 7:24:17 AM,
11/22/2025 7:24:27 AM,
11/22/2025 7:24:37 AM,
11/22/2025 7:24:47 AM,
11/22/2025 7:24:57 AM,
11/22/2025 7:25:07 AM,
11/22/2025 7:25:17 AM,
11/22/2025 7:25:27 AM,792.259150743484
11/22/2025 7:25:37 AM,
11/22/2025 7:25:47 AM,
11/22/2025 7:25:57 AM,
11/22/2025 7:26:07 AM,
11/22/2025 7:26:17 AM,
11/22/2025 7:26:27 AM,
11/22/2025 7:26:37 AM,
11/22/2025 7:26:47 AM,
11/22/2025 7:26:57 AM,
11/22/2025 7:27:07 AM,
11/22/2025 7:27:17 AM,
11/22/2025 7:27:27 AM,
11/22/2025 7:27:37 AM,
11/22/2025 7:27:47 AM,
11/22/2025 7:27:57 AM,
11/22/2025 7:28:07 AM,
11/22/2025 7:28:17 AM,
11/22/2025 7:28:27 AM,
11/22/2025 7:28:37 AM,
11/22/2025 7:28:47 AM,752.251750230789
11/22/2025 7:28:57 AM,
11/22/2025 7:29:07 AM,
11/22/2025 7:29:17 AM,
11/22/2025 7:29:27 AM,
11/22/2025 7:29:37 AM,
11/22/2025 7:29:47 AM,
11/22/2025 7:29:57 AM,
11/22/2025 7:30:07 AM,
11/22/2025 7:30:17 AM,
11/22/2025 7:30:27 AM,
11/22/2025 7:30:37 AM,
11/22/2025 7:30:47 AM,748.952043056488
11/22/2025 7:30:57 AM,732.767701148987
11/22/2025 7:31:07 AM,734.89356637001
11/22/2025 7:31:17 AM,735.324490070343
11/22/2025 7:31:27 AM,744.555419683456
11/22/2025 7:31:37 AM,738.911515474319
11/22/2025 7:31:47 AM,725.387763977051
11/22/2025 7:31:57 AM,
11/22/2025 7:32:07 AM,
11/22/2025 7:32:17 AM,
11/22/2025 7:32:27 AM,
11/22/2025 7:32:37 AM,794.194740056992
11/22/2025 7:32:47 AM,770.746010541916
11/22/2025 7:32:57 AM,
11/22/2025 7:33:07 AM,
11/22/2025 7:33:17 AM,
11/22/2025 7:33:27 AM,
11/22/2025 7:33:37 AM,
11/22/2025 7:33:47 AM,
11/22/2025 7:33:57 AM,
11/22/2025 7:34:07 AM,
11/22/2025 7:34:17 AM,
11/22/2025 7:34:27 AM,
11/22/2025 7:34:37 AM,998.300170898438
11/22/2025 7:34:47 AM,
11/22/2025 7:34:57 AM,
11/22/2025 7:35:07 AM,
11/22/2025 7:35:17 AM,
11/22/2025 7:35:27 AM,
11/22/2025 7:35:37 AM,
11/22/2025 7:35:47 AM,
11/22/2025 7:35:57 AM,
11/22/2025 7:36:07 AM,
11/22/2025 7:36:17 AM,
11/22/2025 7:36:27 AM,
11/22/2025 7:36:37 AM,
11/22/2025 7:36:47 AM,
11/22/2025 7:36:57 AM,
11/22/2025 7:37:07 AM,
11/22/2025 7:37:17 AM,
11/22/2025 7:37:27 AM,
11/22/2025 7:37:37 AM,682.743161916733
11/22/2025 7:37:47 AM,571.81681394577
11/22/2025 7:37:57 AM,
11/22/2025 7:38:07 AM,
11/22/2025 7:38:17 AM,
11/22/2025 7:38:27 AM,
11/22/2025 7:38:37 AM,
11/22/2025 7:38:47 AM,
11/22/2025 7:38:57 AM,
11/22/2025 7:39:07 AM,
11/22/2025 7:39:17 AM,
11/22/2025 7:39:27 AM,
11/22/2025 7:39:37 AM,
11/22/2025 7:39:47 AM,
11/22/2025 7:39:57 AM,940.266609191895
11/22/2025 7:40:07 AM,917.477595806122
11/22/2025 7:40:17 AM,
11/22/2025 7:40:27 AM,
11/22/2025 7:40:37 AM,
11/22/2025 7:40:47 AM,
11/22/2025 7:40:57 AM,856.026846170425
11/22/2025 7:41:07 AM,858.739256858826
11/22/2025 7:41:17 AM,852.925783395767
11/22/2025 7:41:27 AM,
11/22/2025 7:41:37 AM,884.079748392105
11/22/2025 7:41:47 AM,872.210919857025
11/22/2025 7:41:57 AM,
11/22/2025 7:42:07 AM,
11/22/2025 7:42:17 AM,904.183924198151
11/22/2025 7:42:27 AM,
11/22/2025 7:42:37 AM,
11/22/2025 7:42:47 AM,885.826885700226
11/22/2025 7:42:57 AM,
11/22/2025 7:43:07 AM,
11/22/2025 7:43:17 AM,869.066780805588
11/22/2025 7:43:27 AM,859.658235311508
11/22/2025 7:43:37 AM,862.608236074448
11/22/2025 7:43:47 AM,872.648441791534
11/22/2025 7:43:57 AM,
11/22/2025 7:44:07 AM,854.645293951035
11/22/2025 7:44:17 AM,860.221606492996
11/22/2025 7:44:27 AM,853.391307592392
11/22/2025 7:44:37 AM,853.277903795242
11/22/2025 7:44:47 AM,832.114470005035
11/22/2025 7:44:57 AM,825.679260492325
11/22/2025 7:45:07 AM,817.574429512024
11/22/2025 7:45:17 AM,
11/22/2025 7:45:27 AM,
11/22/2025 7:45:37 AM,777.7996301651
11/22/2025 7:45:47 AM,762.501436471939
11/22/2025 7:45:57 AM,
11/22/2025 7:46:07 AM,
11/22/2025 7:46:17 AM,
11/22/2025 7:46:27 AM,
11/22/2025 7:46:37 AM,
11/22/2025 7:46:47 AM,695.991504192352
11/22/2025 7:46:57 AM,
11/22/2025 7:47:07 AM,
11/22/2025 7:47:17 AM,
11/22/2025 7:47:27 AM,693.809473514557
11/22/2025 7:47:37 AM,
11/22/2025 7:47:47 AM,
11/22/2025 7:47:57 AM,
11/22/2025 7:48:07 AM,
11/22/2025 7:48:17 AM,
11/22/2025 7:48:27 AM,
11/22/2025 7:48:37 AM,
11/22/2025 7:48:47 AM,
11/22/2025 7:48:57 AM,618.859487771988
11/22/2025 7:49:07 AM,
11/22/2025 7:49:17 AM,716.551172733307
11/22/2025 7:49:27 AM,763.384312391281
11/22/2025 7:49:37 AM,684.502851963043
11/22/2025 7:49:47 AM,
11/22/2025 7:49:57 AM,
11/22/2025 7:50:07 AM,707.255601882935
11/22/2025 7:50:17 AM,769.380497932434
11/22/2025 7:50:27 AM,722.5113093853
11/22/2025 7:50:37 AM,
11/22/2025 7:50:47 AM,613.982051610947
11/22/2025 7:50:57 AM,621.946334838867
11/22/2025 7:51:07 AM,637.51312494278
11/22/2025 7:51:17 AM,637.014877796173
11/22/2025 7:51:27 AM,
11/22/2025 7:51:37 AM,668.502563238144
11/22/2025 7:51:47 AM,
11/22/2025 7:51:57 AM,
11/22/2025 7:52:07 AM,655.324548482895
11/22/2025 7:52:17 AM,
11/22/2025 7:52:27 AM,
11/22/2025 7:52:37 AM,770.883017778397
11/22/2025 7:52:47 AM,1001.95848941803
11/22/2025 7:52:57 AM,
11/22/2025 7:53:07 AM,
11/22/2025 7:53:17 AM,
11/22/2025 7:53:27 AM,
11/22/2025 7:53:37 AM,
11/22/2025 7:53:47 AM,
11/22/2025 7:53:57 AM,716.716611385345
11/22/2025 7:54:07 AM,
11/22/2025 7:54:17 AM,939.152526855469
11/22/2025 7:54:27 AM,
11/22/2025 7:54:37 AM,
11/22/2025 7:54:47 AM,
11/22/2025 7:54:57 AM,
11/22/2025 7:55:07 AM,
11/22/2025 7:55:17 AM,
11/22/2025 7:55:27 AM,
11/22/2025 7:55:37 AM,
11/22/2025 7:55:47 AM,
11/22/2025 7:55:57 AM,798.510736227036
11/22/2025 7:56:07 AM,542.902171611786
11/22/2025 7:56:17 AM,523.42118024826
11/22/2025 7:56:27 AM,717.074793577194
11/22/2025 7:56:37 AM,590.695863962173
11/22/2025 7:56:47 AM,571.435564756393
11/22/2025 7:56:57 AM,
11/22/2025 7:57:07 AM,
11/22/2025 7:57:17 AM,
11/22/2025 7:57:27 AM,
11/22/2025 7:57:37 AM,
11/22/2025 7:57:47 AM,
11/22/2025 7:57:57 AM,
11/22/2025 7:58:07 AM,
11/22/2025 7:58:17 AM,
11/22/2025 7:58:27 AM,
11/22/2025 7:58:37 AM,673.320239782333
11/22/2025 7:58:47 AM,
11/22/2025 7:58:57 AM,
11/22/2025 7:59:07 AM,721.277332305908
11/22/2025 7:59:17 AM,642.452681064606
11/22/2025 7:59:27 AM,
11/22/2025 7:59:37 AM,631.400048732758
11/22/2025 7:59:47 AM,612.782460451126
11/22/2025 7:59:57 AM,614.399832487106
11/22/2025 8:00:07 AM,603.396338224411
11/22/2025 8:00:17 AM,
11/22/2025 8:00:27 AM,594.571226835251
11/22/2025 8:00:37 AM,592.618364095688
11/22/2025 8:00:47 AM,596.540021896362
11/22/2025 8:00:57 AM,591.787201166153
11/22/2025 8:01:07 AM,584.250515699387
11/22/2025 8:01:17 AM,582.565712928772
11/22/2025 8:01:27 AM,583.69824886322
11/22/2025 8:01:37 AM,580.616176128387
11/22/2025 8:01:47 AM,589.788687229156
11/22/2025 8:01:57 AM,589.784824848175
11/22/2025 8:02:07 AM,590.290153026581
11/22/2025 8:02:17 AM,591.264921426773
11/22/2025 8:02:27 AM,
11/22/2025 8:02:37 AM,569.915342330933
11/22/2025 8:02:47 AM,579.775303602219
11/22/2025 8:02:57 AM,579.649937152863
11/22/2025 8:03:07 AM,
11/22/2025 8:03:17 AM,
11/22/2025 8:03:27 AM,587.738835811615
11/22/2025 8:03:37 AM,590.543836355209
11/22/2025 8:03:47 AM,580.836063623428
11/22/2025 8:03:57 AM,572.605437040329
11/22/2025 8:04:07 AM,
11/22/2025 8:04:17 AM,570.748329162598
11/22/2025 8:04:27 AM,569.877469539642
11/22/2025 8:04:37 AM,570.853364467621
11/22/2025 8:04:47 AM,
11/22/2025 8:04:57 AM,571.582013368607
11/22/2025 8:05:07 AM,575.49632191658
11/22/2025 8:05:17 AM,563.883000612259
11/22/2025 8:05:27 AM,561.563748121262
11/22/2025 8:05:37 AM,557.229566574097
11/22/2025 8:05:47 AM,567.2980427742
11/22/2025 8:05:57 AM,
11/22/2025 8:06:07 AM,559.942352771759
11/22/2025 8:06:17 AM,576.102018356323
11/22/2025 8:06:27 AM,581.10830783844
11/22/2025 8:06:37 AM,579.434126615524
11/22/2025 8:06:47 AM,575.411510467529
11/22/2025 8:06:57 AM,573.996484279633
11/22/2025 8:07:07 AM,570.590454339981
11/22/2025 8:07:17 AM,569.799953699112
11/22/2025 8:07:27 AM,572.148281335831
11/22/2025 8:07:37 AM,571.680021286011
11/22/2025 8:07:47 AM,568.21825504303
11/22/2025 8:07:57 AM,575.033104419708
11/22/2025 8:08:07 AM,580.492794513702
11/22/2025 8:08:17 AM,574.507659673691
11/22/2025 8:08:27 AM,
11/22/2025 8:08:37 AM,580.869001150131
11/22/2025 8:08:47 AM,
11/22/2025 8:08:57 AM,
11/22/2025 8:09:07 AM,596.112155914307
11/22/2025 8:09:17 AM,587.948423624039
11/22/2025 8:09:27 AM,
11/22/2025 8:09:37 AM,597.378695011139
11/22/2025 8:09:47 AM,592.018193006516
11/22/2025 8:09:57 AM,
11/22/2025 8:10:07 AM,589.353632926941
11/22/2025 8:10:17 AM,603.328585624695
11/22/2025 8:10:27 AM,597.037786245346
11/22/2025 8:10:37 AM,595.757728815079
11/22/2025 8:10:47 AM,608.504229784012
11/22/2025 8:10:57 AM,
11/22/2025 8:11:07 AM,619.609647989273
11/22/2025 8:11:17 AM,
11/22/2025 8:11:27 AM,
11/22/2025 8:11:37 AM,617.171251773834
11/22/2025 8:11:47 AM,631.015795469284
11/22/2025 8:11:57 AM,637.601208686829
11/22/2025 8:12:07 AM,800.608813762665
11/22/2025 8:12:17 AM,924.58963394165
11/22/2025 8:12:27 AM,1017.15277433395
11/22/2025 8:12:37 AM,930.139124393463
11/22/2025 8:12:47 AM,
11/22/2025 8:12:57 AM,
11/22/2025 8:13:07 AM,
11/22/2025 8:13:17 AM,885.749799013138
11/22/2025 8:13:27 AM,
11/22/2025 8:13:37 AM,
11/22/2025 8:13:47 AM,698.113453388214
11/22/2025 8:13:57 AM,699.343138933182
11/22/2025 8:14:07 AM,703.582155704498
11/22/2025 8:14:17 AM,722.377735376358
11/22/2025 8:14:27 AM,715.955185890198
11/22/2025 8:14:37 AM,
11/22/2025 8:14:47 AM,
11/22/2025 8:14:57 AM,717.049741744995
11/22/2025 8:15:07 AM,
11/22/2025 8:15:17 AM,713.468027114868
11/22/2025 8:15:27 AM,716.588670015335
11/22/2025 8:15:37 AM,
11/22/2025 8:15:47 AM,
11/22/2025 8:15:57 AM,709.213829040527
11/22/2025 8:16:07 AM,
11/22/2025 8:16:17 AM,
11/22/2025 8:16:27 AM,708.317863941193
11/22/2025 8:16:37 AM,714.116853475571
11/22/2025 8:16:47 AM,716.962784528732
11/22/2025 8:16:57 AM,801.758247613907
11/22/2025 8:17:07 AM,
11/22/2025 8:17:17 AM,
11/22/2025 8:17:27 AM,
11/22/2025 8:17:37 AM,705.753940343857
11/22/2025 8:17:47 AM,
11/22/2025 8:17:57 AM,
11/22/2025 8:18:07 AM,
11/22/2025 8:18:17 AM,
11/22/2025 8:18:27 AM,
11/22/2025 8:18:37 AM,680.703073740005
11/22/2025 8:18:47 AM,652.42572426796
11/22/2025 8:18:57 AM,
11/22/2025 8:19:07 AM,
11/22/2025 8:19:17 AM,644.339936971664
11/22/2025 8:19:27 AM,
11/22/2025 8:19:37 AM,628.932309150696
11/22/2025 8:19:47 AM,626.811110973358
11/22/2025 8:19:57 AM,
11/22/2025 8:20:07 AM,644.433599710464
11/22/2025 8:20:17 AM,637.390118837357
11/22/2025 8:20:27 AM,
11/22/2025 8:20:37 AM,
11/22/2025 8:20:47 AM,
11/22/2025 8:20:57 AM,608.986061811447
11/22/2025 8:21:07 AM,
11/22/2025 8:21:17 AM,
11/22/2025 8:21:27 AM,613.818329572678
11/22/2025 8:21:37 AM,
11/22/2025 8:21:47 AM,615.047907829285
11/22/2025 8:21:57 AM,
11/22/2025 8:22:07 AM,
11/22/2025 8:22:17 AM,
11/22/2025 8:22:27 AM,
11/22/2025 8:22:37 AM,
11/22/2025 8:22:47 AM,
11/22/2025 8:22:57 AM,
11/22/2025 8:23:06 AM,
11/22/2025 8:23:16 AM,
11/22/2025 8:23:26 AM,
11/22/2025 8:23:36 AM,
11/22/2025 8:23:46 AM,
11/22/2025 8:23:56 AM,
11/22/2025 8:24:06 AM,
11/22/2025 8:24:16 AM,
11/22/2025 8:24:26 AM,
11/22/2025 8:24:36 AM,
11/22/2025 8:24:46 AM,
11/22/2025 8:24:56 AM,
11/22/2025 8:25:06 AM,
11/22/2025 8:25:16 AM,
11/22/2025 8:25:26 AM,
11/22/2025 8:25:36 AM,
11/22/2025 8:25:46 AM,602.02739238739
11/22/2025 8:25:56 AM,
11/22/2025 8:26:06 AM,
11/22/2025 8:26:16 AM,
11/22/2025 8:26:26 AM,
11/22/2025 8:26:36 AM,
11/22/2025 8:26:46 AM,
11/22/2025 8:26:56 AM,
11/22/2025 8:27:06 AM,
11/22/2025 8:27:16 AM,647.878360748291
11/22/2025 8:27:26 AM,626.259166002274
11/22/2025 8:27:36 AM,618.490952253342
11/22/2025 8:27:46 AM,616.550588607788
11/22/2025 8:27:56 AM,631.772124767303
11/22/2025 8:28:06 AM,
11/22/2025 8:28:16 AM,
11/22/2025 8:28:26 AM,611.458843946457
11/22/2025 8:28:36 AM,642.062902450562
11/22/2025 8:28:46 AM,625.589525699615
11/22/2025 8:28:56 AM,
11/22/2025 8:29:06 AM,642.432188987732
11/22/2025 8:29:16 AM,
11/22/2025 8:29:26 AM,
11/22/2025 8:29:36 AM,633.455157279968
11/22/2025 8:29:46 AM,630.7124376297
11/22/2025 8:29:56 AM,634.797817468643
11/22/2025 8:30:06 AM,
11/22/2025 8:30:16 AM,648.481428623199
11/22/2025 8:30:26 AM,648.913264274597
11/22/2025 8:30:36 AM,644.321483373642
11/22/2025 8:30:46 AM,641.829711198807
11/22/2025 8:30:56 AM,636.830824613571
11/22/2025 8:31:06 AM,648.094868659973
11/22/2025 8:31:16 AM,649.125212430954
11/22/2025 8:31:26 AM,642.728143930435
11/22/2025 8:31:36 AM,639.9553835392
11/22/2025 8:31:46 AM,652.721893787384
11/22/2025 8:31:56 AM,666.021573543549
11/22/2025 8:32:06 AM,650.062000751495
11/22/2025 8:32:16 AM,645.369905233383
11/22/2025 8:32:26 AM,646.615791320801
11/22/2025 8:32:36 AM,
11/22/2025 8:32:46 AM,684.299647808075
11/22/2025 8:32:56 AM,
11/22/2025 8:33:06 AM,892.988759279251
11/22/2025 8:33:16 AM,936.876618862152
11/22/2025 8:33:26 AM,669.197416305542
11/22/2025 8:33:36 AM,778.730142116547
11/22/2025 8:33:46 AM,696.250230073929
11/22/2025 8:33:56 AM,685.311645269394
11/22/2025 8:34:06 AM,717.665094137192
11/22/2025 8:34:16 AM,683.634299039841
11/22/2025 8:34:26 AM,689.985609054565
11/22/2025 8:34:36 AM,698.066890239716
11/22/2025 8:34:46 AM,712.981688976288
11/22/2025 8:34:56 AM,
11/22/2025 8:35:06 AM,688.538235425949
11/22/2025 8:35:16 AM,683.816850185394
11/22/2025 8:35:26 AM,683.272522687912
11/22/2025 8:35:36 AM,688.611888885498
11/22/2025 8:35:46 AM,691.69739484787
11/22/2025 8:35:56 AM,686.840879917145
11/22/2025 8:36:06 AM,679.688608646393
11/22/2025 8:36:16 AM,
11/22/2025 8:36:26 AM,680.548256635666
11/22/2025 8:36:36 AM,
11/22/2025 8:36:46 AM,
11/22/2025 8:36:56 AM,669.31774020195
11/22/2025 8:37:06 AM,
11/22/2025 8:37:16 AM,680.399876832962
11/22/2025 8:37:26 AM,683.191949129105
11/22/2025 8:37:36 AM,674.497193098068
11/22/2025 8:37:46 AM,
11/22/2025 8:37:56 AM,662.986010313034
11/22/2025 8:38:06 AM,656.472319364548
11/22/2025 8:38:16 AM,661.849611997604
11/22/2025 8:38:26 AM,651.344954967499
11/22/2025 8:38:36 AM,663.355886936188
11/22/2025 8:38:46 AM,658.996760845184
11/22/2025 8:38:56 AM,653.502470254898
11/22/2025 8:39:06 AM,647.459346055984
11/22/2025 8:39:16 AM,642.755287885666
11/22/2025 8:39:26 AM,682.208812236786
11/22/2025 8:39:36 AM,714.694172143936
11/22/2025 8:39:46 AM,
11/22/2025 8:39:56 AM,639.98242020607
11/22/2025 8:40:06 AM,628.473275899887
11/22/2025 8:40:16 AM,620.966309309006
11/22/2025 8:40:26 AM,640.421390533447
11/22/2025 8:40:36 AM,
11/22/2025 8:40:46 AM,
11/22/2025 8:40:56 AM,
11/22/2025 8:41:06 AM,
11/22/2025 8:41:16 AM,
11/22/2025 8:41:26 AM,
11/22/2025 8:41:36 AM,
11/22/2025 8:41:46 AM,
11/22/2025 8:41:56 AM,
11/22/2025 8:42:06 AM,
11/22/2025 8:42:16 AM,
11/22/2025 8:42:26 AM,
11/22/2025 8:42:36 AM,
11/22/2025 8:42:46 AM,
11/22/2025 8:42:56 AM,
11/22/2025 8:43:06 AM,805.132627487183
11/22/2025 8:43:16 AM,814.835035800934
11/22/2025 8:43:26 AM,
11/22/2025 8:43:36 AM,
11/22/2025 8:43:46 AM,826.330554485321
11/22/2025 8:43:56 AM,
11/22/2025 8:44:06 AM,
11/22/2025 8:44:16 AM,
11/22/2025 8:44:26 AM,
11/22/2025 8:44:36 AM,
11/22/2025 8:44:46 AM,
11/22/2025 8:44:56 AM,
11/22/2025 8:45:06 AM,
11/22/2025 8:45:16 AM,
11/22/2025 8:45:26 AM,
11/22/2025 8:45:36 AM,
11/22/2025 8:45:46 AM,
11/22/2025 8:45:56 AM,
11/22/2025 8:46:06 AM,813.914448022842
11/22/2025 8:46:16 AM,
11/22/2025 8:46:26 AM,
11/22/2025 8:46:36 AM,
11/22/2025 8:46:46 AM,
11/22/2025 8:46:56 AM,854.128164052963
11/22/2025 8:47:06 AM,819.727009534836
11/22/2025 8:47:16 AM,880.981582403183
11/22/2025 8:47:26 AM,839.873081445694
11/22/2025 8:47:36 AM,
11/22/2025 8:47:46 AM,897.417944669724
11/22/2025 8:47:56 AM,887.620586156845
11/22/2025 8:48:06 AM,889.058518409729
11/22/2025 8:48:16 AM,
11/22/2025 8:48:26 AM,891.718411445618
11/22/2025 8:48:36 AM,
11/22/2025 8:48:46 AM,890.989708900452
11/22/2025 8:48:56 AM,
11/22/2025 8:49:06 AM,908.777475357056
11/22/2025 8:49:16 AM,
11/22/2025 8:49:26 AM,
11/22/2025 8:49:36 AM,903.613793849945
11/22/2025 8:49:46 AM,
11/22/2025 8:49:56 AM,
11/22/2025 8:50:06 AM,882.118248939514
11/22/2025 8:50:16 AM,
11/22/2025 8:50:26 AM,
11/22/2025 8:50:36 AM,
11/22/2025 8:50:46 AM,
11/22/2025 8:50:56 AM,
11/22/2025 8:51:06 AM,
11/22/2025 8:51:16 AM,
11/22/2025 8:51:26 AM,907.711672782898
11/22/2025 8:51:36 AM,909.757554531097
11/22/2025 8:51:46 AM,883.735084533691
11/22/2025 8:51:56 AM,894.674152135849
11/22/2025 8:52:06 AM,902.884554862976
11/22/2025 8:52:16 AM,886.845910549164
11/22/2025 8:52:26 AM,
11/22/2025 8:52:36 AM,845.244044065475
11/22/2025 8:52:46 AM,
11/22/2025 8:52:56 AM,854.276061058044
11/22/2025 8:53:06 AM,835.70653796196
11/22/2025 8:53:16 AM,
11/22/2025 8:53:26 AM,836.942392587662
11/22/2025 8:53:36 AM,830.316531658173
11/22/2025 8:53:46 AM,
11/22/2025 8:53:56 AM,
11/22/2025 8:54:06 AM,820.549321174622
11/22/2025 8:54:16 AM,
11/22/2025 8:54:26 AM,
11/22/2025 8:54:36 AM,
11/22/2025 8:54:46 AM,
11/22/2025 8:54:56 AM,
11/22/2025 8:55:06 AM,826.635199785233
11/22/2025 8:55:16 AM,
11/22/2025 8:55:26 AM,
11/22/2025 8:55:36 AM,
11/22/2025 8:55:46 AM,
11/22/2025 8:55:56 AM,
11/22/2025 8:56:06 AM,
11/22/2025 8:56:16 AM,
11/22/2025 8:56:26 AM,
11/22/2025 8:56:36 AM,
11/22/2025 8:56:46 AM,
11/22/2025 8:56:56 AM,
11/22/2025 8:57:06 AM,
11/22/2025 8:57:16 AM,
11/22/2025 8:57:26 AM,
11/22/2025 8:57:36 AM,
11/22/2025 8:57:46 AM,
11/22/2025 8:57:56 AM,
11/22/2025 8:58:06 AM,
11/22/2025 8:58:16 AM,
11/22/2025 8:58:26 AM,
11/22/2025 8:58:36 AM,
11/22/2025 8:58:46 AM,
11/22/2025 8:58:56 AM,
11/22/2025 8:59:06 AM,
11/22/2025 8:59:16 AM,911.502707004547
11/22/2025 8:59:26 AM,750.960910320282
11/22/2025 8:59:36 AM,747.559386491776
11/22/2025 8:59:46 AM,
11/22/2025 8:59:56 AM,744.86580491066
11/22/2025 9:00:06 AM,
11/22/2025 9:00:16 AM,
11/22/2025 9:00:26 AM,
11/22/2025 9:00:36 AM,
11/22/2025 9:00:46 AM,
11/22/2025 9:00:56 AM,
11/22/2025 9:01:06 AM,
11/22/2025 9:01:16 AM,
11/22/2025 9:01:26 AM,
11/22/2025 9:01:36 AM,
11/22/2025 9:01:46 AM,782.375103235245
11/22/2025 9:01:56 AM,764.081633090973
11/22/2025 9:02:06 AM,
11/22/2025 9:02:16 AM,
11/22/2025 9:02:26 AM,761.599999666214
11/22/2025 9:02:36 AM,
11/22/2025 9:02:46 AM,
11/22/2025 9:02:56 AM,
11/22/2025 9:03:06 AM,799.376499652863
11/22/2025 9:03:16 AM,
11/22/2025 9:03:26 AM,
11/22/2025 9:03:36 AM,788.066428899765
11/22/2025 9:03:46 AM,777.816849946976
11/22/2025 9:03:56 AM,769.434839487076
11/22/2025 9:04:06 AM,774.858105182648
11/22/2025 9:04:16 AM,794.973278045654
11/22/2025 9:04:26 AM,797.939264774323
11/22/2025 9:04:36 AM,
11/22/2025 9:04:46 AM,
11/22/2025 9:04:56 AM,
11/22/2025 9:05:06 AM,
11/22/2025 9:05:16 AM,880.365371704102
11/22/2025 9:05:26 AM,
11/22/2025 9:05:36 AM,
11/22/2025 9:05:46 AM,1035.09160280228
11/22/2025 9:05:56 AM,866.218167543411
11/22/2025 9:06:06 AM,
11/22/2025 9:06:16 AM,
11/22/2025 9:06:26 AM,
11/22/2025 9:06:36 AM,
11/22/2025 9:06:46 AM,
11/22/2025 9:06:56 AM,999.716377258301
11/22/2025 9:07:06 AM,
11/22/2025 9:07:16 AM,947.250759601593
11/22/2025 9:07:26 AM,
11/22/2025 9:07:36 AM,
11/22/2025 9:07:46 AM,
11/22/2025 9:07:56 AM,
11/22/2025 9:08:06 AM,
11/22/2025 9:08:16 AM,
11/22/2025 9:08:26 AM,
11/22/2025 9:08:36 AM,
11/22/2025 9:08:46 AM,889.748382568359
11/22/2025 9:08:56 AM,869.677412509918
11/22/2025 9:09:06 AM,891.086214780807
11/22/2025 9:09:16 AM,883.531934022903
11/22/2025 9:09:26 AM,874.849838018417
11/22/2025 9:09:36 AM,871.566385030746
11/22/2025 9:09:46 AM,863.135021924973
11/22/2025 9:09:56 AM,867.484706640244
11/22/2025 9:10:06 AM,869.87407207489
11/22/2025 9:10:16 AM,865.469992160797
11/22/2025 9:10:26 AM,861.158448457718
11/22/2025 9:10:36 AM,842.993670701981
11/22/2025 9:10:46 AM,851.142865419388
11/22/2025 9:10:56 AM,843.281418085098
11/22/2025 9:11:06 AM,826.404047012329
11/22/2025 9:11:16 AM,822.404444217682
11/22/2025 9:11:26 AM,827.247816324234
11/22/2025 9:11:36 AM,822.298014163971
11/22/2025 9:11:46 AM,815.818333625793
11/22/2025 9:11:56 AM,
11/22/2025 9:12:06 AM,804.183930158615
11/22/2025 9:12:16 AM,
11/22/2025 9:12:26 AM,
11/22/2025 9:12:36 AM,808.901077508926
11/22/2025 9:12:46 AM,
11/22/2025 9:12:56 AM,
11/22/2025 9:13:06 AM,
11/22/2025 9:13:16 AM,
11/22/2025 9:13:26 AM,
11/22/2025 9:13:36 AM,
11/22/2025 9:13:46 AM,793.282467126846
11/22/2025 9:13:56 AM,
11/22/2025 9:14:06 AM,
11/22/2025 9:14:16 AM,776.805710792542
11/22/2025 9:14:26 AM,768.468117713928
11/22/2025 9:14:36 AM,767.513197660446
11/22/2025 9:14:46 AM,785.46296954155
11/22/2025 9:14:56 AM,
11/22/2025 9:15:06 AM,769.616800546646
11/22/2025 9:15:16 AM,770.020687580109
11/22/2025 9:15:26 AM,763.409793376923
11/22/2025 9:15:36 AM,772.533541917801
11/22/2025 9:15:46 AM,776.592046022415
11/22/2025 9:15:56 AM,
11/22/2025 9:16:06 AM,766.126012802124
11/22/2025 9:16:16 AM,765.12930393219
11/22/2025 9:16:26 AM,
11/22/2025 9:16:36 AM,758.056962490082
11/22/2025 9:16:46 AM,
11/22/2025 9:16:56 AM,763.488757610321
11/22/2025 9:17:06 AM,
11/22/2025 9:17:16 AM,
11/22/2025 9:17:26 AM,
11/22/2025 9:17:36 AM,777.207183837891
11/22/2025 9:17:46 AM,
11/22/2025 9:17:56 AM,767.900240421295
11/22/2025 9:18:06 AM,
11/22/2025 9:18:16 AM,
11/22/2025 9:18:26 AM,
11/22/2025 9:18:36 AM,848.698139190674
11/22/2025 9:18:46 AM,
11/22/2025 9:18:56 AM,
11/22/2025 9:19:06 AM,
11/22/2025 9:19:16 AM,779.596495628357
11/22/2025 9:19:26 AM,
11/22/2025 9:19:36 AM,772.715020179749
11/22/2025 9:19:46 AM,772.233134508133
11/22/2025 9:19:56 AM,
11/22/2025 9:20:06 AM,
11/22/2025 9:20:16 AM,
11/22/2025 9:20:26 AM,
11/22/2025 9:20:36 AM,
11/22/2025 9:20:46 AM,
11/22/2025 9:20:56 AM,
11/22/2025 9:21:06 AM,
11/22/2025 9:21:16 AM,
11/22/2025 9:21:26 AM,
11/22/2025 9:21:36 AM,
11/22/2025 9:21:46 AM,
11/22/2025 9:21:56 AM,798.391807079315
11/22/2025 9:22:06 AM,
11/22/2025 9:22:16 AM,
11/22/2025 9:22:26 AM,
11/22/2025 9:22:36 AM,
11/22/2025 9:22:46 AM,
11/22/2025 9:22:56 AM,812.909477949142
11/22/2025 9:23:06 AM,878.22362780571
11/22/2025 9:23:16 AM,877.824515104294
11/22/2025 9:23:26 AM,
11/22/2025 9:23:36 AM,
11/22/2025 9:23:46 AM,
11/22/2025 9:23:56 AM,
11/22/2025 9:24:06 AM,
11/22/2025 9:24:16 AM,
11/22/2025 9:24:26 AM,
11/22/2025 9:24:36 AM,
11/22/2025 9:24:46 AM,901.028037071228
11/22/2025 9:24:56 AM,
11/22/2025 9:25:06 AM,
11/22/2025 9:25:16 AM,885.218614339828
11/22/2025 9:25:26 AM,
11/22/2025 9:25:36 AM,
11/22/2025 9:25:46 AM,
11/22/2025 9:25:56 AM,881.705296039581
11/22/2025 9:26:06 AM,899.127155542374
11/22/2025 9:26:16 AM,
11/22/2025 9:26:26 AM,
11/22/2025 9:26:36 AM,
11/22/2025 9:26:46 AM,
11/22/2025 9:26:56 AM,
11/22/2025 9:27:06 AM,
11/22/2025 9:27:16 AM,911.582100391388
11/22/2025 9:27:26 AM,918.523228168488
11/22/2025 9:27:36 AM,927.80978679657
11/22/2025 9:27:46 AM,
11/22/2025 9:27:56 AM,
11/22/2025 9:28:06 AM,
11/22/2025 9:28:16 AM,
11/22/2025 9:28:26 AM,
11/22/2025 9:28:36 AM,909.082067012787
11/22/2025 9:28:46 AM,866.533380746841
11/22/2025 9:28:56 AM,892.385369539261
11/22/2025 9:29:06 AM,865.406638383865
11/22/2025 9:29:16 AM,
11/22/2025 9:29:26 AM,
11/22/2025 9:29:36 AM,
11/22/2025 9:29:46 AM,
11/22/2025 9:29:56 AM,
11/22/2025 9:30:06 AM,862.77067065239
11/22/2025 9:30:16 AM,851.767605543137
11/22/2025 9:30:26 AM,830.63839673996
11/22/2025 9:30:36 AM,808.920174837112
11/22/2025 9:30:46 AM,804.789036512375
11/22/2025 9:30:56 AM,812.598234415054
11/22/2025 9:31:06 AM,
11/22/2025 9:31:16 AM,
11/22/2025 9:31:26 AM,
11/22/2025 9:31:36 AM,
11/22/2025 9:31:46 AM,
11/22/2025 9:31:56 AM,
11/22/2025 9:32:06 AM,
11/22/2025 9:32:16 AM,
11/22/2025 9:32:26 AM,
11/22/2025 9:32:36 AM,
11/22/2025 9:32:46 AM,
11/22/2025 9:32:56 AM,
11/22/2025 9:33:06 AM,
11/22/2025 9:33:16 AM,
11/22/2025 9:33:26 AM,
11/22/2025 9:33:36 AM,
11/22/2025 9:33:46 AM,
11/22/2025 9:33:56 AM,
11/22/2025 9:34:06 AM,
11/22/2025 9:34:16 AM,805.281865596771
11/22/2025 9:34:26 AM,
11/22/2025 9:34:36 AM,
11/22/2025 9:34:46 AM,782.775986194611
11/22/2025 9:34:56 AM,
11/22/2025 9:35:06 AM,
11/22/2025 9:35:16 AM,
11/22/2025 9:35:26 AM,
11/22/2025 9:35:36 AM,
11/22/2025 9:35:46 AM,
11/22/2025 9:35:56 AM,
11/22/2025 9:36:06 AM,
11/22/2025 9:36:16 AM,
11/22/2025 9:36:26 AM,
11/22/2025 9:36:36 AM,
11/22/2025 9:36:46 AM,
11/22/2025 9:36:56 AM,
11/22/2025 9:37:06 AM,
11/22/2025 9:37:16 AM,
11/22/2025 9:37:26 AM,
11/22/2025 9:37:36 AM,
11/22/2025 9:37:46 AM,
11/22/2025 9:37:56 AM,
11/22/2025 9:38:06 AM,
11/22/2025 9:38:16 AM,
11/22/2025 9:38:26 AM,
11/22/2025 9:38:36 AM,
11/22/2025 9:38:46 AM,
11/22/2025 9:38:56 AM,
11/22/2025 9:39:06 AM,
11/22/2025 9:39:16 AM,
11/22/2025 9:39:26 AM,
11/22/2025 9:39:36 AM,
11/22/2025 9:39:46 AM,
11/22/2025 9:39:56 AM,
11/22/2025 9:40:06 AM,
11/22/2025 9:40:16 AM,
11/22/2025 9:40:26 AM,
11/22/2025 9:40:36 AM,
11/22/2025 9:40:46 AM,
11/22/2025 9:40:56 AM,
11/22/2025 9:41:06 AM,
11/22/2025 9:41:16 AM,
11/22/2025 9:41:26 AM,
11/22/2025 9:41:36 AM,
11/22/2025 9:41:46 AM,
11/22/2025 9:41:56 AM,
11/22/2025 9:42:06 AM,
11/22/2025 9:42:16 AM,
11/22/2025 9:42:26 AM,
11/22/2025 9:42:36 AM,
11/22/2025 9:42:46 AM,849.897998571396
11/22/2025 9:42:56 AM,
11/22/2025 9:43:06 AM,
11/22/2025 9:43:16 AM,896.227741241455
11/22/2025 9:43:26 AM,902.023136615753
11/22/2025 9:43:36 AM,
11/22/2025 9:43:46 AM,849.447923898697
11/22/2025 9:43:56 AM,
11/22/2025 9:44:06 AM,
11/22/2025 9:44:16 AM,
11/22/2025 9:44:26 AM,
11/22/2025 9:44:36 AM,
11/22/2025 9:44:46 AM,
11/22/2025 9:44:56 AM,
11/22/2025 9:45:06 AM,
11/22/2025 9:45:16 AM,
11/22/2025 9:45:26 AM,
11/22/2025 9:45:36 AM,
11/22/2025 9:45:46 AM,
11/22/2025 9:45:56 AM,
11/22/2025 9:46:06 AM,
11/22/2025 9:46:16 AM,
11/22/2025 9:46:26 AM,
11/22/2025 9:46:36 AM,
11/22/2025 9:46:46 AM,
11/22/2025 9:46:56 AM,863.976001739502
11/22/2025 9:47:06 AM,
11/22/2025 9:47:16 AM,
11/22/2025 9:47:26 AM,
11/22/2025 9:47:36 AM,
11/22/2025 9:47:46 AM,
11/22/2025 9:47:56 AM,848.399984836578
11/22/2025 9:48:06 AM,
11/22/2025 9:48:16 AM,
11/22/2025 9:48:26 AM,
11/22/2025 9:48:36 AM,
11/22/2025 9:48:46 AM,
11/22/2025 9:48:56 AM,
11/22/2025 9:49:06 AM,
11/22/2025 9:49:16 AM,
11/22/2025 9:49:26 AM,
11/22/2025 9:49:36 AM,
11/22/2025 9:49:46 AM,
11/22/2025 9:49:56 AM,
11/22/2025 9:50:06 AM,
11/22/2025 9:50:16 AM,
11/22/2025 9:50:26 AM,
11/22/2025 9:50:36 AM,
11/22/2025 9:50:46 AM,
11/22/2025 9:50:56 AM,
11/22/2025 9:51:06 AM,
11/22/2025 9:51:16 AM,
11/22/2025 9:51:26 AM,
11/22/2025 9:51:36 AM,
11/22/2025 9:51:46 AM,
11/22/2025 9:51:56 AM,
11/22/2025 9:52:06 AM,
11/22/2025 9:52:16 AM,
11/22/2025 9:52:26 AM,
11/22/2025 9:52:36 AM,
11/22/2025 9:52:46 AM,
11/22/2025 9:52:56 AM,
11/22/2025 9:53:06 AM,
11/22/2025 9:53:16 AM,
11/22/2025 9:53:26 AM,
11/22/2025 9:53:36 AM,
11/22/2025 9:53:46 AM,
11/22/2025 9:53:56 AM,
11/22/2025 9:54:06 AM,
11/22/2025 9:54:16 AM,
11/22/2025 9:54:26 AM,
11/22/2025 9:54:36 AM,
11/22/2025 9:54:46 AM,
11/22/2025 9:54:56 AM,
11/22/2025 9:55:06 AM,
11/22/2025 9:55:16 AM,
11/22/2025 9:55:26 AM,
11/22/2025 9:55:36 AM,
11/22/2025 9:55:46 AM,
11/22/2025 9:55:56 AM,
11/22/2025 9:56:06 AM,
11/22/2025 9:56:16 AM,
11/22/2025 9:56:26 AM,
11/22/2025 9:56:36 AM,
11/22/2025 9:56:46 AM,
11/22/2025 9:56:56 AM,1212.2921705246
11/22/2025 9:57:06 AM,
11/22/2025 9:57:16 AM,
11/22/2025 9:57:26 AM,
11/22/2025 9:57:36 AM,
11/22/2025 9:57:46 AM,
11/22/2025 9:57:56 AM,
11/22/2025 9:58:06 AM,
11/22/2025 9:58:16 AM,
11/22/2025 9:58:26 AM,
11/22/2025 9:58:36 AM,
11/22/2025 9:58:46 AM,
11/22/2025 9:58:56 AM,
11/22/2025 9:59:06 AM,
11/22/2025 9:59:16 AM,
11/22/2025 9:59:26 AM,
11/22/2025 9:59:36 AM,
11/22/2025 9:59:46 AM,
11/22/2025 9:59:56 AM,
11/22/2025 10:00:06 AM,
11/22/2025 10:00:16 AM,
11/22/2025 10:00:26 AM,
11/22/2025 10:00:36 AM,
11/22/2025 10:00:46 AM,
11/22/2025 10:00:56 AM,
11/22/2025 10:01:06 AM,
11/22/2025 10:01:16 AM,
11/22/2025 10:01:26 AM,
11/22/2025 10:01:36 AM,828.304928541183
11/22/2025 10:01:46 AM,
11/22/2025 10:01:56 AM,
11/22/2025 10:02:06 AM,882.959336042404
11/22/2025 10:02:16 AM,853.978604078293
11/22/2025 10:02:26 AM,828.484797477722
11/22/2025 10:02:36 AM,
11/22/2025 10:02:46 AM,859.041112661362
11/22/2025 10:02:56 AM,847.640651464462
11/22/2025 10:03:06 AM,
11/22/2025 10:03:16 AM,861.94041967392
11/22/2025 10:03:26 AM,
11/22/2025 10:03:36 AM,
11/22/2025 10:03:46 AM,876.80624127388
11/22/2025 10:03:56 AM,882.217651605606
11/22/2025 10:04:06 AM,890.781730413437
11/22/2025 10:04:16 AM,869.797897338867
11/22/2025 10:04:26 AM,
11/22/2025 10:04:36 AM,
11/22/2025 10:04:46 AM,885.181385278702
11/22/2025 10:04:56 AM,
11/22/2025 10:05:06 AM,907.688283920288
11/22/2025 10:05:16 AM,904.833340644836
11/22/2025 10:05:26 AM,888.793247938156
11/22/2025 10:05:36 AM,
11/22/2025 10:05:46 AM,877.850478887558
11/22/2025 10:05:56 AM,854.19779419899
11/22/2025 10:06:06 AM,
11/22/2025 10:06:16 AM,870.035433769226
11/22/2025 10:06:26 AM,865.561026334763
11/22/2025 10:06:36 AM,857.157397270203
11/22/2025 10:06:46 AM,848.451590538025
11/22/2025 10:06:56 AM,837.609350681305
11/22/2025 10:07:06 AM,830.947065353394
11/22/2025 10:07:16 AM,
11/22/2025 10:07:26 AM,
11/22/2025 10:07:36 AM,825.074154138565
11/22/2025 10:07:46 AM,
11/22/2025 10:07:56 AM,829.285436868668
11/22/2025 10:08:06 AM,804.641568660736
11/22/2025 10:08:16 AM,797.788685560226
11/22/2025 10:08:26 AM,794.887071847916
11/22/2025 10:08:36 AM,818.987900018692
11/22/2025 10:08:46 AM,
11/22/2025 10:08:56 AM,
11/22/2025 10:09:06 AM,
11/22/2025 10:09:16 AM,
11/22/2025 10:09:26 AM,894.220858812332
11/22/2025 10:09:36 AM,
11/22/2025 10:09:46 AM,
11/22/2025 10:09:56 AM,
11/22/2025 10:10:06 AM,
11/22/2025 10:10:16 AM,
11/22/2025 10:10:26 AM,
11/22/2025 10:10:36 AM,
11/22/2025 10:10:46 AM,
11/22/2025 10:10:56 AM,
11/22/2025 10:11:06 AM,
11/22/2025 10:11:16 AM,
11/22/2025 10:11:26 AM,
11/22/2025 10:11:36 AM,1099.95803833008
11/22/2025 10:11:46 AM,
11/22/2025 10:11:56 AM,1207.70806074142
11/22/2025 10:12:06 AM,
11/22/2025 10:12:16 AM,
11/22/2025 10:12:26 AM,
11/22/2025 10:12:36 AM,
11/22/2025 10:12:46 AM,
11/22/2025 10:12:56 AM,
11/22/2025 10:13:06 AM,
11/22/2025 10:13:16 AM,
11/22/2025 10:13:26 AM,
11/22/2025 10:13:36 AM,912.105453014374
11/22/2025 10:13:46 AM,787.844771146774
11/22/2025 10:13:56 AM,
11/22/2025 10:14:06 AM,
11/22/2025 10:14:16 AM,
11/22/2025 10:14:26 AM,
11/22/2025 10:14:36 AM,
11/22/2025 10:14:46 AM,
11/22/2025 10:14:56 AM,
11/22/2025 10:15:06 AM,
11/22/2025 10:15:16 AM,
11/22/2025 10:15:26 AM,
11/22/2025 10:15:36 AM,
11/22/2025 10:15:46 AM,
11/22/2025 10:15:56 AM,
11/22/2025 10:16:06 AM,
11/22/2025 10:16:16 AM,809.425503015518
11/22/2025 10:16:26 AM,
11/22/2025 10:16:36 AM,
11/22/2025 10:16:46 AM,
11/22/2025 10:16:56 AM,
11/22/2025 10:17:06 AM,
11/22/2025 10:17:16 AM,
11/22/2025 10:17:26 AM,
11/22/2025 10:17:36 AM,
11/22/2025 10:17:46 AM,
11/22/2025 10:17:56 AM,825.792396068573
11/22/2025 10:18:06 AM,
11/22/2025 10:18:16 AM,
11/22/2025 10:18:26 AM,825.454920530319
11/22/2025 10:18:36 AM,
11/22/2025 10:18:46 AM,802.373921871185
11/22/2025 10:18:56 AM,804.557722806931
11/22/2025 10:19:06 AM,823.072743415833
11/22/2025 10:19:16 AM,
11/22/2025 10:19:26 AM,831.217324733734
11/22/2025 10:19:36 AM,833.509862422943
11/22/2025 10:19:46 AM,810.150879621506
11/22/2025 10:19:56 AM,801.579773426056
11/22/2025 10:20:06 AM,815.988600254059
11/22/2025 10:20:16 AM,828.509205579758
11/22/2025 10:20:26 AM,817.931914329529
11/22/2025 10:20:36 AM,817.156863212585
11/22/2025 10:20:46 AM,826.324492692947
11/22/2025 10:20:56 AM,820.301163196564
11/22/2025 10:21:06 AM,819.608026742935
11/22/2025 10:21:16 AM,832.782715559006
11/22/2025 10:21:26 AM,836.936438083649
11/22/2025 10:21:36 AM,837.911528348923
11/22/2025 10:21:46 AM,824.357628822327
11/22/2025 10:21:56 AM,830.473762750626
11/22/2025 10:22:06 AM,839.8058116436
11/22/2025 10:22:16 AM,
11/22/2025 10:22:26 AM,
11/22/2025 10:22:36 AM,
11/22/2025 10:22:46 AM,831.970864534378
11/22/2025 10:22:56 AM,856.767296791077
11/22/2025 10:23:06 AM,878.339767456055
11/22/2025 10:23:16 AM,846.384733915329
11/22/2025 10:23:26 AM,832.342404127121
11/22/2025 10:23:36 AM,846.087223291397
11/22/2025 10:23:46 AM,841.283226013184
11/22/2025 10:23:56 AM,861.270779371262
11/22/2025 10:24:06 AM,850.505840778351
11/22/2025 10:24:16 AM,837.756496667862
11/22/2025 10:24:26 AM,843.402814865112
11/22/2025 10:24:36 AM,839.570689201355
11/22/2025 10:24:46 AM,839.493227005005
11/22/2025 10:24:56 AM,853.184992074966
11/22/2025 10:25:06 AM,848.048132658005
11/22/2025 10:25:16 AM,
11/22/2025 10:25:26 AM,853.226512670517
11/22/2025 10:25:36 AM,873.626214265823
11/22/2025 10:25:46 AM,
11/22/2025 10:25:56 AM,
11/22/2025 10:26:06 AM,830.195617675781
11/22/2025 10:26:16 AM,
11/22/2025 10:26:26 AM,
11/22/2025 10:26:36 AM,
11/22/2025 10:26:46 AM,833.603096008301
11/22/2025 10:26:56 AM,828.990930318832
11/22/2025 10:27:06 AM,
11/22/2025 10:27:16 AM,816.72003865242
11/22/2025 10:27:26 AM,817.435383796692
11/22/2025 10:27:36 AM,813.213586807251
11/22/2025 10:27:46 AM,810.616618394852
11/22/2025 10:27:56 AM,804.256939888
11/22/2025 10:28:06 AM,
11/22/2025 10:28:16 AM,
11/22/2025 10:28:26 AM,816.684848070145
11/22/2025 10:28:36 AM,
11/22/2025 10:28:46 AM,800.866895914078
11/22/2025 10:28:56 AM,
11/22/2025 10:29:06 AM,
11/22/2025 10:29:16 AM,
11/22/2025 10:29:26 AM,785.44145822525
11/22/2025 10:29:36 AM,
11/22/2025 10:29:46 AM,
11/22/2025 10:29:56 AM,
11/22/2025 10:30:06 AM,796.088808774948
11/22/2025 10:30:16 AM,802.104359865189
11/22/2025 10:30:26 AM,788.552927970886
11/22/2025 10:30:36 AM,790.464216470718
11/22/2025 10:30:46 AM,787.908393144608
11/22/2025 10:30:56 AM,791.653078794479
11/22/2025 10:31:06 AM,787.179958820343
11/22/2025 10:31:16 AM,
11/22/2025 10:31:26 AM,794.862288236618
11/22/2025 10:31:36 AM,787.691617012024
11/22/2025 10:31:46 AM,789.197570085526
11/22/2025 10:31:56 AM,797.119152545929
11/22/2025 10:32:06 AM,790.035545825958
11/22/2025 10:32:16 AM,
11/22/2025 10:32:26 AM,769.993543624878
11/22/2025 10:32:36 AM,775.886088609695
11/22/2025 10:32:46 AM,777.962976694107
11/22/2025 10:32:56 AM,769.344502687454
11/22/2025 10:33:06 AM,766.437363624573
11/22/2025 10:33:16 AM,771.121251583099
11/22/2025 10:33:26 AM,773.431813716888
11/22/2025 10:33:36 AM,769.689649343491
11/22/2025 10:33:46 AM,771.862506866455
11/22/2025 10:33:56 AM,781.912046670914
11/22/2025 10:34:06 AM,781.181091070175
11/22/2025 10:34:16 AM,
11/22/2025 10:34:26 AM,782.485234737396
11/22/2025 10:34:36 AM,
11/22/2025 10:34:46 AM,
11/22/2025 10:34:56 AM,785.243779420853
11/22/2025 10:35:06 AM,
11/22/2025 10:35:16 AM,
11/22/2025 10:35:26 AM,
11/22/2025 10:35:36 AM,
11/22/2025 10:35:46 AM,770.197767019272
11/22/2025 10:35:56 AM,764.903301000595
11/22/2025 10:36:06 AM,
11/22/2025 10:36:16 AM,
11/22/2025 10:36:26 AM,768.92049908638
11/22/2025 10:36:36 AM,
11/22/2025 10:36:46 AM,
11/22/2025 10:36:56 AM,
11/22/2025 10:37:06 AM,
11/22/2025 10:37:16 AM,
11/22/2025 10:37:26 AM,
11/22/2025 10:37:36 AM,
11/22/2025 10:37:46 AM,
11/22/2025 10:37:56 AM,
11/22/2025 10:38:06 AM,
11/22/2025 10:38:16 AM,
11/22/2025 10:38:26 AM,
11/22/2025 10:38:36 AM,
11/22/2025 10:38:46 AM,
11/22/2025 10:38:56 AM,
11/22/2025 10:39:06 AM,
11/22/2025 10:39:16 AM,788.75527381897
11/22/2025 10:39:26 AM,
11/22/2025 10:39:36 AM,
11/22/2025 10:39:46 AM,
11/22/2025 10:39:56 AM,
11/22/2025 10:40:06 AM,
11/22/2025 10:40:16 AM,
11/22/2025 10:40:26 AM,803.438276052475
11/22/2025 10:40:36 AM,
11/22/2025 10:40:46 AM,
11/22/2025 10:40:56 AM,
11/22/2025 10:41:06 AM,805.661129951477
11/22/2025 10:41:16 AM,
11/22/2025 10:41:26 AM,
11/22/2025 10:41:36 AM,
11/22/2025 10:41:46 AM,
11/22/2025 10:41:56 AM,
11/22/2025 10:42:06 AM,805.082845687866
11/22/2025 10:42:16 AM,
11/22/2025 10:42:26 AM,809.663093090057
11/22/2025 10:42:36 AM,807.944226264954
11/22/2025 10:42:46 AM,838.762378692627
11/22/2025 10:42:56 AM,
11/22/2025 10:43:06 AM,
11/22/2025 10:43:16 AM,782.467103004456
11/22/2025 10:43:26 AM,788.82560133934
11/22/2025 10:43:36 AM,778.143006563187
11/22/2025 10:43:46 AM,784.602570533752
11/22/2025 10:43:56 AM,785.554271936417
11/22/2025 10:44:06 AM,780.070817470551
11/22/2025 10:44:16 AM,762.624388933182
11/22/2025 10:44:26 AM,761.837804317474
11/22/2025 10:44:36 AM,772.612345218658
11/22/2025 10:44:46 AM,
11/22/2025 10:44:56 AM,758.524686098099
11/22/2025 10:45:06 AM,862.815463542938
11/22/2025 10:45:16 AM,807.756364345551
11/22/2025 10:45:26 AM,
11/22/2025 10:45:36 AM,745.814716815948
11/22/2025 10:45:46 AM,749.081003665924
11/22/2025 10:45:56 AM,759.935313463211
11/22/2025 10:46:06 AM,753.544038534164
11/22/2025 10:46:16 AM,
11/22/2025 10:46:26 AM,745.475792884827
11/22/2025 10:46:36 AM,757.210886478424
11/22/2025 10:46:46 AM,748.217010498047
11/22/2025 10:46:56 AM,729.306203126907
11/22/2025 10:47:06 AM,731.663435697556
11/22/2025 10:47:16 AM,
11/22/2025 10:47:26 AM,
11/22/2025 10:47:36 AM,734.333199262619
11/22/2025 10:47:46 AM,
11/22/2025 10:47:56 AM,735.623395442963
11/22/2025 10:48:06 AM,
11/22/2025 10:48:16 AM,
11/22/2025 10:48:26 AM,748.618590831757
11/22/2025 10:48:36 AM,
11/22/2025 10:48:46 AM,
11/22/2025 10:48:56 AM,
11/22/2025 10:49:06 AM,
11/22/2025 10:49:16 AM,
11/22/2025 10:49:26 AM,
11/22/2025 10:49:36 AM,
11/22/2025 10:49:46 AM,
11/22/2025 10:49:56 AM,
11/22/2025 10:50:06 AM,733.775299787521
11/22/2025 10:50:16 AM,738.890272378922
11/22/2025 10:50:26 AM,719.124162197113
11/22/2025 10:50:36 AM,727.042901515961
11/22/2025 10:50:46 AM,723.198705911636
11/22/2025 10:50:56 AM,717.627114057541
11/22/2025 10:51:06 AM,722.341901063919
11/22/2025 10:51:16 AM,731.196945905685
11/22/2025 10:51:26 AM,732.523888349533
11/22/2025 10:51:36 AM,724.435687065125
11/22/2025 10:51:46 AM,722.328221797943
11/22/2025 10:51:56 AM,730.028253793716
11/22/2025 10:52:06 AM,722.174745798111
11/22/2025 10:52:16 AM,712.151223421097
11/22/2025 10:52:26 AM,709.672915935516
11/22/2025 10:52:36 AM,715.848112106323
11/22/2025 10:52:46 AM,712.514287233353
11/22/2025 10:52:56 AM,713.52966427803
11/22/2025 10:53:06 AM,
11/22/2025 10:53:16 AM,975.771760940552
11/22/2025 10:53:26 AM,1117.55011081696
11/22/2025 10:53:36 AM,1199.85798597336
11/22/2025 10:53:46 AM,1205.25630712509
11/22/2025 10:53:56 AM,1207.35808610916
11/22/2025 10:54:06 AM,
11/22/2025 10:54:16 AM,1083.21000337601
11/22/2025 10:54:26 AM,849.410963058472
11/22/2025 10:54:36 AM,730.626654624939
11/22/2025 10:54:46 AM,730.657231807709
11/22/2025 10:54:56 AM,724.156308174133
11/22/2025 10:55:06 AM,
11/22/2025 10:55:16 AM,
11/22/2025 10:55:26 AM,724.097728729248
11/22/2025 10:55:36 AM,
11/22/2025 10:55:46 AM,
11/22/2025 10:55:56 AM,
11/22/2025 10:56:06 AM,
11/22/2025 10:56:16 AM,
11/22/2025 10:56:26 AM,
11/22/2025 10:56:36 AM,
11/22/2025 10:56:46 AM,
11/22/2025 10:56:56 AM,703.78412604332
11/22/2025 10:57:06 AM,703.496217727661
11/22/2025 10:57:16 AM,
11/22/2025 10:57:26 AM,859.200435876846
11/22/2025 10:57:36 AM,
11/22/2025 10:57:46 AM,1130.74904680252
11/22/2025 10:57:56 AM,1114.64474201202
11/22/2025 10:58:06 AM,
11/22/2025 10:58:16 AM,
11/22/2025 10:58:26 AM,
11/22/2025 10:58:36 AM,
11/22/2025 10:58:46 AM,869.390577077866
11/22/2025 10:58:56 AM,703.876286745071
11/22/2025 10:59:06 AM,
11/22/2025 10:59:16 AM,
11/22/2025 10:59:26 AM,622.19540476799
11/22/2025 10:59:36 AM,704.723650217056
11/22/2025 10:59:46 AM,
11/22/2025 10:59:56 AM,851.652377843857
11/22/2025 11:00:06 AM,
11/22/2025 11:00:16 AM,855.56475520134
11/22/2025 11:00:26 AM,
11/22/2025 11:00:36 AM,737.426590919495
11/22/2025 11:00:46 AM,705.21594285965
11/22/2025 11:00:56 AM,
11/22/2025 11:01:06 AM,
11/22/2025 11:01:16 AM,697.966629266739
11/22/2025 11:01:26 AM,
11/22/2025 11:01:36 AM,
11/22/2025 11:01:46 AM,756.46635890007
11/22/2025 11:01:56 AM,
11/22/2025 11:02:06 AM,
11/22/2025 11:02:16 AM,
11/22/2025 11:02:26 AM,
11/22/2025 11:02:36 AM,
11/22/2025 11:02:46 AM,803.41939330101
11/22/2025 11:02:56 AM,
11/22/2025 11:03:06 AM,
11/22/2025 11:03:16 AM,708.947861194611
11/22/2025 11:03:26 AM,
11/22/2025 11:03:36 AM,
11/22/2025 11:03:46 AM,
11/22/2025 11:03:56 AM,702.691233158112
11/22/2025 11:04:06 AM,
11/22/2025 11:04:16 AM,
11/22/2025 11:04:26 AM,
11/22/2025 11:04:36 AM,
11/22/2025 11:04:46 AM,
11/22/2025 11:04:56 AM,
11/22/2025 11:05:06 AM,
11/22/2025 11:05:16 AM,
11/22/2025 11:05:26 AM,
11/22/2025 11:05:36 AM,
11/22/2025 11:05:46 AM,
11/22/2025 11:05:56 AM,
11/22/2025 11:06:06 AM,
11/22/2025 11:06:16 AM,
11/22/2025 11:06:26 AM,
11/22/2025 11:06:36 AM,
11/22/2025 11:06:46 AM,
11/22/2025 11:06:56 AM,
11/22/2025 11:07:06 AM,
11/22/2025 11:07:16 AM,
11/22/2025 11:07:26 AM,
11/22/2025 11:07:36 AM,
11/22/2025 11:07:46 AM,
11/22/2025 11:07:56 AM,
11/22/2025 11:08:06 AM,
11/22/2025 11:08:16 AM,
11/22/2025 11:08:26 AM,
11/22/2025 11:08:36 AM,
11/22/2025 11:08:46 AM,
11/22/2025 11:08:56 AM,
11/22/2025 11:09:06 AM,
11/22/2025 11:09:16 AM,
11/22/2025 11:09:26 AM,
11/22/2025 11:09:36 AM,
11/22/2025 11:09:46 AM,
11/22/2025 11:09:56 AM,
11/22/2025 11:10:06 AM,
11/22/2025 11:10:16 AM,
11/22/2025 11:10:26 AM,
11/22/2025 11:10:36 AM,
11/22/2025 11:10:46 AM,1160.60836315155
11/22/2025 11:10:56 AM,
11/22/2025 11:11:06 AM,
11/22/2025 11:11:16 AM,
11/22/2025 11:11:26 AM,
11/22/2025 11:11:36 AM,
11/22/2025 11:11:46 AM,
11/22/2025 11:11:56 AM,
11/22/2025 11:12:06 AM,
11/22/2025 11:12:16 AM,
11/22/2025 11:12:26 AM,
11/22/2025 11:12:36 AM,
11/22/2025 11:12:46 AM,
11/22/2025 11:12:56 AM,8.87084389105439
11/22/2025 11:13:06 AM,
11/22/2025 11:13:16 AM,
11/22/2025 11:13:26 AM,563.207995891571
11/22/2025 11:13:36 AM,
11/22/2025 11:13:46 AM,695.36075592041
11/22/2025 11:13:56 AM,
11/22/2025 11:14:06 AM,589.739549160004
11/22/2025 11:14:16 AM,
11/22/2025 11:14:26 AM,
11/22/2025 11:14:36 AM,
11/22/2025 11:14:46 AM,
11/22/2025 11:14:56 AM,
11/22/2025 11:15:06 AM,
11/22/2025 11:15:16 AM,
11/22/2025 11:15:26 AM,
11/22/2025 11:15:36 AM,540.68945646286
11/22/2025 11:15:46 AM,490.500229597092
11/22/2025 11:15:56 AM,488.145840167999
11/22/2025 11:16:06 AM,486.09647154808
11/22/2025 11:16:16 AM,
11/22/2025 11:16:26 AM,
11/22/2025 11:16:36 AM,
11/22/2025 11:16:46 AM,
11/22/2025 11:16:56 AM,
11/22/2025 11:17:06 AM,
11/22/2025 11:17:16 AM,
11/22/2025 11:17:26 AM,
11/22/2025 11:17:36 AM,
11/22/2025 11:17:46 AM,
11/22/2025 11:17:56 AM,
11/22/2025 11:18:06 AM,
11/22/2025 11:18:16 AM,
11/22/2025 11:18:26 AM,370.717576146126
11/22/2025 11:18:36 AM,381.812399625778
11/22/2025 11:18:46 AM,375.661772489548
11/22/2025 11:18:56 AM,
11/22/2025 11:19:06 AM,376.945504546165
11/22/2025 11:19:16 AM,
11/22/2025 11:19:26 AM,330.012479424477
11/22/2025 11:19:36 AM,
11/22/2025 11:19:46 AM,347.462984919548
11/22/2025 11:19:56 AM,
11/22/2025 11:20:06 AM,
11/22/2025 11:20:16 AM,363.957068324089
11/22/2025 11:20:26 AM,361.90233528614
11/22/2025 11:20:36 AM,361.472940444946
11/22/2025 11:20:46 AM,230.792418122292
11/22/2025 11:20:56 AM,
11/22/2025 11:21:06 AM,
11/22/2025 11:21:16 AM,
11/22/2025 11:21:26 AM,
11/22/2025 11:21:36 AM,
11/22/2025 11:21:46 AM,
11/22/2025 11:21:56 AM,128.225308656693
11/22/2025 11:22:06 AM,131.17773681879
11/22/2025 11:22:16 AM,135.568352043629
11/22/2025 11:22:26 AM,
11/22/2025 11:22:36 AM,102.81260535121
11/22/2025 11:22:46 AM,157.314160466194
11/22/2025 11:22:56 AM,
11/22/2025 11:23:06 AM,
11/22/2025 11:23:16 AM,
11/22/2025 11:23:26 AM,
11/22/2025 11:23:36 AM,209.382382035255
11/22/2025 11:23:46 AM,
11/22/2025 11:23:56 AM,
11/22/2025 11:24:06 AM,
11/22/2025 11:24:16 AM,263.656720519066
11/22/2025 11:24:26 AM,266.227805614471
11/22/2025 11:24:36 AM,
11/22/2025 11:24:46 AM,267.835199832916
11/22/2025 11:24:56 AM,
11/22/2025 11:25:06 AM,
11/22/2025 11:25:16 AM,
11/22/2025 11:25:26 AM,
11/22/2025 11:25:36 AM,
11/22/2025 11:25:46 AM,
11/22/2025 11:25:56 AM,
11/22/2025 11:26:06 AM,
11/22/2025 11:26:16 AM,
11/22/2025 11:26:26 AM,
11/22/2025 11:26:36 AM,
11/22/2025 11:26:46 AM,
11/22/2025 11:26:56 AM,274.060097336769
11/22/2025 11:27:06 AM,
11/22/2025 11:27:16 AM,251.41219496727
11/22/2025 11:27:26 AM,246.853378415108
11/22/2025 11:27:36 AM,
11/22/2025 11:27:46 AM,203.240096569061
11/22/2025 11:27:56 AM,
11/22/2025 11:28:06 AM,
11/22/2025 11:28:16 AM,161.266623437405
11/22/2025 11:28:26 AM,
11/22/2025 11:28:36 AM,
11/22/2025 11:28:46 AM,
11/22/2025 11:28:56 AM,
11/22/2025 11:29:06 AM,
11/22/2025 11:29:16 AM,121.227841079235
11/22/2025 11:29:26 AM,
11/22/2025 11:29:36 AM,
11/22/2025 11:29:46 AM,
11/22/2025 11:29:56 AM,
11/22/2025 11:30:06 AM,84.5653362572193
11/22/2025 11:30:16 AM,80.2773892879486
11/22/2025 11:30:26 AM,
11/22/2025 11:30:36 AM,
11/22/2025 11:30:46 AM,
11/22/2025 11:30:56 AM,
11/22/2025 11:31:06 AM,
11/22/2025 11:31:16 AM,
11/22/2025 11:31:26 AM,
11/22/2025 11:31:36 AM,
11/22/2025 11:31:46 AM,
11/22/2025 11:31:56 AM,
11/22/2025 11:32:06 AM,
11/22/2025 11:32:16 AM,
11/22/2025 11:32:26 AM,-67.5896018743515
11/22/2025 11:32:36 AM,
11/22/2025 11:32:46 AM,
11/22/2025 11:32:56 AM,
11/22/2025 11:33:06 AM,-315.551778674126
11/22/2025 11:33:16 AM,
11/22/2025 11:33:26 AM,
11/22/2025 11:33:36 AM,
11/22/2025 11:33:46 AM,
11/22/2025 11:33:56 AM,
11/22/2025 11:34:06 AM,
11/22/2025 11:34:16 AM,
11/22/2025 11:34:26 AM,
11/22/2025 11:34:36 AM,
11/22/2025 11:34:46 AM,
11/22/2025 11:34:56 AM,
11/22/2025 11:35:06 AM,
11/22/2025 11:35:16 AM,
11/22/2025 11:35:26 AM,
11/22/2025 11:35:36 AM,
11/22/2025 11:35:46 AM,
11/22/2025 11:35:56 AM,
11/22/2025 11:36:06 AM,
11/22/2025 11:36:16 AM,
11/22/2025 11:36:26 AM,
11/22/2025 11:36:36 AM,
11/22/2025 11:36:46 AM,
11/22/2025 11:36:56 AM,
11/22/2025 11:37:06 AM,
11/22/2025 11:37:16 AM,
11/22/2025 11:37:26 AM,
11/22/2025 11:37:36 AM,
11/22/2025 11:37:46 AM,323.726105690002
11/22/2025 11:37:56 AM,317.520412802696
11/22/2025 11:38:06 AM,325.569748878479
11/22/2025 11:38:16 AM,426.650860905647
11/22/2025 11:38:26 AM,352.391463518143
11/22/2025 11:38:36 AM,323.046004772186
11/22/2025 11:38:46 AM,328.947749733925
11/22/2025 11:38:56 AM,327.484014630318
11/22/2025 11:39:06 AM,
11/22/2025 11:39:16 AM,146.408486366272
11/22/2025 11:39:26 AM,107.915347069502
11/22/2025 11:39:36 AM,
11/22/2025 11:39:46 AM,
11/22/2025 11:39:56 AM,
11/22/2025 11:40:06 AM,
11/22/2025 11:40:16 AM,
11/22/2025 11:40:26 AM,
11/22/2025 11:40:36 AM,
11/22/2025 11:40:46 AM,
11/22/2025 11:40:56 AM,38.6149819940329
11/22/2025 11:41:06 AM,
11/22/2025 11:41:16 AM,27.8101405128837
11/22/2025 11:41:26 AM,
11/22/2025 11:41:36 AM,
11/22/2025 11:41:46 AM,
11/22/2025 11:41:56 AM,
11/22/2025 11:42:06 AM,
11/22/2025 11:42:16 AM,
11/22/2025 11:42:26 AM,41.3042787462473
11/22/2025 11:42:36 AM,48.1538861989975
11/22/2025 11:42:46 AM,
11/22/2025 11:42:56 AM,
11/22/2025 11:43:06 AM,
11/22/2025 11:43:16 AM,
11/22/2025 11:43:26 AM,
11/22/2025 11:43:36 AM,
11/22/2025 11:43:46 AM,
11/22/2025 11:43:56 AM,47.0515284687281
11/22/2025 11:44:06 AM,
11/22/2025 11:44:16 AM,
11/22/2025 11:44:26 AM,
11/22/2025 11:44:36 AM,
11/22/2025 11:44:46 AM,
11/22/2025 11:44:56 AM,50.1841977238655
11/22/2025 11:45:06 AM,
11/22/2025 11:45:16 AM,
11/22/2025 11:45:26 AM,
11/22/2025 11:45:36 AM,49.3914876133204
11/22/2025 11:45:46 AM,42.5654701888561
11/22/2025 11:45:56 AM,
11/22/2025 11:46:06 AM,43.7044635415077
11/22/2025 11:46:16 AM,
11/22/2025 11:46:26 AM,
11/22/2025 11:46:36 AM,
11/22/2025 11:46:46 AM,
11/22/2025 11:46:56 AM,45.3427702188492
11/22/2025 11:47:06 AM,41.3786698132753
11/22/2025 11:47:16 AM,44.4526255130768
11/22/2025 11:47:26 AM,
11/22/2025 11:47:36 AM,44.609035179019
11/22/2025 11:47:46 AM,41.015337780118
11/22/2025 11:47:56 AM,39.1840528696775
11/22/2025 11:48:06 AM,42.6868367940187
11/22/2025 11:48:16 AM,44.7586957365274
11/22/2025 11:48:26 AM,
11/22/2025 11:48:36 AM,
11/22/2025 11:48:46 AM,
11/22/2025 11:48:56 AM,
11/22/2025 11:49:06 AM,
11/22/2025 11:49:16 AM,
11/22/2025 11:49:26 AM,
11/22/2025 11:49:36 AM,
11/22/2025 11:49:46 AM,
11/22/2025 11:49:56 AM,
11/22/2025 11:50:06 AM,
11/22/2025 11:50:16 AM,
11/22/2025 11:50:26 AM,
11/22/2025 11:50:36 AM,
11/22/2025 11:50:46 AM,44.081649184227
11/22/2025 11:50:56 AM,42.6521524786949
11/22/2025 11:51:06 AM,40.2759667485952
11/22/2025 11:51:16 AM,39.0565406531096
11/22/2025 11:51:26 AM,42.9045584052801
11/22/2025 11:51:36 AM,43.6624400317669
11/22/2025 11:51:46 AM,44.8646362870932
11/22/2025 11:51:56 AM,
11/22/2025 11:52:06 AM,
11/22/2025 11:52:16 AM,43.4211786836386
11/22/2025 11:52:26 AM,
11/22/2025 11:52:36 AM,43.0510975420475
11/22/2025 11:52:46 AM,41.1945562809706
11/22/2025 11:52:56 AM,
11/22/2025 11:53:06 AM,
11/22/2025 11:53:16 AM,49.4151178747416
11/22/2025 11:53:26 AM,48.8330684602261
11/22/2025 11:53:36 AM,
11/22/2025 11:53:46 AM,
11/22/2025 11:53:56 AM,41.7812861502171
11/22/2025 11:54:06 AM,42.4919072538614
11/22/2025 11:54:16 AM,41.137307882309
11/22/2025 11:54:26 AM,43.3569230139256
11/22/2025 11:54:36 AM,
11/22/2025 11:54:46 AM,
11/22/2025 11:54:56 AM,42.5380781292915
11/22/2025 11:55:06 AM,39.2797574400902
11/22/2025 11:55:16 AM,36.3227896392345
11/22/2025 11:55:26 AM,36.5879226475954
11/22/2025 11:55:36 AM,38.4082339704037
11/22/2025 11:55:46 AM,39.1087464988232
11/22/2025 11:55:56 AM,34.7040195018053
11/22/2025 11:56:06 AM,35.8722690492868
11/22/2025 11:56:16 AM,39.6892603486776
11/22/2025 11:56:26 AM,43.1408073753119
11/22/2025 11:56:36 AM,35.9543312340975
11/22/2025 11:56:46 AM,41.1123465746641
11/22/2025 11:56:56 AM,44.0447688102722
11/22/2025 11:57:06 AM,41.2599686533213
11/22/2025 11:57:16 AM,40.3816055506468
11/22/2025 11:57:26 AM,
11/22/2025 11:57:36 AM,37.3551115393639
11/22/2025 11:57:46 AM,40.7321501523256
11/22/2025 11:57:56 AM,30.2801046520472
11/22/2025 11:58:06 AM,29.6414740383625
11/22/2025 11:58:16 AM,
11/22/2025 11:58:26 AM,
11/22/2025 11:58:36 AM,
11/22/2025 11:58:46 AM,
11/22/2025 11:58:56 AM,
11/22/2025 11:59:06 AM,38.6221669614315
11/22/2025 11:59:16 AM,33.4224365651608
11/22/2025 11:59:26 AM,
11/22/2025 11:59:36 AM,26.7976904287934
11/22/2025 11:59:46 AM,29.4174056500196
11/22/2025 11:59:56 AM,
11/22/2025 12:00:06 PM,
11/22/2025 12:00:16 PM,
11/22/2025 12:00:26 PM,
11/22/2025 12:00:36 PM,
11/22/2025 12:00:46 PM,
11/22/2025 12:00:56 PM,
11/22/2025 12:01:06 PM,
11/22/2025 12:01:16 PM,
11/22/2025 12:01:26 PM,
11/22/2025 12:01:36 PM,
11/22/2025 12:01:46 PM,
11/22/2025 12:01:56 PM,
11/22/2025 12:02:06 PM,
11/22/2025 12:02:16 PM,
11/22/2025 12:02:26 PM,
11/22/2025 12:02:36 PM,
11/22/2025 12:02:46 PM,
11/22/2025 12:02:56 PM,
11/22/2025 12:03:06 PM,
11/22/2025 12:03:16 PM,559.382629394531
11/22/2025 12:03:26 PM,
11/22/2025 12:03:36 PM,
11/22/2025 12:03:46 PM,
11/22/2025 12:03:56 PM,
11/22/2025 12:04:06 PM,
11/22/2025 12:04:16 PM,
11/22/2025 12:04:26 PM,
11/22/2025 12:04:36 PM,
11/22/2025 12:04:46 PM,
11/22/2025 12:04:56 PM,
11/22/2025 12:05:06 PM,
11/22/2025 12:05:16 PM,
11/22/2025 12:05:26 PM,
11/22/2025 12:05:36 PM,
11/22/2025 12:05:46 PM,
11/22/2025 12:05:56 PM,496.791940927505
11/22/2025 12:06:06 PM,469.911164045334
11/22/2025 12:06:16 PM,
11/22/2025 12:06:26 PM,455.092549324036
11/22/2025 12:06:36 PM,
11/22/2025 12:06:46 PM,453.483062982559
11/22/2025 12:06:56 PM,
11/22/2025 12:07:06 PM,423.269239068031
11/22/2025 12:07:16 PM,
11/22/2025 12:07:26 PM,
11/22/2025 12:07:36 PM,408.279231190681
11/22/2025 12:07:46 PM,
11/22/2025 12:07:56 PM,
11/22/2025 12:08:06 PM,392.782500386238
11/22/2025 12:08:16 PM,
11/22/2025 12:08:26 PM,
11/22/2025 12:08:36 PM,
11/22/2025 12:08:46 PM,
11/22/2025 12:08:56 PM,
11/22/2025 12:09:06 PM,
11/22/2025 12:09:16 PM,
11/22/2025 12:09:26 PM,
11/22/2025 12:09:36 PM,
11/22/2025 12:09:46 PM,
11/22/2025 12:09:56 PM,
11/22/2025 12:10:06 PM,
11/22/2025 12:10:16 PM,
11/22/2025 12:10:26 PM,
11/22/2025 12:10:36 PM,
11/22/2025 12:10:46 PM,
11/22/2025 12:10:56 PM,
11/22/2025 12:11:06 PM,
11/22/2025 12:11:16 PM,
11/22/2025 12:11:26 PM,
11/22/2025 12:11:36 PM,
11/22/2025 12:11:46 PM,
11/22/2025 12:11:56 PM,
11/22/2025 12:12:06 PM,
11/22/2025 12:12:16 PM,
11/22/2025 12:12:26 PM,
11/22/2025 12:12:36 PM,
11/22/2025 12:12:46 PM,
11/22/2025 12:12:56 PM,
11/22/2025 12:13:06 PM,
11/22/2025 12:13:16 PM,
11/22/2025 12:13:26 PM,
11/22/2025 12:13:36 PM,
11/22/2025 12:13:46 PM,
11/22/2025 12:13:56 PM,
11/22/2025 12:14:06 PM,
11/22/2025 12:14:16 PM,
11/22/2025 12:14:26 PM,
11/22/2025 12:14:36 PM,
11/22/2025 12:14:46 PM,
11/22/2025 12:14:56 PM,
11/22/2025 12:15:06 PM,
11/22/2025 12:15:16 PM,
11/22/2025 12:15:26 PM,
11/22/2025 12:15:36 PM,199.097746610641
11/22/2025 12:15:46 PM,473.586165904999
11/22/2025 12:15:56 PM,479.141986370087
11/22/2025 12:16:06 PM,
11/22/2025 12:16:16 PM,
11/22/2025 12:16:26 PM,
11/22/2025 12:16:36 PM,
11/22/2025 12:16:46 PM,
11/22/2025 12:16:56 PM,
11/22/2025 12:17:06 PM,
11/22/2025 12:17:16 PM,
11/22/2025 12:17:26 PM,
11/22/2025 12:17:36 PM,
11/22/2025 12:17:46 PM,
11/22/2025 12:17:56 PM,
11/22/2025 12:18:06 PM,
11/22/2025 12:18:16 PM,
11/22/2025 12:18:26 PM,
11/22/2025 12:18:36 PM,
11/22/2025 12:18:46 PM,
11/22/2025 12:18:56 PM,
11/22/2025 12:19:06 PM,
11/22/2025 12:19:16 PM,
11/22/2025 12:19:26 PM,
11/22/2025 12:19:36 PM,
11/22/2025 12:19:46 PM,
11/22/2025 12:19:56 PM,
11/22/2025 12:20:06 PM,
11/22/2025 12:20:16 PM,
11/22/2025 12:20:26 PM,455.420958995819
11/22/2025 12:20:36 PM,450.907766819
11/22/2025 12:20:46 PM,425.66249370575
11/22/2025 12:20:56 PM,419.427672028542
11/22/2025 12:21:06 PM,382.3116928339
11/22/2025 12:21:16 PM,387.435463070869
11/22/2025 12:21:26 PM,388.307610154152
11/22/2025 12:21:36 PM,384.715837240219
11/22/2025 12:21:46 PM,386.935231089592
11/22/2025 12:21:56 PM,363.207256793976
11/22/2025 12:22:06 PM,377.333405613899
11/22/2025 12:22:16 PM,380.590358376503
11/22/2025 12:22:26 PM,378.953540325165
11/22/2025 12:22:36 PM,379.404231905937
11/22/2025 12:22:46 PM,
11/22/2025 12:22:56 PM,
11/22/2025 12:23:06 PM,
11/22/2025 12:23:16 PM,
11/22/2025 12:23:26 PM,
11/22/2025 12:23:36 PM,
11/22/2025 12:23:46 PM,
11/22/2025 12:23:56 PM,
11/22/2025 12:24:06 PM,
11/22/2025 12:24:16 PM,354.565286636353
11/22/2025 12:24:26 PM,363.666424155235
11/22/2025 12:24:36 PM,364.112851023674
11/22/2025 12:24:46 PM,362.887671589851
11/22/2025 12:24:56 PM,365.249276161194
11/22/2025 12:25:06 PM,362.839096784592
11/22/2025 12:25:16 PM,362.280258536339
11/22/2025 12:25:26 PM,365.006884932518
11/22/2025 12:25:36 PM,
11/22/2025 12:25:46 PM,
11/22/2025 12:25:56 PM,
11/22/2025 12:26:06 PM,
11/22/2025 12:26:16 PM,
11/22/2025 12:26:26 PM,
11/22/2025 12:26:36 PM,
11/22/2025 12:26:46 PM,
11/22/2025 12:26:56 PM,415.242192149162
11/22/2025 12:27:06 PM,
11/22/2025 12:27:16 PM,
11/22/2025 12:27:26 PM,
11/22/2025 12:27:36 PM,
11/22/2025 12:27:46 PM,
11/22/2025 12:27:56 PM,
11/22/2025 12:28:06 PM,
11/22/2025 12:28:16 PM,
11/22/2025 12:28:26 PM,
11/22/2025 12:28:36 PM,
11/22/2025 12:28:46 PM,
11/22/2025 12:28:56 PM,
11/22/2025 12:29:06 PM,
11/22/2025 12:29:16 PM,
11/22/2025 12:29:26 PM,
11/22/2025 12:29:36 PM,
11/22/2025 12:29:46 PM,
11/22/2025 12:29:56 PM,
11/22/2025 12:30:06 PM,
11/22/2025 12:30:16 PM,
11/22/2025 12:30:26 PM,
11/22/2025 12:30:36 PM,
11/22/2025 12:30:46 PM,
11/22/2025 12:30:56 PM,
11/22/2025 12:31:06 PM,479.521465301514
11/22/2025 12:31:16 PM,436.86318397522
11/22/2025 12:31:26 PM,380.58252632618
11/22/2025 12:31:36 PM,391.028469800949
11/22/2025 12:31:46 PM,398.148313164711
11/22/2025 12:31:56 PM,395.594152808189
11/22/2025 12:32:06 PM,361.168134212494
11/22/2025 12:32:16 PM,
11/22/2025 12:32:26 PM,331.877419352531
11/22/2025 12:32:36 PM,337.671849131584
11/22/2025 12:32:46 PM,336.13660633564
11/22/2025 12:32:56 PM,
11/22/2025 12:33:06 PM,
11/22/2025 12:33:16 PM,
11/22/2025 12:33:26 PM,329.864850640297
11/22/2025 12:33:36 PM,320.253798365593
11/22/2025 12:33:46 PM,317.402449250221
11/22/2025 12:33:56 PM,326.37494802475
11/22/2025 12:34:06 PM,
11/22/2025 12:34:16 PM,336.781033873558
11/22/2025 12:34:26 PM,336.437577009201
11/22/2025 12:34:36 PM,333.489963412285
11/22/2025 12:34:46 PM,322.098702192307
11/22/2025 12:34:56 PM,
11/22/2025 12:35:06 PM,307.453545928001
11/22/2025 12:35:16 PM,315.421503782272
11/22/2025 12:35:26 PM,
11/22/2025 12:35:36 PM,
11/22/2025 12:35:46 PM,
11/22/2025 12:35:56 PM,
11/22/2025 12:36:06 PM,
11/22/2025 12:36:16 PM,
11/22/2025 12:36:26 PM,
11/22/2025 12:36:36 PM,
11/22/2025 12:36:46 PM,459.180986881256
11/22/2025 12:36:56 PM,382.445159554482
11/22/2025 12:37:06 PM,372.671216726303
11/22/2025 12:37:16 PM,397.869765758514
11/22/2025 12:37:26 PM,
11/22/2025 12:37:36 PM,
11/22/2025 12:37:46 PM,407.471027970314
11/22/2025 12:37:56 PM,427.52847969532
11/22/2025 12:38:06 PM,460.238260030746
11/22/2025 12:38:16 PM,459.074878692627
11/22/2025 12:38:26 PM,483.124530315399
11/22/2025 12:38:36 PM,
11/22/2025 12:38:46 PM,537.069869041443
11/22/2025 12:38:56 PM,528.816282749176
11/22/2025 12:39:06 PM,530.032181739807
11/22/2025 12:39:16 PM,
11/22/2025 12:39:26 PM,693.939828872681
11/22/2025 12:39:36 PM,812.285488843918
11/22/2025 12:39:46 PM,
11/22/2025 12:39:56 PM,
11/22/2025 12:40:06 PM,297.333356738091
11/22/2025 12:40:16 PM,296.534997224808
11/22/2025 12:40:26 PM,291.430673003197
11/22/2025 12:40:36 PM,
11/22/2025 12:40:46 PM,326.348072290421
11/22/2025 12:40:56 PM,
11/22/2025 12:41:06 PM,338.455751538277
11/22/2025 12:41:16 PM,
11/22/2025 12:41:26 PM,
11/22/2025 12:41:36 PM,
11/22/2025 12:41:46 PM,
11/22/2025 12:41:56 PM,
11/22/2025 12:42:06 PM,
11/22/2025 12:42:16 PM,
11/22/2025 12:42:26 PM,
11/22/2025 12:42:36 PM,
11/22/2025 12:42:46 PM,
11/22/2025 12:42:56 PM,
11/22/2025 12:43:06 PM,
11/22/2025 12:43:16 PM,
11/22/2025 12:43:26 PM,
11/22/2025 12:43:36 PM,313.635581731796
11/22/2025 12:43:46 PM,312.08730340004
11/22/2025 12:43:56 PM,
11/22/2025 12:44:06 PM,
11/22/2025 12:44:16 PM,
11/22/2025 12:44:26 PM,
11/22/2025 12:44:36 PM,
11/22/2025 12:44:46 PM,
11/22/2025 12:44:56 PM,
11/22/2025 12:45:06 PM,329.988849163055
11/22/2025 12:45:16 PM,
11/22/2025 12:45:26 PM,
11/22/2025 12:45:36 PM,
11/22/2025 12:45:46 PM,
11/22/2025 12:45:56 PM,
11/22/2025 12:46:06 PM,
11/22/2025 12:46:16 PM,312.752249836922
11/22/2025 12:46:26 PM,
11/22/2025 12:46:36 PM,
11/22/2025 12:46:46 PM,314.129054546356
11/22/2025 12:46:56 PM,313.894897699356
11/22/2025 12:47:06 PM,311.974543333054
11/22/2025 12:47:16 PM,317.938837409019
11/22/2025 12:47:26 PM,315.038108825684
11/22/2025 12:47:36 PM,
11/22/2025 12:47:46 PM,318.324646353722
11/22/2025 12:47:56 PM,319.804099202156
11/22/2025 12:48:06 PM,323.555678129196
11/22/2025 12:48:16 PM,324.955040216446
11/22/2025 12:48:26 PM,325.502291321754
11/22/2025 12:48:36 PM,325.451785326004
11/22/2025 12:48:46 PM,331.175404787064
11/22/2025 12:48:56 PM,327.668631076813
11/22/2025 12:49:06 PM,323.288342356682
11/22/2025 12:49:16 PM,319.155594706535
11/22/2025 12:49:26 PM,
11/22/2025 12:49:36 PM,313.514184951782
11/22/2025 12:49:46 PM,313.198998570442
11/22/2025 12:49:56 PM,
11/22/2025 12:50:06 PM,315.158888697624
11/22/2025 12:50:16 PM,316.667497158051
11/22/2025 12:50:26 PM,318.921706080437
11/22/2025 12:50:36 PM,319.940489530563
11/22/2025 12:50:46 PM,319.494089484215
11/22/2025 12:50:56 PM,
11/22/2025 12:51:06 PM,
11/22/2025 12:51:16 PM,
11/22/2025 12:51:26 PM,333.742868900299
11/22/2025 12:51:36 PM,
11/22/2025 12:51:46 PM,
11/22/2025 12:51:56 PM,
11/22/2025 12:52:06 PM,
11/22/2025 12:52:16 PM,
11/22/2025 12:52:26 PM,
11/22/2025 12:52:36 PM,
11/22/2025 12:52:46 PM,
11/22/2025 12:52:56 PM,
11/22/2025 12:53:06 PM,
11/22/2025 12:53:16 PM,
11/22/2025 12:53:26 PM,
11/22/2025 12:53:36 PM,
11/22/2025 12:53:46 PM,324.218291044235
11/22/2025 12:53:56 PM,330.185616016388
11/22/2025 12:54:06 PM,
11/22/2025 12:54:16 PM,
11/22/2025 12:54:26 PM,
11/22/2025 12:54:36 PM,
11/22/2025 12:54:46 PM,326.728972792625
11/22/2025 12:54:56 PM,322.853609919548
11/22/2025 12:55:06 PM,320.468348264694
11/22/2025 12:55:16 PM,316.251030564308
11/22/2025 12:55:26 PM,312.406861782074
11/22/2025 12:55:36 PM,
11/22/2025 12:55:46 PM,315.583536028862
11/22/2025 12:55:56 PM,316.037553548813
11/22/2025 12:56:06 PM,
11/22/2025 12:56:16 PM,
11/22/2025 12:56:26 PM,
11/22/2025 12:56:36 PM,
11/22/2025 12:56:46 PM,
11/22/2025 12:56:56 PM,338.145366311073
11/22/2025 12:57:06 PM,
11/22/2025 12:57:16 PM,331.965020298958
11/22/2025 12:57:26 PM,
11/22/2025 12:57:36 PM,
11/22/2025 12:57:46 PM,
11/22/2025 12:57:56 PM,
11/22/2025 12:58:06 PM,
11/22/2025 12:58:16 PM,
11/22/2025 12:58:26 PM,
11/22/2025 12:58:36 PM,
11/22/2025 12:58:46 PM,
11/22/2025 12:58:56 PM,
11/22/2025 12:59:06 PM,
11/22/2025 12:59:16 PM,
11/22/2025 12:59:26 PM,315.974655747414
11/22/2025 12:59:36 PM,
11/22/2025 12:59:46 PM,311.779010295868
11/22/2025 12:59:56 PM,316.197708249092
11/22/2025 1:00:06 PM,315.330389142036
11/22/2025 1:00:16 PM,319.281792640686
11/22/2025 1:00:26 PM,314.422702789307
11/22/2025 1:00:36 PM,316.396433115005
11/22/2025 1:00:46 PM,318.960678577423
11/22/2025 1:00:56 PM,320.07859647274
11/22/2025 1:01:06 PM,316.153666377068
11/22/2025 1:01:16 PM,312.00804412365
11/22/2025 1:01:26 PM,310.173735022545
11/22/2025 1:01:36 PM,314.206972718239
11/22/2025 1:01:46 PM,314.232265949249
11/22/2025 1:01:56 PM,330.680403113365
11/22/2025 1:02:06 PM,342.651745676994
11/22/2025 1:02:16 PM,342.286777496338
11/22/2025 1:02:26 PM,364.296126365662
11/22/2025 1:02:36 PM,414.531031250954
11/22/2025 1:02:46 PM,434.687376022339
11/22/2025 1:02:56 PM,446.375718712807
11/22/2025 1:03:06 PM,463.98138999939
11/22/2025 1:03:16 PM,474.843639135361
11/22/2025 1:03:26 PM,482.824927568436
11/22/2025 1:03:36 PM,507.374864816666
11/22/2025 1:03:46 PM,506.237930059433
11/22/2025 1:03:56 PM,506.720352172852
11/22/2025 1:04:06 PM,
11/22/2025 1:04:16 PM,
11/22/2025 1:04:26 PM,
11/22/2025 1:04:36 PM,
11/22/2025 1:04:46 PM,532.004410028458
11/22/2025 1:04:56 PM,
11/22/2025 1:05:06 PM,
11/22/2025 1:05:16 PM,
11/22/2025 1:05:26 PM,
11/22/2025 1:05:36 PM,
11/22/2025 1:05:46 PM,
11/22/2025 1:05:56 PM,
11/22/2025 1:06:06 PM,
11/22/2025 1:06:16 PM,
11/22/2025 1:06:26 PM,
11/22/2025 1:06:36 PM,
11/22/2025 1:06:46 PM,
11/22/2025 1:06:56 PM,
11/22/2025 1:07:06 PM,
11/22/2025 1:07:16 PM,
11/22/2025 1:07:26 PM,
11/22/2025 1:07:36 PM,
11/22/2025 1:07:46 PM,
11/22/2025 1:07:56 PM,
11/22/2025 1:08:06 PM,
11/22/2025 1:08:16 PM,
11/22/2025 1:08:26 PM,
11/22/2025 1:08:36 PM,
11/22/2025 1:08:46 PM,
11/22/2025 1:08:56 PM,
11/22/2025 1:09:06 PM,
11/22/2025 1:09:16 PM,
11/22/2025 1:09:26 PM,
11/22/2025 1:09:36 PM,
11/22/2025 1:09:46 PM,
11/22/2025 1:09:56 PM,
11/22/2025 1:10:06 PM,
11/22/2025 1:10:16 PM,
11/22/2025 1:10:26 PM,570.032125711441
11/22/2025 1:10:36 PM,
11/22/2025 1:10:46 PM,
11/22/2025 1:10:56 PM,
11/22/2025 1:11:06 PM,
11/22/2025 1:11:16 PM,
11/22/2025 1:11:26 PM,
11/22/2025 1:11:36 PM,
11/22/2025 1:11:46 PM,
11/22/2025 1:11:56 PM,
11/22/2025 1:12:06 PM,
11/22/2025 1:12:16 PM,
11/22/2025 1:12:26 PM,
11/22/2025 1:12:36 PM,
11/22/2025 1:12:46 PM,
11/22/2025 1:12:56 PM,
11/22/2025 1:13:06 PM,
11/22/2025 1:13:16 PM,
11/22/2025 1:13:26 PM,
11/22/2025 1:13:36 PM,
11/22/2025 1:13:46 PM,
11/22/2025 1:13:56 PM,
11/22/2025 1:14:06 PM,
11/22/2025 1:14:16 PM,
11/22/2025 1:14:26 PM,
11/22/2025 1:14:36 PM,
11/22/2025 1:14:46 PM,
11/22/2025 1:14:56 PM,
11/22/2025 1:15:06 PM,
11/22/2025 1:15:16 PM,
11/22/2025 1:15:26 PM,
11/22/2025 1:15:36 PM,
11/22/2025 1:15:46 PM,
11/22/2025 1:15:56 PM,
11/22/2025 1:16:06 PM,
11/22/2025 1:16:16 PM,
11/22/2025 1:16:26 PM,
11/22/2025 1:16:36 PM,
11/22/2025 1:16:46 PM,
11/22/2025 1:16:56 PM,568.672353029251
11/22/2025 1:17:06 PM,
11/22/2025 1:17:16 PM,
11/22/2025 1:17:26 PM,
11/22/2025 1:17:36 PM,
11/22/2025 1:17:46 PM,557.368075847626
11/22/2025 1:17:56 PM,
11/22/2025 1:18:06 PM,
11/22/2025 1:18:16 PM,322.153016924858
11/22/2025 1:18:26 PM,324.231219291687
11/22/2025 1:18:36 PM,320.077791810036
11/22/2025 1:18:46 PM,323.30430150032
11/22/2025 1:18:56 PM,335.686209797859
11/22/2025 1:19:06 PM,338.38062286377
11/22/2025 1:19:16 PM,
11/22/2025 1:19:26 PM,
11/22/2025 1:19:36 PM,394.898682832718
11/22/2025 1:19:46 PM,387.552863359451
11/22/2025 1:19:56 PM,388.850516080856
11/22/2025 1:20:06 PM,395.922374725342
11/22/2025 1:20:16 PM,395.21250128746
11/22/2025 1:20:26 PM,
11/22/2025 1:20:36 PM,
11/22/2025 1:20:46 PM,
11/22/2025 1:20:56 PM,
11/22/2025 1:21:06 PM,383.569192886353
11/22/2025 1:21:16 PM,386.489152908325
11/22/2025 1:21:26 PM,409.495693445206
11/22/2025 1:21:36 PM,
11/22/2025 1:21:46 PM,403.48998606205
11/22/2025 1:21:56 PM,399.744871258736
11/22/2025 1:22:06 PM,398.560327291489
11/22/2025 1:22:16 PM,392.744278907776
11/22/2025 1:22:26 PM,
11/22/2025 1:22:36 PM,
11/22/2025 1:22:46 PM,380.201572179794
11/22/2025 1:22:56 PM,
11/22/2025 1:23:06 PM,
11/22/2025 1:23:16 PM,381.21110200882
11/22/2025 1:23:26 PM,
11/22/2025 1:23:36 PM,
11/22/2025 1:23:46 PM,
11/22/2025 1:23:56 PM,
11/22/2025 1:24:06 PM,
11/22/2025 1:24:16 PM,
11/22/2025 1:24:26 PM,406.155967712402
11/22/2025 1:24:36 PM,
11/22/2025 1:24:46 PM,
11/22/2025 1:24:56 PM,
11/22/2025 1:25:06 PM,
11/22/2025 1:25:16 PM,374.836403131485
11/22/2025 1:25:26 PM,
11/22/2025 1:25:36 PM,372.055086493492
11/22/2025 1:25:46 PM,
11/22/2025 1:25:56 PM,386.090523004532
11/22/2025 1:26:06 PM,
11/22/2025 1:26:16 PM,
11/22/2025 1:26:26 PM,
11/22/2025 1:26:36 PM,
11/22/2025 1:26:46 PM,
11/22/2025 1:26:56 PM,409.471392631531
11/22/2025 1:27:06 PM,
11/22/2025 1:27:16 PM,
11/22/2025 1:27:26 PM,
11/22/2025 1:27:36 PM,
11/22/2025 1:27:46 PM,
11/22/2025 1:27:56 PM,
11/22/2025 1:28:06 PM,
11/22/2025 1:28:16 PM,
11/22/2025 1:28:26 PM,
11/22/2025 1:28:36 PM,
11/22/2025 1:28:46 PM,
11/22/2025 1:28:56 PM,
11/22/2025 1:29:06 PM,
11/22/2025 1:29:16 PM,
11/22/2025 1:29:26 PM,
11/22/2025 1:29:36 PM,
11/22/2025 1:29:46 PM,
11/22/2025 1:29:56 PM,
11/22/2025 1:30:06 PM,
11/22/2025 1:30:16 PM,
11/22/2025 1:30:26 PM,
11/22/2025 1:30:36 PM,
11/22/2025 1:30:46 PM,
11/22/2025 1:30:56 PM,
11/22/2025 1:31:06 PM,
11/22/2025 1:31:16 PM,
11/22/2025 1:31:26 PM,
11/22/2025 1:31:36 PM,
11/22/2025 1:31:46 PM,
11/22/2025 1:31:56 PM,
11/22/2025 1:32:06 PM,
11/22/2025 1:32:16 PM,
11/22/2025 1:32:26 PM,
11/22/2025 1:32:36 PM,
11/22/2025 1:32:46 PM,
11/22/2025 1:32:56 PM,
11/22/2025 1:33:06 PM,
11/22/2025 1:33:16 PM,
11/22/2025 1:33:26 PM,
11/22/2025 1:33:36 PM,
11/22/2025 1:33:46 PM,
11/22/2025 1:33:56 PM,
11/22/2025 1:34:06 PM,
11/22/2025 1:34:16 PM,
11/22/2025 1:34:26 PM,
11/22/2025 1:34:36 PM,
11/22/2025 1:34:46 PM,
11/22/2025 1:34:56 PM,
11/22/2025 1:35:06 PM,
11/22/2025 1:35:16 PM,
11/22/2025 1:35:26 PM,
11/22/2025 1:35:36 PM,
11/22/2025 1:35:46 PM,
11/22/2025 1:35:56 PM,
11/22/2025 1:36:06 PM,
11/22/2025 1:36:16 PM,
11/22/2025 1:36:26 PM,
11/22/2025 1:36:36 PM,
11/22/2025 1:36:46 PM,
11/22/2025 1:36:56 PM,
11/22/2025 1:37:06 PM,
11/22/2025 1:37:16 PM,
11/22/2025 1:37:26 PM,
11/22/2025 1:37:36 PM,
11/22/2025 1:37:46 PM,
11/22/2025 1:37:56 PM,
11/22/2025 1:38:06 PM,
11/22/2025 1:38:16 PM,
11/22/2025 1:38:26 PM,
11/22/2025 1:38:36 PM,
11/22/2025 1:38:46 PM,
11/22/2025 1:38:56 PM,
11/22/2025 1:39:06 PM,
11/22/2025 1:39:16 PM,
11/22/2025 1:39:26 PM,
11/22/2025 1:39:36 PM,
11/22/2025 1:39:46 PM,
11/22/2025 1:39:56 PM,
11/22/2025 1:40:06 PM,
11/22/2025 1:40:16 PM,
11/22/2025 1:40:26 PM,
11/22/2025 1:40:36 PM,
11/22/2025 1:40:46 PM,
11/22/2025 1:40:56 PM,
11/22/2025 1:41:06 PM,
11/22/2025 1:41:16 PM,
11/22/2025 1:41:26 PM,
11/22/2025 1:41:36 PM,
11/22/2025 1:41:46 PM,
11/22/2025 1:41:56 PM,
11/22/2025 1:42:06 PM,
11/22/2025 1:42:16 PM,
11/22/2025 1:42:26 PM,
11/22/2025 1:42:36 PM,
11/22/2025 1:42:46 PM,
11/22/2025 1:42:56 PM,
11/22/2025 1:43:06 PM,
11/22/2025 1:43:16 PM,
11/22/2025 1:43:26 PM,
11/22/2025 1:43:36 PM,
11/22/2025 1:43:46 PM,
11/22/2025 1:43:56 PM,913.841593265533
11/22/2025 1:44:06 PM,
11/22/2025 1:44:16 PM,
11/22/2025 1:44:26 PM,
11/22/2025 1:44:36 PM,
11/22/2025 1:44:46 PM,
11/22/2025 1:44:56 PM,
11/22/2025 1:45:06 PM,
11/22/2025 1:45:16 PM,
11/22/2025 1:45:26 PM,
11/22/2025 1:45:36 PM,
11/22/2025 1:45:46 PM,
11/22/2025 1:45:56 PM,
11/22/2025 1:46:06 PM,
11/22/2025 1:46:16 PM,
11/22/2025 1:46:26 PM,
11/22/2025 1:46:36 PM,
11/22/2025 1:46:46 PM,
11/22/2025 1:46:56 PM,560.115087032318
11/22/2025 1:47:06 PM,585.665917396545
11/22/2025 1:47:16 PM,
11/22/2025 1:47:26 PM,
11/22/2025 1:47:36 PM,
11/22/2025 1:47:46 PM,
11/22/2025 1:47:56 PM,
11/22/2025 1:48:06 PM,
11/22/2025 1:48:16 PM,
11/22/2025 1:48:26 PM,
11/22/2025 1:48:36 PM,
11/22/2025 1:48:46 PM,
11/22/2025 1:48:56 PM,
11/22/2025 1:49:06 PM,
11/22/2025 1:49:16 PM,
11/22/2025 1:49:26 PM,
11/22/2025 1:49:36 PM,
11/22/2025 1:49:46 PM,
11/22/2025 1:49:56 PM,
11/22/2025 1:50:06 PM,
11/22/2025 1:50:16 PM,
11/22/2025 1:50:26 PM,
11/22/2025 1:50:36 PM,
11/22/2025 1:50:46 PM,
11/22/2025 1:50:56 PM,
11/22/2025 1:51:06 PM,
11/22/2025 1:51:16 PM,
11/22/2025 1:51:26 PM,
11/22/2025 1:51:36 PM,
11/22/2025 1:51:46 PM,
11/22/2025 1:51:56 PM,
11/22/2025 1:52:06 PM,
11/22/2025 1:52:16 PM,
11/22/2025 1:52:26 PM,
11/22/2025 1:52:36 PM,
11/22/2025 1:52:46 PM,
11/22/2025 1:52:56 PM,
11/22/2025 1:53:06 PM,
11/22/2025 1:53:16 PM,
11/22/2025 1:53:26 PM,
11/22/2025 1:53:36 PM,
11/22/2025 1:53:46 PM,
11/22/2025 1:53:56 PM,
11/22/2025 1:54:06 PM,
11/22/2025 1:54:16 PM,
11/22/2025 1:54:26 PM,
11/22/2025 1:54:36 PM,
11/22/2025 1:54:46 PM,
11/22/2025 1:54:56 PM,
11/22/2025 1:55:06 PM,
11/22/2025 1:55:16 PM,
11/22/2025 1:55:26 PM,
11/22/2025 1:55:36 PM,
11/22/2025 1:55:46 PM,
11/22/2025 1:55:56 PM,
11/22/2025 1:56:06 PM,
11/22/2025 1:56:16 PM,
11/22/2025 1:56:26 PM,
11/22/2025 1:56:36 PM,
11/22/2025 1:56:46 PM,
11/22/2025 1:56:56 PM,
11/22/2025 1:57:06 PM,
11/22/2025 1:57:16 PM,
11/22/2025 1:57:26 PM,
11/22/2025 1:57:36 PM,
11/22/2025 1:57:46 PM,
11/22/2025 1:57:56 PM,
11/22/2025 1:58:06 PM,
11/22/2025 1:58:16 PM,
11/22/2025 1:58:26 PM,
11/22/2025 1:58:36 PM,
11/22/2025 1:58:46 PM,
11/22/2025 1:58:56 PM,
11/22/2025 1:59:06 PM,
11/22/2025 1:59:16 PM,
11/22/2025 1:59:26 PM,
11/22/2025 1:59:36 PM,
11/22/2025 1:59:46 PM,
11/22/2025 1:59:56 PM,
11/22/2025 2:00:06 PM,
11/22/2025 2:00:16 PM,
11/22/2025 2:00:26 PM,
11/22/2025 2:00:36 PM,
11/22/2025 2:00:46 PM,
11/22/2025 2:00:56 PM,
11/22/2025 2:01:06 PM,
11/22/2025 2:01:16 PM,
11/22/2025 2:01:26 PM,
11/22/2025 2:01:36 PM,
11/22/2025 2:01:46 PM,
11/22/2025 2:01:56 PM,
11/22/2025 2:02:06 PM,
11/22/2025 2:02:16 PM,
11/22/2025 2:02:26 PM,
11/22/2025 2:02:36 PM,
11/22/2025 2:02:46 PM,
11/22/2025 2:02:56 PM,
11/22/2025 2:03:06 PM,
11/22/2025 2:03:16 PM,
11/22/2025 2:03:26 PM,
11/22/2025 2:03:36 PM,
11/22/2025 2:03:46 PM,
11/22/2025 2:03:56 PM,
11/22/2025 2:04:06 PM,
11/22/2025 2:04:16 PM,
11/22/2025 2:04:26 PM,
11/22/2025 2:04:36 PM,
11/22/2025 2:04:46 PM,
11/22/2025 2:04:56 PM,
11/22/2025 2:05:06 PM,
11/22/2025 2:05:16 PM,
11/22/2025 2:05:26 PM,
11/22/2025 2:05:36 PM,
11/22/2025 2:05:46 PM,
11/22/2025 2:05:56 PM,
11/22/2025 2:06:06 PM,
11/22/2025 2:06:16 PM,
11/22/2025 2:06:26 PM,
11/22/2025 2:06:36 PM,
11/22/2025 2:06:46 PM,
11/22/2025 2:06:56 PM,
11/22/2025 2:07:06 PM,
11/22/2025 2:07:16 PM,
11/22/2025 2:07:26 PM,
11/22/2025 2:07:36 PM,
11/22/2025 2:07:46 PM,
11/22/2025 2:07:56 PM,
11/22/2025 2:08:06 PM,
11/22/2025 2:08:16 PM,
11/22/2025 2:08:26 PM,
11/22/2025 2:08:36 PM,
11/22/2025 2:08:46 PM,
11/22/2025 2:08:56 PM,
11/22/2025 2:09:06 PM,
11/22/2025 2:09:16 PM,
11/22/2025 2:09:26 PM,
11/22/2025 2:09:36 PM,
11/22/2025 2:09:46 PM,
11/22/2025 2:09:56 PM,
11/22/2025 2:10:06 PM,
11/22/2025 2:10:16 PM,1096.17826938629
11/22/2025 2:10:26 PM,
11/22/2025 2:10:36 PM,
11/22/2025 2:10:46 PM,
11/22/2025 2:10:56 PM,
11/22/2025 2:11:06 PM,
11/22/2025 2:11:16 PM,
11/22/2025 2:11:26 PM,
11/22/2025 2:11:36 PM,
11/22/2025 2:11:46 PM,
11/22/2025 2:11:56 PM,
11/22/2025 2:12:06 PM,
11/22/2025 2:12:16 PM,
11/22/2025 2:12:26 PM,
11/22/2025 2:12:36 PM,
11/22/2025 2:12:46 PM,
11/22/2025 2:12:56 PM,
11/22/2025 2:13:06 PM,
11/22/2025 2:13:16 PM,
11/22/2025 2:13:26 PM,
11/22/2025 2:13:36 PM,
11/22/2025 2:13:46 PM,
11/22/2025 2:13:56 PM,
11/22/2025 2:14:06 PM,
11/22/2025 2:14:16 PM,
11/22/2025 2:14:26 PM,
11/22/2025 2:14:36 PM,
11/22/2025 2:14:46 PM,
11/22/2025 2:14:56 PM,
11/22/2025 2:15:06 PM,
11/22/2025 2:15:16 PM,
11/22/2025 2:15:26 PM,
11/22/2025 2:15:36 PM,
11/22/2025 2:15:46 PM,
11/22/2025 2:15:56 PM,
11/22/2025 2:16:06 PM,
11/22/2025 2:16:16 PM,
11/22/2025 2:16:26 PM,
11/22/2025 2:16:36 PM,
11/22/2025 2:16:46 PM,
11/22/2025 2:16:56 PM,1029.46701049805
11/22/2025 2:17:06 PM,
11/22/2025 2:17:16 PM,
11/22/2025 2:17:26 PM,
11/22/2025 2:17:36 PM,
11/22/2025 2:17:46 PM,
11/22/2025 2:17:56 PM,
11/22/2025 2:18:06 PM,
11/22/2025 2:18:16 PM,
11/22/2025 2:18:26 PM,
11/22/2025 2:18:36 PM,
11/22/2025 2:18:46 PM,
11/22/2025 2:18:56 PM,
11/22/2025 2:19:06 PM,
11/22/2025 2:19:16 PM,
11/22/2025 2:19:26 PM,
11/22/2025 2:19:36 PM,
11/22/2025 2:19:46 PM,
11/22/2025 2:19:56 PM,
11/22/2025 2:20:06 PM,
11/22/2025 2:20:16 PM,
11/22/2025 2:20:26 PM,1098.89985322952
11/22/2025 2:20:36 PM,
11/22/2025 2:20:46 PM,
11/22/2025 2:20:56 PM,
11/22/2025 2:21:06 PM,
11/22/2025 2:21:16 PM,
11/22/2025 2:21:26 PM,
11/22/2025 2:21:36 PM,
11/22/2025 2:21:46 PM,
11/22/2025 2:21:56 PM,
11/22/2025 2:22:06 PM,867.752176523209
11/22/2025 2:22:16 PM,
11/22/2025 2:22:26 PM,
11/22/2025 2:22:36 PM,
11/22/2025 2:22:46 PM,
11/22/2025 2:22:56 PM,683.672225475311
11/22/2025 2:23:06 PM,
11/22/2025 2:23:16 PM,
11/22/2025 2:23:26 PM,
11/22/2025 2:23:36 PM,
11/22/2025 2:23:46 PM,
11/22/2025 2:23:56 PM,
11/22/2025 2:24:06 PM,
11/22/2025 2:24:16 PM,
11/22/2025 2:24:26 PM,
11/22/2025 2:24:36 PM,
11/22/2025 2:24:46 PM,
11/22/2025 2:24:56 PM,
11/22/2025 2:25:06 PM,
11/22/2025 2:25:16 PM,
11/22/2025 2:25:26 PM,
11/22/2025 2:25:36 PM,1098.49752187729
11/22/2025 2:25:46 PM,
11/22/2025 2:25:56 PM,
11/22/2025 2:26:06 PM,
11/22/2025 2:26:16 PM,
11/22/2025 2:26:26 PM,
11/22/2025 2:26:36 PM,
11/22/2025 2:26:46 PM,
11/22/2025 2:26:56 PM,
11/22/2025 2:27:06 PM,
11/22/2025 2:27:16 PM,1126.01945400238
11/22/2025 2:27:26 PM,
11/22/2025 2:27:36 PM,
11/22/2025 2:27:46 PM,
11/22/2025 2:27:56 PM,
11/22/2025 2:28:06 PM,
11/22/2025 2:28:16 PM,
11/22/2025 2:28:26 PM,
11/22/2025 2:28:36 PM,
11/22/2025 2:28:46 PM,
11/22/2025 2:28:56 PM,
11/22/2025 2:29:06 PM,
11/22/2025 2:29:16 PM,
11/22/2025 2:29:26 PM,
11/22/2025 2:29:36 PM,
11/22/2025 2:29:46 PM,
11/22/2025 2:29:56 PM,
11/22/2025 2:30:06 PM,
11/22/2025 2:30:16 PM,
11/22/2025 2:30:26 PM,
11/22/2025 2:30:36 PM,
11/22/2025 2:30:46 PM,
11/22/2025 2:30:56 PM,
11/22/2025 2:31:06 PM,
11/22/2025 2:31:16 PM,
11/22/2025 2:31:26 PM,
11/22/2025 2:31:36 PM,
11/22/2025 2:31:46 PM,
11/22/2025 2:31:56 PM,
11/22/2025 2:32:06 PM,
11/22/2025 2:32:16 PM,
11/22/2025 2:32:26 PM,
11/22/2025 2:32:36 PM,
11/22/2025 2:32:46 PM,
11/22/2025 2:32:56 PM,
11/22/2025 2:33:06 PM,
11/22/2025 2:33:16 PM,
11/22/2025 2:33:26 PM,
11/22/2025 2:33:36 PM,
11/22/2025 2:33:46 PM,
11/22/2025 2:33:56 PM,
11/22/2025 2:34:06 PM,
11/22/2025 2:34:16 PM,
11/22/2025 2:34:26 PM,
11/22/2025 2:34:36 PM,
11/22/2025 2:34:46 PM,
11/22/2025 2:34:56 PM,
11/22/2025 2:35:06 PM,
11/22/2025 2:35:16 PM,
11/22/2025 2:35:26 PM,
11/22/2025 2:35:36 PM,
11/22/2025 2:35:46 PM,
11/22/2025 2:35:56 PM,
11/22/2025 2:36:06 PM,
11/22/2025 2:36:16 PM,
11/22/2025 2:36:26 PM,
11/22/2025 2:36:36 PM,
11/22/2025 2:36:46 PM,
11/22/2025 2:36:56 PM,
11/22/2025 2:37:06 PM,
11/22/2025 2:37:16 PM,
11/22/2025 2:37:26 PM,
11/22/2025 2:37:36 PM,
11/22/2025 2:37:46 PM,
11/22/2025 2:37:56 PM,
11/22/2025 2:38:06 PM,
11/22/2025 2:38:16 PM,
11/22/2025 2:38:26 PM,601.500499248505
11/22/2025 2:38:36 PM,
11/22/2025 2:38:46 PM,
11/22/2025 2:38:56 PM,
11/22/2025 2:39:06 PM,
11/22/2025 2:39:16 PM,
11/22/2025 2:39:26 PM,
11/22/2025 2:39:36 PM,
11/22/2025 2:39:46 PM,
11/22/2025 2:39:56 PM,
11/22/2025 2:40:06 PM,
11/22/2025 2:40:16 PM,
11/22/2025 2:40:26 PM,
11/22/2025 2:40:36 PM,
11/22/2025 2:40:46 PM,253.294649720192
11/22/2025 2:40:56 PM,
11/22/2025 2:41:06 PM,
11/22/2025 2:41:16 PM,
11/22/2025 2:41:26 PM,
11/22/2025 2:41:36 PM,
11/22/2025 2:41:46 PM,
11/22/2025 2:41:56 PM,
11/22/2025 2:42:06 PM,
11/22/2025 2:42:16 PM,593.205446004868
11/22/2025 2:42:26 PM,
11/22/2025 2:42:36 PM,
11/22/2025 2:42:46 PM,
11/22/2025 2:42:56 PM,
11/22/2025 2:43:06 PM,
11/22/2025 2:43:16 PM,
11/22/2025 2:43:26 PM,
11/22/2025 2:43:36 PM,
11/22/2025 2:43:46 PM,
11/22/2025 2:43:56 PM,
11/22/2025 2:44:06 PM,
11/22/2025 2:44:16 PM,
11/22/2025 2:44:26 PM,690.210860967636
11/22/2025 2:44:36 PM,578.847473859787
11/22/2025 2:44:46 PM,573.150032758713
11/22/2025 2:44:56 PM,
11/22/2025 2:45:06 PM,567.277175188065
11/22/2025 2:45:16 PM,567.091459035873
11/22/2025 2:45:26 PM,578.764003515244
11/22/2025 2:45:36 PM,584.086847305298
11/22/2025 2:45:46 PM,587.14005947113
11/22/2025 2:45:56 PM,570.777189731598
11/22/2025 2:46:06 PM,573.949384689331
11/22/2025 2:46:16 PM,582.024228572845
11/22/2025 2:46:26 PM,
11/22/2025 2:46:36 PM,
11/22/2025 2:46:46 PM,660.359054803848
11/22/2025 2:46:56 PM,
11/22/2025 2:47:06 PM,
11/22/2025 2:47:16 PM,
11/22/2025 2:47:26 PM,911.025810241699
11/22/2025 2:47:36 PM,
11/22/2025 2:47:46 PM,1052.55482196808
11/22/2025 2:47:56 PM,1055.71349859238
11/22/2025 2:48:06 PM,
11/22/2025 2:48:16 PM,1057.89102315903
11/22/2025 2:48:26 PM,
11/22/2025 2:48:36 PM,1065.77897071838
11/22/2025 2:48:46 PM,
11/22/2025 2:48:56 PM,1040.2427315712
11/22/2025 2:49:06 PM,
11/22/2025 2:49:16 PM,
11/22/2025 2:49:26 PM,
11/22/2025 2:49:36 PM,
11/22/2025 2:49:46 PM,
11/22/2025 2:49:56 PM,
11/22/2025 2:50:06 PM,1029.19642925262
11/22/2025 2:50:16 PM,993.676257133484
11/22/2025 2:50:26 PM,
11/22/2025 2:50:36 PM,
11/22/2025 2:50:46 PM,970.119166374207
11/22/2025 2:50:56 PM,
11/22/2025 2:51:06 PM,
11/22/2025 2:51:16 PM,818.199008703232
11/22/2025 2:51:26 PM,575.076931715012
11/22/2025 2:51:36 PM,577.448433637619
11/22/2025 2:51:46 PM,769.930726289749
11/22/2025 2:51:56 PM,
11/22/2025 2:52:06 PM,900.321865081787
11/22/2025 2:52:16 PM,
11/22/2025 2:52:26 PM,
11/22/2025 2:52:36 PM,
11/22/2025 2:52:46 PM,1068.03921461105
11/22/2025 2:52:56 PM,
11/22/2025 2:53:06 PM,
11/22/2025 2:53:16 PM,
11/22/2025 2:53:26 PM,
11/22/2025 2:53:36 PM,
11/22/2025 2:53:46 PM,
11/22/2025 2:53:56 PM,
11/22/2025 2:54:06 PM,
11/22/2025 2:54:16 PM,
11/22/2025 2:54:26 PM,858.074659109116
11/22/2025 2:54:36 PM,
11/22/2025 2:54:46 PM,692.484676837921
11/22/2025 2:54:56 PM,559.797245264053
11/22/2025 2:55:06 PM,568.201571702957
11/22/2025 2:55:16 PM,568.44516992569
11/22/2025 2:55:26 PM,565.019506216049
11/22/2025 2:55:36 PM,627.50848531723
11/22/2025 2:55:46 PM,667.562395334244
11/22/2025 2:55:56 PM,771.823614835739
11/22/2025 2:56:06 PM,884.687966108322
11/22/2025 2:56:16 PM,
11/22/2025 2:56:26 PM,
11/22/2025 2:56:36 PM,
11/22/2025 2:56:46 PM,
11/22/2025 2:56:56 PM,
11/22/2025 2:57:06 PM,
11/22/2025 2:57:16 PM,
11/22/2025 2:57:26 PM,
11/22/2025 2:57:36 PM,968.176066875458
11/22/2025 2:57:46 PM,525.879210233688
11/22/2025 2:57:56 PM,624.792695045471
11/22/2025 2:58:06 PM,
11/22/2025 2:58:16 PM,714.898663759232
11/22/2025 2:58:26 PM,547.255450487137
11/22/2025 2:58:36 PM,537.376499176025
11/22/2025 2:58:46 PM,550.749832391739
11/22/2025 2:58:56 PM,559.505367279053
11/22/2025 2:59:06 PM,569.360715150833
11/22/2025 2:59:16 PM,565.660232305527
11/22/2025 2:59:26 PM,
11/22/2025 2:59:36 PM,554.93558049202
11/22/2025 2:59:46 PM,554.388302564621
11/22/2025 2:59:56 PM,588.193041086197
11/22/2025 3:00:06 PM,
11/22/2025 3:00:16 PM,
11/22/2025 3:00:26 PM,
11/22/2025 3:00:36 PM,
11/22/2025 3:00:46 PM,
11/22/2025 3:00:56 PM,579.126638174057
11/22/2025 3:01:06 PM,
11/22/2025 3:01:16 PM,
11/22/2025 3:01:26 PM,
11/22/2025 3:01:36 PM,
11/22/2025 3:01:46 PM,
11/22/2025 3:01:56 PM,
11/22/2025 3:02:06 PM,561.600869894028
11/22/2025 3:02:16 PM,569.320213794708
11/22/2025 3:02:26 PM,605.902111530304
11/22/2025 3:02:36 PM,748.245763778687
11/22/2025 3:02:46 PM,953.292381763458
11/22/2025 3:02:56 PM,916.678726673126
11/22/2025 3:03:06 PM,
11/22/2025 3:03:16 PM,
11/22/2025 3:03:26 PM,
11/22/2025 3:03:36 PM,
11/22/2025 3:03:46 PM,
11/22/2025 3:03:56 PM,753.535670042038
11/22/2025 3:04:06 PM,623.668742179871
11/22/2025 3:04:16 PM,781.685453653336
11/22/2025 3:04:26 PM,782.383954524994
11/22/2025 3:04:36 PM,
11/22/2025 3:04:46 PM,
11/22/2025 3:04:56 PM,
11/22/2025 3:05:06 PM,994.622004032135
11/22/2025 3:05:16 PM,
11/22/2025 3:05:26 PM,
11/22/2025 3:05:36 PM,617.876404523849
11/22/2025 3:05:46 PM,805.059993267059
11/22/2025 3:05:56 PM,
11/22/2025 3:06:06 PM,
11/22/2025 3:06:16 PM,
11/22/2025 3:06:26 PM,
11/22/2025 3:06:36 PM,
11/22/2025 3:06:46 PM,
11/22/2025 3:06:56 PM,
11/22/2025 3:07:06 PM,
11/22/2025 3:07:16 PM,
11/22/2025 3:07:26 PM,
11/22/2025 3:07:36 PM,
11/22/2025 3:07:46 PM,
11/22/2025 3:07:56 PM,
11/22/2025 3:08:06 PM,
11/22/2025 3:08:16 PM,
11/22/2025 3:08:26 PM,895.905339717865
11/22/2025 3:08:36 PM,550.856691598892
11/22/2025 3:08:46 PM,524.742329120636
11/22/2025 3:08:56 PM,523.717403411865
11/22/2025 3:09:06 PM,533.53391289711
11/22/2025 3:09:16 PM,
11/22/2025 3:09:26 PM,
11/22/2025 3:09:36 PM,542.688077688217
11/22/2025 3:09:46 PM,
11/22/2025 3:09:56 PM,559.844076633453
11/22/2025 3:10:06 PM,
11/22/2025 3:10:16 PM,
11/22/2025 3:10:26 PM,
11/22/2025 3:10:36 PM,
11/22/2025 3:10:46 PM,629.050379991531
11/22/2025 3:10:56 PM,
11/22/2025 3:11:06 PM,1030.67572116852
11/22/2025 3:11:16 PM,
11/22/2025 3:11:26 PM,712.66508102417
11/22/2025 3:11:36 PM,571.690160036087
11/22/2025 3:11:46 PM,615.283834934235
11/22/2025 3:11:56 PM,563.252252340317
11/22/2025 3:12:06 PM,560.748946666718
11/22/2025 3:12:16 PM,610.314345359802
11/22/2025 3:12:26 PM,
11/22/2025 3:12:36 PM,
11/22/2025 3:12:46 PM,
11/22/2025 3:12:56 PM,913.981068134308
11/22/2025 3:13:06 PM,1027.12018489838
11/22/2025 3:13:16 PM,935.74515581131
11/22/2025 3:13:26 PM,983.356833457947
11/22/2025 3:13:36 PM,
11/22/2025 3:13:46 PM,934.320902824402
11/22/2025 3:13:56 PM,742.163908481598
11/22/2025 3:14:06 PM,814.825969934464
11/22/2025 3:14:16 PM,823.580056428909
11/22/2025 3:14:26 PM,869.703483581543
11/22/2025 3:14:36 PM,831.126344203949
11/22/2025 3:14:46 PM,728.99689078331
11/22/2025 3:14:56 PM,558.36301445961
11/22/2025 3:15:06 PM,554.824590682983
11/22/2025 3:15:16 PM,554.384064674377
11/22/2025 3:15:26 PM,562.728309631348
11/22/2025 3:15:36 PM,567.022258043289
11/22/2025 3:15:46 PM,564.437359571457
11/22/2025 3:15:56 PM,562.175452709198
11/22/2025 3:16:06 PM,562.171000242233
11/22/2025 3:16:16 PM,560.298979282379
11/22/2025 3:16:26 PM,559.335047006607
11/22/2025 3:16:36 PM,556.644201278687
11/22/2025 3:16:46 PM,554.234290122986
11/22/2025 3:16:56 PM,547.448247671127
11/22/2025 3:17:06 PM,544.795650243759
11/22/2025 3:17:16 PM,546.175968647003
11/22/2025 3:17:26 PM,546.16094827652
11/22/2025 3:17:36 PM,549.646747112274
11/22/2025 3:17:46 PM,552.357923984528
11/22/2025 3:17:56 PM,554.084354639053
11/22/2025 3:18:06 PM,
11/22/2025 3:18:16 PM,551.728087663651
11/22/2025 3:18:26 PM,554.028940200806
11/22/2025 3:18:36 PM,
11/22/2025 3:18:46 PM,563.682961463928
11/22/2025 3:18:56 PM,555.06175160408
11/22/2025 3:19:06 PM,555.163031816483
11/22/2025 3:19:16 PM,
11/22/2025 3:19:26 PM,550.411123037338
11/22/2025 3:19:36 PM,551.566725969315
11/22/2025 3:19:46 PM,550.557786226273
11/22/2025 3:19:56 PM,552.213191986084
11/22/2025 3:20:06 PM,555.498468875885
11/22/2025 3:20:16 PM,563.979130983353
11/22/2025 3:20:26 PM,570.809698104858
11/22/2025 3:20:36 PM,569.907993078232
11/22/2025 3:20:46 PM,
11/22/2025 3:20:56 PM,560.76911687851
11/22/2025 3:21:06 PM,562.593340873718
11/22/2025 3:21:16 PM,566.048455238342
11/22/2025 3:21:26 PM,554.224795103073
11/22/2025 3:21:36 PM,550.361233949661
11/22/2025 3:21:46 PM,541.478562355042
11/22/2025 3:21:56 PM,548.43036532402
11/22/2025 3:22:06 PM,539.198791980743
11/22/2025 3:22:16 PM,546.282237768173
11/22/2025 3:22:26 PM,
11/22/2025 3:22:36 PM,543.681085109711
11/22/2025 3:22:46 PM,557.276237010956
11/22/2025 3:22:56 PM,546.472245454788
11/22/2025 3:23:06 PM,578.656446933746
11/22/2025 3:23:16 PM,549.127739667892
11/22/2025 3:23:26 PM,
11/22/2025 3:23:36 PM,662.677717208862
11/22/2025 3:23:46 PM,
11/22/2025 3:23:56 PM,
11/22/2025 3:24:06 PM,
11/22/2025 3:24:16 PM,
11/22/2025 3:24:26 PM,
11/22/2025 3:24:36 PM,
11/22/2025 3:24:46 PM,
11/22/2025 3:24:56 PM,
11/22/2025 3:25:06 PM,
11/22/2025 3:25:16 PM,
11/22/2025 3:25:26 PM,576.862692832947
11/22/2025 3:25:36 PM,582.441258430481
11/22/2025 3:25:46 PM,
11/22/2025 3:25:56 PM,
11/22/2025 3:26:06 PM,
11/22/2025 3:26:16 PM,
11/22/2025 3:26:26 PM,
11/22/2025 3:26:36 PM,
11/22/2025 3:26:46 PM,
11/22/2025 3:26:56 PM,
11/22/2025 3:27:06 PM,
11/22/2025 3:27:16 PM,
11/22/2025 3:27:26 PM,
11/22/2025 3:27:36 PM,520.001256465912
11/22/2025 3:27:46 PM,
11/22/2025 3:27:56 PM,
11/22/2025 3:28:06 PM,
11/22/2025 3:28:16 PM,
11/22/2025 3:28:26 PM,
11/22/2025 3:28:36 PM,
11/22/2025 3:28:46 PM,
11/22/2025 3:28:56 PM,
11/22/2025 3:29:06 PM,
11/22/2025 3:29:16 PM,
11/22/2025 3:29:26 PM,
11/22/2025 3:29:36 PM,
11/22/2025 3:29:46 PM,
11/22/2025 3:29:56 PM,578.115445375443
11/22/2025 3:30:06 PM,
11/22/2025 3:30:16 PM,
11/22/2025 3:30:26 PM,572.958201169968
11/22/2025 3:30:36 PM,
11/22/2025 3:30:46 PM,
11/22/2025 3:30:56 PM,
11/22/2025 3:31:06 PM,
11/22/2025 3:31:16 PM,
11/22/2025 3:31:26 PM,
11/22/2025 3:31:36 PM,
11/22/2025 3:31:46 PM,
11/22/2025 3:31:56 PM,
11/22/2025 3:32:06 PM,
11/22/2025 3:32:16 PM,
11/22/2025 3:32:26 PM,
11/22/2025 3:32:36 PM,565.293037891388
11/22/2025 3:32:46 PM,
11/22/2025 3:32:56 PM,
11/22/2025 3:33:06 PM,
11/22/2025 3:33:16 PM,
11/22/2025 3:33:26 PM,821.84751033783
11/22/2025 3:33:36 PM,
11/22/2025 3:33:46 PM,
11/22/2025 3:33:56 PM,
11/22/2025 3:34:06 PM,
11/22/2025 3:34:16 PM,
11/22/2025 3:34:26 PM,
11/22/2025 3:34:36 PM,
11/22/2025 3:34:46 PM,
11/22/2025 3:34:56 PM,
11/22/2025 3:35:06 PM,
11/22/2025 3:35:16 PM,
11/22/2025 3:35:26 PM,
11/22/2025 3:35:36 PM,
11/22/2025 3:35:46 PM,563.723194599152
11/22/2025 3:35:56 PM,
11/22/2025 3:36:06 PM,
11/22/2025 3:36:16 PM,
11/22/2025 3:36:26 PM,
11/22/2025 3:36:36 PM,
11/22/2025 3:36:46 PM,
11/22/2025 3:36:56 PM,564.7116959095
11/22/2025 3:37:06 PM,
11/22/2025 3:37:16 PM,592.91957616806
11/22/2025 3:37:26 PM,
11/22/2025 3:37:36 PM,
11/22/2025 3:37:46 PM,595.016419887543
11/22/2025 3:37:56 PM,585.136502981186
11/22/2025 3:38:06 PM,
11/22/2025 3:38:16 PM,580.110955238342
11/22/2025 3:38:26 PM,
11/22/2025 3:38:36 PM,
11/22/2025 3:38:46 PM,
11/22/2025 3:38:56 PM,
11/22/2025 3:39:06 PM,
11/22/2025 3:39:16 PM,
11/22/2025 3:39:26 PM,
11/22/2025 3:39:36 PM,
11/22/2025 3:39:46 PM,
11/22/2025 3:39:56 PM,
11/22/2025 3:40:06 PM,
11/22/2025 3:40:16 PM,
11/22/2025 3:40:26 PM,
11/22/2025 3:40:36 PM,
11/22/2025 3:40:46 PM,
11/22/2025 3:40:56 PM,
11/22/2025 3:41:06 PM,
11/22/2025 3:41:16 PM,
11/22/2025 3:41:26 PM,
11/22/2025 3:41:36 PM,
11/22/2025 3:41:46 PM,
11/22/2025 3:41:56 PM,
11/22/2025 3:42:06 PM,
11/22/2025 3:42:16 PM,
11/22/2025 3:42:26 PM,
11/22/2025 3:42:36 PM,
11/22/2025 3:42:46 PM,
11/22/2025 3:42:56 PM,
11/22/2025 3:43:06 PM,
11/22/2025 3:43:16 PM,
11/22/2025 3:43:26 PM,
11/22/2025 3:43:36 PM,
11/22/2025 3:43:46 PM,
11/22/2025 3:43:56 PM,
11/22/2025 3:44:06 PM,
11/22/2025 3:44:16 PM,
11/22/2025 3:44:26 PM,
11/22/2025 3:44:36 PM,
11/22/2025 3:44:46 PM,
11/22/2025 3:44:56 PM,
11/22/2025 3:45:06 PM,
11/22/2025 3:45:16 PM,
11/22/2025 3:45:26 PM,
11/22/2025 3:45:36 PM,
11/22/2025 3:45:46 PM,
11/22/2025 3:45:56 PM,
11/22/2025 3:46:06 PM,
11/22/2025 3:46:16 PM,
11/22/2025 3:46:26 PM,
11/22/2025 3:46:36 PM,
11/22/2025 3:46:46 PM,
11/22/2025 3:46:56 PM,
11/22/2025 3:47:06 PM,
11/22/2025 3:47:16 PM,
11/22/2025 3:47:26 PM,
11/22/2025 3:47:36 PM,
11/22/2025 3:47:46 PM,
11/22/2025 3:47:56 PM,
11/22/2025 3:48:06 PM,
11/22/2025 3:48:16 PM,
11/22/2025 3:48:26 PM,
11/22/2025 3:48:36 PM,
11/22/2025 3:48:46 PM,
11/22/2025 3:48:56 PM,
11/22/2025 3:49:06 PM,
11/22/2025 3:49:16 PM,
11/22/2025 3:49:26 PM,
11/22/2025 3:49:36 PM,
11/22/2025 3:49:46 PM,
11/22/2025 3:49:56 PM,
11/22/2025 3:50:06 PM,699.679917097092
11/22/2025 3:50:16 PM,612.319135665894
11/22/2025 3:50:26 PM,
11/22/2025 3:50:36 PM,576.867628097534
11/22/2025 3:50:46 PM,
11/22/2025 3:50:56 PM,
11/22/2025 3:51:06 PM,
11/22/2025 3:51:16 PM,
11/22/2025 3:51:26 PM,
11/22/2025 3:51:36 PM,
11/22/2025 3:51:46 PM,528.232473134995
11/22/2025 3:51:56 PM,
11/22/2025 3:52:06 PM,628.647190332413
11/22/2025 3:52:16 PM,
11/22/2025 3:52:26 PM,
11/22/2025 3:52:36 PM,
11/22/2025 3:52:46 PM,
11/22/2025 3:52:56 PM,626.885730028152
11/22/2025 3:53:06 PM,561.843234300613
11/22/2025 3:53:16 PM,
11/22/2025 3:53:26 PM,
11/22/2025 3:53:36 PM,
11/22/2025 3:53:46 PM,779.695791006088
11/22/2025 3:53:56 PM,969.323301315308
11/22/2025 3:54:06 PM,
11/22/2025 3:54:16 PM,734.604799747467
11/22/2025 3:54:26 PM,667.390841245651
11/22/2025 3:54:36 PM,
11/22/2025 3:54:46 PM,646.190500259399
11/22/2025 3:54:56 PM,658.242845535278
11/22/2025 3:55:06 PM,631.742942333221
11/22/2025 3:55:16 PM,696.636468172073
11/22/2025 3:55:26 PM,712.162166833878
11/22/2025 3:55:36 PM,668.533194065094
11/22/2025 3:55:46 PM,626.082193851471
11/22/2025 3:55:56 PM,685.284072160721
11/22/2025 3:56:06 PM,712.581074237823
11/22/2025 3:56:16 PM,769.329589605331
11/22/2025 3:56:26 PM,
11/22/2025 3:56:36 PM,
11/22/2025 3:56:46 PM,523.088210821152
11/22/2025 3:56:56 PM,521.515846252441
11/22/2025 3:57:06 PM,531.162893772125
11/22/2025 3:57:16 PM,539.230388402939
11/22/2025 3:57:26 PM,564.579033851624
11/22/2025 3:57:36 PM,562.896698713303
11/22/2025 3:57:46 PM,
11/22/2025 3:57:56 PM,610.709863901138
11/22/2025 3:58:06 PM,
11/22/2025 3:58:16 PM,544.703704118729
11/22/2025 3:58:26 PM,573.965531587601
11/22/2025 3:58:36 PM,750.34995675087
11/22/2025 3:58:46 PM,758.205771446228
11/22/2025 3:58:56 PM,787.180602550507
11/22/2025 3:59:06 PM,
11/22/2025 3:59:16 PM,
11/22/2025 3:59:26 PM,580.476862192154
11/22/2025 3:59:36 PM,559.047782421112
11/22/2025 3:59:46 PM,
11/22/2025 3:59:56 PM,537.20982670784
11/22/2025 4:00:06 PM,
11/22/2025 4:00:16 PM,340.793377161026
11/22/2025 4:00:26 PM,295.996195077896
11/22/2025 4:00:36 PM,297.300446033478
11/22/2025 4:00:46 PM,
11/22/2025 4:00:56 PM,
11/22/2025 4:01:06 PM,
11/22/2025 4:01:16 PM,
11/22/2025 4:01:26 PM,
11/22/2025 4:01:36 PM,
11/22/2025 4:01:46 PM,
11/22/2025 4:01:56 PM,
11/22/2025 4:02:06 PM,291.409108042717
11/22/2025 4:02:16 PM,287.810227274895
11/22/2025 4:02:26 PM,278.935253620148
11/22/2025 4:02:36 PM,285.427325963974
11/22/2025 4:02:46 PM,284.521624445915
11/22/2025 4:02:56 PM,
11/22/2025 4:03:06 PM,
11/22/2025 4:03:16 PM,
11/22/2025 4:03:26 PM,
11/22/2025 4:03:36 PM,309.425720572472
11/22/2025 4:03:46 PM,311.453256011009
11/22/2025 4:03:56 PM,313.937839865685
11/22/2025 4:04:06 PM,314.53677713871
11/22/2025 4:04:16 PM,312.430116534233
11/22/2025 4:04:26 PM,310.680323839188
11/22/2025 4:04:36 PM,
11/22/2025 4:04:46 PM,291.593483090401
11/22/2025 4:04:56 PM,282.715398073196
11/22/2025 4:05:06 PM,
11/22/2025 4:05:16 PM,274.159714579582
11/22/2025 4:05:26 PM,285.437840223312
11/22/2025 4:05:36 PM,
11/22/2025 4:05:46 PM,285.721698403358
11/22/2025 4:05:56 PM,289.629274606705
11/22/2025 4:06:06 PM,288.070186972618
11/22/2025 4:06:16 PM,296.289226412773
11/22/2025 4:06:26 PM,299.242660403252
11/22/2025 4:06:36 PM,368.698436021805
11/22/2025 4:06:46 PM,439.539867639542
11/22/2025 4:06:56 PM,
11/22/2025 4:07:06 PM,
11/22/2025 4:07:16 PM,
11/22/2025 4:07:26 PM,
11/22/2025 4:07:36 PM,
11/22/2025 4:07:46 PM,285.983750224113
11/22/2025 4:07:56 PM,284.998252987862
11/22/2025 4:08:06 PM,291.54109954834
11/22/2025 4:08:16 PM,287.689179182053
11/22/2025 4:08:26 PM,
11/22/2025 4:08:36 PM,292.315748333931
11/22/2025 4:08:46 PM,
11/22/2025 4:08:56 PM,
11/22/2025 4:09:06 PM,
11/22/2025 4:09:16 PM,304.773107171059
11/22/2025 4:09:26 PM,301.693850755692
11/22/2025 4:09:36 PM,
11/22/2025 4:09:46 PM,
11/22/2025 4:09:56 PM,305.772498250008
11/22/2025 4:10:06 PM,295.673874020576
11/22/2025 4:10:16 PM,
11/22/2025 4:10:26 PM,
11/22/2025 4:10:36 PM,
11/22/2025 4:10:46 PM,
11/22/2025 4:10:56 PM,
11/22/2025 4:11:06 PM,292.492774128914
11/22/2025 4:11:16 PM,
11/22/2025 4:11:26 PM,
11/22/2025 4:11:36 PM,
11/22/2025 4:11:46 PM,
11/22/2025 4:11:56 PM,
11/22/2025 4:12:06 PM,
11/22/2025 4:12:16 PM,
11/22/2025 4:12:26 PM,291.880720853806
11/22/2025 4:12:36 PM,
11/22/2025 4:12:46 PM,
11/22/2025 4:12:56 PM,305.310380458832
11/22/2025 4:13:06 PM,299.848812818527
11/22/2025 4:13:16 PM,
11/22/2025 4:13:26 PM,
11/22/2025 4:13:36 PM,
11/22/2025 4:13:46 PM,
11/22/2025 4:13:56 PM,
11/22/2025 4:14:06 PM,
11/22/2025 4:14:16 PM,
11/22/2025 4:14:26 PM,
11/22/2025 4:14:36 PM,
11/22/2025 4:14:46 PM,
11/22/2025 4:14:56 PM,
11/22/2025 4:15:06 PM,293.07553768158
11/22/2025 4:15:16 PM,300.420123338699
11/22/2025 4:15:26 PM,286.259347200394
11/22/2025 4:15:36 PM,
11/22/2025 4:15:46 PM,270.081281661987
11/22/2025 4:15:56 PM,267.728394269943
11/22/2025 4:16:06 PM,
11/22/2025 4:16:16 PM,
11/22/2025 4:16:26 PM,
11/22/2025 4:16:36 PM,
11/22/2025 4:16:46 PM,
11/22/2025 4:16:56 PM,321.20061814785
11/22/2025 4:17:06 PM,327.082005143166
11/22/2025 4:17:16 PM,328.060233592987
11/22/2025 4:17:26 PM,328.282910585403
11/22/2025 4:17:36 PM,
11/22/2025 4:17:46 PM,
11/22/2025 4:17:56 PM,317.577892541885
11/22/2025 4:18:06 PM,
11/22/2025 4:18:16 PM,
11/22/2025 4:18:26 PM,
11/22/2025 4:18:36 PM,
11/22/2025 4:18:46 PM,
11/22/2025 4:18:56 PM,
11/22/2025 4:19:06 PM,
11/22/2025 4:19:16 PM,
11/22/2025 4:19:26 PM,
11/22/2025 4:19:36 PM,
11/22/2025 4:19:46 PM,
11/22/2025 4:19:56 PM,316.93212389946
11/22/2025 4:20:06 PM,324.498152732849
11/22/2025 4:20:16 PM,
11/22/2025 4:20:26 PM,
11/22/2025 4:20:36 PM,
11/22/2025 4:20:46 PM,
11/22/2025 4:20:56 PM,
11/22/2025 4:21:06 PM,
11/22/2025 4:21:16 PM,
11/22/2025 4:21:26 PM,
11/22/2025 4:21:36 PM,
11/22/2025 4:21:46 PM,
11/22/2025 4:21:56 PM,
11/22/2025 4:22:06 PM,
11/22/2025 4:22:16 PM,
11/22/2025 4:22:26 PM,
11/22/2025 4:22:36 PM,
11/22/2025 4:22:46 PM,
11/22/2025 4:22:56 PM,
11/22/2025 4:23:06 PM,
11/22/2025 4:23:16 PM,
11/22/2025 4:23:26 PM,
11/22/2025 4:23:36 PM,
11/22/2025 4:23:46 PM,
11/22/2025 4:23:56 PM,69.6230985224247
11/22/2025 4:24:06 PM,
11/22/2025 4:24:16 PM,
11/22/2025 4:24:26 PM,
11/22/2025 4:24:36 PM,
11/22/2025 4:24:46 PM,
11/22/2025 4:24:56 PM,
11/22/2025 4:25:06 PM,
11/22/2025 4:25:16 PM,
11/22/2025 4:25:26 PM,
11/22/2025 4:25:36 PM,
11/22/2025 4:25:46 PM,
11/22/2025 4:25:56 PM,
11/22/2025 4:26:06 PM,
11/22/2025 4:26:16 PM,
11/22/2025 4:26:26 PM,
11/22/2025 4:26:36 PM,
11/22/2025 4:26:46 PM,
11/22/2025 4:26:56 PM,
11/22/2025 4:27:06 PM,
11/22/2025 4:27:16 PM,
11/22/2025 4:27:26 PM,
11/22/2025 4:27:36 PM,
11/22/2025 4:27:46 PM,
11/22/2025 4:27:56 PM,28.8849703967571
11/22/2025 4:28:06 PM,
11/22/2025 4:28:16 PM,
11/22/2025 4:28:26 PM,
11/22/2025 4:28:36 PM,28.8563143461943
11/22/2025 4:28:46 PM,
11/22/2025 4:28:56 PM,
11/22/2025 4:29:06 PM,
11/22/2025 4:29:16 PM,
11/22/2025 4:29:26 PM,
11/22/2025 4:29:36 PM,
11/22/2025 4:29:46 PM,
11/22/2025 4:29:56 PM,
11/22/2025 4:30:06 PM,
11/22/2025 4:30:16 PM,
11/22/2025 4:30:26 PM,
11/22/2025 4:30:36 PM,
11/22/2025 4:30:46 PM,
11/22/2025 4:30:56 PM,
11/22/2025 4:31:06 PM,
11/22/2025 4:31:16 PM,
11/22/2025 4:31:26 PM,
11/22/2025 4:31:36 PM,
11/22/2025 4:31:46 PM,
11/22/2025 4:31:56 PM,
11/22/2025 4:32:06 PM,
11/22/2025 4:32:16 PM,
11/22/2025 4:32:26 PM,
11/22/2025 4:32:36 PM,
11/22/2025 4:32:46 PM,
11/22/2025 4:32:56 PM,
11/22/2025 4:33:06 PM,
11/22/2025 4:33:16 PM,
11/22/2025 4:33:26 PM,
11/22/2025 4:33:36 PM,
11/22/2025 4:33:46 PM,
11/22/2025 4:33:56 PM,
11/22/2025 4:34:06 PM,
11/22/2025 4:34:16 PM,
11/22/2025 4:34:26 PM,
11/22/2025 4:34:36 PM,
11/22/2025 4:34:46 PM,78.501907736063
11/22/2025 4:34:56 PM,
11/22/2025 4:35:06 PM,
11/22/2025 4:35:16 PM,
11/22/2025 4:35:26 PM,
11/22/2025 4:35:36 PM,
11/22/2025 4:35:46 PM,
11/22/2025 4:35:56 PM,
11/22/2025 4:36:06 PM,
11/22/2025 4:36:16 PM,
11/22/2025 4:36:26 PM,
11/22/2025 4:36:36 PM,
11/22/2025 4:36:46 PM,
11/22/2025 4:36:56 PM,
11/22/2025 4:37:06 PM,93.588924407959
11/22/2025 4:37:16 PM,
11/22/2025 4:37:26 PM,77.0363017916679
11/22/2025 4:37:36 PM,
11/22/2025 4:37:46 PM,
11/22/2025 4:37:56 PM,
11/22/2025 4:38:06 PM,
11/22/2025 4:38:16 PM,
11/22/2025 4:38:26 PM,63.7223057448864
11/22/2025 4:38:36 PM,
11/22/2025 4:38:46 PM,
11/22/2025 4:38:56 PM,
11/22/2025 4:39:06 PM,
11/22/2025 4:39:16 PM,
11/22/2025 4:39:26 PM,
11/22/2025 4:39:36 PM,
11/22/2025 4:39:46 PM,
11/22/2025 4:39:56 PM,
11/22/2025 4:40:06 PM,
11/22/2025 4:40:16 PM,
11/22/2025 4:40:26 PM,
11/22/2025 4:40:36 PM,
11/22/2025 4:40:46 PM,
11/22/2025 4:40:56 PM,46.2948773056269
11/22/2025 4:41:06 PM,
11/22/2025 4:41:16 PM,46.6117970645428
11/22/2025 4:41:26 PM,45.3560337424278
11/22/2025 4:41:36 PM,45.136558637023
11/22/2025 4:41:46 PM,48.2031315565109
11/22/2025 4:41:56 PM,37.7030678093433
11/22/2025 4:42:06 PM,43.085503578186
11/22/2025 4:42:16 PM,42.0873194932938
11/22/2025 4:42:26 PM,
11/22/2025 4:42:36 PM,
11/22/2025 4:42:46 PM,
11/22/2025 4:42:56 PM,
11/22/2025 4:43:06 PM,
11/22/2025 4:43:16 PM,
11/22/2025 4:43:26 PM,40.8607218414545
11/22/2025 4:43:36 PM,41.322048380971
11/22/2025 4:43:46 PM,
11/22/2025 4:43:56 PM,42.3992168158293
11/22/2025 4:44:06 PM,41.5482759475708
11/22/2025 4:44:16 PM,
11/22/2025 4:44:26 PM,
11/22/2025 4:44:36 PM,
11/22/2025 4:44:46 PM,
11/22/2025 4:44:56 PM,43.6005614697933
11/22/2025 4:45:06 PM,41.6348341852427
11/22/2025 4:45:16 PM,38.6165477335453
11/22/2025 4:45:26 PM,
11/22/2025 4:45:36 PM,
11/22/2025 4:45:46 PM,
11/22/2025 4:45:56 PM,
11/22/2025 4:46:06 PM,
11/22/2025 4:46:16 PM,
11/22/2025 4:46:26 PM,
11/22/2025 4:46:36 PM,
11/22/2025 4:46:46 PM,
11/22/2025 4:46:56 PM,
11/22/2025 4:47:06 PM,
11/22/2025 4:47:16 PM,
11/22/2025 4:47:26 PM,
11/22/2025 4:47:36 PM,
11/22/2025 4:47:46 PM,36.5528795868158
11/22/2025 4:47:56 PM,
11/22/2025 4:48:06 PM,45.752601698041
11/22/2025 4:48:16 PM,36.8229981511831
11/22/2025 4:48:26 PM,
11/22/2025 4:48:36 PM,37.053557485342
11/22/2025 4:48:46 PM,
11/22/2025 4:48:56 PM,46.2585467845201
11/22/2025 4:49:06 PM,
11/22/2025 4:49:16 PM,
11/22/2025 4:49:26 PM,
11/22/2025 4:49:36 PM,
11/22/2025 4:49:46 PM,
11/22/2025 4:49:56 PM,
11/22/2025 4:50:06 PM,
11/22/2025 4:50:16 PM,
11/22/2025 4:50:26 PM,
11/22/2025 4:50:36 PM,
11/22/2025 4:50:46 PM,40.2093004435301
11/22/2025 4:50:56 PM,
11/22/2025 4:51:06 PM,38.4252056479454
11/22/2025 4:51:16 PM,20.709746517241
11/22/2025 4:51:26 PM,
11/22/2025 4:51:36 PM,12.0712833479047
11/22/2025 4:51:46 PM,19.4486103951931
11/22/2025 4:51:56 PM,5.9371538925916
11/22/2025 4:52:06 PM,
11/22/2025 4:52:16 PM,10.5307993479073
11/22/2025 4:52:26 PM,
11/22/2025 4:52:36 PM,17.5588130950928
11/22/2025 4:52:46 PM,
11/22/2025 4:52:56 PM,
11/22/2025 4:53:06 PM,31.5335646271706
11/22/2025 4:53:16 PM,30.8573294430971
11/22/2025 4:53:26 PM,26.0664984583855
11/22/2025 4:53:36 PM,22.6724496111274
11/22/2025 4:53:46 PM,
11/22/2025 4:53:56 PM,31.7388843744993
11/22/2025 4:54:06 PM,40.4875729233027
11/22/2025 4:54:16 PM,
11/22/2025 4:54:26 PM,
11/22/2025 4:54:36 PM,36.5988694131374
11/22/2025 4:54:46 PM,
11/22/2025 4:54:56 PM,
11/22/2025 4:55:06 PM,41.680009290576
11/22/2025 4:55:16 PM,
11/22/2025 4:55:26 PM,41.5867287665606
11/22/2025 4:55:36 PM,
11/22/2025 4:55:46 PM,44.5868499577045
11/22/2025 4:55:56 PM,
11/22/2025 4:56:06 PM,40.5562408268452
11/22/2025 4:56:16 PM,
11/22/2025 4:56:26 PM,40.194384008646
11/22/2025 4:56:36 PM,
11/22/2025 4:56:46 PM,42.9101072251797
11/22/2025 4:56:56 PM,
11/22/2025 4:57:06 PM,
11/22/2025 4:57:16 PM,
11/22/2025 4:57:26 PM,
11/22/2025 4:57:36 PM,
11/22/2025 4:57:46 PM,
11/22/2025 4:57:56 PM,
11/22/2025 4:58:06 PM,
11/22/2025 4:58:16 PM,34.2772331088781
11/22/2025 4:58:26 PM,
11/22/2025 4:58:36 PM,40.953167527914
11/22/2025 4:58:46 PM,8.70753927156329
11/22/2025 4:58:56 PM,
11/22/2025 4:59:06 PM,
11/22/2025 4:59:16 PM,
11/22/2025 4:59:26 PM,
11/22/2025 4:59:36 PM,
11/22/2025 4:59:46 PM,
11/22/2025 4:59:56 PM,
11/22/2025 5:00:06 PM,
11/22/2025 5:00:16 PM,
11/22/2025 5:00:26 PM,36.3790053874254
11/22/2025 5:00:36 PM,
11/22/2025 5:00:46 PM,33.5139233618975
11/22/2025 5:00:56 PM,37.1040970087051
11/22/2025 5:01:06 PM,
11/22/2025 5:01:16 PM,
11/22/2025 5:01:26 PM,
11/22/2025 5:01:36 PM,
11/22/2025 5:01:46 PM,
11/22/2025 5:01:56 PM,
11/22/2025 5:02:06 PM,
11/22/2025 5:02:16 PM,
11/22/2025 5:02:26 PM,
11/22/2025 5:02:36 PM,
11/22/2025 5:02:46 PM,
11/22/2025 5:02:56 PM,
11/22/2025 5:03:06 PM,
11/22/2025 5:03:16 PM,
11/22/2025 5:03:26 PM,
11/22/2025 5:03:36 PM,
11/22/2025 5:03:46 PM,265.614759922028
11/22/2025 5:03:56 PM,413.206502795219
11/22/2025 5:04:06 PM,
11/22/2025 5:04:16 PM,
11/22/2025 5:04:26 PM,
11/22/2025 5:04:36 PM,
11/22/2025 5:04:46 PM,
11/22/2025 5:04:56 PM,
11/22/2025 5:05:06 PM,
11/22/2025 5:05:16 PM,
11/22/2025 5:05:26 PM,
11/22/2025 5:05:36 PM,
11/22/2025 5:05:46 PM,
11/22/2025 5:05:56 PM,
11/22/2025 5:06:06 PM,
11/22/2025 5:06:16 PM,
11/22/2025 5:06:26 PM,
11/22/2025 5:06:36 PM,
11/22/2025 5:06:46 PM,
11/22/2025 5:06:56 PM,
11/22/2025 5:07:06 PM,
11/22/2025 5:07:16 PM,541.987484693527
11/22/2025 5:07:26 PM,400.237593054771
11/22/2025 5:07:36 PM,393.286031484604
11/22/2025 5:07:46 PM,397.960934042931
11/22/2025 5:07:56 PM,384.674209356308
11/22/2025 5:08:06 PM,391.663375496864
11/22/2025 5:08:16 PM,379.751202464104
11/22/2025 5:08:26 PM,379.085531830788
11/22/2025 5:08:36 PM,
11/22/2025 5:08:46 PM,
11/22/2025 5:08:56 PM,
11/22/2025 5:09:06 PM,401.42967402935
11/22/2025 5:09:16 PM,389.85798060894
11/22/2025 5:09:26 PM,
11/22/2025 5:09:36 PM,389.433708786964
11/22/2025 5:09:46 PM,394.723480939865
11/22/2025 5:09:56 PM,399.98881816864
11/22/2025 5:10:06 PM,390.912678837776
11/22/2025 5:10:16 PM,391.193264722824
11/22/2025 5:10:26 PM,389.029714465141
11/22/2025 5:10:36 PM,395.299351215363
11/22/2025 5:10:46 PM,398.453575372696
11/22/2025 5:10:56 PM,398.946404457092
11/22/2025 5:11:06 PM,398.517706990242
11/22/2025 5:11:16 PM,
11/22/2025 5:11:26 PM,398.941040039062
11/22/2025 5:11:36 PM,399.757450819016
11/22/2025 5:11:46 PM,397.378116846085
11/22/2025 5:11:56 PM,391.86078608036
11/22/2025 5:12:06 PM,385.912451148033
11/22/2025 5:12:16 PM,389.651182293892
11/22/2025 5:12:26 PM,392.332157492638
11/22/2025 5:12:36 PM,389.255636930466
11/22/2025 5:12:46 PM,391.213005781174
11/22/2025 5:12:56 PM,391.511669754982
11/22/2025 5:13:06 PM,396.752384305
11/22/2025 5:13:16 PM,
11/22/2025 5:13:26 PM,398.436811566353
11/22/2025 5:13:36 PM,
11/22/2025 5:13:46 PM,
11/22/2025 5:13:56 PM,401.018357276917
11/22/2025 5:14:06 PM,399.735724925995
11/22/2025 5:14:16 PM,397.602939605713
11/22/2025 5:14:26 PM,390.593281388283
11/22/2025 5:14:36 PM,382.831075787544
11/22/2025 5:14:46 PM,363.631153106689
11/22/2025 5:14:56 PM,356.555458903313
11/22/2025 5:15:06 PM,350.667902827263
11/22/2025 5:15:16 PM,350.510913133621
11/22/2025 5:15:26 PM,352.855405211449
11/22/2025 5:15:36 PM,351.28325521946
11/22/2025 5:15:46 PM,
11/22/2025 5:15:56 PM,363.988932967186
11/22/2025 5:16:06 PM,364.538490772247
11/22/2025 5:16:16 PM,365.242409706116
11/22/2025 5:16:26 PM,
11/22/2025 5:16:36 PM,380.806973576546
11/22/2025 5:16:46 PM,397.368648648262
11/22/2025 5:16:56 PM,403.136336803436
11/22/2025 5:17:06 PM,407.203209400177
11/22/2025 5:17:16 PM,402.954617142677
11/22/2025 5:17:26 PM,390.313822031021
11/22/2025 5:17:36 PM,
11/22/2025 5:17:46 PM,
11/22/2025 5:17:56 PM,385.055378079414
11/22/2025 5:18:06 PM,361.215797066689
11/22/2025 5:18:16 PM,344.67895925045
11/22/2025 5:18:26 PM,339.085748791695
11/22/2025 5:18:36 PM,346.325567364693
11/22/2025 5:18:46 PM,353.476175665855
11/22/2025 5:18:56 PM,355.848267674446
11/22/2025 5:19:06 PM,360.32093167305
11/22/2025 5:19:16 PM,362.634551525116
11/22/2025 5:19:26 PM,361.039280891418
11/22/2025 5:19:36 PM,362.416970729828
11/22/2025 5:19:46 PM,369.024646282196
11/22/2025 5:19:56 PM,364.40215408802
11/22/2025 5:20:06 PM,376.200494170189
11/22/2025 5:20:16 PM,380.755770206451
11/22/2025 5:20:26 PM,361.248037219048
11/22/2025 5:20:36 PM,377.829453349113
11/22/2025 5:20:46 PM,386.343482136726
11/22/2025 5:20:56 PM,384.893023967743
11/22/2025 5:21:06 PM,367.635181546211
11/22/2025 5:21:16 PM,354.472455382347
11/22/2025 5:21:26 PM,
11/22/2025 5:21:36 PM,
11/22/2025 5:21:46 PM,
11/22/2025 5:21:56 PM,
11/22/2025 5:22:06 PM,351.098182797432
11/22/2025 5:22:16 PM,350.196745991707
11/22/2025 5:22:26 PM,349.85511302948
11/22/2025 5:22:36 PM,356.354802846909
11/22/2025 5:22:46 PM,356.74412548542
11/22/2025 5:22:56 PM,355.196222662926
11/22/2025 5:23:06 PM,370.053058862686
11/22/2025 5:23:16 PM,
11/22/2025 5:23:26 PM,362.760776281357
11/22/2025 5:23:36 PM,357.293817400932
11/22/2025 5:23:46 PM,355.127370357513
11/22/2025 5:23:56 PM,341.640070080757
11/22/2025 5:24:06 PM,
11/22/2025 5:24:16 PM,
11/22/2025 5:24:26 PM,314.093086123466
11/22/2025 5:24:36 PM,
11/22/2025 5:24:46 PM,
11/22/2025 5:24:56 PM,
11/22/2025 5:25:06 PM,322.558808326721
11/22/2025 5:25:16 PM,
11/22/2025 5:25:26 PM,326.3353317976
11/22/2025 5:25:36 PM,
11/22/2025 5:25:46 PM,
11/22/2025 5:25:56 PM,
11/22/2025 5:26:06 PM,
11/22/2025 5:26:16 PM,
11/22/2025 5:26:26 PM,369.097548723221
11/22/2025 5:26:36 PM,402.589327096939
11/22/2025 5:26:46 PM,
11/22/2025 5:26:56 PM,
11/22/2025 5:27:06 PM,
11/22/2025 5:27:16 PM,
11/22/2025 5:27:26 PM,
11/22/2025 5:27:36 PM,
11/22/2025 5:27:46 PM,
11/22/2025 5:27:56 PM,
11/22/2025 5:28:06 PM,
11/22/2025 5:28:16 PM,
11/22/2025 5:28:26 PM,
11/22/2025 5:28:36 PM,
11/22/2025 5:28:46 PM,
11/22/2025 5:28:56 PM,
11/22/2025 5:29:06 PM,
11/22/2025 5:29:16 PM,
11/22/2025 5:29:26 PM,
11/22/2025 5:29:36 PM,388.494667410851
11/22/2025 5:29:46 PM,
11/22/2025 5:29:56 PM,
11/22/2025 5:30:06 PM,
11/22/2025 5:30:16 PM,
11/22/2025 5:30:26 PM,
11/22/2025 5:30:36 PM,
11/22/2025 5:30:46 PM,
11/22/2025 5:30:56 PM,
11/22/2025 5:31:06 PM,
11/22/2025 5:31:16 PM,
11/22/2025 5:31:26 PM,
11/22/2025 5:31:36 PM,
11/22/2025 5:31:46 PM,
11/22/2025 5:31:56 PM,
11/22/2025 5:32:06 PM,
11/22/2025 5:32:16 PM,
11/22/2025 5:32:26 PM,
11/22/2025 5:32:36 PM,
11/22/2025 5:32:46 PM,
11/22/2025 5:32:56 PM,
11/22/2025 5:33:06 PM,
11/22/2025 5:33:16 PM,
11/22/2025 5:33:26 PM,
11/22/2025 5:33:36 PM,
11/22/2025 5:33:46 PM,
11/22/2025 5:33:56 PM,
11/22/2025 5:34:06 PM,
11/22/2025 5:34:16 PM,
11/22/2025 5:34:26 PM,
11/22/2025 5:34:36 PM,
11/22/2025 5:34:46 PM,
11/22/2025 5:34:56 PM,
11/22/2025 5:35:06 PM,
11/22/2025 5:35:16 PM,
11/22/2025 5:35:26 PM,
11/22/2025 5:35:36 PM,
11/22/2025 5:35:46 PM,
11/22/2025 5:35:56 PM,
11/22/2025 5:36:06 PM,
11/22/2025 5:36:16 PM,
11/22/2025 5:36:26 PM,
11/22/2025 5:36:36 PM,
11/22/2025 5:36:46 PM,
11/22/2025 5:36:56 PM,
11/22/2025 5:37:06 PM,
11/22/2025 5:37:16 PM,
11/22/2025 5:37:26 PM,
11/22/2025 5:37:36 PM,
11/22/2025 5:37:46 PM,
11/22/2025 5:37:56 PM,
11/22/2025 5:38:06 PM,
11/22/2025 5:38:16 PM,
11/22/2025 5:38:26 PM,
11/22/2025 5:38:36 PM,
11/22/2025 5:38:46 PM,
11/22/2025 5:38:56 PM,
11/22/2025 5:39:06 PM,
11/22/2025 5:39:16 PM,
11/22/2025 5:39:26 PM,
11/22/2025 5:39:36 PM,
11/22/2025 5:39:46 PM,320.864269137383
11/22/2025 5:39:56 PM,
11/22/2025 5:40:06 PM,
11/22/2025 5:40:16 PM,
11/22/2025 5:40:26 PM,
11/22/2025 5:40:36 PM,291.543433070183
11/22/2025 5:40:46 PM,293.335095047951
11/22/2025 5:40:56 PM,282.777464389801
11/22/2025 5:41:06 PM,289.357459545135
11/22/2025 5:41:16 PM,288.670465350151
11/22/2025 5:41:26 PM,285.30059158802
11/22/2025 5:41:36 PM,
11/22/2025 5:41:46 PM,285.832178592682
11/22/2025 5:41:56 PM,273.608976602554
11/22/2025 5:42:06 PM,270.546081662178
11/22/2025 5:42:16 PM,
11/22/2025 5:42:26 PM,
11/22/2025 5:42:36 PM,
11/22/2025 5:42:46 PM,
11/22/2025 5:42:56 PM,
11/22/2025 5:43:06 PM,
11/22/2025 5:43:16 PM,
11/22/2025 5:43:26 PM,
11/22/2025 5:43:36 PM,
11/22/2025 5:43:46 PM,
11/22/2025 5:43:56 PM,
11/22/2025 5:44:06 PM,
11/22/2025 5:44:16 PM,
11/22/2025 5:44:26 PM,
11/22/2025 5:44:36 PM,
11/22/2025 5:44:46 PM,271.684357523918
11/22/2025 5:44:56 PM,
11/22/2025 5:45:06 PM,
11/22/2025 5:45:16 PM,
11/22/2025 5:45:26 PM,
11/22/2025 5:45:36 PM,
11/22/2025 5:45:46 PM,
11/22/2025 5:45:56 PM,
11/22/2025 5:46:06 PM,
11/22/2025 5:46:16 PM,
11/22/2025 5:46:26 PM,309.478265047073
11/22/2025 5:46:36 PM,309.670820832253
11/22/2025 5:46:46 PM,
11/22/2025 5:46:56 PM,
11/22/2025 5:47:06 PM,265.569430589676
11/22/2025 5:47:16 PM,
11/22/2025 5:47:26 PM,
11/22/2025 5:47:36 PM,
11/22/2025 5:47:46 PM,
11/22/2025 5:47:56 PM,
11/22/2025 5:48:06 PM,
11/22/2025 5:48:16 PM,
11/22/2025 5:48:26 PM,
11/22/2025 5:48:36 PM,
11/22/2025 5:48:46 PM,
11/22/2025 5:48:56 PM,
11/22/2025 5:49:06 PM,
11/22/2025 5:49:16 PM,
11/22/2025 5:49:26 PM,
11/22/2025 5:49:36 PM,
11/22/2025 5:49:46 PM,
11/22/2025 5:49:56 PM,
11/22/2025 5:50:06 PM,
11/22/2025 5:50:16 PM,
11/22/2025 5:50:26 PM,
11/22/2025 5:50:36 PM,
11/22/2025 5:50:46 PM,
11/22/2025 5:50:56 PM,
11/22/2025 5:51:06 PM,226.613295078278
11/22/2025 5:51:16 PM,
11/22/2025 5:51:26 PM,
11/22/2025 5:51:36 PM,253.163087368011
11/22/2025 5:51:46 PM,262.109461426735
11/22/2025 5:51:56 PM,
11/22/2025 5:52:06 PM,279.526305198669
11/22/2025 5:52:16 PM,285.89124083519
11/22/2025 5:52:26 PM,288.123697042465
11/22/2025 5:52:36 PM,278.207141160965
11/22/2025 5:52:46 PM,
11/22/2025 5:52:56 PM,256.716960668564
11/22/2025 5:53:06 PM,244.857493042946
11/22/2025 5:53:16 PM,221.004876494408
11/22/2025 5:53:26 PM,212.229251861572
11/22/2025 5:53:36 PM,
11/22/2025 5:53:46 PM,
11/22/2025 5:53:56 PM,232.071349024773
11/22/2025 5:54:06 PM,236.287245154381
11/22/2025 5:54:16 PM,231.116080284119
11/22/2025 5:54:26 PM,
11/22/2025 5:54:36 PM,260.068970918655
11/22/2025 5:54:46 PM,
11/22/2025 5:54:56 PM,274.612605571747
11/22/2025 5:55:06 PM,277.602329850197
11/22/2025 5:55:16 PM,278.98436486721
11/22/2025 5:55:26 PM,275.691631436348
11/22/2025 5:55:36 PM,
11/22/2025 5:55:46 PM,
11/22/2025 5:55:56 PM,
11/22/2025 5:56:06 PM,
11/22/2025 5:56:16 PM,
11/22/2025 5:56:26 PM,
11/22/2025 5:56:36 PM,
11/22/2025 5:56:46 PM,
11/22/2025 5:56:56 PM,
11/22/2025 5:57:06 PM,
11/22/2025 5:57:16 PM,
11/22/2025 5:57:26 PM,
11/22/2025 5:57:36 PM,
11/22/2025 5:57:46 PM,
11/22/2025 5:57:56 PM,
11/22/2025 5:58:06 PM,
11/22/2025 5:58:16 PM,
11/22/2025 5:58:26 PM,
11/22/2025 5:58:36 PM,
11/22/2025 5:58:46 PM,
11/22/2025 5:58:56 PM,
11/22/2025 5:59:06 PM,
11/22/2025 5:59:16 PM,
11/22/2025 5:59:26 PM,
11/22/2025 5:59:36 PM,
11/22/2025 5:59:46 PM,
11/22/2025 5:59:56 PM,251.072600483894
11/22/2025 6:00:06 PM,
11/22/2025 6:00:16 PM,
11/22/2025 6:00:26 PM,236.151203513145
11/22/2025 6:00:36 PM,
11/22/2025 6:00:46 PM,
11/22/2025 6:00:56 PM,
11/22/2025 6:01:06 PM,
11/22/2025 6:01:16 PM,
11/22/2025 6:01:26 PM,
11/22/2025 6:01:36 PM,
11/22/2025 6:01:46 PM,
11/22/2025 6:01:56 PM,
11/22/2025 6:02:06 PM,
11/22/2025 6:02:16 PM,
11/22/2025 6:02:26 PM,
11/22/2025 6:02:36 PM,
11/22/2025 6:02:46 PM,
11/22/2025 6:02:56 PM,
11/22/2025 6:03:06 PM,
11/22/2025 6:03:16 PM,
11/22/2025 6:03:26 PM,
11/22/2025 6:03:36 PM,
11/22/2025 6:03:46 PM,
11/22/2025 6:03:56 PM,
11/22/2025 6:04:06 PM,
11/22/2025 6:04:16 PM,
11/22/2025 6:04:26 PM,
11/22/2025 6:04:36 PM,
11/22/2025 6:04:46 PM,
11/22/2025 6:04:56 PM,
11/22/2025 6:05:06 PM,
11/22/2025 6:05:16 PM,230.080103874207
11/22/2025 6:05:26 PM,
11/22/2025 6:05:36 PM,
11/22/2025 6:05:46 PM,236.959701776505
11/22/2025 6:05:56 PM,253.633627295494
11/22/2025 6:06:06 PM,
11/22/2025 6:06:16 PM,275.404769182205
11/22/2025 6:06:26 PM,
11/22/2025 6:06:36 PM,320.090880990028
11/22/2025 6:06:46 PM,315.908592939377
11/22/2025 6:06:56 PM,
11/22/2025 6:07:06 PM,
11/22/2025 6:07:16 PM,
11/22/2025 6:07:26 PM,
11/22/2025 6:07:36 PM,
11/22/2025 6:07:46 PM,
11/22/2025 6:07:56 PM,231.985169649124
11/22/2025 6:08:06 PM,
11/22/2025 6:08:16 PM,
11/22/2025 6:08:26 PM,257.635214924812
11/22/2025 6:08:36 PM,256.57214820385
11/22/2025 6:08:46 PM,
11/22/2025 6:08:56 PM,273.060759902
11/22/2025 6:09:06 PM,
11/22/2025 6:09:16 PM,283.245107531548
11/22/2025 6:09:26 PM,335.496979951859
11/22/2025 6:09:36 PM,309.052437543869
11/22/2025 6:09:46 PM,281.615853309631
11/22/2025 6:09:56 PM,264.164757728577
11/22/2025 6:10:06 PM,
11/22/2025 6:10:16 PM,
11/22/2025 6:10:26 PM,
11/22/2025 6:10:36 PM,
11/22/2025 6:10:46 PM,
11/22/2025 6:10:56 PM,
11/22/2025 6:11:06 PM,
11/22/2025 6:11:16 PM,
11/22/2025 6:11:26 PM,
11/22/2025 6:11:36 PM,
11/22/2025 6:11:46 PM,
11/22/2025 6:11:56 PM,
11/22/2025 6:12:06 PM,
11/22/2025 6:12:16 PM,
11/22/2025 6:12:26 PM,
11/22/2025 6:12:36 PM,
11/22/2025 6:12:46 PM,
11/22/2025 6:12:56 PM,
11/22/2025 6:13:06 PM,
11/22/2025 6:13:16 PM,
11/22/2025 6:13:26 PM,
11/22/2025 6:13:36 PM,
11/22/2025 6:13:46 PM,
11/22/2025 6:13:56 PM,
11/22/2025 6:14:06 PM,
11/22/2025 6:14:16 PM,
11/22/2025 6:14:26 PM,
11/22/2025 6:14:36 PM,
11/22/2025 6:14:46 PM,
11/22/2025 6:14:56 PM,
11/22/2025 6:15:06 PM,
11/22/2025 6:15:16 PM,
11/22/2025 6:15:26 PM,
11/22/2025 6:15:36 PM,
11/22/2025 6:15:46 PM,
11/22/2025 6:15:56 PM,
11/22/2025 6:16:06 PM,
11/22/2025 6:16:16 PM,
11/22/2025 6:16:26 PM,
11/22/2025 6:16:36 PM,
11/22/2025 6:16:46 PM,
11/22/2025 6:16:56 PM,
11/22/2025 6:17:06 PM,
11/22/2025 6:17:16 PM,
11/22/2025 6:17:26 PM,
11/22/2025 6:17:36 PM,
11/22/2025 6:17:46 PM,
11/22/2025 6:17:56 PM,
11/22/2025 6:18:06 PM,
11/22/2025 6:18:16 PM,
11/22/2025 6:18:26 PM,
11/22/2025 6:18:36 PM,
11/22/2025 6:18:46 PM,
11/22/2025 6:18:56 PM,
11/22/2025 6:19:06 PM,
11/22/2025 6:19:16 PM,
11/22/2025 6:19:26 PM,272.194164991379
11/22/2025 6:19:36 PM,
11/22/2025 6:19:46 PM,
11/22/2025 6:19:56 PM,
11/22/2025 6:20:06 PM,
11/22/2025 6:20:16 PM,
11/22/2025 6:20:26 PM,
