datetime,cabal_m3h
2025-11-22 00:31:37,
2025-11-22 00:31:47,
2025-11-22 00:31:57,
2025-11-22 00:32:07,
2025-11-22 00:32:17,
2025-11-22 00:32:27,
2025-11-22 00:32:37,
2025-11-22 00:32:47,
2025-11-22 00:32:57,
2025-11-22 00:33:07,
2025-11-22 00:33:17,
2025-11-22 00:33:27,
2025-11-22 00:33:37,
2025-11-22 00:33:47,
2025-11-22 00:33:57,
2025-11-22 00:34:07,
2025-11-22 00:34:17,
2025-11-22 00:34:27,
2025-11-22 00:34:37,
2025-11-22 00:34:47,
2025-11-22 00:34:57,
2025-11-22 00:35:07,
2025-11-22 00:35:17,
2025-11-22 00:35:27,
2025-11-22 00:35:37,
2025-11-22 00:35:47,
2025-11-22 00:35:57,
2025-11-22 00:36:07,
2025-11-22 00:36:17,
2025-11-22 00:36:27,
2025-11-22 00:36:37,
2025-11-22 00:36:47,
2025-11-22 00:36:57,
2025-11-22 00:37:07,
2025-11-22 00:37:17,
2025-11-22 00:37:27,
2025-11-22 00:37:37,
2025-11-22 00:37:47,
2025-11-22 00:37:57,
2025-11-22 00:38:07,
2025-11-22 00:38:17,
2025-11-22 00:38:27,
2025-11-22 00:38:37,
2025-11-22 00:38:47,
2025-11-22 00:38:57,
2025-11-22 00:39:07,
2025-11-22 00:39:17,
2025-11-22 00:39:27,
2025-11-22 00:39:37,
2025-11-22 00:39:47,
2025-11-22 00:39:57,
2025-11-22 00:40:07,
2025-11-22 00:40:17,
2025-11-22 00:40:27,
2025-11-22 00:40:37,
2025-11-22 00:40:47,
2025-11-22 00:40:57,
2025-11-22 00:41:07,
2025-11-22 00:41:17,
2025-11-22 00:41:27,
2025-11-22 00:41:37,
2025-11-22 00:41:47,
2025-11-22 00:41:57,
2025-11-22 00:42:07,
2025-11-22 00:42:17,
2025-11-22 00:42:27,
2025-11-22 00:42:37,
2025-11-22 00:42:47,
2025-11-22 00:42:57,
2025-11-22 00:43:07,
2025-11-22 00:43:17,
2025-11-22 00:43:27,
2025-11-22 00:43:37,
2025-11-22 00:43:47,
2025-11-22 00:43:57,
2025-11-22 00:44:07,
2025-11-22 00:44:17,
2025-11-22 00:44:27,
2025-11-22 00:44:37,
2025-11-22 00:44:47,
2025-11-22 00:44:57,0.73568406701088
2025-11-22 00:45:07,
2025-11-22 00:45:17,
2025-11-22 00:45:27,0.723149889707565
2025-11-22 00:45:37,
2025-11-22 00:45:47,0.713931351900101
2025-11-22 00:45:57,0.725688761472702
2025-11-22 00:46:07,0.748482173681259
2025-11-22 00:46:17,0.7258040428161621
2025-11-22 00:46:27,0.7246286988258359
2025-11-22 00:46:37,0.723716855049133
2025-11-22 00:46:47,
2025-11-22 00:46:57,
2025-11-22 00:47:07,
2025-11-22 00:47:17,0.704281568527222
2025-11-22 00:47:27,
2025-11-22 00:47:37,0.7064277648925781
2025-11-22 00:47:47,
2025-11-22 00:47:57,0.71109647154808
2025-11-22 00:48:07,0.707449525594711
2025-11-22 00:48:17,0.708757263422012
2025-11-22 00:48:27,0.719374305009842
2025-11-22 00:48:37,
2025-11-22 00:48:47,0.7387308955192571
2025-11-22 00:48:57,
2025-11-22 00:49:07,0.719367974996567
2025-11-22 00:49:17,
2025-11-22 00:49:27,
2025-11-22 00:49:37,0.7140108525753021
2025-11-22 00:49:47,
2025-11-22 00:49:57,
2025-11-22 00:50:07,
2025-11-22 00:50:17,
2025-11-22 00:50:27,
2025-11-22 00:50:37,
2025-11-22 00:50:47,
2025-11-22 00:50:57,
2025-11-22 00:51:07,
2025-11-22 00:51:17,
2025-11-22 00:51:27,
2025-11-22 00:51:37,
2025-11-22 00:51:47,
2025-11-22 00:51:57,
2025-11-22 00:52:07,
2025-11-22 00:52:17,
2025-11-22 00:52:27,
2025-11-22 00:52:37,
2025-11-22 00:52:47,
2025-11-22 00:52:57,
2025-11-22 00:53:07,
2025-11-22 00:53:17,
2025-11-22 00:53:27,
2025-11-22 00:53:37,
2025-11-22 00:53:47,
2025-11-22 00:53:57,0.7129284203052519
2025-11-22 00:54:07,
2025-11-22 00:54:17,
2025-11-22 00:54:27,0.7082835853099819
2025-11-22 00:54:37,
2025-11-22 00:54:47,
2025-11-22 00:54:57,
2025-11-22 00:55:07,
2025-11-22 00:55:17,0.7177713632583621
2025-11-22 00:55:27,0.7114229500293731
2025-11-22 00:55:37,0.708106184005737
2025-11-22 00:55:47,0.715881317853928
2025-11-22 00:55:57,0.718827563524246
2025-11-22 00:56:07,0.707248628139496
2025-11-22 00:56:17,0.7050005614757541
2025-11-22 00:56:27,0.710482728481293
2025-11-22 00:56:37,
2025-11-22 00:56:47,
2025-11-22 00:56:57,0.715823596715927
2025-11-22 00:57:07,
2025-11-22 00:57:17,
2025-11-22 00:57:27,
2025-11-22 00:57:37,0.712534189224243
2025-11-22 00:57:47,
2025-11-22 00:57:57,
2025-11-22 00:58:07,
2025-11-22 00:58:17,
2025-11-22 00:58:27,
2025-11-22 00:58:37,0.701050740480423
2025-11-22 00:58:47,
2025-11-22 00:58:57,
2025-11-22 00:59:07,0.978904473781586
2025-11-22 00:59:17,
2025-11-22 00:59:27,
2025-11-22 00:59:37,
2025-11-22 00:59:47,
2025-11-22 00:59:57,0.898086887598038
2025-11-22 01:00:07,
2025-11-22 01:00:17,
2025-11-22 01:00:27,
2025-11-22 01:00:37,
2025-11-22 01:00:47,
2025-11-22 01:00:57,
2025-11-22 01:01:07,
2025-11-22 01:01:17,
2025-11-22 01:01:27,
2025-11-22 01:01:37,
2025-11-22 01:01:47,
2025-11-22 01:01:57,
2025-11-22 01:02:07,
2025-11-22 01:02:17,
2025-11-22 01:02:27,
2025-11-22 01:02:37,
2025-11-22 01:02:47,
2025-11-22 01:02:57,
2025-11-22 01:03:07,
2025-11-22 01:03:17,0.7140895485877989
2025-11-22 01:03:27,0.714395105838776
2025-11-22 01:03:37,
2025-11-22 01:03:47,
2025-11-22 01:03:57,
2025-11-22 01:04:07,
2025-11-22 01:04:17,
2025-11-22 01:04:27,
2025-11-22 01:04:37,
2025-11-22 01:04:47,
2025-11-22 01:04:57,
2025-11-22 01:05:07,
2025-11-22 01:05:17,
2025-11-22 01:05:27,
2025-11-22 01:05:37,
2025-11-22 01:05:47,
2025-11-22 01:05:57,1.20095533132553
2025-11-22 01:06:07,1.2057003736496
2025-11-22 01:06:17,
2025-11-22 01:06:27,
2025-11-22 01:06:37,
2025-11-22 01:06:47,
2025-11-22 01:06:57,
2025-11-22 01:07:07,
2025-11-22 01:07:17,
2025-11-22 01:07:27,1.20067777633667
2025-11-22 01:07:37,
2025-11-22 01:07:47,
2025-11-22 01:07:57,
2025-11-22 01:08:07,
2025-11-22 01:08:17,
2025-11-22 01:08:27,1.04701541662216
2025-11-22 01:08:37,0.600258851051331
2025-11-22 01:08:47,
2025-11-22 01:08:57,0.663837075233459
2025-11-22 01:09:07,
2025-11-22 01:09:17,0.69987410902977
2025-11-22 01:09:27,0.736484652757645
2025-11-22 01:09:37,0.6701594173908231
2025-11-22 01:09:47,
2025-11-22 01:09:57,0.640017396211624
2025-11-22 01:10:07,0.678504037857056
2025-11-22 01:10:17,0.7240541696548459
2025-11-22 01:10:27,
2025-11-22 01:10:37,0.784742742776871
2025-11-22 01:10:47,
2025-11-22 01:10:57,0.812272131443024
2025-11-22 01:11:07,0.822003293037415
2025-11-22 01:11:17,0.805445909500122
2025-11-22 01:11:27,
2025-11-22 01:11:37,
2025-11-22 01:11:47,0.60642723441124
2025-11-22 01:11:57,0.60203629732132
2025-11-22 01:12:07,0.616349905729294
2025-11-22 01:12:17,0.619415777921677
2025-11-22 01:12:27,0.624981254339218
2025-11-22 01:12:37,0.631373012065887
2025-11-22 01:12:47,0.6270034790039061
2025-11-22 01:12:57,0.624034541845322
2025-11-22 01:13:07,0.735587078332901
2025-11-22 01:13:17,0.738988173007965
2025-11-22 01:13:27,0.678769093751907
2025-11-22 01:13:37,0.601205563545227
2025-11-22 01:13:47,0.6198798000812531
2025-11-22 01:13:57,0.667544156312943
2025-11-22 01:14:07,0.621726876497269
2025-11-22 01:14:17,
2025-11-22 01:14:27,
2025-11-22 01:14:37,0.607944935560226
2025-11-22 01:14:47,0.622764140367508
2025-11-22 01:14:57,0.633369594812393
2025-11-22 01:15:07,0.6321252107620241
2025-11-22 01:15:17,0.8779632925987241
2025-11-22 01:15:27,0.651796102523804
2025-11-22 01:15:37,0.614398008584976
2025-11-22 01:15:47,0.6046303153038021
2025-11-22 01:15:57,0.601847523450851
2025-11-22 01:16:07,0.599681532382965
2025-11-22 01:16:17,0.6017812728881841
2025-11-22 01:16:27,0.663098984956741
2025-11-22 01:16:37,0.618959319591522
2025-11-22 01:16:47,0.610224545001984
2025-11-22 01:16:57,0.819593167304993
2025-11-22 01:17:07,1.04940333366394
2025-11-22 01:17:17,
2025-11-22 01:17:27,1.09433484077454
2025-11-22 01:17:37,0.963987636566162
2025-11-22 01:17:47,0.790180921554565
2025-11-22 01:17:57,0.6849079191684719
2025-11-22 01:18:07,0.935469210147858
2025-11-22 01:18:17,0.909819889068604
2025-11-22 01:18:27,0.876203870773315
2025-11-22 01:18:37,1.04875853061676
2025-11-22 01:18:47,1.01509219408035
2025-11-22 01:18:57,0.951488864421844
2025-11-22 01:19:07,
2025-11-22 01:19:17,
2025-11-22 01:19:27,
2025-11-22 01:19:37,
2025-11-22 01:19:47,0.372129356861115
2025-11-22 01:19:57,0.364988297224045
2025-11-22 01:20:07,0.403568387031555
2025-11-22 01:20:17,0.395344465970993
2025-11-22 01:20:27,0.385916286706924
2025-11-22 01:20:37,
2025-11-22 01:20:47,0.361709108948708
2025-11-22 01:20:57,0.343004080653191
2025-11-22 01:21:07,0.350596931576729
2025-11-22 01:21:17,
2025-11-22 01:21:27,0.352624547481537
2025-11-22 01:21:37,
2025-11-22 01:21:47,0.353872928023338
2025-11-22 01:21:57,
2025-11-22 01:22:07,
2025-11-22 01:22:17,
2025-11-22 01:22:27,0.365797573328018
2025-11-22 01:22:37,0.40004635155201
2025-11-22 01:22:47,0.40333688557148
2025-11-22 01:22:57,0.3923233330249789
2025-11-22 01:23:07,0.396618381142616
2025-11-22 01:23:17,0.391173738241196
2025-11-22 01:23:27,
2025-11-22 01:23:37,
2025-11-22 01:23:47,
2025-11-22 01:23:57,
2025-11-22 01:24:07,
2025-11-22 01:24:17,
2025-11-22 01:24:27,
2025-11-22 01:24:37,
2025-11-22 01:24:47,
2025-11-22 01:24:57,0.393577319383621
2025-11-22 01:25:07,
2025-11-22 01:25:17,
2025-11-22 01:25:27,
2025-11-22 01:25:37,
2025-11-22 01:25:47,
2025-11-22 01:25:57,
2025-11-22 01:26:07,
2025-11-22 01:26:17,
2025-11-22 01:26:27,
2025-11-22 01:26:37,0.343729135394096
2025-11-22 01:26:47,
2025-11-22 01:26:57,0.370967289805412
2025-11-22 01:27:07,0.3710876405239109
2025-11-22 01:27:17,0.34998471736908
2025-11-22 01:27:27,0.3689854323863979
2025-11-22 01:27:37,0.398405510187149
2025-11-22 01:27:47,0.3913842916488649
2025-11-22 01:27:57,0.398570466041565
2025-11-22 01:28:07,0.399588444828987
2025-11-22 01:28:17,0.395530530810356
2025-11-22 01:28:27,0.447534084320068
2025-11-22 01:28:37,0.402191716432571
2025-11-22 01:28:47,0.346594592928886
2025-11-22 01:28:57,0.34772085249424
2025-11-22 01:29:07,0.350444340705872
2025-11-22 01:29:17,0.347375410795212
2025-11-22 01:29:27,0.349969696998596
2025-11-22 01:29:37,0.354061272740364
2025-11-22 01:29:47,0.353413760662079
2025-11-22 01:29:57,0.35407138466835
2025-11-22 01:30:07,0.373141300678253
2025-11-22 01:30:17,0.397716933488846
2025-11-22 01:30:27,
2025-11-22 01:30:37,0.368349292874336
2025-11-22 01:30:47,
2025-11-22 01:30:57,
2025-11-22 01:31:07,
2025-11-22 01:31:17,0.321625962853432
2025-11-22 01:31:27,0.279948109388351
2025-11-22 01:31:37,
2025-11-22 01:31:47,0.2880959093570709
2025-11-22 01:31:57,
2025-11-22 01:32:07,
2025-11-22 01:32:17,
2025-11-22 01:32:27,
2025-11-22 01:32:37,0.302896955609322
2025-11-22 01:32:47,0.30367822945118
2025-11-22 01:32:57,
2025-11-22 01:33:07,
2025-11-22 01:33:17,
2025-11-22 01:33:27,
2025-11-22 01:33:37,0.311811223626137
2025-11-22 01:33:47,0.318071499466896
2025-11-22 01:33:57,0.321587312221527
2025-11-22 01:34:07,
2025-11-22 01:34:17,
2025-11-22 01:34:27,
2025-11-22 01:34:37,
2025-11-22 01:34:47,
2025-11-22 01:34:57,
2025-11-22 01:35:07,
2025-11-22 01:35:17,
2025-11-22 01:35:27,
2025-11-22 01:35:37,
2025-11-22 01:35:47,
2025-11-22 01:35:57,
2025-11-22 01:36:07,
2025-11-22 01:36:17,
2025-11-22 01:36:27,
2025-11-22 01:36:37,
2025-11-22 01:36:47,
2025-11-22 01:36:57,
2025-11-22 01:37:07,
2025-11-22 01:37:17,
2025-11-22 01:37:27,
2025-11-22 01:37:37,
2025-11-22 01:37:47,
2025-11-22 01:37:57,
2025-11-22 01:38:07,
2025-11-22 01:38:17,0.30383320748806
2025-11-22 01:38:27,
2025-11-22 01:38:37,0.3043807804584499
2025-11-22 01:38:47,0.306433555483818
2025-11-22 01:38:57,0.3050572872161869
2025-11-22 01:39:07,
2025-11-22 01:39:17,
2025-11-22 01:39:27,
2025-11-22 01:39:37,0.317220568656921
2025-11-22 01:39:47,
2025-11-22 01:39:57,0.317842948436737
2025-11-22 01:40:07,
2025-11-22 01:40:17,
2025-11-22 01:40:27,
2025-11-22 01:40:37,
2025-11-22 01:40:47,0.319047904014587
2025-11-22 01:40:57,
2025-11-22 01:41:07,
2025-11-22 01:41:17,
2025-11-22 01:41:27,
2025-11-22 01:41:37,
2025-11-22 01:41:47,
2025-11-22 01:41:57,
2025-11-22 01:42:07,
2025-11-22 01:42:17,
2025-11-22 01:42:27,
2025-11-22 01:42:37,
2025-11-22 01:42:47,
2025-11-22 01:42:57,
2025-11-22 01:43:07,
2025-11-22 01:43:17,
2025-11-22 01:43:27,
2025-11-22 01:43:37,
2025-11-22 01:43:47,
2025-11-22 01:43:57,
2025-11-22 01:44:07,
2025-11-22 01:44:17,
2025-11-22 01:44:27,
2025-11-22 01:44:37,
2025-11-22 01:44:47,
2025-11-22 01:44:57,
2025-11-22 01:45:07,
2025-11-22 01:45:17,0.393421268463135
2025-11-22 01:45:27,0.380984669923782
2025-11-22 01:45:37,0.420307946205139
2025-11-22 01:45:47,0.433054232597351
2025-11-22 01:45:57,0.504466170072556
2025-11-22 01:46:07,
2025-11-22 01:46:17,
2025-11-22 01:46:27,
2025-11-22 01:46:37,
2025-11-22 01:46:47,
2025-11-22 01:46:57,
2025-11-22 01:47:07,
2025-11-22 01:47:17,
2025-11-22 01:47:27,
2025-11-22 01:47:37,
2025-11-22 01:47:47,
2025-11-22 01:47:57,
2025-11-22 01:48:07,
2025-11-22 01:48:17,
2025-11-22 01:48:27,
2025-11-22 01:48:37,
2025-11-22 01:48:47,
2025-11-22 01:48:57,
2025-11-22 01:49:07,
2025-11-22 01:49:17,
2025-11-22 01:49:27,
2025-11-22 01:49:37,
2025-11-22 01:49:47,0.359365233778954
2025-11-22 01:49:57,0.364915180206299
2025-11-22 01:50:07,
2025-11-22 01:50:17,
2025-11-22 01:50:27,
2025-11-22 01:50:37,
2025-11-22 01:50:47,
2025-11-22 01:50:57,
2025-11-22 01:51:07,0.392073646187782
2025-11-22 01:51:17,0.395354497432709
2025-11-22 01:51:27,0.3961363613605499
2025-11-22 01:51:37,0.38565072119236
2025-11-22 01:51:47,0.385627734661102
2025-11-22 01:51:57,0.382895851135254
2025-11-22 01:52:07,0.374213862419128
2025-11-22 01:52:17,
2025-11-22 01:52:27,0.342374271154404
2025-11-22 01:52:37,0.346597838401794
2025-11-22 01:52:47,0.351313269138336
2025-11-22 01:52:57,0.354384130239487
2025-11-22 01:53:07,0.376545721292496
2025-11-22 01:53:17,0.371129429340363
2025-11-22 01:53:27,0.36887766122818
2025-11-22 01:53:37,0.364614987373352
2025-11-22 01:53:47,0.385470262169838
2025-11-22 01:53:57,0.405724534392357
2025-11-22 01:54:07,0.397198006510735
2025-11-22 01:54:17,0.3874803632497789
2025-11-22 01:54:27,0.386589762568474
2025-11-22 01:54:37,0.369802379608154
2025-11-22 01:54:47,
2025-11-22 01:54:57,0.354719513654709
2025-11-22 01:55:07,0.35164886713028
2025-11-22 01:55:17,
2025-11-22 01:55:27,
2025-11-22 01:55:37,0.351971778273582
2025-11-22 01:55:47,
2025-11-22 01:55:57,0.364601790904999
2025-11-22 01:56:07,0.379154035449028
2025-11-22 01:56:17,0.376467829942703
2025-11-22 01:56:27,
2025-11-22 01:56:37,0.381253400444984
2025-11-22 01:56:47,0.380420681834221
2025-11-22 01:56:57,0.367783159017563
2025-11-22 01:57:07,0.354443138837814
2025-11-22 01:57:17,
2025-11-22 01:57:27,
2025-11-22 01:57:37,0.338342696428299
2025-11-22 01:57:47,0.331841719150543
2025-11-22 01:57:57,0.35953560769558
2025-11-22 01:58:07,0.432939729094505
2025-11-22 01:58:17,0.368495392799377
2025-11-22 01:58:27,0.394483825564384
2025-11-22 01:58:37,0.388931196928024
2025-11-22 01:58:47,0.399568569660187
2025-11-22 01:58:57,0.386172839999199
2025-11-22 01:59:07,0.407840234041214
2025-11-22 01:59:17,0.377660527825356
2025-11-22 01:59:27,0.367300441861153
2025-11-22 01:59:37,
2025-11-22 01:59:47,0.332637423276901
2025-11-22 01:59:57,0.422173181176186
2025-11-22 02:00:07,
2025-11-22 02:00:17,
2025-11-22 02:00:27,
2025-11-22 02:00:37,
2025-11-22 02:00:47,
2025-11-22 02:00:57,0.566764229536057
2025-11-22 02:01:07,
2025-11-22 02:01:17,
2025-11-22 02:01:27,
2025-11-22 02:01:37,
2025-11-22 02:01:47,
2025-11-22 02:01:57,
2025-11-22 02:02:07,
2025-11-22 02:02:17,
2025-11-22 02:02:27,
2025-11-22 02:02:37,
2025-11-22 02:02:47,
2025-11-22 02:02:57,
2025-11-22 02:03:07,
2025-11-22 02:03:17,
2025-11-22 02:03:27,
2025-11-22 02:03:37,
2025-11-22 02:03:47,
2025-11-22 02:03:57,
2025-11-22 02:04:07,
2025-11-22 02:04:17,
2025-11-22 02:04:27,
2025-11-22 02:04:37,
2025-11-22 02:04:47,
2025-11-22 02:04:57,
2025-11-22 02:05:07,
2025-11-22 02:05:17,
2025-11-22 02:05:27,
2025-11-22 02:05:37,
2025-11-22 02:05:47,
2025-11-22 02:05:57,
2025-11-22 02:06:07,
2025-11-22 02:06:17,
2025-11-22 02:06:27,
2025-11-22 02:06:37,
2025-11-22 02:06:47,
2025-11-22 02:06:57,
2025-11-22 02:07:07,
2025-11-22 02:07:17,
2025-11-22 02:07:27,
2025-11-22 02:07:37,
2025-11-22 02:07:47,0.5541916966438291
2025-11-22 02:07:57,
2025-11-22 02:08:07,
2025-11-22 02:08:17,
2025-11-22 02:08:27,
2025-11-22 02:08:37,
2025-11-22 02:08:47,
2025-11-22 02:08:57,
2025-11-22 02:09:07,
2025-11-22 02:09:17,
2025-11-22 02:09:27,
2025-11-22 02:09:37,0.561314517259598
2025-11-22 02:09:47,
2025-11-22 02:09:57,
2025-11-22 02:10:07,
2025-11-22 02:10:17,0.577557921409607
2025-11-22 02:10:27,
2025-11-22 02:10:37,
2025-11-22 02:10:47,
2025-11-22 02:10:57,
2025-11-22 02:11:07,0.5783012688159941
2025-11-22 02:11:17,0.6123580813407901
2025-11-22 02:11:27,0.5568098545074459
2025-11-22 02:11:37,0.552660477161407
2025-11-22 02:11:47,0.547977608442307
2025-11-22 02:11:57,0.510736209154129
2025-11-22 02:12:07,0.508617049455643
2025-11-22 02:12:17,
2025-11-22 02:12:27,
2025-11-22 02:12:37,0.49076292514801
2025-11-22 02:12:47,0.477048254013062
2025-11-22 02:12:57,0.465791130065918
2025-11-22 02:13:07,
2025-11-22 02:13:17,0.456673657894135
2025-11-22 02:13:27,0.458202141523361
2025-11-22 02:13:37,0.463312876224518
2025-11-22 02:13:47,0.464215868711472
2025-11-22 02:13:57,0.463558620214462
2025-11-22 02:14:07,0.459023916721344
2025-11-22 02:14:17,0.417926493287086
2025-11-22 02:14:27,0.410805952548981
2025-11-22 02:14:37,0.408660694956779
2025-11-22 02:14:47,0.404760843515396
2025-11-22 02:14:57,
2025-11-22 02:15:07,0.399434781074524
2025-11-22 02:15:17,0.3958172053098679
2025-11-22 02:15:27,0.398624593019485
2025-11-22 02:15:37,0.396060588955879
2025-11-22 02:15:47,0.402384647727013
2025-11-22 02:15:57,0.399490195512772
2025-11-22 02:16:07,0.426956069469452
2025-11-22 02:16:17,0.405142843723297
2025-11-22 02:16:27,0.424759581685066
2025-11-22 02:16:37,0.427502167224884
2025-11-22 02:16:47,0.418316647410393
2025-11-22 02:16:57,0.427575927972794
2025-11-22 02:17:07,0.445061784982681
2025-11-22 02:17:17,0.461014598608017
2025-11-22 02:17:27,0.466850602626801
2025-11-22 02:17:37,
2025-11-22 02:17:47,0.505896162986755
2025-11-22 02:17:57,0.5123374342918401
2025-11-22 02:18:07,
2025-11-22 02:18:17,
2025-11-22 02:18:27,0.525108343362808
2025-11-22 02:18:37,
2025-11-22 02:18:47,
2025-11-22 02:18:57,
2025-11-22 02:19:07,0.565057969093323
2025-11-22 02:19:17,
2025-11-22 02:19:27,
2025-11-22 02:19:37,
2025-11-22 02:19:47,
2025-11-22 02:19:57,0.582648968696594
2025-11-22 02:20:07,
2025-11-22 02:20:17,
2025-11-22 02:20:27,
2025-11-22 02:20:37,
2025-11-22 02:20:47,
2025-11-22 02:20:57,
2025-11-22 02:21:07,
2025-11-22 02:21:17,
2025-11-22 02:21:27,
2025-11-22 02:21:37,0.6742586374282841
2025-11-22 02:21:47,
2025-11-22 02:21:57,
2025-11-22 02:22:07,
2025-11-22 02:22:17,
2025-11-22 02:22:27,0.5957397580146789
2025-11-22 02:22:37,0.5967151165008541
2025-11-22 02:22:47,0.59867924451828
2025-11-22 02:22:57,0.575283622741699
2025-11-22 02:23:07,
2025-11-22 02:23:17,
2025-11-22 02:23:27,
2025-11-22 02:23:37,
2025-11-22 02:23:47,
2025-11-22 02:23:57,
2025-11-22 02:24:07,
2025-11-22 02:24:17,
2025-11-22 02:24:27,
2025-11-22 02:24:37,
2025-11-22 02:24:47,
2025-11-22 02:24:57,
2025-11-22 02:25:07,
2025-11-22 02:25:17,
2025-11-22 02:25:27,
2025-11-22 02:25:37,
2025-11-22 02:25:47,
2025-11-22 02:25:57,0.644541960954666
2025-11-22 02:26:07,
2025-11-22 02:26:17,
2025-11-22 02:26:27,
2025-11-22 02:26:37,0.5256509006023411
2025-11-22 02:26:47,0.510636806488037
2025-11-22 02:26:57,0.496668612957001
2025-11-22 02:27:07,
2025-11-22 02:27:17,
2025-11-22 02:27:27,0.5702126920223239
2025-11-22 02:27:37,0.513016247749329
2025-11-22 02:27:47,0.496380436420441
2025-11-22 02:27:57,0.412806344032288
2025-11-22 02:28:07,0.4065642267465589
2025-11-22 02:28:17,0.401141121983528
2025-11-22 02:28:27,0.40579539835453
2025-11-22 02:28:37,
2025-11-22 02:28:47,0.408058592677116
2025-11-22 02:28:57,0.410807454586029
2025-11-22 02:29:07,0.4129483133554459
2025-11-22 02:29:17,0.41759939789772
2025-11-22 02:29:27,0.427350515127182
2025-11-22 02:29:37,0.434654733538628
2025-11-22 02:29:47,0.438770824670792
2025-11-22 02:29:57,0.448578858375549
2025-11-22 02:30:07,0.463626855611801
2025-11-22 02:30:17,0.454180008172989
2025-11-22 02:30:27,0.4439302682876589
2025-11-22 02:30:37,0.446843442320824
2025-11-22 02:30:47,0.4447484225034709
2025-11-22 02:30:57,0.449078285694122
2025-11-22 02:31:07,0.461322033405304
2025-11-22 02:31:17,0.482698863744736
2025-11-22 02:31:27,0.481875854730606
2025-11-22 02:31:37,0.4952261745929719
2025-11-22 02:31:47,0.509485119581223
2025-11-22 02:31:57,
2025-11-22 02:32:07,
2025-11-22 02:32:17,0.531944274902344
2025-11-22 02:32:27,0.549011063575745
2025-11-22 02:32:37,0.581062656641006
2025-11-22 02:32:47,
2025-11-22 02:32:57,
2025-11-22 02:33:07,
2025-11-22 02:33:17,
2025-11-22 02:33:27,
2025-11-22 02:33:37,
2025-11-22 02:33:47,
2025-11-22 02:33:57,
2025-11-22 02:34:07,
2025-11-22 02:34:17,0.667733412981033
2025-11-22 02:34:27,
2025-11-22 02:34:37,
2025-11-22 02:34:47,0.663807410001755
2025-11-22 02:34:57,
2025-11-22 02:35:07,
2025-11-22 02:35:17,
2025-11-22 02:35:27,
2025-11-22 02:35:37,0.861486214399338
2025-11-22 02:35:47,
2025-11-22 02:35:57,0.976140940189362
2025-11-22 02:36:07,
2025-11-22 02:36:17,
2025-11-22 02:36:27,
2025-11-22 02:36:37,
2025-11-22 02:36:47,
2025-11-22 02:36:57,
2025-11-22 02:37:07,1.0530734539032
2025-11-22 02:37:17,
2025-11-22 02:37:27,
2025-11-22 02:37:37,1.06136480569839
2025-11-22 02:37:47,1.05433473587036
2025-11-22 02:37:57,
2025-11-22 02:38:07,1.05844860076904
2025-11-22 02:38:17,1.04782780408859
2025-11-22 02:38:27,0.547477215528488
2025-11-22 02:38:37,0.6025283217430111
2025-11-22 02:38:47,0.516075038909912
2025-11-22 02:38:57,0.5134865999221799
2025-11-22 02:39:07,0.512198442220688
2025-11-22 02:39:17,0.5170558154582979
2025-11-22 02:39:27,0.476661050319672
2025-11-22 02:39:37,0.6505981206893919
2025-11-22 02:39:47,0.7958090543746951
2025-11-22 02:39:57,0.7150199532508851
2025-11-22 02:40:07,0.51586571931839
2025-11-22 02:40:17,0.440165224671364
2025-11-22 02:40:27,0.435541149973869
2025-11-22 02:40:37,0.431950879096985
2025-11-22 02:40:47,0.430257225036621
2025-11-22 02:40:57,0.428901743888855
2025-11-22 02:41:07,
2025-11-22 02:41:17,0.435395640134811
2025-11-22 02:41:27,
2025-11-22 02:41:37,0.399240240454674
2025-11-22 02:41:47,
2025-11-22 02:41:57,0.384863278269768
2025-11-22 02:42:07,0.3480365753173829
2025-11-22 02:42:17,0.371311095356941
2025-11-22 02:42:27,0.37242579460144
2025-11-22 02:42:37,0.369367647171021
2025-11-22 02:42:47,0.371508023142815
2025-11-22 02:42:57,0.372157868742943
2025-11-22 02:43:07,0.378418734669685
2025-11-22 02:43:17,0.386909776926041
2025-11-22 02:43:27,0.401411515474319
2025-11-22 02:43:37,0.417648348212242
2025-11-22 02:43:47,0.423548349738121
2025-11-22 02:43:57,0.429182785749435
2025-11-22 02:44:07,0.430534645915031
2025-11-22 02:44:17,0.432981008291245
2025-11-22 02:44:27,0.435743254423141
2025-11-22 02:44:37,0.445522132515907
2025-11-22 02:44:47,0.454132157564163
2025-11-22 02:44:57,0.4691757023334499
2025-11-22 02:45:07,0.48928416967392
2025-11-22 02:45:17,0.520049214363098
2025-11-22 02:45:27,0.555214101076126
2025-11-22 02:45:37,0.5449171543121341
2025-11-22 02:45:47,
2025-11-22 02:45:57,
2025-11-22 02:46:07,
2025-11-22 02:46:17,0.564023172855377
2025-11-22 02:46:27,
2025-11-22 02:46:37,
2025-11-22 02:46:47,0.663340920209885
2025-11-22 02:46:57,
2025-11-22 02:47:07,
2025-11-22 02:47:17,
2025-11-22 02:47:27,
2025-11-22 02:47:37,
2025-11-22 02:47:47,
2025-11-22 02:47:57,
2025-11-22 02:48:07,
2025-11-22 02:48:17,
2025-11-22 02:48:27,
2025-11-22 02:48:37,
2025-11-22 02:48:47,
2025-11-22 02:48:57,
2025-11-22 02:49:07,
2025-11-22 02:49:17,
2025-11-22 02:49:27,
2025-11-22 02:49:37,
2025-11-22 02:49:47,
2025-11-22 02:49:57,
2025-11-22 02:50:07,
2025-11-22 02:50:17,
2025-11-22 02:50:27,
2025-11-22 02:50:37,
2025-11-22 02:50:47,
2025-11-22 02:50:57,
2025-11-22 02:51:07,
2025-11-22 02:51:17,
2025-11-22 02:51:27,
2025-11-22 02:51:37,
2025-11-22 02:51:47,
2025-11-22 02:51:57,0.474046164751053
2025-11-22 02:52:07,
2025-11-22 02:52:17,0.476017481088638
2025-11-22 02:52:27,0.475064492225647
2025-11-22 02:52:37,
2025-11-22 02:52:47,0.411139270663261
2025-11-22 02:52:57,
2025-11-22 02:53:07,0.4116894185543059
2025-11-22 02:53:17,
2025-11-22 02:53:27,
2025-11-22 02:53:37,0.395779922604561
2025-11-22 02:53:47,
2025-11-22 02:53:57,
2025-11-22 02:54:07,
2025-11-22 02:54:17,
2025-11-22 02:54:27,
2025-11-22 02:54:37,
2025-11-22 02:54:47,0.380611011385918
2025-11-22 02:54:57,
2025-11-22 02:55:07,0.369914308190346
2025-11-22 02:55:17,0.374263000488281
2025-11-22 02:55:27,0.380417436361313
2025-11-22 02:55:37,0.365023273229599
2025-11-22 02:55:47,0.368364608287811
2025-11-22 02:55:57,0.344033271074295
2025-11-22 02:56:07,0.342864552140236
2025-11-22 02:56:17,0.3371754795312879
2025-11-22 02:56:27,0.341272902488708
2025-11-22 02:56:37,
2025-11-22 02:56:47,0.348327541351318
2025-11-22 02:56:57,0.354194229841232
2025-11-22 02:57:07,
2025-11-22 02:57:17,0.363644939661026
2025-11-22 02:57:27,0.372770860791206
2025-11-22 02:57:37,
2025-11-22 02:57:47,
2025-11-22 02:57:57,0.394674047827721
2025-11-22 02:58:07,
2025-11-22 02:58:17,0.416107419133186
2025-11-22 02:58:27,
2025-11-22 02:58:37,0.412351629137993
2025-11-22 02:58:47,0.409743797779083
2025-11-22 02:58:57,0.430139744281769
2025-11-22 02:59:07,0.45581202507019
2025-11-22 02:59:17,0.454824113845825
2025-11-22 02:59:27,0.45658096075058
2025-11-22 02:59:37,0.484672862291336
2025-11-22 02:59:47,0.507798331975937
2025-11-22 02:59:57,0.5134906232357029
2025-11-22 03:00:07,
2025-11-22 03:00:17,
2025-11-22 03:00:27,
2025-11-22 03:00:37,
2025-11-22 03:00:47,
2025-11-22 03:00:57,
2025-11-22 03:01:07,
2025-11-22 03:01:17,
2025-11-22 03:01:27,
2025-11-22 03:01:37,
2025-11-22 03:01:47,
2025-11-22 03:01:57,
2025-11-22 03:02:07,
2025-11-22 03:02:17,
2025-11-22 03:02:27,
2025-11-22 03:02:37,
2025-11-22 03:02:47,0.76223316192627
2025-11-22 03:02:57,
2025-11-22 03:03:07,
2025-11-22 03:03:17,
2025-11-22 03:03:27,
2025-11-22 03:03:37,
2025-11-22 03:03:47,
2025-11-22 03:03:57,
2025-11-22 03:04:07,
2025-11-22 03:04:17,
2025-11-22 03:04:27,
2025-11-22 03:04:37,
2025-11-22 03:04:47,0.536626821756363
2025-11-22 03:04:57,0.5826925814151761
2025-11-22 03:05:07,0.595753169059753
2025-11-22 03:05:17,
2025-11-22 03:05:27,
2025-11-22 03:05:37,
2025-11-22 03:05:47,
2025-11-22 03:05:57,
2025-11-22 03:06:07,
2025-11-22 03:06:17,
2025-11-22 03:06:27,
2025-11-22 03:06:37,
2025-11-22 03:06:47,0.302097308635712
2025-11-22 03:06:57,
2025-11-22 03:07:07,
2025-11-22 03:07:17,
2025-11-22 03:07:27,
2025-11-22 03:07:37,
2025-11-22 03:07:47,
2025-11-22 03:07:57,
2025-11-22 03:08:07,
2025-11-22 03:08:17,
2025-11-22 03:08:27,
2025-11-22 03:08:37,
2025-11-22 03:08:47,0.258951079845428
2025-11-22 03:08:57,0.264512667059898
2025-11-22 03:09:07,
2025-11-22 03:09:17,0.641874825954437
2025-11-22 03:09:27,
2025-11-22 03:09:37,0.382127103209496
2025-11-22 03:09:47,0.285000613331795
2025-11-22 03:09:57,0.273858314752579
2025-11-22 03:10:07,
2025-11-22 03:10:17,0.257949677109718
2025-11-22 03:10:27,0.256771516799927
2025-11-22 03:10:37,0.257992297410965
2025-11-22 03:10:47,
2025-11-22 03:10:57,
2025-11-22 03:11:07,
2025-11-22 03:11:17,
2025-11-22 03:11:27,0.297516873478889
2025-11-22 03:11:37,0.297967001795769
2025-11-22 03:11:47,
2025-11-22 03:11:57,0.347480446100235
2025-11-22 03:12:07,0.3870803117752079
2025-11-22 03:12:17,0.360213294625282
2025-11-22 03:12:27,0.384405720233917
2025-11-22 03:12:37,
2025-11-22 03:12:47,0.405976313352585
2025-11-22 03:12:57,0.415896463394165
2025-11-22 03:13:07,0.423325672745705
2025-11-22 03:13:17,0.422069004178047
2025-11-22 03:13:27,0.424469044804573
2025-11-22 03:13:37,0.432956358790398
2025-11-22 03:13:47,0.436709010601044
2025-11-22 03:13:57,
2025-11-22 03:14:07,0.446175438165665
2025-11-22 03:14:17,0.447204387187958
2025-11-22 03:14:27,0.44930117726326
2025-11-22 03:14:37,
2025-11-22 03:14:47,
2025-11-22 03:14:57,
2025-11-22 03:15:07,
2025-11-22 03:15:17,
2025-11-22 03:15:27,
2025-11-22 03:15:37,
2025-11-22 03:15:47,
2025-11-22 03:15:57,
2025-11-22 03:16:07,
2025-11-22 03:16:17,
2025-11-22 03:16:27,
2025-11-22 03:16:37,
2025-11-22 03:16:47,
2025-11-22 03:16:57,
2025-11-22 03:17:07,
2025-11-22 03:17:17,
2025-11-22 03:17:27,
2025-11-22 03:17:37,
2025-11-22 03:17:47,
2025-11-22 03:17:57,
2025-11-22 03:18:07,
2025-11-22 03:18:17,
2025-11-22 03:18:27,
2025-11-22 03:18:37,
2025-11-22 03:18:47,
2025-11-22 03:18:57,
2025-11-22 03:19:07,
2025-11-22 03:19:17,0.614986217021942
2025-11-22 03:19:27,
2025-11-22 03:19:37,
2025-11-22 03:19:47,0.965528512001038
2025-11-22 03:19:57,0.858211398124695
2025-11-22 03:20:07,
2025-11-22 03:20:17,0.8049517393112181
2025-11-22 03:20:27,
2025-11-22 03:20:37,0.7425131320953371
2025-11-22 03:20:47,0.823294132947922
2025-11-22 03:20:57,0.876372098922729
2025-11-22 03:21:07,0.579753309488297
2025-11-22 03:21:17,0.482375550270081
2025-11-22 03:21:27,0.414722621440887
2025-11-22 03:21:37,0.424954497814178
2025-11-22 03:21:47,
2025-11-22 03:21:57,
2025-11-22 03:22:07,0.424399951100349
2025-11-22 03:22:17,0.423581099510193
2025-11-22 03:22:27,0.422507572174072
2025-11-22 03:22:37,0.423624283075333
2025-11-22 03:22:47,0.425537583231926
2025-11-22 03:22:57,0.430156588554382
2025-11-22 03:23:07,0.438705539703369
2025-11-22 03:23:17,0.457568281888962
2025-11-22 03:23:27,0.481394129991531
2025-11-22 03:23:37,0.480918896198273
2025-11-22 03:23:47,0.5060933053493499
2025-11-22 03:23:57,0.490699410438538
2025-11-22 03:24:07,0.482152229547501
2025-11-22 03:24:17,
2025-11-22 03:24:27,0.8879282355308531
2025-11-22 03:24:37,0.8763837933540339
2025-11-22 03:24:47,
2025-11-22 03:24:57,
2025-11-22 03:25:07,
2025-11-22 03:25:17,
2025-11-22 03:25:27,
2025-11-22 03:25:37,
2025-11-22 03:25:47,
2025-11-22 03:25:57,
2025-11-22 03:26:07,
2025-11-22 03:26:17,
2025-11-22 03:26:27,
2025-11-22 03:26:37,
2025-11-22 03:26:47,
2025-11-22 03:26:57,
2025-11-22 03:27:07,
2025-11-22 03:27:17,
2025-11-22 03:27:27,
2025-11-22 03:27:37,
2025-11-22 03:27:47,
2025-11-22 03:27:57,
2025-11-22 03:28:07,
2025-11-22 03:28:17,
2025-11-22 03:28:27,
2025-11-22 03:28:37,
2025-11-22 03:28:47,
2025-11-22 03:28:57,
2025-11-22 03:29:07,
2025-11-22 03:29:17,
2025-11-22 03:29:27,
2025-11-22 03:29:37,
2025-11-22 03:29:47,
2025-11-22 03:29:57,
2025-11-22 03:30:07,
2025-11-22 03:30:17,
2025-11-22 03:30:27,
2025-11-22 03:30:37,
2025-11-22 03:30:47,
2025-11-22 03:30:57,
2025-11-22 03:31:07,
2025-11-22 03:31:17,
2025-11-22 03:31:27,
2025-11-22 03:31:37,
2025-11-22 03:31:47,
2025-11-22 03:31:57,
2025-11-22 03:32:07,
2025-11-22 03:32:17,
2025-11-22 03:32:27,
2025-11-22 03:32:37,
2025-11-22 03:32:47,
2025-11-22 03:32:57,
2025-11-22 03:33:07,0.736474621295929
2025-11-22 03:33:17,0.622467702627182
2025-11-22 03:33:27,0.522421735525131
2025-11-22 03:33:37,0.568350541591644
2025-11-22 03:33:47,0.511774814128876
2025-11-22 03:33:57,0.501166087388992
2025-11-22 03:34:07,0.497699546813965
2025-11-22 03:34:17,0.482102233171463
2025-11-22 03:34:27,0.487731546163559
2025-11-22 03:34:37,
2025-11-22 03:34:47,
2025-11-22 03:34:57,
2025-11-22 03:35:07,
2025-11-22 03:35:17,
2025-11-22 03:35:27,
2025-11-22 03:35:37,0.494067460298538
2025-11-22 03:35:47,0.488457888364792
2025-11-22 03:35:57,
2025-11-22 03:36:07,0.47329289317131
2025-11-22 03:36:17,
2025-11-22 03:36:27,
2025-11-22 03:36:37,
2025-11-22 03:36:47,
2025-11-22 03:36:57,
2025-11-22 03:37:07,
2025-11-22 03:37:17,
2025-11-22 03:37:27,
2025-11-22 03:37:37,
2025-11-22 03:37:47,
2025-11-22 03:37:57,
2025-11-22 03:38:07,
2025-11-22 03:38:17,
2025-11-22 03:38:27,
2025-11-22 03:38:37,
2025-11-22 03:38:47,
2025-11-22 03:38:57,
2025-11-22 03:39:07,
2025-11-22 03:39:17,
2025-11-22 03:39:27,
2025-11-22 03:39:37,
2025-11-22 03:39:47,
2025-11-22 03:39:57,
2025-11-22 03:40:07,
2025-11-22 03:40:17,
2025-11-22 03:40:27,
2025-11-22 03:40:37,
2025-11-22 03:40:47,
2025-11-22 03:40:57,
2025-11-22 03:41:07,
2025-11-22 03:41:17,
2025-11-22 03:41:27,
2025-11-22 03:41:37,
2025-11-22 03:41:47,
2025-11-22 03:41:57,
2025-11-22 03:42:07,
2025-11-22 03:42:17,
2025-11-22 03:42:27,
2025-11-22 03:42:37,
2025-11-22 03:42:47,
2025-11-22 03:42:57,0.416849103569984
2025-11-22 03:43:07,
2025-11-22 03:43:17,
2025-11-22 03:43:27,
2025-11-22 03:43:37,
2025-11-22 03:43:47,
2025-11-22 03:43:57,
2025-11-22 03:44:07,
2025-11-22 03:44:17,
2025-11-22 03:44:27,
2025-11-22 03:44:37,
2025-11-22 03:44:47,
2025-11-22 03:44:57,
2025-11-22 03:45:07,
2025-11-22 03:45:17,
2025-11-22 03:45:27,
2025-11-22 03:45:37,
2025-11-22 03:45:47,
2025-11-22 03:45:57,
2025-11-22 03:46:07,
2025-11-22 03:46:17,
2025-11-22 03:46:27,
2025-11-22 03:46:37,
2025-11-22 03:46:47,
2025-11-22 03:46:57,0.591985362768173
2025-11-22 03:47:07,
2025-11-22 03:47:17,
2025-11-22 03:47:27,
2025-11-22 03:47:37,
2025-11-22 03:47:47,
2025-11-22 03:47:57,
2025-11-22 03:48:07,
2025-11-22 03:48:17,
2025-11-22 03:48:27,
2025-11-22 03:48:37,
2025-11-22 03:48:47,
2025-11-22 03:48:57,
2025-11-22 03:49:07,
2025-11-22 03:49:17,
2025-11-22 03:49:27,
2025-11-22 03:49:37,
2025-11-22 03:49:47,
2025-11-22 03:49:57,
2025-11-22 03:50:07,0.503091430664062
2025-11-22 03:50:17,
2025-11-22 03:50:27,
2025-11-22 03:50:37,
2025-11-22 03:50:47,
2025-11-22 03:50:57,
2025-11-22 03:51:07,0.8242633223533631
2025-11-22 03:51:17,
2025-11-22 03:51:27,
2025-11-22 03:51:37,
2025-11-22 03:51:47,
2025-11-22 03:51:57,
2025-11-22 03:52:07,
2025-11-22 03:52:17,
2025-11-22 03:52:27,
2025-11-22 03:52:37,
2025-11-22 03:52:47,
2025-11-22 03:52:57,
2025-11-22 03:53:07,1.05922054052353
2025-11-22 03:53:17,1.18765704631805
2025-11-22 03:53:27,
2025-11-22 03:53:37,
2025-11-22 03:53:47,
2025-11-22 03:53:57,
2025-11-22 03:54:07,
2025-11-22 03:54:17,
2025-11-22 03:54:27,
2025-11-22 03:54:37,
2025-11-22 03:54:47,
2025-11-22 03:54:57,
2025-11-22 03:55:07,
2025-11-22 03:55:17,1.15397043228149
2025-11-22 03:55:27,
2025-11-22 03:55:37,
2025-11-22 03:55:47,
2025-11-22 03:55:57,
2025-11-22 03:56:07,
2025-11-22 03:56:17,
2025-11-22 03:56:27,
2025-11-22 03:56:37,
2025-11-22 03:56:47,
2025-11-22 03:56:57,
2025-11-22 03:57:07,
2025-11-22 03:57:17,
2025-11-22 03:57:27,
2025-11-22 03:57:37,
2025-11-22 03:57:47,
2025-11-22 03:57:57,
2025-11-22 03:58:07,
2025-11-22 03:58:17,
2025-11-22 03:58:27,1.03038915395737
2025-11-22 03:58:37,
2025-11-22 03:58:47,
2025-11-22 03:58:57,
2025-11-22 03:59:07,
2025-11-22 03:59:17,
2025-11-22 03:59:27,
2025-11-22 03:59:37,
2025-11-22 03:59:47,
2025-11-22 03:59:57,
2025-11-22 04:00:07,
2025-11-22 04:00:17,
2025-11-22 04:00:27,
2025-11-22 04:00:37,0.644257485866547
2025-11-22 04:00:47,
2025-11-22 04:00:57,
2025-11-22 04:01:07,
2025-11-22 04:01:17,0.82553973197937
2025-11-22 04:01:27,
2025-11-22 04:01:37,
2025-11-22 04:01:47,0.584099024534225
2025-11-22 04:01:57,
2025-11-22 04:02:07,
2025-11-22 04:02:17,
2025-11-22 04:02:27,0.77812015414238
2025-11-22 04:02:37,
2025-11-22 04:02:47,
2025-11-22 04:02:57,
2025-11-22 04:03:07,
2025-11-22 04:03:17,
2025-11-22 04:03:27,
2025-11-22 04:03:37,
2025-11-22 04:03:47,
2025-11-22 04:03:57,
2025-11-22 04:04:07,0.842611080408096
2025-11-22 04:04:17,0.771525943279266
2025-11-22 04:04:27,
2025-11-22 04:04:37,
2025-11-22 04:04:47,
2025-11-22 04:04:57,
2025-11-22 04:05:07,
2025-11-22 04:05:17,
2025-11-22 04:05:27,
2025-11-22 04:05:37,
2025-11-22 04:05:47,
2025-11-22 04:05:57,
2025-11-22 04:06:07,0.844470924139023
2025-11-22 04:06:17,
2025-11-22 04:06:27,0.877124619483948
2025-11-22 04:06:37,
2025-11-22 04:06:47,
2025-11-22 04:06:57,
2025-11-22 04:07:07,
2025-11-22 04:07:17,
2025-11-22 04:07:27,
2025-11-22 04:07:37,
2025-11-22 04:07:47,
2025-11-22 04:07:57,0.9044635176658632
2025-11-22 04:08:07,
2025-11-22 04:08:17,
2025-11-22 04:08:27,
2025-11-22 04:08:37,
2025-11-22 04:08:47,
2025-11-22 04:08:57,
2025-11-22 04:09:07,
2025-11-22 04:09:17,
2025-11-22 04:09:27,
2025-11-22 04:09:37,
2025-11-22 04:09:47,
2025-11-22 04:09:57,
2025-11-22 04:10:07,
2025-11-22 04:10:17,
2025-11-22 04:10:27,
2025-11-22 04:10:37,
2025-11-22 04:10:47,
2025-11-22 04:10:57,
2025-11-22 04:11:07,
2025-11-22 04:11:17,
2025-11-22 04:11:27,
2025-11-22 04:11:37,
2025-11-22 04:11:47,
2025-11-22 04:11:57,
2025-11-22 04:12:07,
2025-11-22 04:12:17,
2025-11-22 04:12:27,
2025-11-22 04:12:37,
2025-11-22 04:12:47,
2025-11-22 04:12:57,
2025-11-22 04:13:07,
2025-11-22 04:13:17,
2025-11-22 04:13:27,0.923347878456116
2025-11-22 04:13:37,
2025-11-22 04:13:47,
2025-11-22 04:13:57,
2025-11-22 04:14:07,
2025-11-22 04:14:17,
2025-11-22 04:14:27,
2025-11-22 04:14:37,
2025-11-22 04:14:47,
2025-11-22 04:14:57,
2025-11-22 04:15:07,0.883510208129883
2025-11-22 04:15:17,
2025-11-22 04:15:27,
2025-11-22 04:15:37,
2025-11-22 04:15:47,
2025-11-22 04:15:57,
2025-11-22 04:16:07,
2025-11-22 04:16:17,
2025-11-22 04:16:27,
2025-11-22 04:16:37,
2025-11-22 04:16:47,
2025-11-22 04:16:57,
2025-11-22 04:17:07,
2025-11-22 04:17:17,
2025-11-22 04:17:27,
2025-11-22 04:17:37,
2025-11-22 04:17:47,
2025-11-22 04:17:57,
2025-11-22 04:18:07,
2025-11-22 04:18:17,
2025-11-22 04:18:27,
2025-11-22 04:18:37,
2025-11-22 04:18:47,
2025-11-22 04:18:57,
2025-11-22 04:19:07,
2025-11-22 04:19:17,
2025-11-22 04:19:27,
2025-11-22 04:19:37,
2025-11-22 04:19:47,
2025-11-22 04:19:57,
2025-11-22 04:20:07,
2025-11-22 04:20:17,
2025-11-22 04:20:27,
2025-11-22 04:20:37,
2025-11-22 04:20:47,
2025-11-22 04:20:57,
2025-11-22 04:21:07,
2025-11-22 04:21:17,
2025-11-22 04:21:27,
2025-11-22 04:21:37,
2025-11-22 04:21:47,
2025-11-22 04:21:57,0.93591091632843
2025-11-22 04:22:07,
2025-11-22 04:22:17,
2025-11-22 04:22:27,
2025-11-22 04:22:37,0.9250825166702272
2025-11-22 04:22:47,0.920812010765076
2025-11-22 04:22:57,
2025-11-22 04:23:07,0.916190242767334
2025-11-22 04:23:17,
2025-11-22 04:23:27,
2025-11-22 04:23:37,
2025-11-22 04:23:47,
2025-11-22 04:23:57,
2025-11-22 04:24:07,0.940800797939301
2025-11-22 04:24:17,
2025-11-22 04:24:27,0.91598607301712
2025-11-22 04:24:37,
2025-11-22 04:24:47,
2025-11-22 04:24:57,
2025-11-22 04:25:07,
2025-11-22 04:25:17,1.13969013690948
2025-11-22 04:25:27,
2025-11-22 04:25:37,0.958266699314117
2025-11-22 04:25:47,
2025-11-22 04:25:57,
2025-11-22 04:26:07,
2025-11-22 04:26:17,
2025-11-22 04:26:27,
2025-11-22 04:26:37,
2025-11-22 04:26:47,
2025-11-22 04:26:57,
2025-11-22 04:27:07,
2025-11-22 04:27:17,0.778079330921173
2025-11-22 04:27:27,
2025-11-22 04:27:37,1.1942806005477902
2025-11-22 04:27:47,1.23909441232681
2025-11-22 04:27:57,
2025-11-22 04:28:07,
2025-11-22 04:28:17,1.17927439212799
2025-11-22 04:28:27,
2025-11-22 04:28:37,
2025-11-22 04:28:47,
2025-11-22 04:28:57,0.769368427991867
2025-11-22 04:29:07,
2025-11-22 04:29:17,
2025-11-22 04:29:27,0.778075897693634
2025-11-22 04:29:37,
2025-11-22 04:29:47,
2025-11-22 04:29:57,
2025-11-22 04:30:07,
2025-11-22 04:30:17,
2025-11-22 04:30:27,
2025-11-22 04:30:37,
2025-11-22 04:30:47,0.8063399970531461
2025-11-22 04:30:57,
2025-11-22 04:31:07,
2025-11-22 04:31:17,
2025-11-22 04:31:27,
2025-11-22 04:31:37,
2025-11-22 04:31:47,
2025-11-22 04:31:57,
2025-11-22 04:32:07,
2025-11-22 04:32:17,
2025-11-22 04:32:27,
2025-11-22 04:32:37,
2025-11-22 04:32:47,
2025-11-22 04:32:57,
2025-11-22 04:33:07,
2025-11-22 04:33:17,
2025-11-22 04:33:27,
2025-11-22 04:33:37,
2025-11-22 04:33:47,
2025-11-22 04:33:57,
2025-11-22 04:34:07,
2025-11-22 04:34:17,
2025-11-22 04:34:27,
2025-11-22 04:34:37,
2025-11-22 04:34:47,
2025-11-22 04:34:57,
2025-11-22 04:35:07,
2025-11-22 04:35:17,
2025-11-22 04:35:27,
2025-11-22 04:35:37,
2025-11-22 04:35:47,
2025-11-22 04:35:57,0.829859751462936
2025-11-22 04:36:07,0.8497306287288671
2025-11-22 04:36:17,
2025-11-22 04:36:27,0.823096561431885
2025-11-22 04:36:37,0.8300633847713471
2025-11-22 04:36:47,0.8078278720378881
2025-11-22 04:36:57,0.8127035915851589
2025-11-22 04:37:07,0.808191365003586
2025-11-22 04:37:17,0.791628992557526
2025-11-22 04:37:27,0.8183382689952851
2025-11-22 04:37:37,0.808824419975281
2025-11-22 04:37:47,0.803906428813934
2025-11-22 04:37:57,
2025-11-22 04:38:07,0.808636289834976
2025-11-22 04:38:17,
2025-11-22 04:38:27,0.835110068321228
2025-11-22 04:38:37,0.822796851396561
2025-11-22 04:38:47,0.8367245435714721
2025-11-22 04:38:57,
2025-11-22 04:39:07,0.86866203546524
2025-11-22 04:39:17,
2025-11-22 04:39:27,0.857163727283478
2025-11-22 04:39:37,0.843370252847672
2025-11-22 04:39:47,
2025-11-22 04:39:57,
2025-11-22 04:40:07,0.84314484000206
2025-11-22 04:40:17,0.840628176927567
2025-11-22 04:40:27,0.842996406555176
2025-11-22 04:40:37,0.847384607791901
2025-11-22 04:40:47,0.856460720300674
2025-11-22 04:40:57,
2025-11-22 04:41:07,
2025-11-22 04:41:17,
2025-11-22 04:41:27,
2025-11-22 04:41:37,
2025-11-22 04:41:47,
2025-11-22 04:41:57,
2025-11-22 04:42:07,
2025-11-22 04:42:17,
2025-11-22 04:42:27,
2025-11-22 04:42:37,0.875949651002884
2025-11-22 04:42:47,0.853792458772659
2025-11-22 04:42:57,0.844981026649475
2025-11-22 04:43:07,0.8513484835624691
2025-11-22 04:43:17,0.839793795347214
2025-11-22 04:43:27,0.831895226240158
2025-11-22 04:43:37,0.8434510409832
2025-11-22 04:43:47,0.8487240493297581
2025-11-22 04:43:57,0.84464339017868
2025-11-22 04:44:07,0.8501471757888791
2025-11-22 04:44:17,0.85232121348381
2025-11-22 04:44:27,0.856080061197281
2025-11-22 04:44:37,0.855359351634979
2025-11-22 04:44:47,0.844012051820755
2025-11-22 04:44:57,0.8351624786853791
2025-11-22 04:45:07,0.832205826044083
2025-11-22 04:45:17,
2025-11-22 04:45:27,0.8513228952884669
2025-11-22 04:45:37,0.852325719594955
2025-11-22 04:45:47,0.851182293891907
2025-11-22 04:45:57,
2025-11-22 04:46:07,
2025-11-22 04:46:17,
2025-11-22 04:46:27,
2025-11-22 04:46:37,
2025-11-22 04:46:47,
2025-11-22 04:46:57,
2025-11-22 04:47:07,0.8661398470401761
2025-11-22 04:47:17,
2025-11-22 04:47:27,
2025-11-22 04:47:37,0.8411738991737371
2025-11-22 04:47:47,
2025-11-22 04:47:57,0.8186484396457671
2025-11-22 04:48:07,0.8208115339279171
2025-11-22 04:48:17,
2025-11-22 04:48:27,
2025-11-22 04:48:37,0.816338306665421
2025-11-22 04:48:47,0.826797795295715
2025-11-22 04:48:57,0.803580003976822
2025-11-22 04:49:07,0.811791104078293
2025-11-22 04:49:17,0.828972691297531
2025-11-22 04:49:27,
2025-11-22 04:49:37,
2025-11-22 04:49:47,0.811516338586807
2025-11-22 04:49:57,0.826441651582718
2025-11-22 04:50:07,0.823534727096558
2025-11-22 04:50:17,
2025-11-22 04:50:27,
2025-11-22 04:50:37,
2025-11-22 04:50:47,
2025-11-22 04:50:57,
2025-11-22 04:51:07,
2025-11-22 04:51:17,
2025-11-22 04:51:27,0.794500190019608
2025-11-22 04:51:37,0.79777495265007
2025-11-22 04:51:47,
2025-11-22 04:51:57,
2025-11-22 04:52:07,
2025-11-22 04:52:17,
2025-11-22 04:52:27,0.8338993728160861
2025-11-22 04:52:37,0.8303535997867579
2025-11-22 04:52:47,
2025-11-22 04:52:57,0.7818290054798129
2025-11-22 04:53:07,0.7875855624675749
2025-11-22 04:53:17,0.8031509578228
2025-11-22 04:53:27,0.8208808958530429
2025-11-22 04:53:37,0.815676122903824
2025-11-22 04:53:47,0.812690663337708
2025-11-22 04:53:57,0.807553964853287
2025-11-22 04:54:07,0.806778967380524
2025-11-22 04:54:17,0.813103187084198
2025-11-22 04:54:27,0.821108400821686
2025-11-22 04:54:37,0.8247991740703581
2025-11-22 04:54:47,0.820002686977386
2025-11-22 04:54:57,0.840636384487152
2025-11-22 04:55:07,0.841457676887512
2025-11-22 04:55:17,
2025-11-22 04:55:27,
2025-11-22 04:55:37,
2025-11-22 04:55:47,0.8365003108978271
2025-11-22 04:55:57,0.829039746522903
2025-11-22 04:56:07,
2025-11-22 04:56:17,
2025-11-22 04:56:27,0.843218386173248
2025-11-22 04:56:37,0.8310277998447421
2025-11-22 04:56:47,0.818271696567535
2025-11-22 04:56:57,
2025-11-22 04:57:07,
2025-11-22 04:57:17,0.833912998437881
2025-11-22 04:57:27,0.847160214185715
2025-11-22 04:57:37,0.8483415126800541
2025-11-22 04:57:47,0.845324403047562
2025-11-22 04:57:57,0.8558131814002989
2025-11-22 04:58:07,0.857870221138
2025-11-22 04:58:17,0.831596106290817
2025-11-22 04:58:27,0.831844961643219
2025-11-22 04:58:37,0.837196719646454
2025-11-22 04:58:47,0.8293124735355379
2025-11-22 04:58:57,0.83350573182106
2025-11-22 04:59:07,0.8320001542568211
2025-11-22 04:59:17,
2025-11-22 04:59:27,
2025-11-22 04:59:37,
2025-11-22 04:59:47,0.8491335690021511
2025-11-22 04:59:57,0.851892864704132
2025-11-22 05:00:07,0.862385129928589
2025-11-22 05:00:17,0.867910480499268
2025-11-22 05:00:27,0.866801011562347
2025-11-22 05:00:37,0.875508588552475
2025-11-22 05:00:47,0.8865984499454501
2025-11-22 05:00:57,0.8827934145927431
2025-11-22 05:01:07,0.872972184419632
2025-11-22 05:01:17,0.877734714746475
2025-11-22 05:01:27,
2025-11-22 05:01:37,0.8767636477947239
2025-11-22 05:01:47,0.876255637407303
2025-11-22 05:01:57,0.872200566530228
2025-11-22 05:02:07,0.871545249223709
2025-11-22 05:02:17,0.857780420780182
2025-11-22 05:02:27,0.8554876685142521
2025-11-22 05:02:37,0.859313035011292
2025-11-22 05:02:47,0.855686151981354
2025-11-22 05:02:57,0.86025475859642
2025-11-22 05:03:07,
2025-11-22 05:03:17,
2025-11-22 05:03:27,0.851831012964249
2025-11-22 05:03:37,0.870588558912277
2025-11-22 05:03:47,
2025-11-22 05:03:57,0.856730496883392
2025-11-22 05:04:07,0.850666075944901
2025-11-22 05:04:17,0.8394096493721009
2025-11-22 05:04:27,0.8290462911129001
2025-11-22 05:04:37,0.826167905330658
2025-11-22 05:04:47,0.826216667890549
2025-11-22 05:04:57,0.884286546707153
2025-11-22 05:05:07,0.861570811271667
2025-11-22 05:05:17,0.891925317049026
2025-11-22 05:05:27,
2025-11-22 05:05:37,0.896344578266144
2025-11-22 05:05:47,0.882066267728806
2025-11-22 05:05:57,0.881690490245819
2025-11-22 05:06:07,0.880323207378387
2025-11-22 05:06:17,0.8578848659992221
2025-11-22 05:06:27,0.84486311674118
2025-11-22 05:06:37,0.859325802326202
2025-11-22 05:06:47,
2025-11-22 05:06:57,
2025-11-22 05:07:07,0.859499877691269
2025-11-22 05:07:17,
2025-11-22 05:07:27,
2025-11-22 05:07:37,0.856713384389877
2025-11-22 05:07:47,
2025-11-22 05:07:57,0.8838937103748321
2025-11-22 05:08:07,0.865581089258194
2025-11-22 05:08:17,0.868378096818924
2025-11-22 05:08:27,0.849404579401016
2025-11-22 05:08:37,0.8396787822246551
2025-11-22 05:08:47,0.8669040620327001
2025-11-22 05:08:57,
2025-11-22 05:09:07,0.835880881547928
2025-11-22 05:09:17,
2025-11-22 05:09:27,
2025-11-22 05:09:37,
2025-11-22 05:09:47,
2025-11-22 05:09:57,
2025-11-22 05:10:07,
2025-11-22 05:10:17,0.859805649518967
2025-11-22 05:10:27,
2025-11-22 05:10:37,
2025-11-22 05:10:47,0.8697213470935821
2025-11-22 05:10:57,
2025-11-22 05:11:07,
2025-11-22 05:11:17,
2025-11-22 05:11:27,
2025-11-22 05:11:37,
2025-11-22 05:11:47,
2025-11-22 05:11:57,
2025-11-22 05:12:07,
2025-11-22 05:12:17,
2025-11-22 05:12:27,
2025-11-22 05:12:37,0.854326432943344
2025-11-22 05:12:47,
2025-11-22 05:12:57,0.855823051929474
2025-11-22 05:13:07,0.8498844265937809
2025-11-22 05:13:17,0.847265839576721
2025-11-22 05:13:27,0.854137068986893
2025-11-22 05:13:37,0.864734154939651
2025-11-22 05:13:47,
2025-11-22 05:13:57,0.827528804540634
2025-11-22 05:14:07,0.831458723545074
2025-11-22 05:14:17,
2025-11-22 05:14:27,
2025-11-22 05:14:37,0.8346989929676061
2025-11-22 05:14:47,0.844752663373947
2025-11-22 05:14:57,0.847056841850281
2025-11-22 05:15:07,0.8467993497848509
2025-11-22 05:15:17,0.855027455091476
2025-11-22 05:15:27,0.849561542272568
2025-11-22 05:15:37,
2025-11-22 05:15:47,0.879870772361755
2025-11-22 05:15:57,0.890437656641006
2025-11-22 05:16:07,0.878338694572449
2025-11-22 05:16:17,
2025-11-22 05:16:27,0.873466944694519
2025-11-22 05:16:37,
2025-11-22 05:16:47,
2025-11-22 05:16:57,0.859866374731064
2025-11-22 05:17:07,0.87323659658432
2025-11-22 05:17:17,0.854724580049515
2025-11-22 05:17:27,
2025-11-22 05:17:37,0.864201200008392
2025-11-22 05:17:47,
2025-11-22 05:17:57,
2025-11-22 05:18:07,
2025-11-22 05:18:17,0.8665239930152889
2025-11-22 05:18:27,
2025-11-22 05:18:37,
2025-11-22 05:18:47,
2025-11-22 05:18:57,
2025-11-22 05:19:07,
2025-11-22 05:19:17,
2025-11-22 05:19:27,
2025-11-22 05:19:37,
2025-11-22 05:19:47,
2025-11-22 05:19:57,0.888659566640854
2025-11-22 05:20:07,0.878582668304443
2025-11-22 05:20:17,
2025-11-22 05:20:27,0.8639471411705021
2025-11-22 05:20:37,
2025-11-22 05:20:47,0.8716615498065949
2025-11-22 05:20:57,
2025-11-22 05:21:07,
2025-11-22 05:21:17,0.864389383792877
2025-11-22 05:21:27,0.8692660152912141
2025-11-22 05:21:37,
2025-11-22 05:21:47,
2025-11-22 05:21:57,
2025-11-22 05:22:07,0.839491188526154
2025-11-22 05:22:17,0.8442198157310491
2025-11-22 05:22:27,0.84921607375145
2025-11-22 05:22:37,
2025-11-22 05:22:47,
2025-11-22 05:22:57,
2025-11-22 05:23:07,
2025-11-22 05:23:17,
2025-11-22 05:23:27,0.8705595910549161
2025-11-22 05:23:37,
2025-11-22 05:23:47,0.871544766426086
2025-11-22 05:23:57,
2025-11-22 05:24:07,
2025-11-22 05:24:17,0.865179616212845
2025-11-22 05:24:27,
2025-11-22 05:24:37,
2025-11-22 05:24:47,0.8542272448539731
2025-11-22 05:24:57,
2025-11-22 05:25:07,
2025-11-22 05:25:17,0.8438494026660921
2025-11-22 05:25:27,0.8463471293449399
2025-11-22 05:25:37,
2025-11-22 05:25:47,
2025-11-22 05:25:57,
2025-11-22 05:26:07,
2025-11-22 05:26:17,
2025-11-22 05:26:27,
2025-11-22 05:26:37,
2025-11-22 05:26:47,0.882570737600327
2025-11-22 05:26:57,
2025-11-22 05:27:07,
2025-11-22 05:27:17,
2025-11-22 05:27:27,
2025-11-22 05:27:37,
2025-11-22 05:27:47,
2025-11-22 05:27:57,
2025-11-22 05:28:07,
2025-11-22 05:28:17,
2025-11-22 05:28:27,
2025-11-22 05:28:37,
2025-11-22 05:28:47,
2025-11-22 05:28:57,
2025-11-22 05:29:07,
2025-11-22 05:29:17,0.8520014405250551
2025-11-22 05:29:27,
2025-11-22 05:29:37,
2025-11-22 05:29:47,
2025-11-22 05:29:57,
2025-11-22 05:30:07,
2025-11-22 05:30:17,
2025-11-22 05:30:27,
2025-11-22 05:30:37,
2025-11-22 05:30:47,
2025-11-22 05:30:57,
2025-11-22 05:31:07,
2025-11-22 05:31:17,
2025-11-22 05:31:27,
2025-11-22 05:31:37,
2025-11-22 05:31:47,0.888889217376709
2025-11-22 05:31:57,
2025-11-22 05:32:07,
2025-11-22 05:32:17,
2025-11-22 05:32:27,0.8922579109668731
2025-11-22 05:32:37,
2025-11-22 05:32:47,
2025-11-22 05:32:57,
2025-11-22 05:33:07,
2025-11-22 05:33:17,
2025-11-22 05:33:27,
2025-11-22 05:33:37,
2025-11-22 05:33:47,
2025-11-22 05:33:57,
2025-11-22 05:34:07,
2025-11-22 05:34:17,
2025-11-22 05:34:27,
2025-11-22 05:34:37,
2025-11-22 05:34:47,
2025-11-22 05:34:57,
2025-11-22 05:35:07,
2025-11-22 05:35:17,
2025-11-22 05:35:27,
2025-11-22 05:35:37,
2025-11-22 05:35:47,
2025-11-22 05:35:57,
2025-11-22 05:36:07,
2025-11-22 05:36:17,
2025-11-22 05:36:27,
2025-11-22 05:36:37,
2025-11-22 05:36:47,
2025-11-22 05:36:57,
2025-11-22 05:37:07,
2025-11-22 05:37:17,
2025-11-22 05:37:27,
2025-11-22 05:37:37,
2025-11-22 05:37:47,
2025-11-22 05:37:57,0.8280771553516391
2025-11-22 05:38:07,
2025-11-22 05:38:17,
2025-11-22 05:38:27,
2025-11-22 05:38:37,
2025-11-22 05:38:47,
2025-11-22 05:38:57,
2025-11-22 05:39:07,
2025-11-22 05:39:17,
2025-11-22 05:39:27,
2025-11-22 05:39:37,0.868194097280502
2025-11-22 05:39:47,0.8327797114849089
2025-11-22 05:39:57,
2025-11-22 05:40:07,0.842286211252213
2025-11-22 05:40:17,0.8460174322128301
2025-11-22 05:40:27,0.83432343006134
2025-11-22 05:40:37,
2025-11-22 05:40:47,
2025-11-22 05:40:57,0.845037299394608
2025-11-22 05:41:07,
2025-11-22 05:41:17,
2025-11-22 05:41:27,
2025-11-22 05:41:37,
2025-11-22 05:41:47,
2025-11-22 05:41:57,
2025-11-22 05:42:07,
2025-11-22 05:42:17,
2025-11-22 05:42:27,
2025-11-22 05:42:37,
2025-11-22 05:42:47,
2025-11-22 05:42:57,
2025-11-22 05:43:07,1.1775102496147198
2025-11-22 05:43:17,
2025-11-22 05:43:27,
2025-11-22 05:43:37,
2025-11-22 05:43:47,1.16689556837082
2025-11-22 05:43:57,
2025-11-22 05:44:07,1.1709293961525
2025-11-22 05:44:17,
2025-11-22 05:44:27,
2025-11-22 05:44:37,1.1699679851532
2025-11-22 05:44:47,1.1736798405647302
2025-11-22 05:44:57,1.16839470863342
2025-11-22 05:45:07,1.1704756736755402
2025-11-22 05:45:17,
2025-11-22 05:45:27,1.03505254983902
2025-11-22 05:45:37,
2025-11-22 05:45:47,
2025-11-22 05:45:57,0.677251017093658
2025-11-22 05:46:07,
2025-11-22 05:46:17,
2025-11-22 05:46:27,
2025-11-22 05:46:37,1.15316383838654
2025-11-22 05:46:47,1.081551861763
2025-11-22 05:46:57,1.0508037686348
2025-11-22 05:47:07,1.10054436922073
2025-11-22 05:47:17,
2025-11-22 05:47:27,1.14647741317749
2025-11-22 05:47:37,0.95142320394516
2025-11-22 05:47:47,
2025-11-22 05:47:57,0.930130755901337
2025-11-22 05:48:07,1.03752876520157
2025-11-22 05:48:17,1.1093027472496002
2025-11-22 05:48:27,1.15489375591278
2025-11-22 05:48:37,1.16010582447052
2025-11-22 05:48:47,1.14997962713242
2025-11-22 05:48:57,1.15117599964142
2025-11-22 05:49:07,1.10962954759598
2025-11-22 05:49:17,
2025-11-22 05:49:27,
2025-11-22 05:49:37,
2025-11-22 05:49:47,
2025-11-22 05:49:57,
2025-11-22 05:50:07,
2025-11-22 05:50:17,
2025-11-22 05:50:27,
2025-11-22 05:50:37,
2025-11-22 05:50:47,0.999976873397827
2025-11-22 05:50:57,1.07356853485107
2025-11-22 05:51:07,1.00758565664291
2025-11-22 05:51:17,0.734047919511795
2025-11-22 05:51:27,
2025-11-22 05:51:37,
2025-11-22 05:51:47,0.6598734140396121
2025-11-22 05:51:57,0.663552707433701
2025-11-22 05:52:07,0.667843973636627
2025-11-22 05:52:17,0.65552174448967
2025-11-22 05:52:27,0.66274031996727
2025-11-22 05:52:37,0.661725854873657
2025-11-22 05:52:47,0.66936087012291
2025-11-22 05:52:57,
2025-11-22 05:53:07,
2025-11-22 05:53:17,
2025-11-22 05:53:27,0.981243252754211
2025-11-22 05:53:37,
2025-11-22 05:53:47,
2025-11-22 05:53:57,
2025-11-22 05:54:07,
2025-11-22 05:54:17,
2025-11-22 05:54:27,
2025-11-22 05:54:37,
2025-11-22 05:54:47,
2025-11-22 05:54:57,
2025-11-22 05:55:07,
2025-11-22 05:55:17,
2025-11-22 05:55:27,
2025-11-22 05:55:37,
2025-11-22 05:55:47,
2025-11-22 05:55:57,
2025-11-22 05:56:07,
2025-11-22 05:56:17,
2025-11-22 05:56:27,
2025-11-22 05:56:37,
2025-11-22 05:56:47,
2025-11-22 05:56:57,
2025-11-22 05:57:07,
2025-11-22 05:57:17,
2025-11-22 05:57:27,
2025-11-22 05:57:37,
2025-11-22 05:57:47,
2025-11-22 05:57:57,
2025-11-22 05:58:07,
2025-11-22 05:58:17,
2025-11-22 05:58:27,
2025-11-22 05:58:37,
2025-11-22 05:58:47,
2025-11-22 05:58:57,
2025-11-22 05:59:07,
2025-11-22 05:59:17,
2025-11-22 05:59:27,0.6741438925266271
2025-11-22 05:59:37,
2025-11-22 05:59:47,0.666702318191528
2025-11-22 05:59:57,0.687872511148453
2025-11-22 06:00:07,0.6806661665439611
2025-11-22 06:00:17,
2025-11-22 06:00:27,0.692714542150497
2025-11-22 06:00:37,
2025-11-22 06:00:47,
2025-11-22 06:00:57,
2025-11-22 06:01:07,
2025-11-22 06:01:17,
2025-11-22 06:01:27,
2025-11-22 06:01:37,
2025-11-22 06:01:47,
2025-11-22 06:01:57,
2025-11-22 06:02:07,
2025-11-22 06:02:17,
2025-11-22 06:02:27,
2025-11-22 06:02:37,
2025-11-22 06:02:47,
2025-11-22 06:02:57,
2025-11-22 06:03:07,
2025-11-22 06:03:17,
2025-11-22 06:03:27,
2025-11-22 06:03:37,
2025-11-22 06:03:47,
2025-11-22 06:03:57,
2025-11-22 06:04:07,
2025-11-22 06:04:17,
2025-11-22 06:04:27,
2025-11-22 06:04:37,
2025-11-22 06:04:47,
2025-11-22 06:04:57,
2025-11-22 06:05:07,
2025-11-22 06:05:17,
2025-11-22 06:05:27,
2025-11-22 06:05:37,
2025-11-22 06:05:47,
2025-11-22 06:05:57,
2025-11-22 06:06:07,
2025-11-22 06:06:17,
2025-11-22 06:06:27,
2025-11-22 06:06:37,
2025-11-22 06:06:47,
2025-11-22 06:06:57,
2025-11-22 06:07:07,
2025-11-22 06:07:17,
2025-11-22 06:07:27,
2025-11-22 06:07:37,
2025-11-22 06:07:47,
2025-11-22 06:07:57,
2025-11-22 06:08:07,
2025-11-22 06:08:17,
2025-11-22 06:08:27,
2025-11-22 06:08:37,
2025-11-22 06:08:47,
2025-11-22 06:08:57,
2025-11-22 06:09:07,0.719319427013397
2025-11-22 06:09:17,
2025-11-22 06:09:27,
2025-11-22 06:09:37,0.917268061637878
2025-11-22 06:09:47,
2025-11-22 06:09:57,
2025-11-22 06:10:07,
2025-11-22 06:10:17,
2025-11-22 06:10:27,0.7059490442276
2025-11-22 06:10:37,
2025-11-22 06:10:47,
2025-11-22 06:10:57,
2025-11-22 06:11:07,
2025-11-22 06:11:17,
2025-11-22 06:11:27,0.466875654459
2025-11-22 06:11:37,0.472715306282043
2025-11-22 06:11:47,0.469329339265823
2025-11-22 06:11:57,0.480409008264542
2025-11-22 06:12:07,0.483023196458817
2025-11-22 06:12:17,0.48282927274704
2025-11-22 06:12:27,0.47473184466362
2025-11-22 06:12:37,
2025-11-22 06:12:47,0.463176190853119
2025-11-22 06:12:57,0.460930752754211
2025-11-22 06:13:07,0.458417308330536
2025-11-22 06:13:17,0.455884122848511
2025-11-22 06:13:27,0.463226079940796
2025-11-22 06:13:37,0.464670664072037
2025-11-22 06:13:47,
2025-11-22 06:13:57,0.473940753936768
2025-11-22 06:14:07,
2025-11-22 06:14:17,0.49016484618187
2025-11-22 06:14:27,0.496355599164963
2025-11-22 06:14:37,0.493311131000519
2025-11-22 06:14:47,0.496470719575882
2025-11-22 06:14:57,
2025-11-22 06:15:07,
2025-11-22 06:15:17,
2025-11-22 06:15:27,
2025-11-22 06:15:37,0.499878358840942
2025-11-22 06:15:47,0.493211513757706
2025-11-22 06:15:57,
2025-11-22 06:16:07,0.490779769420624
2025-11-22 06:16:17,0.487184965610504
2025-11-22 06:16:27,0.494521933794022
2025-11-22 06:16:37,0.494155597686768
2025-11-22 06:16:47,0.490913718938828
2025-11-22 06:16:57,0.494711995124817
2025-11-22 06:17:07,0.502144449949265
2025-11-22 06:17:17,0.51334422826767
2025-11-22 06:17:27,0.514099162817001
2025-11-22 06:17:37,0.507819896936417
2025-11-22 06:17:47,0.503101408481598
2025-11-22 06:17:57,0.500884401798248
2025-11-22 06:18:07,0.50051543712616
2025-11-22 06:18:17,0.497299039363861
2025-11-22 06:18:27,0.500280743837357
2025-11-22 06:18:37,0.499932378530502
2025-11-22 06:18:47,
2025-11-22 06:18:57,0.501327341794968
2025-11-22 06:19:07,0.493629670143127
2025-11-22 06:19:17,
2025-11-22 06:19:27,
2025-11-22 06:19:37,
2025-11-22 06:19:47,
2025-11-22 06:19:57,
2025-11-22 06:20:07,0.5256174266338349
2025-11-22 06:20:17,
2025-11-22 06:20:27,
2025-11-22 06:20:37,
2025-11-22 06:20:47,
2025-11-22 06:20:57,
2025-11-22 06:21:07,
2025-11-22 06:21:17,
2025-11-22 06:21:27,0.501131272315979
2025-11-22 06:21:37,
2025-11-22 06:21:47,
2025-11-22 06:21:57,0.488897877931595
2025-11-22 06:22:07,
2025-11-22 06:22:17,
2025-11-22 06:22:27,
2025-11-22 06:22:37,
2025-11-22 06:22:47,0.500120133161545
2025-11-22 06:22:57,
2025-11-22 06:23:07,
2025-11-22 06:23:17,
2025-11-22 06:23:27,
2025-11-22 06:23:37,
2025-11-22 06:23:47,
2025-11-22 06:23:57,
2025-11-22 06:24:07,
2025-11-22 06:24:17,
2025-11-22 06:24:27,0.526557379961014
2025-11-22 06:24:37,
2025-11-22 06:24:47,
2025-11-22 06:24:57,
2025-11-22 06:25:07,0.602459496259689
2025-11-22 06:25:17,
2025-11-22 06:25:27,0.582918745279312
2025-11-22 06:25:37,0.5739665508270261
2025-11-22 06:25:47,0.582521188259125
2025-11-22 06:25:57,0.563711285591125
2025-11-22 06:26:07,
2025-11-22 06:26:17,
2025-11-22 06:26:27,
2025-11-22 06:26:37,
2025-11-22 06:26:47,
2025-11-22 06:26:57,
2025-11-22 06:27:07,
2025-11-22 06:27:17,
2025-11-22 06:27:27,
2025-11-22 06:27:37,
2025-11-22 06:27:47,
2025-11-22 06:27:57,
2025-11-22 06:28:07,
2025-11-22 06:28:17,
2025-11-22 06:28:27,
2025-11-22 06:28:37,
2025-11-22 06:28:47,0.740449011325836
2025-11-22 06:28:57,0.7710904598236079
2025-11-22 06:29:07,0.834414625167847
2025-11-22 06:29:17,0.9024672031402592
2025-11-22 06:29:27,
2025-11-22 06:29:37,
2025-11-22 06:29:47,
2025-11-22 06:29:57,
2025-11-22 06:30:07,
2025-11-22 06:30:17,
2025-11-22 06:30:27,
2025-11-22 06:30:37,
2025-11-22 06:30:47,
2025-11-22 06:30:57,
2025-11-22 06:31:07,
2025-11-22 06:31:17,
2025-11-22 06:31:27,
2025-11-22 06:31:37,
2025-11-22 06:31:47,
2025-11-22 06:31:57,
2025-11-22 06:32:07,
2025-11-22 06:32:17,
2025-11-22 06:32:27,
2025-11-22 06:32:37,
2025-11-22 06:32:47,
2025-11-22 06:32:57,
2025-11-22 06:33:07,
2025-11-22 06:33:17,
2025-11-22 06:33:27,
2025-11-22 06:33:37,
2025-11-22 06:33:47,
2025-11-22 06:33:57,
2025-11-22 06:34:07,
2025-11-22 06:34:17,
2025-11-22 06:34:27,
2025-11-22 06:34:37,
2025-11-22 06:34:47,
2025-11-22 06:34:57,
2025-11-22 06:35:07,
2025-11-22 06:35:17,
2025-11-22 06:35:27,
2025-11-22 06:35:37,
2025-11-22 06:35:47,
2025-11-22 06:35:57,
2025-11-22 06:36:07,
2025-11-22 06:36:17,
2025-11-22 06:36:27,
2025-11-22 06:36:37,
2025-11-22 06:36:47,
2025-11-22 06:36:57,
2025-11-22 06:37:07,
2025-11-22 06:37:17,
2025-11-22 06:37:27,
2025-11-22 06:37:37,
2025-11-22 06:37:47,
2025-11-22 06:37:57,
2025-11-22 06:38:07,
2025-11-22 06:38:17,
2025-11-22 06:38:27,
2025-11-22 06:38:37,
2025-11-22 06:38:47,
2025-11-22 06:38:57,
2025-11-22 06:39:07,
2025-11-22 06:39:17,
2025-11-22 06:39:27,
2025-11-22 06:39:37,
2025-11-22 06:39:47,
2025-11-22 06:39:57,
2025-11-22 06:40:07,
2025-11-22 06:40:17,
2025-11-22 06:40:27,
2025-11-22 06:40:37,
2025-11-22 06:40:47,
2025-11-22 06:40:57,
2025-11-22 06:41:07,
2025-11-22 06:41:17,
2025-11-22 06:41:27,
2025-11-22 06:41:37,0.319815927743912
2025-11-22 06:41:47,
2025-11-22 06:41:57,
2025-11-22 06:42:07,
2025-11-22 06:42:17,
2025-11-22 06:42:27,0.306215626001358
2025-11-22 06:42:37,0.311180394887924
2025-11-22 06:42:47,
2025-11-22 06:42:57,
2025-11-22 06:43:07,
2025-11-22 06:43:17,
2025-11-22 06:43:27,
2025-11-22 06:43:37,
2025-11-22 06:43:47,
2025-11-22 06:43:57,
2025-11-22 06:44:07,
2025-11-22 06:44:17,
2025-11-22 06:44:27,
2025-11-22 06:44:37,
2025-11-22 06:44:47,
2025-11-22 06:44:57,
2025-11-22 06:45:07,
2025-11-22 06:45:17,
2025-11-22 06:45:27,
2025-11-22 06:45:37,
2025-11-22 06:45:47,
2025-11-22 06:45:57,
2025-11-22 06:46:07,
2025-11-22 06:46:17,
2025-11-22 06:46:27,
2025-11-22 06:46:37,
2025-11-22 06:46:47,
2025-11-22 06:46:57,
2025-11-22 06:47:07,
2025-11-22 06:47:17,
2025-11-22 06:47:27,
2025-11-22 06:47:37,
2025-11-22 06:47:47,
2025-11-22 06:47:57,
2025-11-22 06:48:07,
2025-11-22 06:48:17,
2025-11-22 06:48:27,
2025-11-22 06:48:37,
2025-11-22 06:48:47,
2025-11-22 06:48:57,
2025-11-22 06:49:07,
2025-11-22 06:49:17,
2025-11-22 06:49:27,
2025-11-22 06:49:37,
2025-11-22 06:49:47,
2025-11-22 06:49:57,
2025-11-22 06:50:07,
2025-11-22 06:50:17,
2025-11-22 06:50:27,
2025-11-22 06:50:37,
2025-11-22 06:50:47,
2025-11-22 06:50:57,
2025-11-22 06:51:07,
2025-11-22 06:51:17,
2025-11-22 06:51:27,
2025-11-22 06:51:37,
2025-11-22 06:51:47,
2025-11-22 06:51:57,
2025-11-22 06:52:07,
2025-11-22 06:52:17,
2025-11-22 06:52:27,
2025-11-22 06:52:37,
2025-11-22 06:52:47,
2025-11-22 06:52:57,
2025-11-22 06:53:07,
2025-11-22 06:53:17,
2025-11-22 06:53:27,
2025-11-22 06:53:37,
2025-11-22 06:53:47,
2025-11-22 06:53:57,
2025-11-22 06:54:07,
2025-11-22 06:54:17,
2025-11-22 06:54:27,
2025-11-22 06:54:37,
2025-11-22 06:54:47,
2025-11-22 06:54:57,
2025-11-22 06:55:07,
2025-11-22 06:55:17,
2025-11-22 06:55:27,
2025-11-22 06:55:37,
2025-11-22 06:55:47,
2025-11-22 06:55:57,
2025-11-22 06:56:07,
2025-11-22 06:56:17,
2025-11-22 06:56:27,
2025-11-22 06:56:37,
2025-11-22 06:56:47,
2025-11-22 06:56:57,
2025-11-22 06:57:07,
2025-11-22 06:57:17,
2025-11-22 06:57:27,
2025-11-22 06:57:37,
2025-11-22 06:57:47,
2025-11-22 06:57:57,
2025-11-22 06:58:07,
2025-11-22 06:58:17,
2025-11-22 06:58:27,
2025-11-22 06:58:37,
2025-11-22 06:58:47,
2025-11-22 06:58:57,0.311666223406792
2025-11-22 06:59:07,0.470290160179138
2025-11-22 06:59:17,0.411453786492348
2025-11-22 06:59:27,
2025-11-22 06:59:37,
2025-11-22 06:59:47,0.492468327283859
2025-11-22 06:59:57,
2025-11-22 07:00:07,0.540100604295731
2025-11-22 07:00:17,
2025-11-22 07:00:27,
2025-11-22 07:00:37,
2025-11-22 07:00:47,
2025-11-22 07:00:57,
2025-11-22 07:01:07,
2025-11-22 07:01:17,
2025-11-22 07:01:27,
2025-11-22 07:01:37,
2025-11-22 07:01:47,
2025-11-22 07:01:57,
2025-11-22 07:02:07,
2025-11-22 07:02:17,
2025-11-22 07:02:27,
2025-11-22 07:02:37,
2025-11-22 07:02:47,
2025-11-22 07:02:57,
2025-11-22 07:03:07,0.509428256750107
2025-11-22 07:03:17,0.484895753860474
2025-11-22 07:03:27,0.481633597612381
2025-11-22 07:03:37,0.466894429922104
2025-11-22 07:03:47,0.500264167785645
2025-11-22 07:03:57,0.473124504089355
2025-11-22 07:04:07,
2025-11-22 07:04:17,0.49137521982193
2025-11-22 07:04:27,
2025-11-22 07:04:37,
2025-11-22 07:04:47,
2025-11-22 07:04:57,
2025-11-22 07:05:07,
2025-11-22 07:05:17,
2025-11-22 07:05:27,
2025-11-22 07:05:37,
2025-11-22 07:05:47,
2025-11-22 07:05:57,
2025-11-22 07:06:07,0.522474038600922
2025-11-22 07:06:17,
2025-11-22 07:06:27,
2025-11-22 07:06:37,
2025-11-22 07:06:47,
2025-11-22 07:06:57,
2025-11-22 07:07:07,
2025-11-22 07:07:17,
2025-11-22 07:07:27,
2025-11-22 07:07:37,0.474720847606659
2025-11-22 07:07:47,
2025-11-22 07:07:57,0.5150795102119451
2025-11-22 07:08:07,0.51246537566185
2025-11-22 07:08:17,0.5192154765129091
2025-11-22 07:08:27,0.515148013830185
2025-11-22 07:08:37,
2025-11-22 07:08:47,0.5024192690849301
2025-11-22 07:08:57,0.498450189828873
2025-11-22 07:09:07,0.497769981622696
2025-11-22 07:09:17,0.494385623931885
2025-11-22 07:09:27,0.487881106138229
2025-11-22 07:09:37,0.488815158605576
2025-11-22 07:09:47,0.489071094989777
2025-11-22 07:09:57,0.486276072263718
2025-11-22 07:10:07,0.48630359172821
2025-11-22 07:10:17,0.484996390342712
2025-11-22 07:10:27,
2025-11-22 07:10:37,0.470231795310974
2025-11-22 07:10:47,0.46158601641655
2025-11-22 07:10:57,0.448874866962433
2025-11-22 07:11:07,0.439244717359543
2025-11-22 07:11:17,0.444693920016289
2025-11-22 07:11:27,0.440746459364891
2025-11-22 07:11:37,0.436669045686722
2025-11-22 07:11:47,0.43840483725071
2025-11-22 07:11:57,0.440441036224365
2025-11-22 07:12:07,0.44394668340683
2025-11-22 07:12:17,0.4494931429624559
2025-11-22 07:12:27,0.451775246858597
2025-11-22 07:12:37,0.4501440346241
2025-11-22 07:12:47,0.4490851521492
2025-11-22 07:12:57,0.453024137020111
2025-11-22 07:13:07,
2025-11-22 07:13:17,0.436629831790924
2025-11-22 07:13:27,0.419921413064003
2025-11-22 07:13:37,0.405289399623871
2025-11-22 07:13:47,0.405718150734901
2025-11-22 07:13:57,0.409904837608337
2025-11-22 07:14:07,
2025-11-22 07:14:17,0.416103154420853
2025-11-22 07:14:27,0.413288471102715
2025-11-22 07:14:37,
2025-11-22 07:14:47,0.408860921859741
2025-11-22 07:14:57,0.410709258913994
2025-11-22 07:15:07,0.418576070666313
2025-11-22 07:15:17,0.412843841314316
2025-11-22 07:15:27,0.4171243786811829
2025-11-22 07:15:37,
2025-11-22 07:15:47,
2025-11-22 07:15:57,
2025-11-22 07:16:07,
2025-11-22 07:16:17,
2025-11-22 07:16:27,0.392661935091019
2025-11-22 07:16:37,
2025-11-22 07:16:47,
2025-11-22 07:16:57,0.39810486137867
2025-11-22 07:17:07,
2025-11-22 07:17:17,0.397742575407028
2025-11-22 07:17:27,0.397183334827423
2025-11-22 07:17:37,0.397992879152298
2025-11-22 07:17:47,0.407171854376793
2025-11-22 07:17:57,0.41110292673111
2025-11-22 07:18:07,0.408615097403526
2025-11-22 07:18:17,0.406254512071609
2025-11-22 07:18:27,0.396796426177025
2025-11-22 07:18:37,0.384689900279045
2025-11-22 07:18:47,
2025-11-22 07:18:57,
2025-11-22 07:19:07,
2025-11-22 07:19:17,
2025-11-22 07:19:27,
2025-11-22 07:19:37,0.377799841761589
2025-11-22 07:19:47,0.378061491250992
2025-11-22 07:19:57,
2025-11-22 07:20:07,
2025-11-22 07:20:17,0.377752768993378
2025-11-22 07:20:27,
2025-11-22 07:20:37,
2025-11-22 07:20:47,0.38185408115387
2025-11-22 07:20:57,0.386498138308525
2025-11-22 07:21:07,
2025-11-22 07:21:17,
2025-11-22 07:21:27,
2025-11-22 07:21:37,
2025-11-22 07:21:47,
2025-11-22 07:21:57,
2025-11-22 07:22:07,
2025-11-22 07:22:17,
2025-11-22 07:22:27,
2025-11-22 07:22:37,0.781738668680191
2025-11-22 07:22:47,
2025-11-22 07:22:57,
2025-11-22 07:23:07,
2025-11-22 07:23:17,
2025-11-22 07:23:27,
2025-11-22 07:23:37,
2025-11-22 07:23:47,
2025-11-22 07:23:57,
2025-11-22 07:24:07,
2025-11-22 07:24:17,
2025-11-22 07:24:27,
2025-11-22 07:24:37,
2025-11-22 07:24:47,
2025-11-22 07:24:57,
2025-11-22 07:25:07,
2025-11-22 07:25:17,
2025-11-22 07:25:27,0.7922591507434841
2025-11-22 07:25:37,
2025-11-22 07:25:47,
2025-11-22 07:25:57,
2025-11-22 07:26:07,
2025-11-22 07:26:17,
2025-11-22 07:26:27,
2025-11-22 07:26:37,
2025-11-22 07:26:47,
2025-11-22 07:26:57,
2025-11-22 07:27:07,
2025-11-22 07:27:17,
2025-11-22 07:27:27,
2025-11-22 07:27:37,
2025-11-22 07:27:47,
2025-11-22 07:27:57,
2025-11-22 07:28:07,
2025-11-22 07:28:17,
2025-11-22 07:28:27,
2025-11-22 07:28:37,
2025-11-22 07:28:47,0.7522517502307889
2025-11-22 07:28:57,
2025-11-22 07:29:07,
2025-11-22 07:29:17,
2025-11-22 07:29:27,
2025-11-22 07:29:37,
2025-11-22 07:29:47,
2025-11-22 07:29:57,
2025-11-22 07:30:07,
2025-11-22 07:30:17,
2025-11-22 07:30:27,
2025-11-22 07:30:37,
2025-11-22 07:30:47,0.7489520430564881
2025-11-22 07:30:57,0.732767701148987
2025-11-22 07:31:07,0.73489356637001
2025-11-22 07:31:17,0.7353244900703431
2025-11-22 07:31:27,0.744555419683456
2025-11-22 07:31:37,0.738911515474319
2025-11-22 07:31:47,0.7253877639770511
2025-11-22 07:31:57,
2025-11-22 07:32:07,
2025-11-22 07:32:17,
2025-11-22 07:32:27,
2025-11-22 07:32:37,0.7941947400569921
2025-11-22 07:32:47,0.770746010541916
2025-11-22 07:32:57,
2025-11-22 07:33:07,
2025-11-22 07:33:17,
2025-11-22 07:33:27,
2025-11-22 07:33:37,
2025-11-22 07:33:47,
2025-11-22 07:33:57,
2025-11-22 07:34:07,
2025-11-22 07:34:17,
2025-11-22 07:34:27,
2025-11-22 07:34:37,0.998300170898438
2025-11-22 07:34:47,
2025-11-22 07:34:57,
2025-11-22 07:35:07,
2025-11-22 07:35:17,
2025-11-22 07:35:27,
2025-11-22 07:35:37,
2025-11-22 07:35:47,
2025-11-22 07:35:57,
2025-11-22 07:36:07,
2025-11-22 07:36:17,
2025-11-22 07:36:27,
2025-11-22 07:36:37,
2025-11-22 07:36:47,
2025-11-22 07:36:57,
2025-11-22 07:37:07,
2025-11-22 07:37:17,
2025-11-22 07:37:27,
2025-11-22 07:37:37,0.682743161916733
2025-11-22 07:37:47,0.57181681394577
2025-11-22 07:37:57,
2025-11-22 07:38:07,
2025-11-22 07:38:17,
2025-11-22 07:38:27,
2025-11-22 07:38:37,
2025-11-22 07:38:47,
2025-11-22 07:38:57,
2025-11-22 07:39:07,
2025-11-22 07:39:17,
2025-11-22 07:39:27,
2025-11-22 07:39:37,
2025-11-22 07:39:47,
2025-11-22 07:39:57,0.940266609191895
2025-11-22 07:40:07,0.917477595806122
2025-11-22 07:40:17,
2025-11-22 07:40:27,
2025-11-22 07:40:37,
2025-11-22 07:40:47,
2025-11-22 07:40:57,0.856026846170425
2025-11-22 07:41:07,0.858739256858826
2025-11-22 07:41:17,0.852925783395767
2025-11-22 07:41:27,
2025-11-22 07:41:37,0.884079748392105
2025-11-22 07:41:47,0.872210919857025
2025-11-22 07:41:57,
2025-11-22 07:42:07,
2025-11-22 07:42:17,0.904183924198151
2025-11-22 07:42:27,
2025-11-22 07:42:37,
2025-11-22 07:42:47,0.8858268857002259
2025-11-22 07:42:57,
2025-11-22 07:43:07,
2025-11-22 07:43:17,0.869066780805588
2025-11-22 07:43:27,0.859658235311508
2025-11-22 07:43:37,0.862608236074448
2025-11-22 07:43:47,0.872648441791534
2025-11-22 07:43:57,
2025-11-22 07:44:07,0.8546452939510351
2025-11-22 07:44:17,0.8602216064929961
2025-11-22 07:44:27,0.853391307592392
2025-11-22 07:44:37,0.8532779037952419
2025-11-22 07:44:47,0.8321144700050349
2025-11-22 07:44:57,0.8256792604923251
2025-11-22 07:45:07,0.8175744295120241
2025-11-22 07:45:17,
2025-11-22 07:45:27,
2025-11-22 07:45:37,0.7777996301651
2025-11-22 07:45:47,0.762501436471939
2025-11-22 07:45:57,
2025-11-22 07:46:07,
2025-11-22 07:46:17,
2025-11-22 07:46:27,
2025-11-22 07:46:37,
2025-11-22 07:46:47,0.695991504192352
2025-11-22 07:46:57,
2025-11-22 07:47:07,
2025-11-22 07:47:17,
2025-11-22 07:47:27,0.693809473514557
2025-11-22 07:47:37,
2025-11-22 07:47:47,
2025-11-22 07:47:57,
2025-11-22 07:48:07,
2025-11-22 07:48:17,
2025-11-22 07:48:27,
2025-11-22 07:48:37,
2025-11-22 07:48:47,
2025-11-22 07:48:57,0.6188594877719881
2025-11-22 07:49:07,
2025-11-22 07:49:17,0.716551172733307
2025-11-22 07:49:27,0.763384312391281
2025-11-22 07:49:37,0.684502851963043
2025-11-22 07:49:47,
2025-11-22 07:49:57,
2025-11-22 07:50:07,0.707255601882935
2025-11-22 07:50:17,0.769380497932434
2025-11-22 07:50:27,0.7225113093853001
2025-11-22 07:50:37,
2025-11-22 07:50:47,0.613982051610947
2025-11-22 07:50:57,0.621946334838867
2025-11-22 07:51:07,0.63751312494278
2025-11-22 07:51:17,0.6370148777961729
2025-11-22 07:51:27,
2025-11-22 07:51:37,0.668502563238144
2025-11-22 07:51:47,
2025-11-22 07:51:57,
2025-11-22 07:52:07,0.655324548482895
2025-11-22 07:52:17,
2025-11-22 07:52:27,
2025-11-22 07:52:37,0.770883017778397
2025-11-22 07:52:47,1.00195848941803
2025-11-22 07:52:57,
2025-11-22 07:53:07,
2025-11-22 07:53:17,
2025-11-22 07:53:27,
2025-11-22 07:53:37,
2025-11-22 07:53:47,
2025-11-22 07:53:57,0.716716611385345
2025-11-22 07:54:07,
2025-11-22 07:54:17,0.939152526855469
2025-11-22 07:54:27,
2025-11-22 07:54:37,
2025-11-22 07:54:47,
2025-11-22 07:54:57,
2025-11-22 07:55:07,
2025-11-22 07:55:17,
2025-11-22 07:55:27,
2025-11-22 07:55:37,
2025-11-22 07:55:47,
2025-11-22 07:55:57,0.7985107362270359
2025-11-22 07:56:07,0.542902171611786
2025-11-22 07:56:17,0.52342118024826
2025-11-22 07:56:27,0.717074793577194
2025-11-22 07:56:37,0.590695863962173
2025-11-22 07:56:47,0.571435564756393
2025-11-22 07:56:57,
2025-11-22 07:57:07,
2025-11-22 07:57:17,
2025-11-22 07:57:27,
2025-11-22 07:57:37,
2025-11-22 07:57:47,
2025-11-22 07:57:57,
2025-11-22 07:58:07,
2025-11-22 07:58:17,
2025-11-22 07:58:27,
2025-11-22 07:58:37,0.673320239782333
2025-11-22 07:58:47,
2025-11-22 07:58:57,
2025-11-22 07:59:07,0.721277332305908
2025-11-22 07:59:17,0.6424526810646061
2025-11-22 07:59:27,
2025-11-22 07:59:37,0.631400048732758
2025-11-22 07:59:47,0.6127824604511259
2025-11-22 07:59:57,0.614399832487106
2025-11-22 08:00:07,0.6033963382244111
2025-11-22 08:00:17,
2025-11-22 08:00:27,0.594571226835251
2025-11-22 08:00:37,0.592618364095688
2025-11-22 08:00:47,0.596540021896362
2025-11-22 08:00:57,0.591787201166153
2025-11-22 08:01:07,0.584250515699387
2025-11-22 08:01:17,0.582565712928772
2025-11-22 08:01:27,0.58369824886322
2025-11-22 08:01:37,0.580616176128387
2025-11-22 08:01:47,0.589788687229156
2025-11-22 08:01:57,0.5897848248481751
2025-11-22 08:02:07,0.590290153026581
2025-11-22 08:02:17,0.591264921426773
2025-11-22 08:02:27,
2025-11-22 08:02:37,0.569915342330933
2025-11-22 08:02:47,0.579775303602219
2025-11-22 08:02:57,0.5796499371528631
2025-11-22 08:03:07,
2025-11-22 08:03:17,
2025-11-22 08:03:27,0.587738835811615
2025-11-22 08:03:37,0.590543836355209
2025-11-22 08:03:47,0.580836063623428
2025-11-22 08:03:57,0.572605437040329
2025-11-22 08:04:07,
2025-11-22 08:04:17,0.570748329162598
2025-11-22 08:04:27,0.569877469539642
2025-11-22 08:04:37,0.570853364467621
2025-11-22 08:04:47,
2025-11-22 08:04:57,0.571582013368607
2025-11-22 08:05:07,0.57549632191658
2025-11-22 08:05:17,0.563883000612259
2025-11-22 08:05:27,0.5615637481212621
2025-11-22 08:05:37,0.5572295665740971
2025-11-22 08:05:47,0.5672980427742
2025-11-22 08:05:57,
2025-11-22 08:06:07,0.5599423527717591
2025-11-22 08:06:17,0.576102018356323
2025-11-22 08:06:27,0.58110830783844
2025-11-22 08:06:37,0.579434126615524
2025-11-22 08:06:47,0.5754115104675289
2025-11-22 08:06:57,0.573996484279633
2025-11-22 08:07:07,0.570590454339981
2025-11-22 08:07:17,0.5697999536991121
2025-11-22 08:07:27,0.5721482813358311
2025-11-22 08:07:37,0.571680021286011
2025-11-22 08:07:47,0.56821825504303
2025-11-22 08:07:57,0.575033104419708
2025-11-22 08:08:07,0.5804927945137021
2025-11-22 08:08:17,0.574507659673691
2025-11-22 08:08:27,
2025-11-22 08:08:37,0.580869001150131
2025-11-22 08:08:47,
2025-11-22 08:08:57,
2025-11-22 08:09:07,0.596112155914307
2025-11-22 08:09:17,0.5879484236240391
2025-11-22 08:09:27,
2025-11-22 08:09:37,0.597378695011139
2025-11-22 08:09:47,0.5920181930065159
2025-11-22 08:09:57,
2025-11-22 08:10:07,0.5893536329269411
2025-11-22 08:10:17,0.603328585624695
2025-11-22 08:10:27,0.597037786245346
2025-11-22 08:10:37,0.5957577288150789
2025-11-22 08:10:47,0.608504229784012
2025-11-22 08:10:57,
2025-11-22 08:11:07,0.619609647989273
2025-11-22 08:11:17,
2025-11-22 08:11:27,
2025-11-22 08:11:37,0.617171251773834
2025-11-22 08:11:47,0.631015795469284
2025-11-22 08:11:57,0.637601208686829
2025-11-22 08:12:07,0.800608813762665
2025-11-22 08:12:17,0.92458963394165
2025-11-22 08:12:27,1.01715277433395
2025-11-22 08:12:37,0.930139124393463
2025-11-22 08:12:47,
2025-11-22 08:12:57,
2025-11-22 08:13:07,
2025-11-22 08:13:17,0.8857497990131381
2025-11-22 08:13:27,
2025-11-22 08:13:37,
2025-11-22 08:13:47,0.6981134533882141
2025-11-22 08:13:57,0.699343138933182
2025-11-22 08:14:07,0.703582155704498
2025-11-22 08:14:17,0.7223777353763581
2025-11-22 08:14:27,0.715955185890198
2025-11-22 08:14:37,
2025-11-22 08:14:47,
2025-11-22 08:14:57,0.717049741744995
2025-11-22 08:15:07,
2025-11-22 08:15:17,0.7134680271148681
2025-11-22 08:15:27,0.716588670015335
2025-11-22 08:15:37,
2025-11-22 08:15:47,
2025-11-22 08:15:57,0.709213829040527
2025-11-22 08:16:07,
2025-11-22 08:16:17,
2025-11-22 08:16:27,0.708317863941193
2025-11-22 08:16:37,0.7141168534755711
2025-11-22 08:16:47,0.716962784528732
2025-11-22 08:16:57,0.801758247613907
2025-11-22 08:17:07,
2025-11-22 08:17:17,
2025-11-22 08:17:27,
2025-11-22 08:17:37,0.7057539403438571
2025-11-22 08:17:47,
2025-11-22 08:17:57,
2025-11-22 08:18:07,
2025-11-22 08:18:17,
2025-11-22 08:18:27,
2025-11-22 08:18:37,0.680703073740005
2025-11-22 08:18:47,0.6524257242679601
2025-11-22 08:18:57,
2025-11-22 08:19:07,
2025-11-22 08:19:17,0.644339936971664
2025-11-22 08:19:27,
2025-11-22 08:19:37,0.6289323091506961
2025-11-22 08:19:47,0.6268111109733581
2025-11-22 08:19:57,
2025-11-22 08:20:07,0.644433599710464
2025-11-22 08:20:17,0.6373901188373571
2025-11-22 08:20:27,
2025-11-22 08:20:37,
2025-11-22 08:20:47,
2025-11-22 08:20:57,0.608986061811447
2025-11-22 08:21:07,
2025-11-22 08:21:17,
2025-11-22 08:21:27,0.613818329572678
2025-11-22 08:21:37,
2025-11-22 08:21:47,0.615047907829285
2025-11-22 08:21:57,
2025-11-22 08:22:07,
2025-11-22 08:22:17,
2025-11-22 08:22:27,
2025-11-22 08:22:37,
2025-11-22 08:22:47,
2025-11-22 08:22:57,
2025-11-22 08:23:06,
2025-11-22 08:23:16,
2025-11-22 08:23:26,
2025-11-22 08:23:36,
2025-11-22 08:23:46,
2025-11-22 08:23:56,
2025-11-22 08:24:06,
2025-11-22 08:24:16,
2025-11-22 08:24:26,
2025-11-22 08:24:36,
2025-11-22 08:24:46,
2025-11-22 08:24:56,
2025-11-22 08:25:06,
2025-11-22 08:25:16,
2025-11-22 08:25:26,
2025-11-22 08:25:36,
2025-11-22 08:25:46,0.60202739238739
2025-11-22 08:25:56,
2025-11-22 08:26:06,
2025-11-22 08:26:16,
2025-11-22 08:26:26,
2025-11-22 08:26:36,
2025-11-22 08:26:46,
2025-11-22 08:26:56,
2025-11-22 08:27:06,
2025-11-22 08:27:16,0.6478783607482911
2025-11-22 08:27:26,0.626259166002274
2025-11-22 08:27:36,0.618490952253342
2025-11-22 08:27:46,0.616550588607788
2025-11-22 08:27:56,0.631772124767303
2025-11-22 08:28:06,
2025-11-22 08:28:16,
2025-11-22 08:28:26,0.611458843946457
2025-11-22 08:28:36,0.642062902450562
2025-11-22 08:28:46,0.625589525699615
2025-11-22 08:28:56,
2025-11-22 08:29:06,0.642432188987732
2025-11-22 08:29:16,
2025-11-22 08:29:26,
2025-11-22 08:29:36,0.633455157279968
2025-11-22 08:29:46,0.6307124376297001
2025-11-22 08:29:56,0.6347978174686429
2025-11-22 08:30:06,
2025-11-22 08:30:16,0.648481428623199
2025-11-22 08:30:26,0.6489132642745971
2025-11-22 08:30:36,0.644321483373642
2025-11-22 08:30:46,0.641829711198807
2025-11-22 08:30:56,0.6368308246135711
2025-11-22 08:31:06,0.648094868659973
2025-11-22 08:31:16,0.649125212430954
2025-11-22 08:31:26,0.642728143930435
2025-11-22 08:31:36,0.6399553835392001
2025-11-22 08:31:46,0.6527218937873841
2025-11-22 08:31:56,0.6660215735435491
2025-11-22 08:32:06,0.650062000751495
2025-11-22 08:32:16,0.645369905233383
2025-11-22 08:32:26,0.646615791320801
2025-11-22 08:32:36,
2025-11-22 08:32:46,0.684299647808075
2025-11-22 08:32:56,
2025-11-22 08:33:06,0.892988759279251
2025-11-22 08:33:16,0.936876618862152
2025-11-22 08:33:26,0.669197416305542
2025-11-22 08:33:36,0.778730142116547
2025-11-22 08:33:46,0.6962502300739289
2025-11-22 08:33:56,0.685311645269394
2025-11-22 08:34:06,0.717665094137192
2025-11-22 08:34:16,0.6836342990398411
2025-11-22 08:34:26,0.689985609054565
2025-11-22 08:34:36,0.698066890239716
2025-11-22 08:34:46,0.712981688976288
2025-11-22 08:34:56,
2025-11-22 08:35:06,0.688538235425949
2025-11-22 08:35:16,0.683816850185394
2025-11-22 08:35:26,0.683272522687912
2025-11-22 08:35:36,0.6886118888854981
2025-11-22 08:35:46,0.69169739484787
2025-11-22 08:35:56,0.686840879917145
2025-11-22 08:36:06,0.679688608646393
2025-11-22 08:36:16,
2025-11-22 08:36:26,0.680548256635666
2025-11-22 08:36:36,
2025-11-22 08:36:46,
2025-11-22 08:36:56,0.66931774020195
2025-11-22 08:37:06,
2025-11-22 08:37:16,0.6803998768329621
2025-11-22 08:37:26,0.683191949129105
2025-11-22 08:37:36,0.674497193098068
2025-11-22 08:37:46,
2025-11-22 08:37:56,0.662986010313034
2025-11-22 08:38:06,0.656472319364548
2025-11-22 08:38:16,0.6618496119976041
2025-11-22 08:38:26,0.651344954967499
2025-11-22 08:38:36,0.663355886936188
2025-11-22 08:38:46,0.658996760845184
2025-11-22 08:38:56,0.6535024702548979
2025-11-22 08:39:06,0.6474593460559841
2025-11-22 08:39:16,0.642755287885666
2025-11-22 08:39:26,0.682208812236786
2025-11-22 08:39:36,0.714694172143936
2025-11-22 08:39:46,
2025-11-22 08:39:56,0.63998242020607
2025-11-22 08:40:06,0.628473275899887
2025-11-22 08:40:16,0.620966309309006
2025-11-22 08:40:26,0.640421390533447
2025-11-22 08:40:36,
2025-11-22 08:40:46,
2025-11-22 08:40:56,
2025-11-22 08:41:06,
2025-11-22 08:41:16,
2025-11-22 08:41:26,
2025-11-22 08:41:36,
2025-11-22 08:41:46,
2025-11-22 08:41:56,
2025-11-22 08:42:06,
2025-11-22 08:42:16,
2025-11-22 08:42:26,
2025-11-22 08:42:36,
2025-11-22 08:42:46,
2025-11-22 08:42:56,
2025-11-22 08:43:06,0.805132627487183
2025-11-22 08:43:16,0.814835035800934
2025-11-22 08:43:26,
2025-11-22 08:43:36,
2025-11-22 08:43:46,0.8263305544853211
2025-11-22 08:43:56,
2025-11-22 08:44:06,
2025-11-22 08:44:16,
2025-11-22 08:44:26,
2025-11-22 08:44:36,
2025-11-22 08:44:46,
2025-11-22 08:44:56,
2025-11-22 08:45:06,
2025-11-22 08:45:16,
2025-11-22 08:45:26,
2025-11-22 08:45:36,
2025-11-22 08:45:46,
2025-11-22 08:45:56,
2025-11-22 08:46:06,0.813914448022842
2025-11-22 08:46:16,
2025-11-22 08:46:26,
2025-11-22 08:46:36,
2025-11-22 08:46:46,
2025-11-22 08:46:56,0.8541281640529631
2025-11-22 08:47:06,0.819727009534836
2025-11-22 08:47:16,0.880981582403183
2025-11-22 08:47:26,0.839873081445694
2025-11-22 08:47:36,
2025-11-22 08:47:46,0.897417944669724
2025-11-22 08:47:56,0.887620586156845
2025-11-22 08:48:06,0.889058518409729
2025-11-22 08:48:16,
2025-11-22 08:48:26,0.891718411445618
2025-11-22 08:48:36,
2025-11-22 08:48:46,0.890989708900452
2025-11-22 08:48:56,
2025-11-22 08:49:06,0.908777475357056
2025-11-22 08:49:16,
2025-11-22 08:49:26,
2025-11-22 08:49:36,0.903613793849945
2025-11-22 08:49:46,
2025-11-22 08:49:56,
2025-11-22 08:50:06,0.8821182489395141
2025-11-22 08:50:16,
2025-11-22 08:50:26,
2025-11-22 08:50:36,
2025-11-22 08:50:46,
2025-11-22 08:50:56,
2025-11-22 08:51:06,
2025-11-22 08:51:16,
2025-11-22 08:51:26,0.907711672782898
2025-11-22 08:51:36,0.909757554531097
2025-11-22 08:51:46,0.883735084533691
2025-11-22 08:51:56,0.894674152135849
2025-11-22 08:52:06,0.902884554862976
2025-11-22 08:52:16,0.8868459105491641
2025-11-22 08:52:26,
2025-11-22 08:52:36,0.845244044065475
2025-11-22 08:52:46,
2025-11-22 08:52:56,0.854276061058044
2025-11-22 08:53:06,0.8357065379619599
2025-11-22 08:53:16,
2025-11-22 08:53:26,0.836942392587662
2025-11-22 08:53:36,0.830316531658173
2025-11-22 08:53:46,
2025-11-22 08:53:56,
2025-11-22 08:54:06,0.8205493211746221
2025-11-22 08:54:16,
2025-11-22 08:54:26,
2025-11-22 08:54:36,
2025-11-22 08:54:46,
2025-11-22 08:54:56,
2025-11-22 08:55:06,0.826635199785233
2025-11-22 08:55:16,
2025-11-22 08:55:26,
2025-11-22 08:55:36,
2025-11-22 08:55:46,
2025-11-22 08:55:56,
2025-11-22 08:56:06,
2025-11-22 08:56:16,
2025-11-22 08:56:26,
2025-11-22 08:56:36,
2025-11-22 08:56:46,
2025-11-22 08:56:56,
2025-11-22 08:57:06,
2025-11-22 08:57:16,
2025-11-22 08:57:26,
2025-11-22 08:57:36,
2025-11-22 08:57:46,
2025-11-22 08:57:56,
2025-11-22 08:58:06,
2025-11-22 08:58:16,
2025-11-22 08:58:26,
2025-11-22 08:58:36,
2025-11-22 08:58:46,
2025-11-22 08:58:56,
2025-11-22 08:59:06,
2025-11-22 08:59:16,0.911502707004547
2025-11-22 08:59:26,0.750960910320282
2025-11-22 08:59:36,0.747559386491776
2025-11-22 08:59:46,
2025-11-22 08:59:56,0.74486580491066
2025-11-22 09:00:06,
2025-11-22 09:00:16,
2025-11-22 09:00:26,
2025-11-22 09:00:36,
2025-11-22 09:00:46,
2025-11-22 09:00:56,
2025-11-22 09:01:06,
2025-11-22 09:01:16,
2025-11-22 09:01:26,
2025-11-22 09:01:36,
2025-11-22 09:01:46,0.782375103235245
2025-11-22 09:01:56,0.764081633090973
2025-11-22 09:02:06,
2025-11-22 09:02:16,
2025-11-22 09:02:26,0.7615999996662141
2025-11-22 09:02:36,
2025-11-22 09:02:46,
2025-11-22 09:02:56,
2025-11-22 09:03:06,0.7993764996528631
2025-11-22 09:03:16,
2025-11-22 09:03:26,
2025-11-22 09:03:36,0.7880664288997651
2025-11-22 09:03:46,0.7778168499469761
2025-11-22 09:03:56,0.769434839487076
2025-11-22 09:04:06,0.7748581051826481
2025-11-22 09:04:16,0.794973278045654
2025-11-22 09:04:26,0.797939264774323
2025-11-22 09:04:36,
2025-11-22 09:04:46,
2025-11-22 09:04:56,
2025-11-22 09:05:06,
2025-11-22 09:05:16,0.880365371704102
2025-11-22 09:05:26,
2025-11-22 09:05:36,
2025-11-22 09:05:46,1.03509160280228
2025-11-22 09:05:56,0.8662181675434111
2025-11-22 09:06:06,
2025-11-22 09:06:16,
2025-11-22 09:06:26,
2025-11-22 09:06:36,
2025-11-22 09:06:46,
2025-11-22 09:06:56,0.999716377258301
2025-11-22 09:07:06,
2025-11-22 09:07:16,0.947250759601593
2025-11-22 09:07:26,
2025-11-22 09:07:36,
2025-11-22 09:07:46,
2025-11-22 09:07:56,
2025-11-22 09:08:06,
2025-11-22 09:08:16,
2025-11-22 09:08:26,
2025-11-22 09:08:36,
2025-11-22 09:08:46,0.8897483825683591
2025-11-22 09:08:56,0.869677412509918
2025-11-22 09:09:06,0.8910862147808071
2025-11-22 09:09:16,0.883531934022903
2025-11-22 09:09:26,0.874849838018417
2025-11-22 09:09:36,0.871566385030746
2025-11-22 09:09:46,0.863135021924973
2025-11-22 09:09:56,0.867484706640244
2025-11-22 09:10:06,0.8698740720748901
2025-11-22 09:10:16,0.865469992160797
2025-11-22 09:10:26,0.861158448457718
2025-11-22 09:10:36,0.8429936707019811
2025-11-22 09:10:46,0.8511428654193881
2025-11-22 09:10:56,0.843281418085098
2025-11-22 09:11:06,0.8264040470123291
2025-11-22 09:11:16,0.822404444217682
2025-11-22 09:11:26,0.827247816324234
2025-11-22 09:11:36,0.822298014163971
2025-11-22 09:11:46,0.815818333625793
2025-11-22 09:11:56,
2025-11-22 09:12:06,0.804183930158615
2025-11-22 09:12:16,
2025-11-22 09:12:26,
2025-11-22 09:12:36,0.808901077508926
2025-11-22 09:12:46,
2025-11-22 09:12:56,
2025-11-22 09:13:06,
2025-11-22 09:13:16,
2025-11-22 09:13:26,
2025-11-22 09:13:36,
2025-11-22 09:13:46,0.793282467126846
2025-11-22 09:13:56,
2025-11-22 09:14:06,
2025-11-22 09:14:16,0.776805710792542
2025-11-22 09:14:26,0.768468117713928
2025-11-22 09:14:36,0.7675131976604461
2025-11-22 09:14:46,0.78546296954155
2025-11-22 09:14:56,
2025-11-22 09:15:06,0.769616800546646
2025-11-22 09:15:16,0.770020687580109
2025-11-22 09:15:26,0.7634097933769229
2025-11-22 09:15:36,0.772533541917801
2025-11-22 09:15:46,0.776592046022415
2025-11-22 09:15:56,
2025-11-22 09:16:06,0.766126012802124
2025-11-22 09:16:16,0.76512930393219
2025-11-22 09:16:26,
2025-11-22 09:16:36,0.758056962490082
2025-11-22 09:16:46,
2025-11-22 09:16:56,0.7634887576103211
2025-11-22 09:17:06,
2025-11-22 09:17:16,
2025-11-22 09:17:26,
2025-11-22 09:17:36,0.777207183837891
2025-11-22 09:17:46,
2025-11-22 09:17:56,0.7679002404212951
2025-11-22 09:18:06,
2025-11-22 09:18:16,
2025-11-22 09:18:26,
2025-11-22 09:18:36,0.848698139190674
2025-11-22 09:18:46,
2025-11-22 09:18:56,
2025-11-22 09:19:06,
2025-11-22 09:19:16,0.7795964956283571
2025-11-22 09:19:26,
2025-11-22 09:19:36,0.772715020179749
2025-11-22 09:19:46,0.772233134508133
2025-11-22 09:19:56,
2025-11-22 09:20:06,
2025-11-22 09:20:16,
2025-11-22 09:20:26,
2025-11-22 09:20:36,
2025-11-22 09:20:46,
2025-11-22 09:20:56,
2025-11-22 09:21:06,
2025-11-22 09:21:16,
2025-11-22 09:21:26,
2025-11-22 09:21:36,
2025-11-22 09:21:46,
2025-11-22 09:21:56,0.798391807079315
2025-11-22 09:22:06,
2025-11-22 09:22:16,
2025-11-22 09:22:26,
2025-11-22 09:22:36,
2025-11-22 09:22:46,
2025-11-22 09:22:56,0.812909477949142
2025-11-22 09:23:06,0.87822362780571
2025-11-22 09:23:16,0.877824515104294
2025-11-22 09:23:26,
2025-11-22 09:23:36,
2025-11-22 09:23:46,
2025-11-22 09:23:56,
2025-11-22 09:24:06,
2025-11-22 09:24:16,
2025-11-22 09:24:26,
2025-11-22 09:24:36,
2025-11-22 09:24:46,0.901028037071228
2025-11-22 09:24:56,
2025-11-22 09:25:06,
2025-11-22 09:25:16,0.8852186143398281
2025-11-22 09:25:26,
2025-11-22 09:25:36,
2025-11-22 09:25:46,
2025-11-22 09:25:56,0.8817052960395809
2025-11-22 09:26:06,0.899127155542374
2025-11-22 09:26:16,
2025-11-22 09:26:26,
2025-11-22 09:26:36,
2025-11-22 09:26:46,
2025-11-22 09:26:56,
2025-11-22 09:27:06,
2025-11-22 09:27:16,0.911582100391388
2025-11-22 09:27:26,0.918523228168488
2025-11-22 09:27:36,0.92780978679657
2025-11-22 09:27:46,
2025-11-22 09:27:56,
2025-11-22 09:28:06,
2025-11-22 09:28:16,
2025-11-22 09:28:26,
2025-11-22 09:28:36,0.909082067012787
2025-11-22 09:28:46,0.8665333807468409
2025-11-22 09:28:56,0.892385369539261
2025-11-22 09:29:06,0.865406638383865
2025-11-22 09:29:16,
2025-11-22 09:29:26,
2025-11-22 09:29:36,
2025-11-22 09:29:46,
2025-11-22 09:29:56,
2025-11-22 09:30:06,0.86277067065239
2025-11-22 09:30:16,0.851767605543137
2025-11-22 09:30:26,0.83063839673996
2025-11-22 09:30:36,0.808920174837112
2025-11-22 09:30:46,0.804789036512375
2025-11-22 09:30:56,0.812598234415054
2025-11-22 09:31:06,
2025-11-22 09:31:16,
2025-11-22 09:31:26,
2025-11-22 09:31:36,
2025-11-22 09:31:46,
2025-11-22 09:31:56,
2025-11-22 09:32:06,
2025-11-22 09:32:16,
2025-11-22 09:32:26,
2025-11-22 09:32:36,
2025-11-22 09:32:46,
2025-11-22 09:32:56,
2025-11-22 09:33:06,
2025-11-22 09:33:16,
2025-11-22 09:33:26,
2025-11-22 09:33:36,
2025-11-22 09:33:46,
2025-11-22 09:33:56,
2025-11-22 09:34:06,
2025-11-22 09:34:16,0.8052818655967711
2025-11-22 09:34:26,
2025-11-22 09:34:36,
2025-11-22 09:34:46,0.7827759861946111
2025-11-22 09:34:56,
2025-11-22 09:35:06,
2025-11-22 09:35:16,
2025-11-22 09:35:26,
2025-11-22 09:35:36,
2025-11-22 09:35:46,
2025-11-22 09:35:56,
2025-11-22 09:36:06,
2025-11-22 09:36:16,
2025-11-22 09:36:26,
2025-11-22 09:36:36,
2025-11-22 09:36:46,
2025-11-22 09:36:56,
2025-11-22 09:37:06,
2025-11-22 09:37:16,
2025-11-22 09:37:26,
2025-11-22 09:37:36,
2025-11-22 09:37:46,
2025-11-22 09:37:56,
2025-11-22 09:38:06,
2025-11-22 09:38:16,
2025-11-22 09:38:26,
2025-11-22 09:38:36,
2025-11-22 09:38:46,
2025-11-22 09:38:56,
2025-11-22 09:39:06,
2025-11-22 09:39:16,
2025-11-22 09:39:26,
2025-11-22 09:39:36,
2025-11-22 09:39:46,
2025-11-22 09:39:56,
2025-11-22 09:40:06,
2025-11-22 09:40:16,
2025-11-22 09:40:26,
2025-11-22 09:40:36,
2025-11-22 09:40:46,
2025-11-22 09:40:56,
2025-11-22 09:41:06,
2025-11-22 09:41:16,
2025-11-22 09:41:26,
2025-11-22 09:41:36,
2025-11-22 09:41:46,
2025-11-22 09:41:56,
2025-11-22 09:42:06,
2025-11-22 09:42:16,
2025-11-22 09:42:26,
2025-11-22 09:42:36,
2025-11-22 09:42:46,0.849897998571396
2025-11-22 09:42:56,
2025-11-22 09:43:06,
2025-11-22 09:43:16,0.896227741241455
2025-11-22 09:43:26,0.902023136615753
2025-11-22 09:43:36,
2025-11-22 09:43:46,0.849447923898697
2025-11-22 09:43:56,
2025-11-22 09:44:06,
2025-11-22 09:44:16,
2025-11-22 09:44:26,
2025-11-22 09:44:36,
2025-11-22 09:44:46,
2025-11-22 09:44:56,
2025-11-22 09:45:06,
2025-11-22 09:45:16,
2025-11-22 09:45:26,
2025-11-22 09:45:36,
2025-11-22 09:45:46,
2025-11-22 09:45:56,
2025-11-22 09:46:06,
2025-11-22 09:46:16,
2025-11-22 09:46:26,
2025-11-22 09:46:36,
2025-11-22 09:46:46,
2025-11-22 09:46:56,0.863976001739502
2025-11-22 09:47:06,
2025-11-22 09:47:16,
2025-11-22 09:47:26,
2025-11-22 09:47:36,
2025-11-22 09:47:46,
2025-11-22 09:47:56,0.8483999848365781
2025-11-22 09:48:06,
2025-11-22 09:48:16,
2025-11-22 09:48:26,
2025-11-22 09:48:36,
2025-11-22 09:48:46,
2025-11-22 09:48:56,
2025-11-22 09:49:06,
2025-11-22 09:49:16,
2025-11-22 09:49:26,
2025-11-22 09:49:36,
2025-11-22 09:49:46,
2025-11-22 09:49:56,
2025-11-22 09:50:06,
2025-11-22 09:50:16,
2025-11-22 09:50:26,
2025-11-22 09:50:36,
2025-11-22 09:50:46,
2025-11-22 09:50:56,
2025-11-22 09:51:06,
2025-11-22 09:51:16,
2025-11-22 09:51:26,
2025-11-22 09:51:36,
2025-11-22 09:51:46,
2025-11-22 09:51:56,
2025-11-22 09:52:06,
2025-11-22 09:52:16,
2025-11-22 09:52:26,
2025-11-22 09:52:36,
2025-11-22 09:52:46,
2025-11-22 09:52:56,
2025-11-22 09:53:06,
2025-11-22 09:53:16,
2025-11-22 09:53:26,
2025-11-22 09:53:36,
2025-11-22 09:53:46,
2025-11-22 09:53:56,
2025-11-22 09:54:06,
2025-11-22 09:54:16,
2025-11-22 09:54:26,
2025-11-22 09:54:36,
2025-11-22 09:54:46,
2025-11-22 09:54:56,
2025-11-22 09:55:06,
2025-11-22 09:55:16,
2025-11-22 09:55:26,
2025-11-22 09:55:36,
2025-11-22 09:55:46,
2025-11-22 09:55:56,
2025-11-22 09:56:06,
2025-11-22 09:56:16,
2025-11-22 09:56:26,
2025-11-22 09:56:36,
2025-11-22 09:56:46,
2025-11-22 09:56:56,1.2122921705246
2025-11-22 09:57:06,
2025-11-22 09:57:16,
2025-11-22 09:57:26,
2025-11-22 09:57:36,
2025-11-22 09:57:46,
2025-11-22 09:57:56,
2025-11-22 09:58:06,
2025-11-22 09:58:16,
2025-11-22 09:58:26,
2025-11-22 09:58:36,
2025-11-22 09:58:46,
2025-11-22 09:58:56,
2025-11-22 09:59:06,
2025-11-22 09:59:16,
2025-11-22 09:59:26,
2025-11-22 09:59:36,
2025-11-22 09:59:46,
2025-11-22 09:59:56,
2025-11-22 10:00:06,
2025-11-22 10:00:16,
2025-11-22 10:00:26,
2025-11-22 10:00:36,
2025-11-22 10:00:46,
2025-11-22 10:00:56,
2025-11-22 10:01:06,
2025-11-22 10:01:16,
2025-11-22 10:01:26,
2025-11-22 10:01:36,0.828304928541183
2025-11-22 10:01:46,
2025-11-22 10:01:56,
2025-11-22 10:02:06,0.882959336042404
2025-11-22 10:02:16,0.853978604078293
2025-11-22 10:02:26,0.8284847974777221
2025-11-22 10:02:36,
2025-11-22 10:02:46,0.8590411126613621
2025-11-22 10:02:56,0.8476406514644621
2025-11-22 10:03:06,
2025-11-22 10:03:16,0.86194041967392
2025-11-22 10:03:26,
2025-11-22 10:03:36,
2025-11-22 10:03:46,0.8768062412738801
2025-11-22 10:03:56,0.882217651605606
2025-11-22 10:04:06,0.890781730413437
2025-11-22 10:04:16,0.869797897338867
2025-11-22 10:04:26,
2025-11-22 10:04:36,
2025-11-22 10:04:46,0.885181385278702
2025-11-22 10:04:56,
2025-11-22 10:05:06,0.907688283920288
2025-11-22 10:05:16,0.904833340644836
2025-11-22 10:05:26,0.8887932479381561
2025-11-22 10:05:36,
2025-11-22 10:05:46,0.877850478887558
2025-11-22 10:05:56,0.85419779419899
2025-11-22 10:06:06,
2025-11-22 10:06:16,0.870035433769226
2025-11-22 10:06:26,0.8655610263347631
2025-11-22 10:06:36,0.857157397270203
2025-11-22 10:06:46,0.848451590538025
2025-11-22 10:06:56,0.837609350681305
2025-11-22 10:07:06,0.830947065353394
2025-11-22 10:07:16,
2025-11-22 10:07:26,
2025-11-22 10:07:36,0.825074154138565
2025-11-22 10:07:46,
2025-11-22 10:07:56,0.829285436868668
2025-11-22 10:08:06,0.804641568660736
2025-11-22 10:08:16,0.797788685560226
2025-11-22 10:08:26,0.794887071847916
2025-11-22 10:08:36,0.818987900018692
2025-11-22 10:08:46,
2025-11-22 10:08:56,
2025-11-22 10:09:06,
2025-11-22 10:09:16,
2025-11-22 10:09:26,0.894220858812332
2025-11-22 10:09:36,
2025-11-22 10:09:46,
2025-11-22 10:09:56,
2025-11-22 10:10:06,
2025-11-22 10:10:16,
2025-11-22 10:10:26,
2025-11-22 10:10:36,
2025-11-22 10:10:46,
2025-11-22 10:10:56,
2025-11-22 10:11:06,
2025-11-22 10:11:16,
2025-11-22 10:11:26,
2025-11-22 10:11:36,1.09995803833008
2025-11-22 10:11:46,
2025-11-22 10:11:56,1.20770806074142
2025-11-22 10:12:06,
2025-11-22 10:12:16,
2025-11-22 10:12:26,
2025-11-22 10:12:36,
2025-11-22 10:12:46,
2025-11-22 10:12:56,
2025-11-22 10:13:06,
2025-11-22 10:13:16,
2025-11-22 10:13:26,
2025-11-22 10:13:36,0.912105453014374
2025-11-22 10:13:46,0.787844771146774
2025-11-22 10:13:56,
2025-11-22 10:14:06,
2025-11-22 10:14:16,
2025-11-22 10:14:26,
2025-11-22 10:14:36,
2025-11-22 10:14:46,
2025-11-22 10:14:56,
2025-11-22 10:15:06,
2025-11-22 10:15:16,
2025-11-22 10:15:26,
2025-11-22 10:15:36,
2025-11-22 10:15:46,
2025-11-22 10:15:56,
2025-11-22 10:16:06,
2025-11-22 10:16:16,0.809425503015518
2025-11-22 10:16:26,
2025-11-22 10:16:36,
2025-11-22 10:16:46,
2025-11-22 10:16:56,
2025-11-22 10:17:06,
2025-11-22 10:17:16,
2025-11-22 10:17:26,
2025-11-22 10:17:36,
2025-11-22 10:17:46,
2025-11-22 10:17:56,0.825792396068573
2025-11-22 10:18:06,
2025-11-22 10:18:16,
2025-11-22 10:18:26,0.825454920530319
2025-11-22 10:18:36,
2025-11-22 10:18:46,0.802373921871185
2025-11-22 10:18:56,0.804557722806931
2025-11-22 10:19:06,0.823072743415833
2025-11-22 10:19:16,
2025-11-22 10:19:26,0.831217324733734
2025-11-22 10:19:36,0.833509862422943
2025-11-22 10:19:46,0.810150879621506
2025-11-22 10:19:56,0.801579773426056
2025-11-22 10:20:06,0.815988600254059
2025-11-22 10:20:16,0.828509205579758
2025-11-22 10:20:26,0.817931914329529
2025-11-22 10:20:36,0.817156863212585
2025-11-22 10:20:46,0.826324492692947
2025-11-22 10:20:56,0.820301163196564
2025-11-22 10:21:06,0.819608026742935
2025-11-22 10:21:16,0.832782715559006
2025-11-22 10:21:26,0.836936438083649
2025-11-22 10:21:36,0.837911528348923
2025-11-22 10:21:46,0.824357628822327
2025-11-22 10:21:56,0.830473762750626
2025-11-22 10:22:06,0.8398058116436
2025-11-22 10:22:16,
2025-11-22 10:22:26,
2025-11-22 10:22:36,
2025-11-22 10:22:46,0.8319708645343781
2025-11-22 10:22:56,0.856767296791077
2025-11-22 10:23:06,0.878339767456055
2025-11-22 10:23:16,0.846384733915329
2025-11-22 10:23:26,0.832342404127121
2025-11-22 10:23:36,0.846087223291397
2025-11-22 10:23:46,0.8412832260131841
2025-11-22 10:23:56,0.8612707793712621
2025-11-22 10:24:06,0.850505840778351
2025-11-22 10:24:16,0.8377564966678621
2025-11-22 10:24:26,0.8434028148651119
2025-11-22 10:24:36,0.839570689201355
2025-11-22 10:24:46,0.8394932270050051
2025-11-22 10:24:56,0.853184992074966
2025-11-22 10:25:06,0.848048132658005
2025-11-22 10:25:16,
2025-11-22 10:25:26,0.853226512670517
2025-11-22 10:25:36,0.873626214265823
2025-11-22 10:25:46,
2025-11-22 10:25:56,
2025-11-22 10:26:06,0.8301956176757811
2025-11-22 10:26:16,
2025-11-22 10:26:26,
2025-11-22 10:26:36,
2025-11-22 10:26:46,0.8336030960083011
2025-11-22 10:26:56,0.8289909303188321
2025-11-22 10:27:06,
2025-11-22 10:27:16,0.81672003865242
2025-11-22 10:27:26,0.817435383796692
2025-11-22 10:27:36,0.813213586807251
2025-11-22 10:27:46,0.810616618394852
2025-11-22 10:27:56,0.8042569398880001
2025-11-22 10:28:06,
2025-11-22 10:28:16,
2025-11-22 10:28:26,0.816684848070145
2025-11-22 10:28:36,
2025-11-22 10:28:46,0.800866895914078
2025-11-22 10:28:56,
2025-11-22 10:29:06,
2025-11-22 10:29:16,
2025-11-22 10:29:26,0.78544145822525
2025-11-22 10:29:36,
2025-11-22 10:29:46,
2025-11-22 10:29:56,
2025-11-22 10:30:06,0.796088808774948
2025-11-22 10:30:16,0.802104359865189
2025-11-22 10:30:26,0.788552927970886
2025-11-22 10:30:36,0.7904642164707181
2025-11-22 10:30:46,0.787908393144608
2025-11-22 10:30:56,0.791653078794479
2025-11-22 10:31:06,0.7871799588203431
2025-11-22 10:31:16,
2025-11-22 10:31:26,0.7948622882366181
2025-11-22 10:31:36,0.7876916170120241
2025-11-22 10:31:46,0.7891975700855259
2025-11-22 10:31:56,0.797119152545929
2025-11-22 10:32:06,0.790035545825958
2025-11-22 10:32:16,
2025-11-22 10:32:26,0.769993543624878
2025-11-22 10:32:36,0.775886088609695
2025-11-22 10:32:46,0.7779629766941071
2025-11-22 10:32:56,0.769344502687454
2025-11-22 10:33:06,0.766437363624573
2025-11-22 10:33:16,0.7711212515830991
2025-11-22 10:33:26,0.773431813716888
2025-11-22 10:33:36,0.769689649343491
2025-11-22 10:33:46,0.771862506866455
2025-11-22 10:33:56,0.7819120466709141
2025-11-22 10:34:06,0.781181091070175
2025-11-22 10:34:16,
2025-11-22 10:34:26,0.7824852347373961
2025-11-22 10:34:36,
2025-11-22 10:34:46,
2025-11-22 10:34:56,0.785243779420853
2025-11-22 10:35:06,
2025-11-22 10:35:16,
2025-11-22 10:35:26,
2025-11-22 10:35:36,
2025-11-22 10:35:46,0.770197767019272
2025-11-22 10:35:56,0.764903301000595
2025-11-22 10:36:06,
2025-11-22 10:36:16,
2025-11-22 10:36:26,0.76892049908638
2025-11-22 10:36:36,
2025-11-22 10:36:46,
2025-11-22 10:36:56,
2025-11-22 10:37:06,
2025-11-22 10:37:16,
2025-11-22 10:37:26,
2025-11-22 10:37:36,
2025-11-22 10:37:46,
2025-11-22 10:37:56,
2025-11-22 10:38:06,
2025-11-22 10:38:16,
2025-11-22 10:38:26,
2025-11-22 10:38:36,
2025-11-22 10:38:46,
2025-11-22 10:38:56,
2025-11-22 10:39:06,
2025-11-22 10:39:16,0.7887552738189699
2025-11-22 10:39:26,
2025-11-22 10:39:36,
2025-11-22 10:39:46,
2025-11-22 10:39:56,
2025-11-22 10:40:06,
2025-11-22 10:40:16,
2025-11-22 10:40:26,0.803438276052475
2025-11-22 10:40:36,
2025-11-22 10:40:46,
2025-11-22 10:40:56,
2025-11-22 10:41:06,0.8056611299514771
2025-11-22 10:41:16,
2025-11-22 10:41:26,
2025-11-22 10:41:36,
2025-11-22 10:41:46,
2025-11-22 10:41:56,
2025-11-22 10:42:06,0.805082845687866
2025-11-22 10:42:16,
2025-11-22 10:42:26,0.809663093090057
2025-11-22 10:42:36,0.807944226264954
2025-11-22 10:42:46,0.8387623786926269
2025-11-22 10:42:56,
2025-11-22 10:43:06,
2025-11-22 10:43:16,0.782467103004456
2025-11-22 10:43:26,0.78882560133934
2025-11-22 10:43:36,0.778143006563187
2025-11-22 10:43:46,0.784602570533752
2025-11-22 10:43:56,0.785554271936417
2025-11-22 10:44:06,0.780070817470551
2025-11-22 10:44:16,0.762624388933182
2025-11-22 10:44:26,0.761837804317474
2025-11-22 10:44:36,0.772612345218658
2025-11-22 10:44:46,
2025-11-22 10:44:56,0.758524686098099
2025-11-22 10:45:06,0.862815463542938
2025-11-22 10:45:16,0.807756364345551
2025-11-22 10:45:26,
2025-11-22 10:45:36,0.745814716815948
2025-11-22 10:45:46,0.749081003665924
2025-11-22 10:45:56,0.759935313463211
2025-11-22 10:46:06,0.753544038534164
2025-11-22 10:46:16,
2025-11-22 10:46:26,0.745475792884827
2025-11-22 10:46:36,0.7572108864784239
2025-11-22 10:46:46,0.748217010498047
2025-11-22 10:46:56,0.729306203126907
2025-11-22 10:47:06,0.731663435697556
2025-11-22 10:47:16,
2025-11-22 10:47:26,
2025-11-22 10:47:36,0.7343331992626191
2025-11-22 10:47:46,
2025-11-22 10:47:56,0.735623395442963
2025-11-22 10:48:06,
2025-11-22 10:48:16,
2025-11-22 10:48:26,0.7486185908317571
2025-11-22 10:48:36,
2025-11-22 10:48:46,
2025-11-22 10:48:56,
2025-11-22 10:49:06,
2025-11-22 10:49:16,
2025-11-22 10:49:26,
2025-11-22 10:49:36,
2025-11-22 10:49:46,
2025-11-22 10:49:56,
2025-11-22 10:50:06,0.733775299787521
2025-11-22 10:50:16,0.738890272378922
2025-11-22 10:50:26,0.7191241621971131
2025-11-22 10:50:36,0.7270429015159611
2025-11-22 10:50:46,0.723198705911636
2025-11-22 10:50:56,0.717627114057541
2025-11-22 10:51:06,0.7223419010639189
2025-11-22 10:51:16,0.731196945905685
2025-11-22 10:51:26,0.732523888349533
2025-11-22 10:51:36,0.724435687065125
2025-11-22 10:51:46,0.722328221797943
2025-11-22 10:51:56,0.7300282537937159
2025-11-22 10:52:06,0.722174745798111
2025-11-22 10:52:16,0.712151223421097
2025-11-22 10:52:26,0.7096729159355161
2025-11-22 10:52:36,0.715848112106323
2025-11-22 10:52:46,0.712514287233353
2025-11-22 10:52:56,0.7135296642780301
2025-11-22 10:53:06,
2025-11-22 10:53:16,0.975771760940552
2025-11-22 10:53:26,1.11755011081696
2025-11-22 10:53:36,1.19985798597336
2025-11-22 10:53:46,1.20525630712509
2025-11-22 10:53:56,1.20735808610916
2025-11-22 10:54:06,
2025-11-22 10:54:16,1.08321000337601
2025-11-22 10:54:26,0.8494109630584721
2025-11-22 10:54:36,0.730626654624939
2025-11-22 10:54:46,0.730657231807709
2025-11-22 10:54:56,0.724156308174133
2025-11-22 10:55:06,
2025-11-22 10:55:16,
2025-11-22 10:55:26,0.724097728729248
2025-11-22 10:55:36,
2025-11-22 10:55:46,
2025-11-22 10:55:56,
2025-11-22 10:56:06,
2025-11-22 10:56:16,
2025-11-22 10:56:26,
2025-11-22 10:56:36,
2025-11-22 10:56:46,
2025-11-22 10:56:56,0.7037841260433201
2025-11-22 10:57:06,0.703496217727661
2025-11-22 10:57:16,
2025-11-22 10:57:26,0.859200435876846
2025-11-22 10:57:36,
2025-11-22 10:57:46,1.13074904680252
2025-11-22 10:57:56,1.11464474201202
2025-11-22 10:58:06,
2025-11-22 10:58:16,
2025-11-22 10:58:26,
2025-11-22 10:58:36,
2025-11-22 10:58:46,0.869390577077866
2025-11-22 10:58:56,0.703876286745071
2025-11-22 10:59:06,
2025-11-22 10:59:16,
2025-11-22 10:59:26,0.62219540476799
2025-11-22 10:59:36,0.7047236502170561
2025-11-22 10:59:46,
2025-11-22 10:59:56,0.8516523778438571
2025-11-22 11:00:06,
2025-11-22 11:00:16,0.85556475520134
2025-11-22 11:00:26,
2025-11-22 11:00:36,0.737426590919495
2025-11-22 11:00:46,0.7052159428596501
2025-11-22 11:00:56,
2025-11-22 11:01:06,
2025-11-22 11:01:16,0.697966629266739
2025-11-22 11:01:26,
2025-11-22 11:01:36,
2025-11-22 11:01:46,0.75646635890007
2025-11-22 11:01:56,
2025-11-22 11:02:06,
2025-11-22 11:02:16,
2025-11-22 11:02:26,
2025-11-22 11:02:36,
2025-11-22 11:02:46,0.8034193933010101
2025-11-22 11:02:56,
2025-11-22 11:03:06,
2025-11-22 11:03:16,0.7089478611946111
2025-11-22 11:03:26,
2025-11-22 11:03:36,
2025-11-22 11:03:46,
2025-11-22 11:03:56,0.702691233158112
2025-11-22 11:04:06,
2025-11-22 11:04:16,
2025-11-22 11:04:26,
2025-11-22 11:04:36,
2025-11-22 11:04:46,
2025-11-22 11:04:56,
2025-11-22 11:05:06,
2025-11-22 11:05:16,
2025-11-22 11:05:26,
2025-11-22 11:05:36,
2025-11-22 11:05:46,
2025-11-22 11:05:56,
2025-11-22 11:06:06,
2025-11-22 11:06:16,
2025-11-22 11:06:26,
2025-11-22 11:06:36,
2025-11-22 11:06:46,
2025-11-22 11:06:56,
2025-11-22 11:07:06,
2025-11-22 11:07:16,
2025-11-22 11:07:26,
2025-11-22 11:07:36,
2025-11-22 11:07:46,
2025-11-22 11:07:56,
2025-11-22 11:08:06,
2025-11-22 11:08:16,
2025-11-22 11:08:26,
2025-11-22 11:08:36,
2025-11-22 11:08:46,
2025-11-22 11:08:56,
2025-11-22 11:09:06,
2025-11-22 11:09:16,
2025-11-22 11:09:26,
2025-11-22 11:09:36,
2025-11-22 11:09:46,
2025-11-22 11:09:56,
2025-11-22 11:10:06,
2025-11-22 11:10:16,
2025-11-22 11:10:26,
2025-11-22 11:10:36,
2025-11-22 11:10:46,1.16060836315155
2025-11-22 11:10:56,
2025-11-22 11:11:06,
2025-11-22 11:11:16,
2025-11-22 11:11:26,
2025-11-22 11:11:36,
2025-11-22 11:11:46,
2025-11-22 11:11:56,
2025-11-22 11:12:06,
2025-11-22 11:12:16,
2025-11-22 11:12:26,
2025-11-22 11:12:36,
2025-11-22 11:12:46,
2025-11-22 11:12:56,0.0088708438910543
2025-11-22 11:13:06,
2025-11-22 11:13:16,
2025-11-22 11:13:26,0.5632079958915711
2025-11-22 11:13:36,
2025-11-22 11:13:46,0.69536075592041
2025-11-22 11:13:56,
2025-11-22 11:14:06,0.589739549160004
2025-11-22 11:14:16,
2025-11-22 11:14:26,
2025-11-22 11:14:36,
2025-11-22 11:14:46,
2025-11-22 11:14:56,
2025-11-22 11:15:06,
2025-11-22 11:15:16,
2025-11-22 11:15:26,
2025-11-22 11:15:36,0.54068945646286
2025-11-22 11:15:46,0.490500229597092
2025-11-22 11:15:56,0.488145840167999
2025-11-22 11:16:06,0.48609647154808
2025-11-22 11:16:16,
2025-11-22 11:16:26,
2025-11-22 11:16:36,
2025-11-22 11:16:46,
2025-11-22 11:16:56,
2025-11-22 11:17:06,
2025-11-22 11:17:16,
2025-11-22 11:17:26,
2025-11-22 11:17:36,
2025-11-22 11:17:46,
2025-11-22 11:17:56,
2025-11-22 11:18:06,
2025-11-22 11:18:16,
2025-11-22 11:18:26,0.370717576146126
2025-11-22 11:18:36,0.381812399625778
2025-11-22 11:18:46,0.375661772489548
2025-11-22 11:18:56,
2025-11-22 11:19:06,0.376945504546165
2025-11-22 11:19:16,
2025-11-22 11:19:26,0.330012479424477
2025-11-22 11:19:36,
2025-11-22 11:19:46,0.3474629849195479
2025-11-22 11:19:56,
2025-11-22 11:20:06,
2025-11-22 11:20:16,0.363957068324089
2025-11-22 11:20:26,0.36190233528614
2025-11-22 11:20:36,0.361472940444946
2025-11-22 11:20:46,0.230792418122292
2025-11-22 11:20:56,
2025-11-22 11:21:06,
2025-11-22 11:21:16,
2025-11-22 11:21:26,
2025-11-22 11:21:36,
2025-11-22 11:21:46,
2025-11-22 11:21:56,0.128225308656693
2025-11-22 11:22:06,0.13117773681879
2025-11-22 11:22:16,0.135568352043629
2025-11-22 11:22:26,
2025-11-22 11:22:36,0.1028126053512099
2025-11-22 11:22:46,0.157314160466194
2025-11-22 11:22:56,
2025-11-22 11:23:06,
2025-11-22 11:23:16,
2025-11-22 11:23:26,
2025-11-22 11:23:36,0.209382382035255
2025-11-22 11:23:46,
2025-11-22 11:23:56,
2025-11-22 11:24:06,
2025-11-22 11:24:16,0.263656720519066
2025-11-22 11:24:26,0.266227805614471
2025-11-22 11:24:36,
2025-11-22 11:24:46,0.267835199832916
2025-11-22 11:24:56,
2025-11-22 11:25:06,
2025-11-22 11:25:16,
2025-11-22 11:25:26,
2025-11-22 11:25:36,
2025-11-22 11:25:46,
2025-11-22 11:25:56,
2025-11-22 11:26:06,
2025-11-22 11:26:16,
2025-11-22 11:26:26,
2025-11-22 11:26:36,
2025-11-22 11:26:46,
2025-11-22 11:26:56,0.274060097336769
2025-11-22 11:27:06,
2025-11-22 11:27:16,0.25141219496727
2025-11-22 11:27:26,0.246853378415108
2025-11-22 11:27:36,
2025-11-22 11:27:46,0.203240096569061
2025-11-22 11:27:56,
2025-11-22 11:28:06,
2025-11-22 11:28:16,0.161266623437405
2025-11-22 11:28:26,
2025-11-22 11:28:36,
2025-11-22 11:28:46,
2025-11-22 11:28:56,
2025-11-22 11:29:06,
2025-11-22 11:29:16,0.121227841079235
2025-11-22 11:29:26,
2025-11-22 11:29:36,
2025-11-22 11:29:46,
2025-11-22 11:29:56,
2025-11-22 11:30:06,0.0845653362572193
2025-11-22 11:30:16,0.0802773892879486
2025-11-22 11:30:26,
2025-11-22 11:30:36,
2025-11-22 11:30:46,
2025-11-22 11:30:56,
2025-11-22 11:31:06,
2025-11-22 11:31:16,
2025-11-22 11:31:26,
2025-11-22 11:31:36,
2025-11-22 11:31:46,
2025-11-22 11:31:56,
2025-11-22 11:32:06,
2025-11-22 11:32:16,
2025-11-22 11:32:26,-0.0675896018743515
2025-11-22 11:32:36,
2025-11-22 11:32:46,
2025-11-22 11:32:56,
2025-11-22 11:33:06,-0.315551778674126
2025-11-22 11:33:16,
2025-11-22 11:33:26,
2025-11-22 11:33:36,
2025-11-22 11:33:46,
2025-11-22 11:33:56,
2025-11-22 11:34:06,
2025-11-22 11:34:16,
2025-11-22 11:34:26,
2025-11-22 11:34:36,
2025-11-22 11:34:46,
2025-11-22 11:34:56,
2025-11-22 11:35:06,
2025-11-22 11:35:16,
2025-11-22 11:35:26,
2025-11-22 11:35:36,
2025-11-22 11:35:46,
2025-11-22 11:35:56,
2025-11-22 11:36:06,
2025-11-22 11:36:16,
2025-11-22 11:36:26,
2025-11-22 11:36:36,
2025-11-22 11:36:46,
2025-11-22 11:36:56,
2025-11-22 11:37:06,
2025-11-22 11:37:16,
2025-11-22 11:37:26,
2025-11-22 11:37:36,
2025-11-22 11:37:46,0.323726105690002
2025-11-22 11:37:56,0.317520412802696
2025-11-22 11:38:06,0.325569748878479
2025-11-22 11:38:16,0.426650860905647
2025-11-22 11:38:26,0.352391463518143
2025-11-22 11:38:36,0.323046004772186
2025-11-22 11:38:46,0.328947749733925
2025-11-22 11:38:56,0.3274840146303179
2025-11-22 11:39:06,
2025-11-22 11:39:16,0.146408486366272
2025-11-22 11:39:26,0.107915347069502
2025-11-22 11:39:36,
2025-11-22 11:39:46,
2025-11-22 11:39:56,
2025-11-22 11:40:06,
2025-11-22 11:40:16,
2025-11-22 11:40:26,
2025-11-22 11:40:36,
2025-11-22 11:40:46,
2025-11-22 11:40:56,0.0386149819940329
2025-11-22 11:41:06,
2025-11-22 11:41:16,0.0278101405128836
2025-11-22 11:41:26,
2025-11-22 11:41:36,
2025-11-22 11:41:46,
2025-11-22 11:41:56,
2025-11-22 11:42:06,
2025-11-22 11:42:16,
2025-11-22 11:42:26,0.0413042787462473
2025-11-22 11:42:36,0.0481538861989975
2025-11-22 11:42:46,
2025-11-22 11:42:56,
2025-11-22 11:43:06,
2025-11-22 11:43:16,
2025-11-22 11:43:26,
2025-11-22 11:43:36,
2025-11-22 11:43:46,
2025-11-22 11:43:56,0.0470515284687281
2025-11-22 11:44:06,
2025-11-22 11:44:16,
2025-11-22 11:44:26,
2025-11-22 11:44:36,
2025-11-22 11:44:46,
2025-11-22 11:44:56,0.0501841977238655
2025-11-22 11:45:06,
2025-11-22 11:45:16,
2025-11-22 11:45:26,
2025-11-22 11:45:36,0.0493914876133204
2025-11-22 11:45:46,0.0425654701888561
2025-11-22 11:45:56,
2025-11-22 11:46:06,0.0437044635415077
2025-11-22 11:46:16,
2025-11-22 11:46:26,
2025-11-22 11:46:36,
2025-11-22 11:46:46,
2025-11-22 11:46:56,0.0453427702188492
2025-11-22 11:47:06,0.0413786698132753
2025-11-22 11:47:16,0.0444526255130768
2025-11-22 11:47:26,
2025-11-22 11:47:36,0.044609035179019
2025-11-22 11:47:46,0.041015337780118
2025-11-22 11:47:56,0.0391840528696775
2025-11-22 11:48:06,0.0426868367940187
2025-11-22 11:48:16,0.0447586957365274
2025-11-22 11:48:26,
2025-11-22 11:48:36,
2025-11-22 11:48:46,
2025-11-22 11:48:56,
2025-11-22 11:49:06,
2025-11-22 11:49:16,
2025-11-22 11:49:26,
2025-11-22 11:49:36,
2025-11-22 11:49:46,
2025-11-22 11:49:56,
2025-11-22 11:50:06,
2025-11-22 11:50:16,
2025-11-22 11:50:26,
2025-11-22 11:50:36,
2025-11-22 11:50:46,0.0440816491842269
2025-11-22 11:50:56,0.0426521524786949
2025-11-22 11:51:06,0.0402759667485952
2025-11-22 11:51:16,0.0390565406531096
2025-11-22 11:51:26,0.0429045584052801
2025-11-22 11:51:36,0.0436624400317669
2025-11-22 11:51:46,0.0448646362870931
2025-11-22 11:51:56,
2025-11-22 11:52:06,
2025-11-22 11:52:16,0.0434211786836386
2025-11-22 11:52:26,
2025-11-22 11:52:36,0.0430510975420475
2025-11-22 11:52:46,0.0411945562809706
2025-11-22 11:52:56,
2025-11-22 11:53:06,
2025-11-22 11:53:16,0.0494151178747416
2025-11-22 11:53:26,0.0488330684602261
2025-11-22 11:53:36,
2025-11-22 11:53:46,
2025-11-22 11:53:56,0.041781286150217
2025-11-22 11:54:06,0.0424919072538614
2025-11-22 11:54:16,0.041137307882309
2025-11-22 11:54:26,0.0433569230139256
2025-11-22 11:54:36,
2025-11-22 11:54:46,
2025-11-22 11:54:56,0.0425380781292915
2025-11-22 11:55:06,0.0392797574400902
2025-11-22 11:55:16,0.0363227896392345
2025-11-22 11:55:26,0.0365879226475953
2025-11-22 11:55:36,0.0384082339704037
2025-11-22 11:55:46,0.0391087464988232
2025-11-22 11:55:56,0.0347040195018053
2025-11-22 11:56:06,0.0358722690492868
2025-11-22 11:56:16,0.0396892603486776
2025-11-22 11:56:26,0.0431408073753119
2025-11-22 11:56:36,0.0359543312340975
2025-11-22 11:56:46,0.0411123465746641
2025-11-22 11:56:56,0.0440447688102722
2025-11-22 11:57:06,0.0412599686533213
2025-11-22 11:57:16,0.0403816055506468
2025-11-22 11:57:26,
2025-11-22 11:57:36,0.0373551115393639
2025-11-22 11:57:46,0.0407321501523256
2025-11-22 11:57:56,0.0302801046520472
2025-11-22 11:58:06,0.0296414740383625
2025-11-22 11:58:16,
2025-11-22 11:58:26,
2025-11-22 11:58:36,
2025-11-22 11:58:46,
2025-11-22 11:58:56,
2025-11-22 11:59:06,0.0386221669614315
2025-11-22 11:59:16,0.0334224365651608
2025-11-22 11:59:26,
2025-11-22 11:59:36,0.0267976904287934
2025-11-22 11:59:46,0.0294174056500196
2025-11-22 11:59:56,
2025-11-22 12:00:06,
2025-11-22 12:00:16,
2025-11-22 12:00:26,
2025-11-22 12:00:36,
2025-11-22 12:00:46,
2025-11-22 12:00:56,
2025-11-22 12:01:06,
2025-11-22 12:01:16,
2025-11-22 12:01:26,
2025-11-22 12:01:36,
2025-11-22 12:01:46,
2025-11-22 12:01:56,
2025-11-22 12:02:06,
2025-11-22 12:02:16,
2025-11-22 12:02:26,
2025-11-22 12:02:36,
2025-11-22 12:02:46,
2025-11-22 12:02:56,
2025-11-22 12:03:06,
2025-11-22 12:03:16,0.559382629394531
2025-11-22 12:03:26,
2025-11-22 12:03:36,
2025-11-22 12:03:46,
2025-11-22 12:03:56,
2025-11-22 12:04:06,
2025-11-22 12:04:16,
2025-11-22 12:04:26,
2025-11-22 12:04:36,
2025-11-22 12:04:46,
2025-11-22 12:04:56,
2025-11-22 12:05:06,
2025-11-22 12:05:16,
2025-11-22 12:05:26,
2025-11-22 12:05:36,
2025-11-22 12:05:46,
2025-11-22 12:05:56,0.496791940927505
2025-11-22 12:06:06,0.469911164045334
2025-11-22 12:06:16,
2025-11-22 12:06:26,0.455092549324036
2025-11-22 12:06:36,
2025-11-22 12:06:46,0.4534830629825589
2025-11-22 12:06:56,
2025-11-22 12:07:06,0.423269239068031
2025-11-22 12:07:16,
2025-11-22 12:07:26,
2025-11-22 12:07:36,0.408279231190681
2025-11-22 12:07:46,
2025-11-22 12:07:56,
2025-11-22 12:08:06,0.3927825003862379
2025-11-22 12:08:16,
2025-11-22 12:08:26,
2025-11-22 12:08:36,
2025-11-22 12:08:46,
2025-11-22 12:08:56,
2025-11-22 12:09:06,
2025-11-22 12:09:16,
2025-11-22 12:09:26,
2025-11-22 12:09:36,
2025-11-22 12:09:46,
2025-11-22 12:09:56,
2025-11-22 12:10:06,
2025-11-22 12:10:16,
2025-11-22 12:10:26,
2025-11-22 12:10:36,
2025-11-22 12:10:46,
2025-11-22 12:10:56,
2025-11-22 12:11:06,
2025-11-22 12:11:16,
2025-11-22 12:11:26,
2025-11-22 12:11:36,
2025-11-22 12:11:46,
2025-11-22 12:11:56,
2025-11-22 12:12:06,
2025-11-22 12:12:16,
2025-11-22 12:12:26,
2025-11-22 12:12:36,
2025-11-22 12:12:46,
2025-11-22 12:12:56,
2025-11-22 12:13:06,
2025-11-22 12:13:16,
2025-11-22 12:13:26,
2025-11-22 12:13:36,
2025-11-22 12:13:46,
2025-11-22 12:13:56,
2025-11-22 12:14:06,
2025-11-22 12:14:16,
2025-11-22 12:14:26,
2025-11-22 12:14:36,
2025-11-22 12:14:46,
2025-11-22 12:14:56,
2025-11-22 12:15:06,
2025-11-22 12:15:16,
2025-11-22 12:15:26,
2025-11-22 12:15:36,0.199097746610641
2025-11-22 12:15:46,0.473586165904999
2025-11-22 12:15:56,0.479141986370087
2025-11-22 12:16:06,
2025-11-22 12:16:16,
2025-11-22 12:16:26,
2025-11-22 12:16:36,
2025-11-22 12:16:46,
2025-11-22 12:16:56,
2025-11-22 12:17:06,
2025-11-22 12:17:16,
2025-11-22 12:17:26,
2025-11-22 12:17:36,
2025-11-22 12:17:46,
2025-11-22 12:17:56,
2025-11-22 12:18:06,
2025-11-22 12:18:16,
2025-11-22 12:18:26,
2025-11-22 12:18:36,
2025-11-22 12:18:46,
2025-11-22 12:18:56,
2025-11-22 12:19:06,
2025-11-22 12:19:16,
2025-11-22 12:19:26,
2025-11-22 12:19:36,
2025-11-22 12:19:46,
2025-11-22 12:19:56,
2025-11-22 12:20:06,
2025-11-22 12:20:16,
2025-11-22 12:20:26,0.4554209589958189
2025-11-22 12:20:36,0.450907766819
2025-11-22 12:20:46,0.42566249370575
2025-11-22 12:20:56,0.419427672028542
2025-11-22 12:21:06,0.3823116928339
2025-11-22 12:21:16,0.387435463070869
2025-11-22 12:21:26,0.388307610154152
2025-11-22 12:21:36,0.384715837240219
2025-11-22 12:21:46,0.386935231089592
2025-11-22 12:21:56,0.363207256793976
2025-11-22 12:22:06,0.377333405613899
2025-11-22 12:22:16,0.380590358376503
2025-11-22 12:22:26,0.378953540325165
2025-11-22 12:22:36,0.379404231905937
2025-11-22 12:22:46,
2025-11-22 12:22:56,
2025-11-22 12:23:06,
2025-11-22 12:23:16,
2025-11-22 12:23:26,
2025-11-22 12:23:36,
2025-11-22 12:23:46,
2025-11-22 12:23:56,
2025-11-22 12:24:06,
2025-11-22 12:24:16,0.354565286636353
2025-11-22 12:24:26,0.363666424155235
2025-11-22 12:24:36,0.364112851023674
2025-11-22 12:24:46,0.3628876715898509
2025-11-22 12:24:56,0.365249276161194
2025-11-22 12:25:06,0.362839096784592
2025-11-22 12:25:16,0.362280258536339
2025-11-22 12:25:26,0.365006884932518
2025-11-22 12:25:36,
2025-11-22 12:25:46,
2025-11-22 12:25:56,
2025-11-22 12:26:06,
2025-11-22 12:26:16,
2025-11-22 12:26:26,
2025-11-22 12:26:36,
2025-11-22 12:26:46,
2025-11-22 12:26:56,0.415242192149162
2025-11-22 12:27:06,
2025-11-22 12:27:16,
2025-11-22 12:27:26,
2025-11-22 12:27:36,
2025-11-22 12:27:46,
2025-11-22 12:27:56,
2025-11-22 12:28:06,
2025-11-22 12:28:16,
2025-11-22 12:28:26,
2025-11-22 12:28:36,
2025-11-22 12:28:46,
2025-11-22 12:28:56,
2025-11-22 12:29:06,
2025-11-22 12:29:16,
2025-11-22 12:29:26,
2025-11-22 12:29:36,
2025-11-22 12:29:46,
2025-11-22 12:29:56,
2025-11-22 12:30:06,
2025-11-22 12:30:16,
2025-11-22 12:30:26,
2025-11-22 12:30:36,
2025-11-22 12:30:46,
2025-11-22 12:30:56,
2025-11-22 12:31:06,0.479521465301514
2025-11-22 12:31:16,0.43686318397522
2025-11-22 12:31:26,0.38058252632618
2025-11-22 12:31:36,0.3910284698009489
2025-11-22 12:31:46,0.398148313164711
2025-11-22 12:31:56,0.395594152808189
2025-11-22 12:32:06,0.361168134212494
2025-11-22 12:32:16,
2025-11-22 12:32:26,0.331877419352531
2025-11-22 12:32:36,0.337671849131584
2025-11-22 12:32:46,0.33613660633564
2025-11-22 12:32:56,
2025-11-22 12:33:06,
2025-11-22 12:33:16,
2025-11-22 12:33:26,0.329864850640297
2025-11-22 12:33:36,0.320253798365593
2025-11-22 12:33:46,0.317402449250221
2025-11-22 12:33:56,0.32637494802475
2025-11-22 12:34:06,
2025-11-22 12:34:16,0.336781033873558
2025-11-22 12:34:26,0.336437577009201
2025-11-22 12:34:36,0.333489963412285
2025-11-22 12:34:46,0.3220987021923069
2025-11-22 12:34:56,
2025-11-22 12:35:06,0.307453545928001
2025-11-22 12:35:16,0.315421503782272
2025-11-22 12:35:26,
2025-11-22 12:35:36,
2025-11-22 12:35:46,
2025-11-22 12:35:56,
2025-11-22 12:36:06,
2025-11-22 12:36:16,
2025-11-22 12:36:26,
2025-11-22 12:36:36,
2025-11-22 12:36:46,0.459180986881256
2025-11-22 12:36:56,0.382445159554482
2025-11-22 12:37:06,0.372671216726303
2025-11-22 12:37:16,0.397869765758514
2025-11-22 12:37:26,
2025-11-22 12:37:36,
2025-11-22 12:37:46,0.407471027970314
2025-11-22 12:37:56,0.42752847969532
2025-11-22 12:38:06,0.460238260030746
2025-11-22 12:38:16,0.459074878692627
2025-11-22 12:38:26,0.483124530315399
2025-11-22 12:38:36,
2025-11-22 12:38:46,0.537069869041443
2025-11-22 12:38:56,0.528816282749176
2025-11-22 12:39:06,0.530032181739807
2025-11-22 12:39:16,
2025-11-22 12:39:26,0.693939828872681
2025-11-22 12:39:36,0.8122854888439179
2025-11-22 12:39:46,
2025-11-22 12:39:56,
2025-11-22 12:40:06,0.297333356738091
2025-11-22 12:40:16,0.296534997224808
2025-11-22 12:40:26,0.291430673003197
2025-11-22 12:40:36,
2025-11-22 12:40:46,0.326348072290421
2025-11-22 12:40:56,
2025-11-22 12:41:06,0.338455751538277
2025-11-22 12:41:16,
2025-11-22 12:41:26,
2025-11-22 12:41:36,
2025-11-22 12:41:46,
2025-11-22 12:41:56,
2025-11-22 12:42:06,
2025-11-22 12:42:16,
2025-11-22 12:42:26,
2025-11-22 12:42:36,
2025-11-22 12:42:46,
2025-11-22 12:42:56,
2025-11-22 12:43:06,
2025-11-22 12:43:16,
2025-11-22 12:43:26,
2025-11-22 12:43:36,0.313635581731796
2025-11-22 12:43:46,0.31208730340004
2025-11-22 12:43:56,
2025-11-22 12:44:06,
2025-11-22 12:44:16,
2025-11-22 12:44:26,
2025-11-22 12:44:36,
2025-11-22 12:44:46,
2025-11-22 12:44:56,
2025-11-22 12:45:06,0.329988849163055
2025-11-22 12:45:16,
2025-11-22 12:45:26,
2025-11-22 12:45:36,
2025-11-22 12:45:46,
2025-11-22 12:45:56,
2025-11-22 12:46:06,
2025-11-22 12:46:16,0.3127522498369219
2025-11-22 12:46:26,
2025-11-22 12:46:36,
2025-11-22 12:46:46,0.314129054546356
2025-11-22 12:46:56,0.313894897699356
2025-11-22 12:47:06,0.3119745433330539
2025-11-22 12:47:16,0.317938837409019
2025-11-22 12:47:26,0.315038108825684
2025-11-22 12:47:36,
2025-11-22 12:47:46,0.318324646353722
2025-11-22 12:47:56,0.319804099202156
2025-11-22 12:48:06,0.323555678129196
2025-11-22 12:48:16,0.324955040216446
2025-11-22 12:48:26,0.325502291321754
2025-11-22 12:48:36,0.325451785326004
2025-11-22 12:48:46,0.331175404787064
2025-11-22 12:48:56,0.327668631076813
2025-11-22 12:49:06,0.323288342356682
2025-11-22 12:49:16,0.319155594706535
2025-11-22 12:49:26,
2025-11-22 12:49:36,0.313514184951782
2025-11-22 12:49:46,0.313198998570442
2025-11-22 12:49:56,
2025-11-22 12:50:06,0.315158888697624
2025-11-22 12:50:16,0.316667497158051
2025-11-22 12:50:26,0.318921706080437
2025-11-22 12:50:36,0.319940489530563
2025-11-22 12:50:46,0.319494089484215
2025-11-22 12:50:56,
2025-11-22 12:51:06,
2025-11-22 12:51:16,
2025-11-22 12:51:26,0.333742868900299
2025-11-22 12:51:36,
2025-11-22 12:51:46,
2025-11-22 12:51:56,
2025-11-22 12:52:06,
2025-11-22 12:52:16,
2025-11-22 12:52:26,
2025-11-22 12:52:36,
2025-11-22 12:52:46,
2025-11-22 12:52:56,
2025-11-22 12:53:06,
2025-11-22 12:53:16,
2025-11-22 12:53:26,
2025-11-22 12:53:36,
2025-11-22 12:53:46,0.324218291044235
2025-11-22 12:53:56,0.330185616016388
2025-11-22 12:54:06,
2025-11-22 12:54:16,
2025-11-22 12:54:26,
2025-11-22 12:54:36,
2025-11-22 12:54:46,0.3267289727926249
2025-11-22 12:54:56,0.322853609919548
2025-11-22 12:55:06,0.320468348264694
2025-11-22 12:55:16,0.316251030564308
2025-11-22 12:55:26,0.312406861782074
2025-11-22 12:55:36,
2025-11-22 12:55:46,0.315583536028862
2025-11-22 12:55:56,0.3160375535488129
2025-11-22 12:56:06,
2025-11-22 12:56:16,
2025-11-22 12:56:26,
2025-11-22 12:56:36,
2025-11-22 12:56:46,
2025-11-22 12:56:56,0.338145366311073
2025-11-22 12:57:06,
2025-11-22 12:57:16,0.331965020298958
2025-11-22 12:57:26,
2025-11-22 12:57:36,
2025-11-22 12:57:46,
2025-11-22 12:57:56,
2025-11-22 12:58:06,
2025-11-22 12:58:16,
2025-11-22 12:58:26,
2025-11-22 12:58:36,
2025-11-22 12:58:46,
2025-11-22 12:58:56,
2025-11-22 12:59:06,
2025-11-22 12:59:16,
2025-11-22 12:59:26,0.3159746557474139
2025-11-22 12:59:36,
2025-11-22 12:59:46,0.3117790102958679
2025-11-22 12:59:56,0.316197708249092
2025-11-22 13:00:06,0.315330389142036
2025-11-22 13:00:16,0.3192817926406859
2025-11-22 13:00:26,0.314422702789307
2025-11-22 13:00:36,0.316396433115005
2025-11-22 13:00:46,0.318960678577423
2025-11-22 13:00:56,0.32007859647274
2025-11-22 13:01:06,0.316153666377068
2025-11-22 13:01:16,0.31200804412365
2025-11-22 13:01:26,0.3101737350225449
2025-11-22 13:01:36,0.314206972718239
2025-11-22 13:01:46,0.3142322659492489
2025-11-22 13:01:56,0.330680403113365
2025-11-22 13:02:06,0.3426517456769939
2025-11-22 13:02:16,0.342286777496338
2025-11-22 13:02:26,0.364296126365662
2025-11-22 13:02:36,0.414531031250954
2025-11-22 13:02:46,0.434687376022339
2025-11-22 13:02:56,0.446375718712807
2025-11-22 13:03:06,0.46398138999939
2025-11-22 13:03:16,0.474843639135361
2025-11-22 13:03:26,0.482824927568436
2025-11-22 13:03:36,0.507374864816666
2025-11-22 13:03:46,0.506237930059433
2025-11-22 13:03:56,0.506720352172852
2025-11-22 13:04:06,
2025-11-22 13:04:16,
2025-11-22 13:04:26,
2025-11-22 13:04:36,
2025-11-22 13:04:46,0.532004410028458
2025-11-22 13:04:56,
2025-11-22 13:05:06,
2025-11-22 13:05:16,
2025-11-22 13:05:26,
2025-11-22 13:05:36,
2025-11-22 13:05:46,
2025-11-22 13:05:56,
2025-11-22 13:06:06,
2025-11-22 13:06:16,
2025-11-22 13:06:26,
2025-11-22 13:06:36,
2025-11-22 13:06:46,
2025-11-22 13:06:56,
2025-11-22 13:07:06,
2025-11-22 13:07:16,
2025-11-22 13:07:26,
2025-11-22 13:07:36,
2025-11-22 13:07:46,
2025-11-22 13:07:56,
2025-11-22 13:08:06,
2025-11-22 13:08:16,
2025-11-22 13:08:26,
2025-11-22 13:08:36,
2025-11-22 13:08:46,
2025-11-22 13:08:56,
2025-11-22 13:09:06,
2025-11-22 13:09:16,
2025-11-22 13:09:26,
2025-11-22 13:09:36,
2025-11-22 13:09:46,
2025-11-22 13:09:56,
2025-11-22 13:10:06,
2025-11-22 13:10:16,
2025-11-22 13:10:26,0.570032125711441
2025-11-22 13:10:36,
2025-11-22 13:10:46,
2025-11-22 13:10:56,
2025-11-22 13:11:06,
2025-11-22 13:11:16,
2025-11-22 13:11:26,
2025-11-22 13:11:36,
2025-11-22 13:11:46,
2025-11-22 13:11:56,
2025-11-22 13:12:06,
2025-11-22 13:12:16,
2025-11-22 13:12:26,
2025-11-22 13:12:36,
2025-11-22 13:12:46,
2025-11-22 13:12:56,
2025-11-22 13:13:06,
2025-11-22 13:13:16,
2025-11-22 13:13:26,
2025-11-22 13:13:36,
2025-11-22 13:13:46,
2025-11-22 13:13:56,
2025-11-22 13:14:06,
2025-11-22 13:14:16,
2025-11-22 13:14:26,
2025-11-22 13:14:36,
2025-11-22 13:14:46,
2025-11-22 13:14:56,
2025-11-22 13:15:06,
2025-11-22 13:15:16,
2025-11-22 13:15:26,
2025-11-22 13:15:36,
2025-11-22 13:15:46,
2025-11-22 13:15:56,
2025-11-22 13:16:06,
2025-11-22 13:16:16,
2025-11-22 13:16:26,
2025-11-22 13:16:36,
2025-11-22 13:16:46,
2025-11-22 13:16:56,0.568672353029251
2025-11-22 13:17:06,
2025-11-22 13:17:16,
2025-11-22 13:17:26,
2025-11-22 13:17:36,
2025-11-22 13:17:46,0.5573680758476259
2025-11-22 13:17:56,
2025-11-22 13:18:06,
2025-11-22 13:18:16,0.322153016924858
2025-11-22 13:18:26,0.324231219291687
2025-11-22 13:18:36,0.320077791810036
2025-11-22 13:18:46,0.3233043015003199
2025-11-22 13:18:56,0.335686209797859
2025-11-22 13:19:06,0.33838062286377
2025-11-22 13:19:16,
2025-11-22 13:19:26,
2025-11-22 13:19:36,0.394898682832718
2025-11-22 13:19:46,0.387552863359451
2025-11-22 13:19:56,0.3888505160808559
2025-11-22 13:20:06,0.395922374725342
2025-11-22 13:20:16,0.39521250128746
2025-11-22 13:20:26,
2025-11-22 13:20:36,
2025-11-22 13:20:46,
2025-11-22 13:20:56,
2025-11-22 13:21:06,0.383569192886353
2025-11-22 13:21:16,0.386489152908325
2025-11-22 13:21:26,0.409495693445206
2025-11-22 13:21:36,
2025-11-22 13:21:46,0.40348998606205
2025-11-22 13:21:56,0.399744871258736
2025-11-22 13:22:06,0.398560327291489
2025-11-22 13:22:16,0.392744278907776
2025-11-22 13:22:26,
2025-11-22 13:22:36,
2025-11-22 13:22:46,0.380201572179794
2025-11-22 13:22:56,
2025-11-22 13:23:06,
2025-11-22 13:23:16,0.3812111020088199
2025-11-22 13:23:26,
2025-11-22 13:23:36,
2025-11-22 13:23:46,
2025-11-22 13:23:56,
2025-11-22 13:24:06,
2025-11-22 13:24:16,
2025-11-22 13:24:26,0.406155967712402
2025-11-22 13:24:36,
2025-11-22 13:24:46,
2025-11-22 13:24:56,
2025-11-22 13:25:06,
2025-11-22 13:25:16,0.374836403131485
2025-11-22 13:25:26,
2025-11-22 13:25:36,0.372055086493492
2025-11-22 13:25:46,
2025-11-22 13:25:56,0.386090523004532
2025-11-22 13:26:06,
2025-11-22 13:26:16,
2025-11-22 13:26:26,
2025-11-22 13:26:36,
2025-11-22 13:26:46,
2025-11-22 13:26:56,0.409471392631531
2025-11-22 13:27:06,
2025-11-22 13:27:16,
2025-11-22 13:27:26,
2025-11-22 13:27:36,
2025-11-22 13:27:46,
2025-11-22 13:27:56,
2025-11-22 13:28:06,
2025-11-22 13:28:16,
2025-11-22 13:28:26,
2025-11-22 13:28:36,
2025-11-22 13:28:46,
2025-11-22 13:28:56,
2025-11-22 13:29:06,
2025-11-22 13:29:16,
2025-11-22 13:29:26,
2025-11-22 13:29:36,
2025-11-22 13:29:46,
2025-11-22 13:29:56,
2025-11-22 13:30:06,
2025-11-22 13:30:16,
2025-11-22 13:30:26,
2025-11-22 13:30:36,
2025-11-22 13:30:46,
2025-11-22 13:30:56,
2025-11-22 13:31:06,
2025-11-22 13:31:16,
2025-11-22 13:31:26,
2025-11-22 13:31:36,
2025-11-22 13:31:46,
2025-11-22 13:31:56,
2025-11-22 13:32:06,
2025-11-22 13:32:16,
2025-11-22 13:32:26,
2025-11-22 13:32:36,
2025-11-22 13:32:46,
2025-11-22 13:32:56,
2025-11-22 13:33:06,
2025-11-22 13:33:16,
2025-11-22 13:33:26,
2025-11-22 13:33:36,
2025-11-22 13:33:46,
2025-11-22 13:33:56,
2025-11-22 13:34:06,
2025-11-22 13:34:16,
2025-11-22 13:34:26,
2025-11-22 13:34:36,
2025-11-22 13:34:46,
2025-11-22 13:34:56,
2025-11-22 13:35:06,
2025-11-22 13:35:16,
2025-11-22 13:35:26,
2025-11-22 13:35:36,
2025-11-22 13:35:46,
2025-11-22 13:35:56,
2025-11-22 13:36:06,
2025-11-22 13:36:16,
2025-11-22 13:36:26,
2025-11-22 13:36:36,
2025-11-22 13:36:46,
2025-11-22 13:36:56,
2025-11-22 13:37:06,
2025-11-22 13:37:16,
2025-11-22 13:37:26,
2025-11-22 13:37:36,
2025-11-22 13:37:46,
2025-11-22 13:37:56,
2025-11-22 13:38:06,
2025-11-22 13:38:16,
2025-11-22 13:38:26,
2025-11-22 13:38:36,
2025-11-22 13:38:46,
2025-11-22 13:38:56,
2025-11-22 13:39:06,
2025-11-22 13:39:16,
2025-11-22 13:39:26,
2025-11-22 13:39:36,
2025-11-22 13:39:46,
2025-11-22 13:39:56,
2025-11-22 13:40:06,
2025-11-22 13:40:16,
2025-11-22 13:40:26,
2025-11-22 13:40:36,
2025-11-22 13:40:46,
2025-11-22 13:40:56,
2025-11-22 13:41:06,
2025-11-22 13:41:16,
2025-11-22 13:41:26,
2025-11-22 13:41:36,
2025-11-22 13:41:46,
2025-11-22 13:41:56,
2025-11-22 13:42:06,
2025-11-22 13:42:16,
2025-11-22 13:42:26,
2025-11-22 13:42:36,
2025-11-22 13:42:46,
2025-11-22 13:42:56,
2025-11-22 13:43:06,
2025-11-22 13:43:16,
2025-11-22 13:43:26,
2025-11-22 13:43:36,
2025-11-22 13:43:46,
2025-11-22 13:43:56,0.913841593265533
2025-11-22 13:44:06,
2025-11-22 13:44:16,
2025-11-22 13:44:26,
2025-11-22 13:44:36,
2025-11-22 13:44:46,
2025-11-22 13:44:56,
2025-11-22 13:45:06,
2025-11-22 13:45:16,
2025-11-22 13:45:26,
2025-11-22 13:45:36,
2025-11-22 13:45:46,
2025-11-22 13:45:56,
2025-11-22 13:46:06,
2025-11-22 13:46:16,
2025-11-22 13:46:26,
2025-11-22 13:46:36,
2025-11-22 13:46:46,
2025-11-22 13:46:56,0.560115087032318
2025-11-22 13:47:06,0.5856659173965449
2025-11-22 13:47:16,
2025-11-22 13:47:26,
2025-11-22 13:47:36,
2025-11-22 13:47:46,
2025-11-22 13:47:56,
2025-11-22 13:48:06,
2025-11-22 13:48:16,
2025-11-22 13:48:26,
2025-11-22 13:48:36,
2025-11-22 13:48:46,
2025-11-22 13:48:56,
2025-11-22 13:49:06,
2025-11-22 13:49:16,
2025-11-22 13:49:26,
2025-11-22 13:49:36,
2025-11-22 13:49:46,
2025-11-22 13:49:56,
2025-11-22 13:50:06,
2025-11-22 13:50:16,
2025-11-22 13:50:26,
2025-11-22 13:50:36,
2025-11-22 13:50:46,
2025-11-22 13:50:56,
2025-11-22 13:51:06,
2025-11-22 13:51:16,
2025-11-22 13:51:26,
2025-11-22 13:51:36,
2025-11-22 13:51:46,
2025-11-22 13:51:56,
2025-11-22 13:52:06,
2025-11-22 13:52:16,
2025-11-22 13:52:26,
2025-11-22 13:52:36,
2025-11-22 13:52:46,
2025-11-22 13:52:56,
2025-11-22 13:53:06,
2025-11-22 13:53:16,
2025-11-22 13:53:26,
2025-11-22 13:53:36,
2025-11-22 13:53:46,
2025-11-22 13:53:56,
2025-11-22 13:54:06,
2025-11-22 13:54:16,
2025-11-22 13:54:26,
2025-11-22 13:54:36,
2025-11-22 13:54:46,
2025-11-22 13:54:56,
2025-11-22 13:55:06,
2025-11-22 13:55:16,
2025-11-22 13:55:26,
2025-11-22 13:55:36,
2025-11-22 13:55:46,
2025-11-22 13:55:56,
2025-11-22 13:56:06,
2025-11-22 13:56:16,
2025-11-22 13:56:26,
2025-11-22 13:56:36,
2025-11-22 13:56:46,
2025-11-22 13:56:56,
2025-11-22 13:57:06,
2025-11-22 13:57:16,
2025-11-22 13:57:26,
2025-11-22 13:57:36,
2025-11-22 13:57:46,
2025-11-22 13:57:56,
2025-11-22 13:58:06,
2025-11-22 13:58:16,
2025-11-22 13:58:26,
2025-11-22 13:58:36,
2025-11-22 13:58:46,
2025-11-22 13:58:56,
2025-11-22 13:59:06,
2025-11-22 13:59:16,
2025-11-22 13:59:26,
2025-11-22 13:59:36,
2025-11-22 13:59:46,
2025-11-22 13:59:56,
2025-11-22 14:00:06,
2025-11-22 14:00:16,
2025-11-22 14:00:26,
2025-11-22 14:00:36,
2025-11-22 14:00:46,
2025-11-22 14:00:56,
2025-11-22 14:01:06,
2025-11-22 14:01:16,
2025-11-22 14:01:26,
2025-11-22 14:01:36,
2025-11-22 14:01:46,
2025-11-22 14:01:56,
2025-11-22 14:02:06,
2025-11-22 14:02:16,
2025-11-22 14:02:26,
2025-11-22 14:02:36,
2025-11-22 14:02:46,
2025-11-22 14:02:56,
2025-11-22 14:03:06,
2025-11-22 14:03:16,
2025-11-22 14:03:26,
2025-11-22 14:03:36,
2025-11-22 14:03:46,
2025-11-22 14:03:56,
2025-11-22 14:04:06,
2025-11-22 14:04:16,
2025-11-22 14:04:26,
2025-11-22 14:04:36,
2025-11-22 14:04:46,
2025-11-22 14:04:56,
2025-11-22 14:05:06,
2025-11-22 14:05:16,
2025-11-22 14:05:26,
2025-11-22 14:05:36,
2025-11-22 14:05:46,
2025-11-22 14:05:56,
2025-11-22 14:06:06,
2025-11-22 14:06:16,
2025-11-22 14:06:26,
2025-11-22 14:06:36,
2025-11-22 14:06:46,
2025-11-22 14:06:56,
2025-11-22 14:07:06,
2025-11-22 14:07:16,
2025-11-22 14:07:26,
2025-11-22 14:07:36,
2025-11-22 14:07:46,
2025-11-22 14:07:56,
2025-11-22 14:08:06,
2025-11-22 14:08:16,
2025-11-22 14:08:26,
2025-11-22 14:08:36,
2025-11-22 14:08:46,
2025-11-22 14:08:56,
2025-11-22 14:09:06,
2025-11-22 14:09:16,
2025-11-22 14:09:26,
2025-11-22 14:09:36,
2025-11-22 14:09:46,
2025-11-22 14:09:56,
2025-11-22 14:10:06,
2025-11-22 14:10:16,1.09617826938629
2025-11-22 14:10:26,
2025-11-22 14:10:36,
2025-11-22 14:10:46,
2025-11-22 14:10:56,
2025-11-22 14:11:06,
2025-11-22 14:11:16,
2025-11-22 14:11:26,
2025-11-22 14:11:36,
2025-11-22 14:11:46,
2025-11-22 14:11:56,
2025-11-22 14:12:06,
2025-11-22 14:12:16,
2025-11-22 14:12:26,
2025-11-22 14:12:36,
2025-11-22 14:12:46,
2025-11-22 14:12:56,
2025-11-22 14:13:06,
2025-11-22 14:13:16,
2025-11-22 14:13:26,
2025-11-22 14:13:36,
2025-11-22 14:13:46,
2025-11-22 14:13:56,
2025-11-22 14:14:06,
2025-11-22 14:14:16,
2025-11-22 14:14:26,
2025-11-22 14:14:36,
2025-11-22 14:14:46,
2025-11-22 14:14:56,
2025-11-22 14:15:06,
2025-11-22 14:15:16,
2025-11-22 14:15:26,
2025-11-22 14:15:36,
2025-11-22 14:15:46,
2025-11-22 14:15:56,
2025-11-22 14:16:06,
2025-11-22 14:16:16,
2025-11-22 14:16:26,
2025-11-22 14:16:36,
2025-11-22 14:16:46,
2025-11-22 14:16:56,1.02946701049805
2025-11-22 14:17:06,
2025-11-22 14:17:16,
2025-11-22 14:17:26,
2025-11-22 14:17:36,
2025-11-22 14:17:46,
2025-11-22 14:17:56,
2025-11-22 14:18:06,
2025-11-22 14:18:16,
2025-11-22 14:18:26,
2025-11-22 14:18:36,
2025-11-22 14:18:46,
2025-11-22 14:18:56,
2025-11-22 14:19:06,
2025-11-22 14:19:16,
2025-11-22 14:19:26,
2025-11-22 14:19:36,
2025-11-22 14:19:46,
2025-11-22 14:19:56,
2025-11-22 14:20:06,
2025-11-22 14:20:16,
2025-11-22 14:20:26,1.09889985322952
2025-11-22 14:20:36,
2025-11-22 14:20:46,
2025-11-22 14:20:56,
2025-11-22 14:21:06,
2025-11-22 14:21:16,
2025-11-22 14:21:26,
2025-11-22 14:21:36,
2025-11-22 14:21:46,
2025-11-22 14:21:56,
2025-11-22 14:22:06,0.867752176523209
2025-11-22 14:22:16,
2025-11-22 14:22:26,
2025-11-22 14:22:36,
2025-11-22 14:22:46,
2025-11-22 14:22:56,0.683672225475311
2025-11-22 14:23:06,
2025-11-22 14:23:16,
2025-11-22 14:23:26,
2025-11-22 14:23:36,
2025-11-22 14:23:46,
2025-11-22 14:23:56,
2025-11-22 14:24:06,
2025-11-22 14:24:16,
2025-11-22 14:24:26,
2025-11-22 14:24:36,
2025-11-22 14:24:46,
2025-11-22 14:24:56,
2025-11-22 14:25:06,
2025-11-22 14:25:16,
2025-11-22 14:25:26,
2025-11-22 14:25:36,1.09849752187729
2025-11-22 14:25:46,
2025-11-22 14:25:56,
2025-11-22 14:26:06,
2025-11-22 14:26:16,
2025-11-22 14:26:26,
2025-11-22 14:26:36,
2025-11-22 14:26:46,
2025-11-22 14:26:56,
2025-11-22 14:27:06,
2025-11-22 14:27:16,1.12601945400238
2025-11-22 14:27:26,
2025-11-22 14:27:36,
2025-11-22 14:27:46,
2025-11-22 14:27:56,
2025-11-22 14:28:06,
2025-11-22 14:28:16,
2025-11-22 14:28:26,
2025-11-22 14:28:36,
2025-11-22 14:28:46,
2025-11-22 14:28:56,
2025-11-22 14:29:06,
2025-11-22 14:29:16,
2025-11-22 14:29:26,
2025-11-22 14:29:36,
2025-11-22 14:29:46,
2025-11-22 14:29:56,
2025-11-22 14:30:06,
2025-11-22 14:30:16,
2025-11-22 14:30:26,
2025-11-22 14:30:36,
2025-11-22 14:30:46,
2025-11-22 14:30:56,
2025-11-22 14:31:06,
2025-11-22 14:31:16,
2025-11-22 14:31:26,
2025-11-22 14:31:36,
2025-11-22 14:31:46,
2025-11-22 14:31:56,
2025-11-22 14:32:06,
2025-11-22 14:32:16,
2025-11-22 14:32:26,
2025-11-22 14:32:36,
2025-11-22 14:32:46,
2025-11-22 14:32:56,
2025-11-22 14:33:06,
2025-11-22 14:33:16,
2025-11-22 14:33:26,
2025-11-22 14:33:36,
2025-11-22 14:33:46,
2025-11-22 14:33:56,
2025-11-22 14:34:06,
2025-11-22 14:34:16,
2025-11-22 14:34:26,
2025-11-22 14:34:36,
2025-11-22 14:34:46,
2025-11-22 14:34:56,
2025-11-22 14:35:06,
2025-11-22 14:35:16,
2025-11-22 14:35:26,
2025-11-22 14:35:36,
2025-11-22 14:35:46,
2025-11-22 14:35:56,
2025-11-22 14:36:06,
2025-11-22 14:36:16,
2025-11-22 14:36:26,
2025-11-22 14:36:36,
2025-11-22 14:36:46,
2025-11-22 14:36:56,
2025-11-22 14:37:06,
2025-11-22 14:37:16,
2025-11-22 14:37:26,
2025-11-22 14:37:36,
2025-11-22 14:37:46,
2025-11-22 14:37:56,
2025-11-22 14:38:06,
2025-11-22 14:38:16,
2025-11-22 14:38:26,0.601500499248505
2025-11-22 14:38:36,
2025-11-22 14:38:46,
2025-11-22 14:38:56,
2025-11-22 14:39:06,
2025-11-22 14:39:16,
2025-11-22 14:39:26,
2025-11-22 14:39:36,
2025-11-22 14:39:46,
2025-11-22 14:39:56,
2025-11-22 14:40:06,
2025-11-22 14:40:16,
2025-11-22 14:40:26,
2025-11-22 14:40:36,
2025-11-22 14:40:46,0.253294649720192
2025-11-22 14:40:56,
2025-11-22 14:41:06,
2025-11-22 14:41:16,
2025-11-22 14:41:26,
2025-11-22 14:41:36,
2025-11-22 14:41:46,
2025-11-22 14:41:56,
2025-11-22 14:42:06,
2025-11-22 14:42:16,0.593205446004868
2025-11-22 14:42:26,
2025-11-22 14:42:36,
2025-11-22 14:42:46,
2025-11-22 14:42:56,
2025-11-22 14:43:06,
2025-11-22 14:43:16,
2025-11-22 14:43:26,
2025-11-22 14:43:36,
2025-11-22 14:43:46,
2025-11-22 14:43:56,
2025-11-22 14:44:06,
2025-11-22 14:44:16,
2025-11-22 14:44:26,0.6902108609676361
2025-11-22 14:44:36,0.578847473859787
2025-11-22 14:44:46,0.573150032758713
2025-11-22 14:44:56,
2025-11-22 14:45:06,0.5672771751880651
2025-11-22 14:45:16,0.567091459035873
2025-11-22 14:45:26,0.578764003515244
2025-11-22 14:45:36,0.584086847305298
2025-11-22 14:45:46,0.58714005947113
2025-11-22 14:45:56,0.5707771897315981
2025-11-22 14:46:06,0.5739493846893311
2025-11-22 14:46:16,0.582024228572845
2025-11-22 14:46:26,
2025-11-22 14:46:36,
2025-11-22 14:46:46,0.660359054803848
2025-11-22 14:46:56,
2025-11-22 14:47:06,
2025-11-22 14:47:16,
2025-11-22 14:47:26,0.911025810241699
2025-11-22 14:47:36,
2025-11-22 14:47:46,1.05255482196808
2025-11-22 14:47:56,1.05571349859238
2025-11-22 14:48:06,
2025-11-22 14:48:16,1.0578910231590302
2025-11-22 14:48:26,
2025-11-22 14:48:36,1.06577897071838
2025-11-22 14:48:46,
2025-11-22 14:48:56,1.0402427315712
2025-11-22 14:49:06,
2025-11-22 14:49:16,
2025-11-22 14:49:26,
2025-11-22 14:49:36,
2025-11-22 14:49:46,
2025-11-22 14:49:56,
2025-11-22 14:50:06,1.02919642925262
2025-11-22 14:50:16,0.993676257133484
2025-11-22 14:50:26,
2025-11-22 14:50:36,
2025-11-22 14:50:46,0.970119166374207
2025-11-22 14:50:56,
2025-11-22 14:51:06,
2025-11-22 14:51:16,0.818199008703232
2025-11-22 14:51:26,0.5750769317150121
2025-11-22 14:51:36,0.577448433637619
2025-11-22 14:51:46,0.769930726289749
2025-11-22 14:51:56,
2025-11-22 14:52:06,0.900321865081787
2025-11-22 14:52:16,
2025-11-22 14:52:26,
2025-11-22 14:52:36,
2025-11-22 14:52:46,1.06803921461105
2025-11-22 14:52:56,
2025-11-22 14:53:06,
2025-11-22 14:53:16,
2025-11-22 14:53:26,
2025-11-22 14:53:36,
2025-11-22 14:53:46,
2025-11-22 14:53:56,
2025-11-22 14:54:06,
2025-11-22 14:54:16,
2025-11-22 14:54:26,0.8580746591091161
2025-11-22 14:54:36,
2025-11-22 14:54:46,0.692484676837921
2025-11-22 14:54:56,0.5597972452640531
2025-11-22 14:55:06,0.568201571702957
2025-11-22 14:55:16,0.56844516992569
2025-11-22 14:55:26,0.565019506216049
2025-11-22 14:55:36,0.62750848531723
2025-11-22 14:55:46,0.667562395334244
2025-11-22 14:55:56,0.771823614835739
2025-11-22 14:56:06,0.884687966108322
2025-11-22 14:56:16,
2025-11-22 14:56:26,
2025-11-22 14:56:36,
2025-11-22 14:56:46,
2025-11-22 14:56:56,
2025-11-22 14:57:06,
2025-11-22 14:57:16,
2025-11-22 14:57:26,
2025-11-22 14:57:36,0.968176066875458
2025-11-22 14:57:46,0.525879210233688
2025-11-22 14:57:56,0.624792695045471
2025-11-22 14:58:06,
2025-11-22 14:58:16,0.7148986637592321
2025-11-22 14:58:26,0.547255450487137
2025-11-22 14:58:36,0.537376499176025
2025-11-22 14:58:46,0.550749832391739
2025-11-22 14:58:56,0.559505367279053
2025-11-22 14:59:06,0.569360715150833
2025-11-22 14:59:16,0.565660232305527
2025-11-22 14:59:26,
2025-11-22 14:59:36,0.55493558049202
2025-11-22 14:59:46,0.554388302564621
2025-11-22 14:59:56,0.5881930410861971
2025-11-22 15:00:06,
2025-11-22 15:00:16,
2025-11-22 15:00:26,
2025-11-22 15:00:36,
2025-11-22 15:00:46,
2025-11-22 15:00:56,0.5791266381740571
2025-11-22 15:01:06,
2025-11-22 15:01:16,
2025-11-22 15:01:26,
2025-11-22 15:01:36,
2025-11-22 15:01:46,
2025-11-22 15:01:56,
2025-11-22 15:02:06,0.561600869894028
2025-11-22 15:02:16,0.569320213794708
2025-11-22 15:02:26,0.6059021115303039
2025-11-22 15:02:36,0.748245763778687
2025-11-22 15:02:46,0.953292381763458
2025-11-22 15:02:56,0.916678726673126
2025-11-22 15:03:06,
2025-11-22 15:03:16,
2025-11-22 15:03:26,
2025-11-22 15:03:36,
2025-11-22 15:03:46,
2025-11-22 15:03:56,0.753535670042038
2025-11-22 15:04:06,0.623668742179871
2025-11-22 15:04:16,0.7816854536533361
2025-11-22 15:04:26,0.782383954524994
2025-11-22 15:04:36,
2025-11-22 15:04:46,
2025-11-22 15:04:56,
2025-11-22 15:05:06,0.9946220040321352
2025-11-22 15:05:16,
2025-11-22 15:05:26,
2025-11-22 15:05:36,0.6178764045238491
2025-11-22 15:05:46,0.805059993267059
2025-11-22 15:05:56,
2025-11-22 15:06:06,
2025-11-22 15:06:16,
2025-11-22 15:06:26,
2025-11-22 15:06:36,
2025-11-22 15:06:46,
2025-11-22 15:06:56,
2025-11-22 15:07:06,
2025-11-22 15:07:16,
2025-11-22 15:07:26,
2025-11-22 15:07:36,
2025-11-22 15:07:46,
2025-11-22 15:07:56,
2025-11-22 15:08:06,
2025-11-22 15:08:16,
2025-11-22 15:08:26,0.895905339717865
2025-11-22 15:08:36,0.550856691598892
2025-11-22 15:08:46,0.524742329120636
2025-11-22 15:08:56,0.523717403411865
2025-11-22 15:09:06,0.53353391289711
2025-11-22 15:09:16,
2025-11-22 15:09:26,
2025-11-22 15:09:36,0.542688077688217
2025-11-22 15:09:46,
2025-11-22 15:09:56,0.559844076633453
2025-11-22 15:10:06,
2025-11-22 15:10:16,
2025-11-22 15:10:26,
2025-11-22 15:10:36,
2025-11-22 15:10:46,0.629050379991531
2025-11-22 15:10:56,
2025-11-22 15:11:06,1.0306757211685202
2025-11-22 15:11:16,
2025-11-22 15:11:26,0.71266508102417
2025-11-22 15:11:36,0.5716901600360871
2025-11-22 15:11:46,0.615283834934235
2025-11-22 15:11:56,0.5632522523403171
2025-11-22 15:12:06,0.560748946666718
2025-11-22 15:12:16,0.610314345359802
2025-11-22 15:12:26,
2025-11-22 15:12:36,
2025-11-22 15:12:46,
2025-11-22 15:12:56,0.913981068134308
2025-11-22 15:13:06,1.0271201848983802
2025-11-22 15:13:16,0.93574515581131
2025-11-22 15:13:26,0.983356833457947
2025-11-22 15:13:36,
2025-11-22 15:13:46,0.934320902824402
2025-11-22 15:13:56,0.7421639084815981
2025-11-22 15:14:06,0.814825969934464
2025-11-22 15:14:16,0.823580056428909
2025-11-22 15:14:26,0.869703483581543
2025-11-22 15:14:36,0.831126344203949
2025-11-22 15:14:46,0.7289968907833101
2025-11-22 15:14:56,0.55836301445961
2025-11-22 15:15:06,0.554824590682983
2025-11-22 15:15:16,0.554384064674377
2025-11-22 15:15:26,0.562728309631348
2025-11-22 15:15:36,0.567022258043289
2025-11-22 15:15:46,0.564437359571457
2025-11-22 15:15:56,0.562175452709198
2025-11-22 15:16:06,0.5621710002422331
2025-11-22 15:16:16,0.560298979282379
2025-11-22 15:16:26,0.5593350470066071
2025-11-22 15:16:36,0.556644201278687
2025-11-22 15:16:46,0.554234290122986
2025-11-22 15:16:56,0.547448247671127
2025-11-22 15:17:06,0.5447956502437591
2025-11-22 15:17:16,0.5461759686470029
2025-11-22 15:17:26,0.5461609482765201
2025-11-22 15:17:36,0.549646747112274
2025-11-22 15:17:46,0.5523579239845281
2025-11-22 15:17:56,0.554084354639053
2025-11-22 15:18:06,
2025-11-22 15:18:16,0.551728087663651
2025-11-22 15:18:26,0.5540289402008061
2025-11-22 15:18:36,
2025-11-22 15:18:46,0.563682961463928
2025-11-22 15:18:56,0.55506175160408
2025-11-22 15:19:06,0.555163031816483
2025-11-22 15:19:16,
2025-11-22 15:19:26,0.5504111230373381
2025-11-22 15:19:36,0.551566725969315
2025-11-22 15:19:46,0.550557786226273
2025-11-22 15:19:56,0.552213191986084
2025-11-22 15:20:06,0.555498468875885
2025-11-22 15:20:16,0.5639791309833531
2025-11-22 15:20:26,0.5708096981048579
2025-11-22 15:20:36,0.569907993078232
2025-11-22 15:20:46,
2025-11-22 15:20:56,0.5607691168785099
2025-11-22 15:21:06,0.562593340873718
2025-11-22 15:21:16,0.5660484552383419
2025-11-22 15:21:26,0.554224795103073
2025-11-22 15:21:36,0.5503612339496611
2025-11-22 15:21:46,0.541478562355042
2025-11-22 15:21:56,0.54843036532402
2025-11-22 15:22:06,0.5391987919807429
2025-11-22 15:22:16,0.546282237768173
2025-11-22 15:22:26,
2025-11-22 15:22:36,0.543681085109711
2025-11-22 15:22:46,0.5572762370109561
2025-11-22 15:22:56,0.546472245454788
2025-11-22 15:23:06,0.578656446933746
2025-11-22 15:23:16,0.549127739667892
2025-11-22 15:23:26,
2025-11-22 15:23:36,0.6626777172088619
2025-11-22 15:23:46,
2025-11-22 15:23:56,
2025-11-22 15:24:06,
2025-11-22 15:24:16,
2025-11-22 15:24:26,
2025-11-22 15:24:36,
2025-11-22 15:24:46,
2025-11-22 15:24:56,
2025-11-22 15:25:06,
2025-11-22 15:25:16,
2025-11-22 15:25:26,0.576862692832947
2025-11-22 15:25:36,0.582441258430481
2025-11-22 15:25:46,
2025-11-22 15:25:56,
2025-11-22 15:26:06,
2025-11-22 15:26:16,
2025-11-22 15:26:26,
2025-11-22 15:26:36,
2025-11-22 15:26:46,
2025-11-22 15:26:56,
2025-11-22 15:27:06,
2025-11-22 15:27:16,
2025-11-22 15:27:26,
2025-11-22 15:27:36,0.520001256465912
2025-11-22 15:27:46,
2025-11-22 15:27:56,
2025-11-22 15:28:06,
2025-11-22 15:28:16,
2025-11-22 15:28:26,
2025-11-22 15:28:36,
2025-11-22 15:28:46,
2025-11-22 15:28:56,
2025-11-22 15:29:06,
2025-11-22 15:29:16,
2025-11-22 15:29:26,
2025-11-22 15:29:36,
2025-11-22 15:29:46,
2025-11-22 15:29:56,0.578115445375443
2025-11-22 15:30:06,
2025-11-22 15:30:16,
2025-11-22 15:30:26,0.572958201169968
2025-11-22 15:30:36,
2025-11-22 15:30:46,
2025-11-22 15:30:56,
2025-11-22 15:31:06,
2025-11-22 15:31:16,
2025-11-22 15:31:26,
2025-11-22 15:31:36,
2025-11-22 15:31:46,
2025-11-22 15:31:56,
2025-11-22 15:32:06,
2025-11-22 15:32:16,
2025-11-22 15:32:26,
2025-11-22 15:32:36,0.5652930378913881
2025-11-22 15:32:46,
2025-11-22 15:32:56,
2025-11-22 15:33:06,
2025-11-22 15:33:16,
2025-11-22 15:33:26,0.8218475103378301
2025-11-22 15:33:36,
2025-11-22 15:33:46,
2025-11-22 15:33:56,
2025-11-22 15:34:06,
2025-11-22 15:34:16,
2025-11-22 15:34:26,
2025-11-22 15:34:36,
2025-11-22 15:34:46,
2025-11-22 15:34:56,
2025-11-22 15:35:06,
2025-11-22 15:35:16,
2025-11-22 15:35:26,
2025-11-22 15:35:36,
2025-11-22 15:35:46,0.563723194599152
2025-11-22 15:35:56,
2025-11-22 15:36:06,
2025-11-22 15:36:16,
2025-11-22 15:36:26,
2025-11-22 15:36:36,
2025-11-22 15:36:46,
2025-11-22 15:36:56,0.5647116959095
2025-11-22 15:37:06,
2025-11-22 15:37:16,0.59291957616806
2025-11-22 15:37:26,
2025-11-22 15:37:36,
2025-11-22 15:37:46,0.595016419887543
2025-11-22 15:37:56,0.585136502981186
2025-11-22 15:38:06,
2025-11-22 15:38:16,0.580110955238342
2025-11-22 15:38:26,
2025-11-22 15:38:36,
2025-11-22 15:38:46,
2025-11-22 15:38:56,
2025-11-22 15:39:06,
2025-11-22 15:39:16,
2025-11-22 15:39:26,
2025-11-22 15:39:36,
2025-11-22 15:39:46,
2025-11-22 15:39:56,
2025-11-22 15:40:06,
2025-11-22 15:40:16,
2025-11-22 15:40:26,
2025-11-22 15:40:36,
2025-11-22 15:40:46,
2025-11-22 15:40:56,
2025-11-22 15:41:06,
2025-11-22 15:41:16,
2025-11-22 15:41:26,
2025-11-22 15:41:36,
2025-11-22 15:41:46,
2025-11-22 15:41:56,
2025-11-22 15:42:06,
2025-11-22 15:42:16,
2025-11-22 15:42:26,
2025-11-22 15:42:36,
2025-11-22 15:42:46,
2025-11-22 15:42:56,
2025-11-22 15:43:06,
2025-11-22 15:43:16,
2025-11-22 15:43:26,
2025-11-22 15:43:36,
2025-11-22 15:43:46,
2025-11-22 15:43:56,
2025-11-22 15:44:06,
2025-11-22 15:44:16,
2025-11-22 15:44:26,
2025-11-22 15:44:36,
2025-11-22 15:44:46,
2025-11-22 15:44:56,
2025-11-22 15:45:06,
2025-11-22 15:45:16,
2025-11-22 15:45:26,
2025-11-22 15:45:36,
2025-11-22 15:45:46,
2025-11-22 15:45:56,
2025-11-22 15:46:06,
2025-11-22 15:46:16,
2025-11-22 15:46:26,
2025-11-22 15:46:36,
2025-11-22 15:46:46,
2025-11-22 15:46:56,
2025-11-22 15:47:06,
2025-11-22 15:47:16,
2025-11-22 15:47:26,
2025-11-22 15:47:36,
2025-11-22 15:47:46,
2025-11-22 15:47:56,
2025-11-22 15:48:06,
2025-11-22 15:48:16,
2025-11-22 15:48:26,
2025-11-22 15:48:36,
2025-11-22 15:48:46,
2025-11-22 15:48:56,
2025-11-22 15:49:06,
2025-11-22 15:49:16,
2025-11-22 15:49:26,
2025-11-22 15:49:36,
2025-11-22 15:49:46,
2025-11-22 15:49:56,
2025-11-22 15:50:06,0.699679917097092
2025-11-22 15:50:16,0.612319135665894
2025-11-22 15:50:26,
2025-11-22 15:50:36,0.576867628097534
2025-11-22 15:50:46,
2025-11-22 15:50:56,
2025-11-22 15:51:06,
2025-11-22 15:51:16,
2025-11-22 15:51:26,
2025-11-22 15:51:36,
2025-11-22 15:51:46,0.528232473134995
2025-11-22 15:51:56,
2025-11-22 15:52:06,0.628647190332413
2025-11-22 15:52:16,
2025-11-22 15:52:26,
2025-11-22 15:52:36,
2025-11-22 15:52:46,
2025-11-22 15:52:56,0.6268857300281521
2025-11-22 15:53:06,0.561843234300613
2025-11-22 15:53:16,
2025-11-22 15:53:26,
2025-11-22 15:53:36,
2025-11-22 15:53:46,0.779695791006088
2025-11-22 15:53:56,0.969323301315308
2025-11-22 15:54:06,
2025-11-22 15:54:16,0.7346047997474671
2025-11-22 15:54:26,0.6673908412456511
2025-11-22 15:54:36,
2025-11-22 15:54:46,0.646190500259399
2025-11-22 15:54:56,0.658242845535278
2025-11-22 15:55:06,0.631742942333221
2025-11-22 15:55:16,0.696636468172073
2025-11-22 15:55:26,0.712162166833878
2025-11-22 15:55:36,0.668533194065094
2025-11-22 15:55:46,0.626082193851471
2025-11-22 15:55:56,0.6852840721607211
2025-11-22 15:56:06,0.712581074237823
2025-11-22 15:56:16,0.7693295896053309
2025-11-22 15:56:26,
2025-11-22 15:56:36,
2025-11-22 15:56:46,0.523088210821152
2025-11-22 15:56:56,0.521515846252441
2025-11-22 15:57:06,0.531162893772125
2025-11-22 15:57:16,0.539230388402939
2025-11-22 15:57:26,0.564579033851624
2025-11-22 15:57:36,0.562896698713303
2025-11-22 15:57:46,
2025-11-22 15:57:56,0.610709863901138
2025-11-22 15:58:06,
2025-11-22 15:58:16,0.544703704118729
2025-11-22 15:58:26,0.5739655315876011
2025-11-22 15:58:36,0.75034995675087
2025-11-22 15:58:46,0.758205771446228
2025-11-22 15:58:56,0.787180602550507
2025-11-22 15:59:06,
2025-11-22 15:59:16,
2025-11-22 15:59:26,0.5804768621921541
2025-11-22 15:59:36,0.559047782421112
2025-11-22 15:59:46,
2025-11-22 15:59:56,0.53720982670784
2025-11-22 16:00:06,
2025-11-22 16:00:16,0.340793377161026
2025-11-22 16:00:26,0.295996195077896
2025-11-22 16:00:36,0.297300446033478
2025-11-22 16:00:46,
2025-11-22 16:00:56,
2025-11-22 16:01:06,
2025-11-22 16:01:16,
2025-11-22 16:01:26,
2025-11-22 16:01:36,
2025-11-22 16:01:46,
2025-11-22 16:01:56,
2025-11-22 16:02:06,0.2914091080427169
2025-11-22 16:02:16,0.287810227274895
2025-11-22 16:02:26,0.278935253620148
2025-11-22 16:02:36,0.285427325963974
2025-11-22 16:02:46,0.284521624445915
2025-11-22 16:02:56,
2025-11-22 16:03:06,
2025-11-22 16:03:16,
2025-11-22 16:03:26,
2025-11-22 16:03:36,0.309425720572472
2025-11-22 16:03:46,0.311453256011009
2025-11-22 16:03:56,0.313937839865685
2025-11-22 16:04:06,0.31453677713871
2025-11-22 16:04:16,0.3124301165342329
2025-11-22 16:04:26,0.310680323839188
2025-11-22 16:04:36,
2025-11-22 16:04:46,0.291593483090401
2025-11-22 16:04:56,0.282715398073196
2025-11-22 16:05:06,
2025-11-22 16:05:16,0.274159714579582
2025-11-22 16:05:26,0.285437840223312
2025-11-22 16:05:36,
2025-11-22 16:05:46,0.285721698403358
2025-11-22 16:05:56,0.289629274606705
2025-11-22 16:06:06,0.288070186972618
2025-11-22 16:06:16,0.296289226412773
2025-11-22 16:06:26,0.299242660403252
2025-11-22 16:06:36,0.3686984360218049
2025-11-22 16:06:46,0.439539867639542
2025-11-22 16:06:56,
2025-11-22 16:07:06,
2025-11-22 16:07:16,
2025-11-22 16:07:26,
2025-11-22 16:07:36,
2025-11-22 16:07:46,0.285983750224113
2025-11-22 16:07:56,0.2849982529878619
2025-11-22 16:08:06,0.29154109954834
2025-11-22 16:08:16,0.287689179182053
2025-11-22 16:08:26,
2025-11-22 16:08:36,0.292315748333931
2025-11-22 16:08:46,
2025-11-22 16:08:56,
2025-11-22 16:09:06,
2025-11-22 16:09:16,0.304773107171059
2025-11-22 16:09:26,0.301693850755692
2025-11-22 16:09:36,
2025-11-22 16:09:46,
2025-11-22 16:09:56,0.305772498250008
2025-11-22 16:10:06,0.295673874020576
2025-11-22 16:10:16,
2025-11-22 16:10:26,
2025-11-22 16:10:36,
2025-11-22 16:10:46,
2025-11-22 16:10:56,
2025-11-22 16:11:06,0.292492774128914
2025-11-22 16:11:16,
2025-11-22 16:11:26,
2025-11-22 16:11:36,
2025-11-22 16:11:46,
2025-11-22 16:11:56,
2025-11-22 16:12:06,
2025-11-22 16:12:16,
2025-11-22 16:12:26,0.291880720853806
2025-11-22 16:12:36,
2025-11-22 16:12:46,
2025-11-22 16:12:56,0.305310380458832
2025-11-22 16:13:06,0.299848812818527
2025-11-22 16:13:16,
2025-11-22 16:13:26,
2025-11-22 16:13:36,
2025-11-22 16:13:46,
2025-11-22 16:13:56,
2025-11-22 16:14:06,
2025-11-22 16:14:16,
2025-11-22 16:14:26,
2025-11-22 16:14:36,
2025-11-22 16:14:46,
2025-11-22 16:14:56,
2025-11-22 16:15:06,0.29307553768158
2025-11-22 16:15:16,0.300420123338699
2025-11-22 16:15:26,0.286259347200394
2025-11-22 16:15:36,
2025-11-22 16:15:46,0.270081281661987
2025-11-22 16:15:56,0.267728394269943
2025-11-22 16:16:06,
2025-11-22 16:16:16,
2025-11-22 16:16:26,
2025-11-22 16:16:36,
2025-11-22 16:16:46,
2025-11-22 16:16:56,0.32120061814785
2025-11-22 16:17:06,0.327082005143166
2025-11-22 16:17:16,0.328060233592987
2025-11-22 16:17:26,0.328282910585403
2025-11-22 16:17:36,
2025-11-22 16:17:46,
2025-11-22 16:17:56,0.317577892541885
2025-11-22 16:18:06,
2025-11-22 16:18:16,
2025-11-22 16:18:26,
2025-11-22 16:18:36,
2025-11-22 16:18:46,
2025-11-22 16:18:56,
2025-11-22 16:19:06,
2025-11-22 16:19:16,
2025-11-22 16:19:26,
2025-11-22 16:19:36,
2025-11-22 16:19:46,
2025-11-22 16:19:56,0.31693212389946
2025-11-22 16:20:06,0.324498152732849
2025-11-22 16:20:16,
2025-11-22 16:20:26,
2025-11-22 16:20:36,
2025-11-22 16:20:46,
2025-11-22 16:20:56,
2025-11-22 16:21:06,
2025-11-22 16:21:16,
2025-11-22 16:21:26,
2025-11-22 16:21:36,
2025-11-22 16:21:46,
2025-11-22 16:21:56,
2025-11-22 16:22:06,
2025-11-22 16:22:16,
2025-11-22 16:22:26,
2025-11-22 16:22:36,
2025-11-22 16:22:46,
2025-11-22 16:22:56,
2025-11-22 16:23:06,
2025-11-22 16:23:16,
2025-11-22 16:23:26,
2025-11-22 16:23:36,
2025-11-22 16:23:46,
2025-11-22 16:23:56,0.0696230985224247
2025-11-22 16:24:06,
2025-11-22 16:24:16,
2025-11-22 16:24:26,
2025-11-22 16:24:36,
2025-11-22 16:24:46,
2025-11-22 16:24:56,
2025-11-22 16:25:06,
2025-11-22 16:25:16,
2025-11-22 16:25:26,
2025-11-22 16:25:36,
2025-11-22 16:25:46,
2025-11-22 16:25:56,
2025-11-22 16:26:06,
2025-11-22 16:26:16,
2025-11-22 16:26:26,
2025-11-22 16:26:36,
2025-11-22 16:26:46,
2025-11-22 16:26:56,
2025-11-22 16:27:06,
2025-11-22 16:27:16,
2025-11-22 16:27:26,
2025-11-22 16:27:36,
2025-11-22 16:27:46,
2025-11-22 16:27:56,0.0288849703967571
2025-11-22 16:28:06,
2025-11-22 16:28:16,
2025-11-22 16:28:26,
2025-11-22 16:28:36,0.0288563143461943
2025-11-22 16:28:46,
2025-11-22 16:28:56,
2025-11-22 16:29:06,
2025-11-22 16:29:16,
2025-11-22 16:29:26,
2025-11-22 16:29:36,
2025-11-22 16:29:46,
2025-11-22 16:29:56,
2025-11-22 16:30:06,
2025-11-22 16:30:16,
2025-11-22 16:30:26,
2025-11-22 16:30:36,
2025-11-22 16:30:46,
2025-11-22 16:30:56,
2025-11-22 16:31:06,
2025-11-22 16:31:16,
2025-11-22 16:31:26,
2025-11-22 16:31:36,
2025-11-22 16:31:46,
2025-11-22 16:31:56,
2025-11-22 16:32:06,
2025-11-22 16:32:16,
2025-11-22 16:32:26,
2025-11-22 16:32:36,
2025-11-22 16:32:46,
2025-11-22 16:32:56,
2025-11-22 16:33:06,
2025-11-22 16:33:16,
2025-11-22 16:33:26,
2025-11-22 16:33:36,
2025-11-22 16:33:46,
2025-11-22 16:33:56,
2025-11-22 16:34:06,
2025-11-22 16:34:16,
2025-11-22 16:34:26,
2025-11-22 16:34:36,
2025-11-22 16:34:46,0.078501907736063
2025-11-22 16:34:56,
2025-11-22 16:35:06,
2025-11-22 16:35:16,
2025-11-22 16:35:26,
2025-11-22 16:35:36,
2025-11-22 16:35:46,
2025-11-22 16:35:56,
2025-11-22 16:36:06,
2025-11-22 16:36:16,
2025-11-22 16:36:26,
2025-11-22 16:36:36,
2025-11-22 16:36:46,
2025-11-22 16:36:56,
2025-11-22 16:37:06,0.093588924407959
2025-11-22 16:37:16,
2025-11-22 16:37:26,0.0770363017916679
2025-11-22 16:37:36,
2025-11-22 16:37:46,
2025-11-22 16:37:56,
2025-11-22 16:38:06,
2025-11-22 16:38:16,
2025-11-22 16:38:26,0.0637223057448864
2025-11-22 16:38:36,
2025-11-22 16:38:46,
2025-11-22 16:38:56,
2025-11-22 16:39:06,
2025-11-22 16:39:16,
2025-11-22 16:39:26,
2025-11-22 16:39:36,
2025-11-22 16:39:46,
2025-11-22 16:39:56,
2025-11-22 16:40:06,
2025-11-22 16:40:16,
2025-11-22 16:40:26,
2025-11-22 16:40:36,
2025-11-22 16:40:46,
2025-11-22 16:40:56,0.0462948773056269
2025-11-22 16:41:06,
2025-11-22 16:41:16,0.0466117970645428
2025-11-22 16:41:26,0.0453560337424278
2025-11-22 16:41:36,0.045136558637023
2025-11-22 16:41:46,0.0482031315565108
2025-11-22 16:41:56,0.0377030678093433
2025-11-22 16:42:06,0.043085503578186
2025-11-22 16:42:16,0.0420873194932938
2025-11-22 16:42:26,
2025-11-22 16:42:36,
2025-11-22 16:42:46,
2025-11-22 16:42:56,
2025-11-22 16:43:06,
2025-11-22 16:43:16,
2025-11-22 16:43:26,0.0408607218414545
2025-11-22 16:43:36,0.041322048380971
2025-11-22 16:43:46,
2025-11-22 16:43:56,0.0423992168158292
2025-11-22 16:44:06,0.0415482759475708
2025-11-22 16:44:16,
2025-11-22 16:44:26,
2025-11-22 16:44:36,
2025-11-22 16:44:46,
2025-11-22 16:44:56,0.0436005614697933
2025-11-22 16:45:06,0.0416348341852427
2025-11-22 16:45:16,0.0386165477335453
2025-11-22 16:45:26,
2025-11-22 16:45:36,
2025-11-22 16:45:46,
2025-11-22 16:45:56,
2025-11-22 16:46:06,
2025-11-22 16:46:16,
2025-11-22 16:46:26,
2025-11-22 16:46:36,
2025-11-22 16:46:46,
2025-11-22 16:46:56,
2025-11-22 16:47:06,
2025-11-22 16:47:16,
2025-11-22 16:47:26,
2025-11-22 16:47:36,
2025-11-22 16:47:46,0.0365528795868158
2025-11-22 16:47:56,
2025-11-22 16:48:06,0.045752601698041
2025-11-22 16:48:16,0.0368229981511831
2025-11-22 16:48:26,
2025-11-22 16:48:36,0.037053557485342
2025-11-22 16:48:46,
2025-11-22 16:48:56,0.0462585467845201
2025-11-22 16:49:06,
2025-11-22 16:49:16,
2025-11-22 16:49:26,
2025-11-22 16:49:36,
2025-11-22 16:49:46,
2025-11-22 16:49:56,
2025-11-22 16:50:06,
2025-11-22 16:50:16,
2025-11-22 16:50:26,
2025-11-22 16:50:36,
2025-11-22 16:50:46,0.0402093004435301
2025-11-22 16:50:56,
2025-11-22 16:51:06,0.0384252056479453
2025-11-22 16:51:16,0.020709746517241
2025-11-22 16:51:26,
2025-11-22 16:51:36,0.0120712833479047
2025-11-22 16:51:46,0.0194486103951931
2025-11-22 16:51:56,0.0059371538925916
2025-11-22 16:52:06,
2025-11-22 16:52:16,0.0105307993479072
2025-11-22 16:52:26,
2025-11-22 16:52:36,0.0175588130950927
2025-11-22 16:52:46,
2025-11-22 16:52:56,
2025-11-22 16:53:06,0.0315335646271706
2025-11-22 16:53:16,0.0308573294430971
2025-11-22 16:53:26,0.0260664984583855
2025-11-22 16:53:36,0.0226724496111274
2025-11-22 16:53:46,
2025-11-22 16:53:56,0.0317388843744993
2025-11-22 16:54:06,0.0404875729233027
2025-11-22 16:54:16,
2025-11-22 16:54:26,
2025-11-22 16:54:36,0.0365988694131374
2025-11-22 16:54:46,
2025-11-22 16:54:56,
2025-11-22 16:55:06,0.041680009290576
2025-11-22 16:55:16,
2025-11-22 16:55:26,0.0415867287665605
2025-11-22 16:55:36,
2025-11-22 16:55:46,0.0445868499577045
2025-11-22 16:55:56,
2025-11-22 16:56:06,0.0405562408268452
2025-11-22 16:56:16,
2025-11-22 16:56:26,0.040194384008646
2025-11-22 16:56:36,
2025-11-22 16:56:46,0.0429101072251797
2025-11-22 16:56:56,
2025-11-22 16:57:06,
2025-11-22 16:57:16,
2025-11-22 16:57:26,
2025-11-22 16:57:36,
2025-11-22 16:57:46,
2025-11-22 16:57:56,
2025-11-22 16:58:06,
2025-11-22 16:58:16,0.0342772331088781
2025-11-22 16:58:26,
2025-11-22 16:58:36,0.0409531675279139
2025-11-22 16:58:46,0.0087075392715632
2025-11-22 16:58:56,
2025-11-22 16:59:06,
2025-11-22 16:59:16,
2025-11-22 16:59:26,
2025-11-22 16:59:36,
2025-11-22 16:59:46,
2025-11-22 16:59:56,
2025-11-22 17:00:06,
2025-11-22 17:00:16,
2025-11-22 17:00:26,0.0363790053874254
2025-11-22 17:00:36,
2025-11-22 17:00:46,0.0335139233618975
2025-11-22 17:00:56,0.037104097008705
2025-11-22 17:01:06,
2025-11-22 17:01:16,
2025-11-22 17:01:26,
2025-11-22 17:01:36,
2025-11-22 17:01:46,
2025-11-22 17:01:56,
2025-11-22 17:02:06,
2025-11-22 17:02:16,
2025-11-22 17:02:26,
2025-11-22 17:02:36,
2025-11-22 17:02:46,
2025-11-22 17:02:56,
2025-11-22 17:03:06,
2025-11-22 17:03:16,
2025-11-22 17:03:26,
2025-11-22 17:03:36,
2025-11-22 17:03:46,0.265614759922028
2025-11-22 17:03:56,0.413206502795219
2025-11-22 17:04:06,
2025-11-22 17:04:16,
2025-11-22 17:04:26,
2025-11-22 17:04:36,
2025-11-22 17:04:46,
2025-11-22 17:04:56,
2025-11-22 17:05:06,
2025-11-22 17:05:16,
2025-11-22 17:05:26,
2025-11-22 17:05:36,
2025-11-22 17:05:46,
2025-11-22 17:05:56,
2025-11-22 17:06:06,
2025-11-22 17:06:16,
2025-11-22 17:06:26,
2025-11-22 17:06:36,
2025-11-22 17:06:46,
2025-11-22 17:06:56,
2025-11-22 17:07:06,
2025-11-22 17:07:16,0.541987484693527
2025-11-22 17:07:26,0.400237593054771
2025-11-22 17:07:36,0.393286031484604
2025-11-22 17:07:46,0.397960934042931
2025-11-22 17:07:56,0.384674209356308
2025-11-22 17:08:06,0.391663375496864
2025-11-22 17:08:16,0.379751202464104
2025-11-22 17:08:26,0.379085531830788
2025-11-22 17:08:36,
2025-11-22 17:08:46,
2025-11-22 17:08:56,
2025-11-22 17:09:06,0.40142967402935
2025-11-22 17:09:16,0.38985798060894
2025-11-22 17:09:26,
2025-11-22 17:09:36,0.389433708786964
2025-11-22 17:09:46,0.394723480939865
2025-11-22 17:09:56,0.39998881816864
2025-11-22 17:10:06,0.390912678837776
2025-11-22 17:10:16,0.391193264722824
2025-11-22 17:10:26,0.389029714465141
2025-11-22 17:10:36,0.395299351215363
2025-11-22 17:10:46,0.398453575372696
2025-11-22 17:10:56,0.398946404457092
2025-11-22 17:11:06,0.398517706990242
2025-11-22 17:11:16,
2025-11-22 17:11:26,0.398941040039062
2025-11-22 17:11:36,0.399757450819016
2025-11-22 17:11:46,0.397378116846085
2025-11-22 17:11:56,0.39186078608036
2025-11-22 17:12:06,0.385912451148033
2025-11-22 17:12:16,0.389651182293892
2025-11-22 17:12:26,0.392332157492638
2025-11-22 17:12:36,0.389255636930466
2025-11-22 17:12:46,0.391213005781174
2025-11-22 17:12:56,0.391511669754982
2025-11-22 17:13:06,0.396752384305
2025-11-22 17:13:16,
2025-11-22 17:13:26,0.398436811566353
2025-11-22 17:13:36,
2025-11-22 17:13:46,
2025-11-22 17:13:56,0.401018357276917
2025-11-22 17:14:06,0.399735724925995
2025-11-22 17:14:16,0.397602939605713
2025-11-22 17:14:26,0.390593281388283
2025-11-22 17:14:36,0.382831075787544
2025-11-22 17:14:46,0.363631153106689
2025-11-22 17:14:56,0.356555458903313
2025-11-22 17:15:06,0.350667902827263
2025-11-22 17:15:16,0.350510913133621
2025-11-22 17:15:26,0.352855405211449
2025-11-22 17:15:36,0.35128325521946
2025-11-22 17:15:46,
2025-11-22 17:15:56,0.363988932967186
2025-11-22 17:16:06,0.364538490772247
2025-11-22 17:16:16,0.365242409706116
2025-11-22 17:16:26,
2025-11-22 17:16:36,0.380806973576546
2025-11-22 17:16:46,0.397368648648262
2025-11-22 17:16:56,0.403136336803436
2025-11-22 17:17:06,0.407203209400177
2025-11-22 17:17:16,0.402954617142677
2025-11-22 17:17:26,0.390313822031021
2025-11-22 17:17:36,
2025-11-22 17:17:46,
2025-11-22 17:17:56,0.385055378079414
2025-11-22 17:18:06,0.361215797066689
2025-11-22 17:18:16,0.34467895925045
2025-11-22 17:18:26,0.339085748791695
2025-11-22 17:18:36,0.346325567364693
2025-11-22 17:18:46,0.353476175665855
2025-11-22 17:18:56,0.355848267674446
2025-11-22 17:19:06,0.36032093167305
2025-11-22 17:19:16,0.362634551525116
2025-11-22 17:19:26,0.361039280891418
2025-11-22 17:19:36,0.362416970729828
2025-11-22 17:19:46,0.369024646282196
2025-11-22 17:19:56,0.36440215408802
2025-11-22 17:20:06,0.376200494170189
2025-11-22 17:20:16,0.380755770206451
2025-11-22 17:20:26,0.361248037219048
2025-11-22 17:20:36,0.377829453349113
2025-11-22 17:20:46,0.386343482136726
2025-11-22 17:20:56,0.384893023967743
2025-11-22 17:21:06,0.367635181546211
2025-11-22 17:21:16,0.354472455382347
2025-11-22 17:21:26,
2025-11-22 17:21:36,
2025-11-22 17:21:46,
2025-11-22 17:21:56,
2025-11-22 17:22:06,0.351098182797432
2025-11-22 17:22:16,0.350196745991707
2025-11-22 17:22:26,0.3498551130294799
2025-11-22 17:22:36,0.356354802846909
2025-11-22 17:22:46,0.35674412548542
2025-11-22 17:22:56,0.355196222662926
2025-11-22 17:23:06,0.3700530588626859
2025-11-22 17:23:16,
2025-11-22 17:23:26,0.362760776281357
2025-11-22 17:23:36,0.357293817400932
2025-11-22 17:23:46,0.3551273703575129
2025-11-22 17:23:56,0.341640070080757
2025-11-22 17:24:06,
2025-11-22 17:24:16,
2025-11-22 17:24:26,0.314093086123466
2025-11-22 17:24:36,
2025-11-22 17:24:46,
2025-11-22 17:24:56,
2025-11-22 17:25:06,0.322558808326721
2025-11-22 17:25:16,
2025-11-22 17:25:26,0.3263353317976
2025-11-22 17:25:36,
2025-11-22 17:25:46,
2025-11-22 17:25:56,
2025-11-22 17:26:06,
2025-11-22 17:26:16,
2025-11-22 17:26:26,0.369097548723221
2025-11-22 17:26:36,0.402589327096939
2025-11-22 17:26:46,
2025-11-22 17:26:56,
2025-11-22 17:27:06,
2025-11-22 17:27:16,
2025-11-22 17:27:26,
2025-11-22 17:27:36,
2025-11-22 17:27:46,
2025-11-22 17:27:56,
2025-11-22 17:28:06,
2025-11-22 17:28:16,
2025-11-22 17:28:26,
2025-11-22 17:28:36,
2025-11-22 17:28:46,
2025-11-22 17:28:56,
2025-11-22 17:29:06,
2025-11-22 17:29:16,
2025-11-22 17:29:26,
2025-11-22 17:29:36,0.388494667410851
2025-11-22 17:29:46,
2025-11-22 17:29:56,
2025-11-22 17:30:06,
2025-11-22 17:30:16,
2025-11-22 17:30:26,
2025-11-22 17:30:36,
2025-11-22 17:30:46,
2025-11-22 17:30:56,
2025-11-22 17:31:06,
2025-11-22 17:31:16,
2025-11-22 17:31:26,
2025-11-22 17:31:36,
2025-11-22 17:31:46,
2025-11-22 17:31:56,
2025-11-22 17:32:06,
2025-11-22 17:32:16,
2025-11-22 17:32:26,
2025-11-22 17:32:36,
2025-11-22 17:32:46,
2025-11-22 17:32:56,
2025-11-22 17:33:06,
2025-11-22 17:33:16,
2025-11-22 17:33:26,
2025-11-22 17:33:36,
2025-11-22 17:33:46,
2025-11-22 17:33:56,
2025-11-22 17:34:06,
2025-11-22 17:34:16,
2025-11-22 17:34:26,
2025-11-22 17:34:36,
2025-11-22 17:34:46,
2025-11-22 17:34:56,
2025-11-22 17:35:06,
2025-11-22 17:35:16,
2025-11-22 17:35:26,
2025-11-22 17:35:36,
2025-11-22 17:35:46,
2025-11-22 17:35:56,
2025-11-22 17:36:06,
2025-11-22 17:36:16,
2025-11-22 17:36:26,
2025-11-22 17:36:36,
2025-11-22 17:36:46,
2025-11-22 17:36:56,
2025-11-22 17:37:06,
2025-11-22 17:37:16,
2025-11-22 17:37:26,
2025-11-22 17:37:36,
2025-11-22 17:37:46,
2025-11-22 17:37:56,
2025-11-22 17:38:06,
2025-11-22 17:38:16,
2025-11-22 17:38:26,
2025-11-22 17:38:36,
2025-11-22 17:38:46,
2025-11-22 17:38:56,
2025-11-22 17:39:06,
2025-11-22 17:39:16,
2025-11-22 17:39:26,
2025-11-22 17:39:36,
2025-11-22 17:39:46,0.320864269137383
2025-11-22 17:39:56,
2025-11-22 17:40:06,
2025-11-22 17:40:16,
2025-11-22 17:40:26,
2025-11-22 17:40:36,0.291543433070183
2025-11-22 17:40:46,0.2933350950479509
2025-11-22 17:40:56,0.282777464389801
2025-11-22 17:41:06,0.289357459545135
2025-11-22 17:41:16,0.288670465350151
2025-11-22 17:41:26,0.28530059158802
2025-11-22 17:41:36,
2025-11-22 17:41:46,0.285832178592682
2025-11-22 17:41:56,0.273608976602554
2025-11-22 17:42:06,0.270546081662178
2025-11-22 17:42:16,
2025-11-22 17:42:26,
2025-11-22 17:42:36,
2025-11-22 17:42:46,
2025-11-22 17:42:56,
2025-11-22 17:43:06,
2025-11-22 17:43:16,
2025-11-22 17:43:26,
2025-11-22 17:43:36,
2025-11-22 17:43:46,
2025-11-22 17:43:56,
2025-11-22 17:44:06,
2025-11-22 17:44:16,
2025-11-22 17:44:26,
2025-11-22 17:44:36,
2025-11-22 17:44:46,0.271684357523918
2025-11-22 17:44:56,
2025-11-22 17:45:06,
2025-11-22 17:45:16,
2025-11-22 17:45:26,
2025-11-22 17:45:36,
2025-11-22 17:45:46,
2025-11-22 17:45:56,
2025-11-22 17:46:06,
2025-11-22 17:46:16,
2025-11-22 17:46:26,0.309478265047073
2025-11-22 17:46:36,0.309670820832253
2025-11-22 17:46:46,
2025-11-22 17:46:56,
2025-11-22 17:47:06,0.265569430589676
2025-11-22 17:47:16,
2025-11-22 17:47:26,
2025-11-22 17:47:36,
2025-11-22 17:47:46,
2025-11-22 17:47:56,
2025-11-22 17:48:06,
2025-11-22 17:48:16,
2025-11-22 17:48:26,
2025-11-22 17:48:36,
2025-11-22 17:48:46,
2025-11-22 17:48:56,
2025-11-22 17:49:06,
2025-11-22 17:49:16,
2025-11-22 17:49:26,
2025-11-22 17:49:36,
2025-11-22 17:49:46,
2025-11-22 17:49:56,
2025-11-22 17:50:06,
2025-11-22 17:50:16,
2025-11-22 17:50:26,
2025-11-22 17:50:36,
2025-11-22 17:50:46,
2025-11-22 17:50:56,
2025-11-22 17:51:06,0.226613295078278
2025-11-22 17:51:16,
2025-11-22 17:51:26,
2025-11-22 17:51:36,0.253163087368011
2025-11-22 17:51:46,0.2621094614267349
2025-11-22 17:51:56,
2025-11-22 17:52:06,0.279526305198669
2025-11-22 17:52:16,0.28589124083519
2025-11-22 17:52:26,0.288123697042465
2025-11-22 17:52:36,0.278207141160965
2025-11-22 17:52:46,
2025-11-22 17:52:56,0.256716960668564
2025-11-22 17:53:06,0.244857493042946
2025-11-22 17:53:16,0.221004876494408
2025-11-22 17:53:26,0.212229251861572
2025-11-22 17:53:36,
2025-11-22 17:53:46,
2025-11-22 17:53:56,0.232071349024773
2025-11-22 17:54:06,0.236287245154381
2025-11-22 17:54:16,0.231116080284119
2025-11-22 17:54:26,
2025-11-22 17:54:36,0.260068970918655
2025-11-22 17:54:46,
2025-11-22 17:54:56,0.274612605571747
2025-11-22 17:55:06,0.277602329850197
2025-11-22 17:55:16,0.27898436486721
2025-11-22 17:55:26,0.275691631436348
2025-11-22 17:55:36,
2025-11-22 17:55:46,
2025-11-22 17:55:56,
2025-11-22 17:56:06,
2025-11-22 17:56:16,
2025-11-22 17:56:26,
2025-11-22 17:56:36,
2025-11-22 17:56:46,
2025-11-22 17:56:56,
2025-11-22 17:57:06,
2025-11-22 17:57:16,
2025-11-22 17:57:26,
2025-11-22 17:57:36,
2025-11-22 17:57:46,
2025-11-22 17:57:56,
2025-11-22 17:58:06,
2025-11-22 17:58:16,
2025-11-22 17:58:26,
2025-11-22 17:58:36,
2025-11-22 17:58:46,
2025-11-22 17:58:56,
2025-11-22 17:59:06,
2025-11-22 17:59:16,
2025-11-22 17:59:26,
2025-11-22 17:59:36,
2025-11-22 17:59:46,
2025-11-22 17:59:56,0.251072600483894
2025-11-22 18:00:06,
2025-11-22 18:00:16,
2025-11-22 18:00:26,0.236151203513145
2025-11-22 18:00:36,
2025-11-22 18:00:46,
2025-11-22 18:00:56,
2025-11-22 18:01:06,
2025-11-22 18:01:16,
2025-11-22 18:01:26,
2025-11-22 18:01:36,
2025-11-22 18:01:46,
2025-11-22 18:01:56,
2025-11-22 18:02:06,
2025-11-22 18:02:16,
2025-11-22 18:02:26,
2025-11-22 18:02:36,
2025-11-22 18:02:46,
2025-11-22 18:02:56,
2025-11-22 18:03:06,
2025-11-22 18:03:16,
2025-11-22 18:03:26,
2025-11-22 18:03:36,
2025-11-22 18:03:46,
2025-11-22 18:03:56,
2025-11-22 18:04:06,
2025-11-22 18:04:16,
2025-11-22 18:04:26,
2025-11-22 18:04:36,
2025-11-22 18:04:46,
2025-11-22 18:04:56,
2025-11-22 18:05:06,
2025-11-22 18:05:16,0.230080103874207
2025-11-22 18:05:26,
2025-11-22 18:05:36,
2025-11-22 18:05:46,0.236959701776505
2025-11-22 18:05:56,0.253633627295494
2025-11-22 18:06:06,
2025-11-22 18:06:16,0.2754047691822049
2025-11-22 18:06:26,
2025-11-22 18:06:36,0.3200908809900279
2025-11-22 18:06:46,0.315908592939377
2025-11-22 18:06:56,
2025-11-22 18:07:06,
2025-11-22 18:07:16,
2025-11-22 18:07:26,
2025-11-22 18:07:36,
2025-11-22 18:07:46,
2025-11-22 18:07:56,0.231985169649124
2025-11-22 18:08:06,
2025-11-22 18:08:16,
2025-11-22 18:08:26,0.257635214924812
2025-11-22 18:08:36,0.25657214820385
2025-11-22 18:08:46,
2025-11-22 18:08:56,0.2730607599019999
2025-11-22 18:09:06,
2025-11-22 18:09:16,0.283245107531548
2025-11-22 18:09:26,0.335496979951859
2025-11-22 18:09:36,0.309052437543869
2025-11-22 18:09:46,0.281615853309631
2025-11-22 18:09:56,0.264164757728577
2025-11-22 18:10:06,
2025-11-22 18:10:16,
2025-11-22 18:10:26,
2025-11-22 18:10:36,
2025-11-22 18:10:46,
2025-11-22 18:10:56,
2025-11-22 18:11:06,
2025-11-22 18:11:16,
2025-11-22 18:11:26,
2025-11-22 18:11:36,
2025-11-22 18:11:46,
2025-11-22 18:11:56,
2025-11-22 18:12:06,
2025-11-22 18:12:16,
2025-11-22 18:12:26,
2025-11-22 18:12:36,
2025-11-22 18:12:46,
2025-11-22 18:12:56,
2025-11-22 18:13:06,
2025-11-22 18:13:16,
2025-11-22 18:13:26,
2025-11-22 18:13:36,
2025-11-22 18:13:46,
2025-11-22 18:13:56,
2025-11-22 18:14:06,
2025-11-22 18:14:16,
2025-11-22 18:14:26,
2025-11-22 18:14:36,
2025-11-22 18:14:46,
2025-11-22 18:14:56,
2025-11-22 18:15:06,
2025-11-22 18:15:16,
2025-11-22 18:15:26,
2025-11-22 18:15:36,
2025-11-22 18:15:46,
2025-11-22 18:15:56,
2025-11-22 18:16:06,
2025-11-22 18:16:16,
2025-11-22 18:16:26,
2025-11-22 18:16:36,
2025-11-22 18:16:46,
2025-11-22 18:16:56,
2025-11-22 18:17:06,
2025-11-22 18:17:16,
2025-11-22 18:17:26,
2025-11-22 18:17:36,
2025-11-22 18:17:46,
2025-11-22 18:17:56,
2025-11-22 18:18:06,
2025-11-22 18:18:16,
2025-11-22 18:18:26,
2025-11-22 18:18:36,
2025-11-22 18:18:46,
2025-11-22 18:18:56,
2025-11-22 18:19:06,
2025-11-22 18:19:16,
2025-11-22 18:19:26,0.272194164991379
2025-11-22 18:19:36,
2025-11-22 18:19:46,
2025-11-22 18:19:56,
2025-11-22 18:20:06,
2025-11-22 18:20:16,
2025-11-22 18:20:26,
