datetime,cabal_m3h
2026-02-19 11:23:32,
2026-02-19 11:23:33,
2026-02-19 11:23:34,
2026-02-19 11:23:35,
2026-02-19 11:23:36,
2026-02-19 11:23:37,
2026-02-19 11:23:38,280.443620681763
2026-02-19 11:23:39,
2026-02-19 11:23:40,
2026-02-19 11:23:41,
2026-02-19 11:23:42,
2026-02-19 11:23:43,
2026-02-19 11:23:44,
2026-02-19 11:23:45,
2026-02-19 11:23:46,
2026-02-19 11:23:47,
2026-02-19 11:23:48,
2026-02-19 11:23:49,
2026-02-19 11:23:50,
2026-02-19 11:23:51,
2026-02-19 11:23:52,250.036543607712
2026-02-19 11:23:53,
2026-02-19 11:23:54,292.47759282589
2026-02-19 11:23:55,303.455767035484
2026-02-19 11:23:56,
2026-02-19 11:23:57,288.955530524254
2026-02-19 11:23:58,289.20875787735
2026-02-19 11:23:59,272.665643692017
2026-02-19 11:24:00,290.135139226913
2026-02-19 11:24:01,290.135139226913
2026-02-19 11:24:02,
2026-02-19 11:24:03,300.789624452591
2026-02-19 11:24:04,291.738617420197
2026-02-19 11:24:05,292.6847666502
2026-02-19 11:24:06,
2026-02-19 11:24:07,
2026-02-19 11:24:08,
2026-02-19 11:24:09,296.338471770287
2026-02-19 11:24:10,302.918547391891
2026-02-19 11:24:11,
2026-02-19 11:24:12,283.464646339417
2026-02-19 11:24:13,290.733674168587
2026-02-19 11:24:14,295.900976657867
2026-02-19 11:24:15,273.721039295197
2026-02-19 11:24:16,
2026-02-19 11:24:17,281.283125281334
2026-02-19 11:24:18,277.858534455299
2026-02-19 11:24:19,277.858534455299
2026-02-19 11:24:20,284.376436471939
2026-02-19 11:24:21,
2026-02-19 11:24:22,288.213095068932
2026-02-19 11:24:23,
2026-02-19 11:24:24,
2026-02-19 11:24:25,
2026-02-19 11:24:26,287.031126022339
2026-02-19 11:24:27,
2026-02-19 11:24:28,281.427294015884
2026-02-19 11:24:29,281.674191355705
2026-02-19 11:24:30,282.983565330505
2026-02-19 11:24:31,285.10055243969
2026-02-19 11:24:32,285.223236680031
2026-02-19 11:24:33,294.627115130424
2026-02-19 11:24:34,292.249390482903
2026-02-19 11:24:35,288.729527592659
2026-02-19 11:24:36,290.158608555794
2026-02-19 11:24:37,299.617740511894
2026-02-19 11:24:38,296.784335374832
2026-02-19 11:24:39,295.435076951981
2026-02-19 11:24:40,291.587716341019
2026-02-19 11:24:41,291.384324431419
2026-02-19 11:24:42,288.315340876579
2026-02-19 11:24:43,286.38664484024
2026-02-19 11:24:44,282.669103145599
2026-02-19 11:24:45,281.845557689667
2026-02-19 11:24:46,280.287355184555
2026-02-19 11:24:47,278.045779466629
2026-02-19 11:24:48,274.743846058846
2026-02-19 11:24:49,270.82023024559
2026-02-19 11:24:50,270.240014791489
2026-02-19 11:24:51,268.273419141769
2026-02-19 11:24:52,268.273419141769
2026-02-19 11:24:53,
2026-02-19 11:24:54,267.11011826992
2026-02-19 11:24:55,
2026-02-19 11:24:56,
2026-02-19 11:24:57,268.663224577904
2026-02-19 11:24:58,277.486914396286
2026-02-19 11:24:59,277.486914396286
2026-02-19 11:25:00,281.539222598076
2026-02-19 11:25:01,288.987073302269
2026-02-19 11:25:02,288.289082050323
2026-02-19 11:25:03,290.310904383659
2026-02-19 11:25:04,
2026-02-19 11:25:05,287.869182229042
2026-02-19 11:25:06,285.32757461071
2026-02-19 11:25:07,292.385029792786
2026-02-19 11:25:08,
2026-02-19 11:25:09,299.968332052231
2026-02-19 11:25:10,
2026-02-19 11:25:11,
2026-02-19 11:25:12,
2026-02-19 11:25:13,300.775784254074
2026-02-19 11:25:14,300.008511543274
2026-02-19 11:25:15,292.665240168571
2026-02-19 11:25:16,289.749518036842
2026-02-19 11:25:17,
2026-02-19 11:25:18,288.175436854362
2026-02-19 11:25:19,286.077278852463
2026-02-19 11:25:20,280.018946528435
2026-02-19 11:25:21,279.788678884506
2026-02-19 11:25:22,271.859720349312
2026-02-19 11:25:23,264.667028188705
2026-02-19 11:25:24,264.667028188705
2026-02-19 11:25:25,263.240012526512
2026-02-19 11:25:26,267.340815067291
2026-02-19 11:25:27,277.155339717865
2026-02-19 11:25:28,
2026-02-19 11:25:29,279.96409535408
2026-02-19 11:25:30,281.860095262527
2026-02-19 11:25:31,281.860095262527
2026-02-19 11:25:32,292.279887199402
2026-02-19 11:25:33,
2026-02-19 11:25:34,288.028693199158
2026-02-19 11:25:35,
2026-02-19 11:25:36,
2026-02-19 11:25:37,286.006012558937
2026-02-19 11:25:38,284.169611334801
2026-02-19 11:25:39,
2026-02-19 11:25:40,
2026-02-19 11:25:41,273.249694705009
2026-02-19 11:25:42,270.55359184742
2026-02-19 11:25:43,268.832042813301
2026-02-19 11:25:44,269.493770599365
2026-02-19 11:25:45,
2026-02-19 11:25:46,
2026-02-19 11:25:47,273.121538758278
2026-02-19 11:25:48,273.121538758278
2026-02-19 11:25:49,271.398192644119
2026-02-19 11:25:50,271.234148740768
2026-02-19 11:25:51,270.248973369598
2026-02-19 11:25:52,271.936163306236
2026-02-19 11:25:53,
2026-02-19 11:25:54,
2026-02-19 11:25:55,
2026-02-19 11:25:56,278.712576627731
2026-02-19 11:25:57,
2026-02-19 11:25:58,
2026-02-19 11:25:59,
2026-02-19 11:26:00,285.671648383141
2026-02-19 11:26:01,285.671648383141
2026-02-19 11:26:02,285.792803764343
2026-02-19 11:26:03,282.902589440346
2026-02-19 11:26:04,288.406723737717
2026-02-19 11:26:05,
2026-02-19 11:26:06,
2026-02-19 11:26:07,
2026-02-19 11:26:08,
2026-02-19 11:26:09,
2026-02-19 11:26:10,
2026-02-19 11:26:11,289.456567168236
2026-02-19 11:26:12,289.623427391052
2026-02-19 11:26:13,281.250375509262
2026-02-19 11:26:14,
2026-02-19 11:26:15,276.278874278069
2026-02-19 11:26:16,
2026-02-19 11:26:17,275.29584467411
2026-02-19 11:26:18,275.29584467411
2026-02-19 11:26:19,280.533769726753
2026-02-19 11:26:20,285.811927914619
2026-02-19 11:26:21,281.574815511703
2026-02-19 11:26:22,277.673971652985
2026-02-19 11:26:23,276.092675328255
2026-02-19 11:26:24,283.448821306229
2026-02-19 11:26:25,290.745422244072
2026-02-19 11:26:26,292.869222164154
2026-02-19 11:26:27,294.342720508575
2026-02-19 11:26:28,291.902232170105
2026-02-19 11:26:29,
2026-02-19 11:26:30,290.132939815521
2026-02-19 11:26:31,289.551892876625
2026-02-19 11:26:32,287.60769367218
2026-02-19 11:26:33,283.683621883392
2026-02-19 11:26:34,283.895382285118
2026-02-19 11:26:35,283.895382285118
2026-02-19 11:26:36,284.764793515205
2026-02-19 11:26:37,285.911437869072
2026-02-19 11:26:38,286.250790953636
2026-02-19 11:26:39,280.466660857201
2026-02-19 11:26:40,280.466660857201
2026-02-19 11:26:41,276.269942522049
2026-02-19 11:26:42,
2026-02-19 11:26:43,
2026-02-19 11:26:44,282.927507162094
2026-02-19 11:26:45,285.760536789894
2026-02-19 11:26:46,286.906108260155
2026-02-19 11:26:47,286.528345942497
2026-02-19 11:26:48,
2026-02-19 11:26:49,280.409234762192
2026-02-19 11:26:50,280.409234762192
2026-02-19 11:26:51,279.852676391602
2026-02-19 11:26:52,280.611687898636
2026-02-19 11:26:53,283.861050009727
2026-02-19 11:26:54,270.296823978424
2026-02-19 11:26:55,264.306566119194
2026-02-19 11:26:56,264.488339424133
2026-02-19 11:26:57,275.71730017662
2026-02-19 11:26:58,275.818929076195
2026-02-19 11:26:59,
2026-02-19 11:27:00,
2026-02-19 11:27:01,274.364313483238
2026-02-19 11:27:02,276.679703593254
2026-02-19 11:27:03,274.902096390724
2026-02-19 11:27:04,
2026-02-19 11:27:05,274.813744425774
2026-02-19 11:27:06,271.166476607323
2026-02-19 11:27:07,269.177806377411
2026-02-19 11:27:08,270.26906311512
2026-02-19 11:27:09,271.085232496262
2026-02-19 11:27:10,270.066636800766
2026-02-19 11:27:11,269.165575504303
2026-02-19 11:27:12,
2026-02-19 11:27:13,
2026-02-19 11:27:14,
2026-02-19 11:27:15,
2026-02-19 11:27:16,262.318137288094
2026-02-19 11:27:17,235.841381549835
2026-02-19 11:27:18,230.755054950714
2026-02-19 11:27:19,234.43751335144
2026-02-19 11:27:20,236.505362391472
2026-02-19 11:27:21,239.642098546028
2026-02-19 11:27:22,249.312776327133
2026-02-19 11:27:23,252.15248465538
2026-02-19 11:27:24,260.025304555893
2026-02-19 11:27:25,
2026-02-19 11:27:26,269.346007704735
2026-02-19 11:27:27,279.62187230587
2026-02-19 11:27:28,
2026-02-19 11:27:29,279.687586426735
2026-02-19 11:27:30,
2026-02-19 11:27:31,280.769348144531
2026-02-19 11:27:32,281.297636032104
2026-02-19 11:27:33,
2026-02-19 11:27:34,283.858206868172
2026-02-19 11:27:35,283.858206868172
2026-02-19 11:27:36,286.155679821968
2026-02-19 11:27:37,288.118091225624
2026-02-19 11:27:38,
2026-02-19 11:27:39,
2026-02-19 11:27:40,291.02421104908
2026-02-19 11:27:41,291.160869598389
2026-02-19 11:27:42,286.843022704124
2026-02-19 11:27:43,283.466872572899
2026-02-19 11:27:44,279.237806797028
2026-02-19 11:27:45,277.585083246231
2026-02-19 11:27:46,
2026-02-19 11:27:47,275.725695490837
2026-02-19 11:27:48,274.632212519646
2026-02-19 11:27:49,274.09992814064
2026-02-19 11:27:50,272.4410623312
2026-02-19 11:27:51,269.345042109489
2026-02-19 11:27:52,272.325083613396
2026-02-19 11:27:53,
2026-02-19 11:27:54,278.297290205956
2026-02-19 11:27:55,278.297290205956
2026-02-19 11:27:56,
2026-02-19 11:27:57,
2026-02-19 11:27:58,
2026-02-19 11:27:59,
2026-02-19 11:28:00,
2026-02-19 11:28:01,
2026-02-19 11:28:02,249.906241893768
2026-02-19 11:28:03,251.529380679131
2026-02-19 11:28:04,255.421641469002
2026-02-19 11:28:05,
2026-02-19 11:28:06,256.743380427361
2026-02-19 11:28:07,262.281739711761
2026-02-19 11:28:08,
2026-02-19 11:28:09,267.429354786873
2026-02-19 11:28:10,266.1626547575
2026-02-19 11:28:11,265.846368670464
2026-02-19 11:28:12,265.934774279594
2026-02-19 11:28:13,
2026-02-19 11:28:14,251.217895746231
2026-02-19 11:28:15,
2026-02-19 11:28:16,253.956726193428
2026-02-19 11:28:17,253.956726193428
2026-02-19 11:28:18,255.297294259071
2026-02-19 11:28:19,
2026-02-19 11:28:20,258.345061540604
2026-02-19 11:28:21,
2026-02-19 11:28:22,
2026-02-19 11:28:23,
2026-02-19 11:28:24,245.349141955376
2026-02-19 11:28:25,247.018817067146
2026-02-19 11:28:26,244.032096862793
2026-02-19 11:28:27,245.476654171944
2026-02-19 11:28:28,250.178003311157
2026-02-19 11:28:29,252.820301055908
2026-02-19 11:28:30,255.581232905388
2026-02-19 11:28:31,260.158771276474
2026-02-19 11:28:32,260.158771276474
2026-02-19 11:28:33,
2026-02-19 11:28:34,262.90280520916
2026-02-19 11:28:35,268.053397536278
2026-02-19 11:28:36,268.85894536972
2026-02-19 11:28:37,
2026-02-19 11:28:38,
2026-02-19 11:28:39,
2026-02-19 11:28:40,
2026-02-19 11:28:41,
2026-02-19 11:28:42,271.791726350784
2026-02-19 11:28:43,271.569934487343
2026-02-19 11:28:44,
2026-02-19 11:28:45,276.245319843292
2026-02-19 11:28:46,276.245319843292
2026-02-19 11:28:47,275.41828751564
2026-02-19 11:28:48,274.575832486153
2026-02-19 11:28:49,273.278474807739
2026-02-19 11:28:50,270.698109269142
2026-02-19 11:28:51,
2026-02-19 11:28:52,
2026-02-19 11:28:53,
2026-02-19 11:28:54,
2026-02-19 11:28:55,269.316208362579
2026-02-19 11:28:56,266.519522666931
2026-02-19 11:28:57,
2026-02-19 11:28:58,
2026-02-19 11:28:59,249.325436353683
2026-02-19 11:29:00,
2026-02-19 11:29:01,
2026-02-19 11:29:02,
2026-02-19 11:29:03,
2026-02-19 11:29:04,241.373115777969
2026-02-19 11:29:05,
2026-02-19 11:29:06,
2026-02-19 11:29:07,231.341573596001
2026-02-19 11:29:08,
2026-02-19 11:29:09,
2026-02-19 11:29:10,
2026-02-19 11:29:11,
2026-02-19 11:29:12,
2026-02-19 11:29:13,
2026-02-19 11:29:14,
2026-02-19 11:29:15,
2026-02-19 11:29:16,
2026-02-19 11:29:17,
2026-02-19 11:29:18,
2026-02-19 11:29:19,
2026-02-19 11:29:20,
2026-02-19 11:29:21,
2026-02-19 11:29:22,
2026-02-19 11:29:23,
2026-02-19 11:29:24,
2026-02-19 11:29:25,
2026-02-19 11:29:26,
2026-02-19 11:29:27,
2026-02-19 11:29:28,262.815821170807
2026-02-19 11:29:29,
2026-02-19 11:29:30,274.132999777794
2026-02-19 11:29:31,279.192128777504
2026-02-19 11:29:32,286.146077513695
2026-02-19 11:29:33,
2026-02-19 11:29:34,287.514245510101
2026-02-19 11:29:35,290.51995575428
2026-02-19 11:29:36,
2026-02-19 11:29:37,
2026-02-19 11:29:38,278.767105937004
2026-02-19 11:29:39,
2026-02-19 11:29:40,
2026-02-19 11:29:41,
2026-02-19 11:29:42,
2026-02-19 11:29:43,279.789805412292
2026-02-19 11:29:44,
2026-02-19 11:29:45,272.975331544876
2026-02-19 11:29:46,
2026-02-19 11:29:47,
2026-02-19 11:29:48,
2026-02-19 11:29:49,
2026-02-19 11:29:50,
2026-02-19 11:29:51,266.545727849007
2026-02-19 11:29:52,
2026-02-19 11:29:53,265.758633613586
2026-02-19 11:29:54,267.523097991943
2026-02-19 11:29:55,
2026-02-19 11:29:56,
2026-02-19 11:29:57,286.248645186424
2026-02-19 11:29:58,
2026-02-19 11:29:59,
2026-02-19 11:30:00,
2026-02-19 11:30:01,
2026-02-19 11:30:02,290.909814834595
2026-02-19 11:30:03,290.010979771614
2026-02-19 11:30:04,287.632986903191
2026-02-19 11:30:05,287.632986903191
2026-02-19 11:30:06,
2026-02-19 11:30:07,
2026-02-19 11:30:08,270.918077230453
2026-02-19 11:30:09,
2026-02-19 11:30:10,257.008168101311
2026-02-19 11:30:11,253.046974539757
2026-02-19 11:30:12,
2026-02-19 11:30:13,
2026-02-19 11:30:14,
2026-02-19 11:30:15,250.579771399498
2026-02-19 11:30:16,
2026-02-19 11:30:17,
2026-02-19 11:30:18,
2026-02-19 11:30:19,
2026-02-19 11:30:20,
2026-02-19 11:30:21,
2026-02-19 11:30:22,262.520563602448
2026-02-19 11:30:23,
2026-02-19 11:30:24,
2026-02-19 11:30:25,266.854020953178
2026-02-19 11:30:26,
2026-02-19 11:30:27,
2026-02-19 11:30:28,
2026-02-19 11:30:29,
2026-02-19 11:30:30,
2026-02-19 11:30:31,
2026-02-19 11:30:32,
2026-02-19 11:30:33,
2026-02-19 11:30:34,
2026-02-19 11:30:35,265.905860066414
2026-02-19 11:30:36,
2026-02-19 11:30:37,
2026-02-19 11:30:38,
2026-02-19 11:30:39,
2026-02-19 11:30:40,256.171989440918
2026-02-19 11:30:41,
2026-02-19 11:30:42,
2026-02-19 11:30:43,
2026-02-19 11:30:44,
2026-02-19 11:30:45,
2026-02-19 11:30:46,
2026-02-19 11:30:47,249.294859170914
2026-02-19 11:30:48,
2026-02-19 11:30:49,
2026-02-19 11:30:50,250.820472836494
2026-02-19 11:30:51,
2026-02-19 11:30:52,
2026-02-19 11:30:53,
2026-02-19 11:30:54,252.80074775219
2026-02-19 11:30:55,268.987610936165
2026-02-19 11:30:56,
2026-02-19 11:30:57,296.371033787727
2026-02-19 11:30:58,
2026-02-19 11:30:59,302.766707539558
2026-02-19 11:31:00,302.766707539558
2026-02-19 11:31:01,
2026-02-19 11:31:02,
2026-02-19 11:31:03,
2026-02-19 11:31:04,296.977239847183
2026-02-19 11:31:05,288.451489806175
2026-02-19 11:31:06,284.578031301498
2026-02-19 11:31:07,
2026-02-19 11:31:08,
2026-02-19 11:31:09,
2026-02-19 11:31:10,
2026-02-19 11:31:11,272.019097208977
2026-02-19 11:31:12,
2026-02-19 11:31:13,
2026-02-19 11:31:14,
2026-02-19 11:31:15,
2026-02-19 11:31:16,262.90642619133
2026-02-19 11:31:17,
2026-02-19 11:31:18,
2026-02-19 11:31:19,
2026-02-19 11:31:20,261.644795536995
2026-02-19 11:31:21,
2026-02-19 11:31:22,
2026-02-19 11:31:23,258.336719870567
2026-02-19 11:31:24,261.116695404053
2026-02-19 11:31:25,258.683985471725
2026-02-19 11:31:26,260.053226351738
2026-02-19 11:31:27,268.178763985634
2026-02-19 11:31:28,273.198705911636
2026-02-19 11:31:29,
2026-02-19 11:31:30,
2026-02-19 11:31:31,
2026-02-19 11:31:32,
2026-02-19 11:31:33,
2026-02-19 11:31:34,
2026-02-19 11:31:35,
2026-02-19 11:31:36,
2026-02-19 11:31:37,214.403262734413
2026-02-19 11:31:38,
2026-02-19 11:31:39,
2026-02-19 11:31:40,
2026-02-19 11:31:41,
2026-02-19 11:31:42,
2026-02-19 11:31:43,
2026-02-19 11:31:44,212.569101154804
2026-02-19 11:31:45,
2026-02-19 11:31:46,
2026-02-19 11:31:47,
2026-02-19 11:31:48,
2026-02-19 11:31:49,241.001844406128
2026-02-19 11:31:50,
2026-02-19 11:31:51,
2026-02-19 11:31:52,
2026-02-19 11:31:53,
2026-02-19 11:31:54,
2026-02-19 11:31:55,
2026-02-19 11:31:56,248.023116588593
2026-02-19 11:31:57,256.125238537788
2026-02-19 11:31:58,277.955228090286
2026-02-19 11:31:59,
2026-02-19 11:32:00,
2026-02-19 11:32:01,
2026-02-19 11:32:02,283.296230435371
2026-02-19 11:32:03,283.296230435371
2026-02-19 11:32:04,
2026-02-19 11:32:05,
2026-02-19 11:32:06,
2026-02-19 11:32:07,
2026-02-19 11:32:08,
2026-02-19 11:32:09,
2026-02-19 11:32:10,
2026-02-19 11:32:11,
2026-02-19 11:32:12,
2026-02-19 11:32:13,
2026-02-19 11:32:14,
2026-02-19 11:32:15,
2026-02-19 11:32:16,
2026-02-19 11:32:17,
2026-02-19 11:32:18,
2026-02-19 11:32:19,
2026-02-19 11:32:20,
2026-02-19 11:32:21,
2026-02-19 11:32:22,276.918366551399
2026-02-19 11:32:23,276.266884803772
2026-02-19 11:32:24,276.266884803772
2026-02-19 11:32:25,274.919235706329
2026-02-19 11:32:26,
2026-02-19 11:32:27,
2026-02-19 11:32:28,
2026-02-19 11:32:29,269.430792331696
2026-02-19 11:32:30,
2026-02-19 11:32:31,
2026-02-19 11:32:32,
2026-02-19 11:32:33,
2026-02-19 11:32:34,
2026-02-19 11:32:35,
2026-02-19 11:32:36,
2026-02-19 11:32:37,
2026-02-19 11:32:38,
2026-02-19 11:32:39,
2026-02-19 11:32:40,
2026-02-19 11:32:41,
2026-02-19 11:32:42,
2026-02-19 11:32:43,
2026-02-19 11:32:44,
2026-02-19 11:32:45,
2026-02-19 11:32:46,
2026-02-19 11:32:47,
2026-02-19 11:32:48,
2026-02-19 11:32:49,
2026-02-19 11:32:50,
2026-02-19 11:32:51,
2026-02-19 11:32:52,
2026-02-19 11:32:53,350.80238878727
2026-02-19 11:32:54,
2026-02-19 11:32:55,
2026-02-19 11:32:56,
2026-02-19 11:32:57,303.621822595596
2026-02-19 11:32:58,306.015425920486
2026-02-19 11:32:59,
2026-02-19 11:33:00,
2026-02-19 11:33:01,
2026-02-19 11:33:02,307.240256667137
2026-02-19 11:33:03,278.212988376617
2026-02-19 11:33:04,256.05343580246
2026-02-19 11:33:05,
2026-02-19 11:33:06,254.896062612534
2026-02-19 11:33:07,
2026-02-19 11:33:08,
2026-02-19 11:33:09,
2026-02-19 11:33:10,
2026-02-19 11:33:11,
2026-02-19 11:33:12,
2026-02-19 11:33:13,
2026-02-19 11:33:14,
2026-02-19 11:33:15,
2026-02-19 11:33:16,
2026-02-19 11:33:17,
2026-02-19 11:33:18,
2026-02-19 11:33:19,
2026-02-19 11:33:20,
2026-02-19 11:33:21,
2026-02-19 11:33:22,
2026-02-19 11:33:23,
2026-02-19 11:33:24,265.325617790222
2026-02-19 11:33:25,279.30671274662
2026-02-19 11:33:26,
2026-02-19 11:33:27,
2026-02-19 11:33:28,
2026-02-19 11:33:29,
2026-02-19 11:33:30,
2026-02-19 11:33:31,287.870523333549
2026-02-19 11:33:32,
2026-02-19 11:33:33,
2026-02-19 11:33:34,
2026-02-19 11:33:35,
2026-02-19 11:33:36,
2026-02-19 11:33:37,284.168109297752
2026-02-19 11:33:38,
2026-02-19 11:33:39,
2026-02-19 11:33:40,
2026-02-19 11:33:41,
2026-02-19 11:33:42,
2026-02-19 11:33:43,
2026-02-19 11:33:44,
2026-02-19 11:33:45,
2026-02-19 11:33:46,
2026-02-19 11:33:47,
2026-02-19 11:33:48,
2026-02-19 11:33:49,
2026-02-19 11:33:50,
2026-02-19 11:33:51,
2026-02-19 11:33:52,298.714935779572
2026-02-19 11:33:53,
2026-02-19 11:33:54,
2026-02-19 11:33:55,
2026-02-19 11:33:56,
2026-02-19 11:33:57,
2026-02-19 11:33:58,265.894031524658
2026-02-19 11:33:59,
2026-02-19 11:34:00,
2026-02-19 11:34:01,
2026-02-19 11:34:02,252.681496739388
2026-02-19 11:34:03,
2026-02-19 11:34:04,
2026-02-19 11:34:05,
2026-02-19 11:34:06,
2026-02-19 11:34:07,261.859855055809
2026-02-19 11:34:08,263.421705365181
2026-02-19 11:34:09,268.317809700966
2026-02-19 11:34:10,
2026-02-19 11:34:11,
2026-02-19 11:34:12,274.841746687889
2026-02-19 11:34:13,
2026-02-19 11:34:14,283.188727498055
2026-02-19 11:34:15,
2026-02-19 11:34:16,
2026-02-19 11:34:17,285.170638561249
2026-02-19 11:34:18,
2026-02-19 11:34:19,
2026-02-19 11:34:20,
2026-02-19 11:34:21,275.837114453316
2026-02-19 11:34:22,271.096363663673
2026-02-19 11:34:23,
2026-02-19 11:34:24,
2026-02-19 11:34:25,
2026-02-19 11:34:26,
2026-02-19 11:34:27,
2026-02-19 11:34:28,
2026-02-19 11:34:29,276.874056458473
2026-02-19 11:34:30,277.06446647644
2026-02-19 11:34:31,277.06446647644
2026-02-19 11:34:32,
2026-02-19 11:34:33,
2026-02-19 11:34:34,
2026-02-19 11:34:35,
2026-02-19 11:34:36,283.132240176201
2026-02-19 11:34:37,329.592445492744
2026-02-19 11:34:38,
2026-02-19 11:34:39,353.171288967133
2026-02-19 11:34:40,
2026-02-19 11:34:41,
2026-02-19 11:34:42,270.828786492348
2026-02-19 11:34:43,
2026-02-19 11:34:44,
2026-02-19 11:34:45,
2026-02-19 11:34:46,
2026-02-19 11:34:47,
2026-02-19 11:34:48,
2026-02-19 11:34:49,289.473947882652
2026-02-19 11:34:50,
2026-02-19 11:34:51,288.540378212929
2026-02-19 11:34:52,281.753772497177
2026-02-19 11:34:53,
2026-02-19 11:34:54,301.776784658432
2026-02-19 11:34:55,301.776784658432
2026-02-19 11:34:56,309.809732437134
2026-02-19 11:34:57,
2026-02-19 11:34:58,
2026-02-19 11:34:59,
2026-02-19 11:35:00,273.263722658157
2026-02-19 11:35:01,
2026-02-19 11:35:02,271.912989020348
2026-02-19 11:35:03,
2026-02-19 11:35:04,
2026-02-19 11:35:05,
2026-02-19 11:35:06,
2026-02-19 11:35:07,
2026-02-19 11:35:08,
2026-02-19 11:35:09,
2026-02-19 11:35:10,
2026-02-19 11:35:11,
2026-02-19 11:35:12,
2026-02-19 11:35:13,
2026-02-19 11:35:14,
2026-02-19 11:35:15,
2026-02-19 11:35:16,
2026-02-19 11:35:17,
2026-02-19 11:35:18,
2026-02-19 11:35:19,268.666014075279
2026-02-19 11:35:20,
2026-02-19 11:35:21,
2026-02-19 11:35:22,
2026-02-19 11:35:23,
2026-02-19 11:35:24,
2026-02-19 11:35:25,
2026-02-19 11:35:26,
2026-02-19 11:35:27,296.652799844742
2026-02-19 11:35:28,
2026-02-19 11:35:29,
2026-02-19 11:35:30,297.204664349556
2026-02-19 11:35:31,301.448777318001
2026-02-19 11:35:32,
2026-02-19 11:35:33,
2026-02-19 11:35:34,
2026-02-19 11:35:35,
2026-02-19 11:35:36,
2026-02-19 11:35:37,
2026-02-19 11:35:38,
2026-02-19 11:35:39,208.182629942894
2026-02-19 11:35:40,170.882838964462
2026-02-19 11:35:41,104.381804913282
2026-02-19 11:35:42,82.2931028902531
2026-02-19 11:35:43,118.873116374016
2026-02-19 11:35:44,
2026-02-19 11:35:45,174.357613921165
2026-02-19 11:35:46,
2026-02-19 11:35:47,
2026-02-19 11:35:48,
2026-02-19 11:35:49,
2026-02-19 11:35:50,
2026-02-19 11:35:51,
2026-02-19 11:35:52,
2026-02-19 11:35:53,
2026-02-19 11:35:54,194.510726630688
2026-02-19 11:35:55,
2026-02-19 11:35:56,
2026-02-19 11:35:57,
2026-02-19 11:35:58,
2026-02-19 11:35:59,
2026-02-19 11:36:00,257.002508640289
2026-02-19 11:36:01,276.96527838707
2026-02-19 11:36:02,
2026-02-19 11:36:03,
2026-02-19 11:36:04,
2026-02-19 11:36:05,
2026-02-19 11:36:06,
2026-02-19 11:36:07,
2026-02-19 11:36:08,
2026-02-19 11:36:09,
2026-02-19 11:36:10,271.427428722382
2026-02-19 11:36:11,269.203662872314
2026-02-19 11:36:12,266.518369317055
2026-02-19 11:36:13,
2026-02-19 11:36:14,
2026-02-19 11:36:15,
2026-02-19 11:36:16,259.413734078407
2026-02-19 11:36:17,249.163833260536
2026-02-19 11:36:18,
2026-02-19 11:36:19,134.626226127148
2026-02-19 11:36:20,134.626226127148
2026-02-19 11:36:21,142.281103134155
2026-02-19 11:36:22,127.05954015255
2026-02-19 11:36:23,83.355613052845
2026-02-19 11:36:24,86.4772215485573
2026-02-19 11:36:25,
2026-02-19 11:36:26,114.771603047848
2026-02-19 11:36:27,
2026-02-19 11:36:28,85.604752600193
2026-02-19 11:36:29,80.3695365786552
2026-02-19 11:36:30,151.8220692873
2026-02-19 11:36:31,
2026-02-19 11:36:32,
2026-02-19 11:36:33,
2026-02-19 11:36:34,
2026-02-19 11:36:35,
2026-02-19 11:36:36,
2026-02-19 11:36:37,
2026-02-19 11:36:38,
2026-02-19 11:36:39,
2026-02-19 11:36:40,245.758152008057
2026-02-19 11:36:41,
2026-02-19 11:36:42,258.62001478672
2026-02-19 11:36:43,268.712362647057
2026-02-19 11:36:44,
2026-02-19 11:36:45,272.341606020927
2026-02-19 11:36:46,278.939840197563
2026-02-19 11:36:47,280.328956246376
2026-02-19 11:36:48,268.859723210335
2026-02-19 11:36:49,
2026-02-19 11:36:50,267.191630601883
2026-02-19 11:36:51,
2026-02-19 11:36:52,
2026-02-19 11:36:53,159.24417078495
2026-02-19 11:36:54,144.43873912096
2026-02-19 11:36:55,140.919587016106
2026-02-19 11:36:56,138.539461791515
2026-02-19 11:36:57,164.860099554062
2026-02-19 11:36:58,
2026-02-19 11:36:59,
2026-02-19 11:37:00,
2026-02-19 11:37:01,219.537010788918
2026-02-19 11:37:02,219.537010788918
2026-02-19 11:37:03,237.750309705734
2026-02-19 11:37:04,
2026-02-19 11:37:05,260.065001249313
2026-02-19 11:37:06,
2026-02-19 11:37:07,
2026-02-19 11:37:08,
2026-02-19 11:37:09,
2026-02-19 11:37:10,282.38280415535
2026-02-19 11:37:11,284.798508882523
2026-02-19 11:37:12,
2026-02-19 11:37:13,283.425030112267
2026-02-19 11:37:14,
2026-02-19 11:37:15,
2026-02-19 11:37:16,
2026-02-19 11:37:17,
2026-02-19 11:37:18,288.308903574944
2026-02-19 11:37:19,
2026-02-19 11:37:20,
2026-02-19 11:37:21,288.566637039185
2026-02-19 11:37:22,
2026-02-19 11:37:23,289.557632803917
2026-02-19 11:37:24,290.25165438652
2026-02-19 11:37:25,
2026-02-19 11:37:26,
2026-02-19 11:37:27,
2026-02-19 11:37:28,
2026-02-19 11:37:29,
2026-02-19 11:37:30,292.783552408218
2026-02-19 11:37:31,
2026-02-19 11:37:32,287.988513708115
2026-02-19 11:37:33,
2026-02-19 11:37:34,
2026-02-19 11:37:35,242.130893468857
2026-02-19 11:37:36,
2026-02-19 11:37:37,
2026-02-19 11:37:38,168.785029649734
2026-02-19 11:37:39,
2026-02-19 11:37:40,
2026-02-19 11:37:41,135.48663854599
2026-02-19 11:37:42,
2026-02-19 11:37:43,
2026-02-19 11:37:44,207.984079420567
2026-02-19 11:37:45,219.669753313065
2026-02-19 11:37:46,
2026-02-19 11:37:47,289.160022139549
2026-02-19 11:37:48,
2026-02-19 11:37:49,288.598716259003
2026-02-19 11:37:50,212.770307064056
2026-02-19 11:37:51,
2026-02-19 11:37:52,
2026-02-19 11:37:53,194.499742984772
2026-02-19 11:37:54,191.412761807442
2026-02-19 11:37:55,
2026-02-19 11:37:56,
2026-02-19 11:37:57,198.161843419075
2026-02-19 11:37:58,204.064205288887
2026-02-19 11:37:59,230.873447656631
2026-02-19 11:38:00,
2026-02-19 11:38:01,
2026-02-19 11:38:02,260.075461864471
2026-02-19 11:38:03,
2026-02-19 11:38:04,278.66190969944
2026-02-19 11:38:05,271.278995275497
2026-02-19 11:38:06,
2026-02-19 11:38:07,269.214713573456
2026-02-19 11:38:08,
2026-02-19 11:38:09,
2026-02-19 11:38:10,
2026-02-19 11:38:11,214.937022328377
2026-02-19 11:38:12,184.06603038311
2026-02-19 11:38:13,
2026-02-19 11:38:14,
2026-02-19 11:38:15,210.249781608582
2026-02-19 11:38:16,210.249781608582
2026-02-19 11:38:17,239.05354142189
2026-02-19 11:38:18,257.687759399414
2026-02-19 11:38:19,257.687759399414
2026-02-19 11:38:20,267.512476444244
2026-02-19 11:38:21,
2026-02-19 11:38:22,282.094439864159
2026-02-19 11:38:23,281.397897005081
2026-02-19 11:38:24,284.296855330467
2026-02-19 11:38:25,
2026-02-19 11:38:26,
2026-02-19 11:38:27,
2026-02-19 11:38:28,
2026-02-19 11:38:29,
2026-02-19 11:38:30,
2026-02-19 11:38:31,
2026-02-19 11:38:32,
2026-02-19 11:38:33,
2026-02-19 11:38:34,
2026-02-19 11:38:35,
2026-02-19 11:38:36,285.751712322235
2026-02-19 11:38:37,285.239973664284
2026-02-19 11:38:38,284.315201640129
2026-02-19 11:38:39,
2026-02-19 11:38:40,279.749304056168
2026-02-19 11:38:41,
2026-02-19 11:38:42,
2026-02-19 11:38:43,279.916539788246
2026-02-19 11:38:44,
2026-02-19 11:38:45,286.056357622147
2026-02-19 11:38:46,292.693483829498
2026-02-19 11:38:47,292.693483829498
2026-02-19 11:38:48,
2026-02-19 11:38:49,299.342438578606
2026-02-19 11:38:50,299.342438578606
2026-02-19 11:38:51,305.652120709419
2026-02-19 11:38:52,304.946538805962
2026-02-19 11:38:53,301.09021961689
2026-02-19 11:38:54,299.298718571663
2026-02-19 11:38:55,298.773783445358
2026-02-19 11:38:56,
2026-02-19 11:38:57,
2026-02-19 11:38:58,291.758653521538
2026-02-19 11:38:59,291.758653521538
2026-02-19 11:39:00,
2026-02-19 11:39:01,
2026-02-19 11:39:02,280.655837059021
2026-02-19 11:39:03,278.581631183624
2026-02-19 11:39:04,276.626515388489
2026-02-19 11:39:05,
2026-02-19 11:39:06,
2026-02-19 11:39:07,273.774468898773
2026-02-19 11:39:08,273.774468898773
2026-02-19 11:39:09,
2026-02-19 11:39:10,267.581596970558
2026-02-19 11:39:11,268.138933181763
2026-02-19 11:39:12,
2026-02-19 11:39:13,272.3547488451
2026-02-19 11:39:14,272.3547488451
2026-02-19 11:39:15,
2026-02-19 11:39:16,273.545596003532
2026-02-19 11:39:17,270.728552341461
2026-02-19 11:39:18,
2026-02-19 11:39:19,
2026-02-19 11:39:20,
2026-02-19 11:39:21,265.158811211586
2026-02-19 11:39:22,265.158811211586
2026-02-19 11:39:23,
2026-02-19 11:39:24,
2026-02-19 11:39:25,
2026-02-19 11:39:26,266.05641245842
2026-02-19 11:39:27,266.592130064964
2026-02-19 11:39:28,
2026-02-19 11:39:29,
2026-02-19 11:39:30,217.884528636932
2026-02-19 11:39:31,217.884528636932
2026-02-19 11:39:32,138.757981359959
2026-02-19 11:39:33,
2026-02-19 11:39:34,
2026-02-19 11:39:35,132.068230211735
2026-02-19 11:39:36,133.647809922695
2026-02-19 11:39:37,153.311030566692
2026-02-19 11:39:38,
2026-02-19 11:39:39,
2026-02-19 11:39:40,
2026-02-19 11:39:41,223.822885751724
2026-02-19 11:39:42,
2026-02-19 11:39:43,
2026-02-19 11:39:44,
2026-02-19 11:39:45,
2026-02-19 11:39:46,
2026-02-19 11:39:47,
2026-02-19 11:39:48,
2026-02-19 11:39:49,
2026-02-19 11:39:50,
2026-02-19 11:39:51,
2026-02-19 11:39:52,
2026-02-19 11:39:53,
2026-02-19 11:39:54,235.667923092842
2026-02-19 11:39:55,213.101157546043
2026-02-19 11:39:56,123.133631050587
2026-02-19 11:39:57,
2026-02-19 11:39:58,33.0821882933378
2026-02-19 11:39:59,
2026-02-19 11:40:00,
2026-02-19 11:40:01,43.3933943510056
2026-02-19 11:40:02,80.3337626159191
2026-02-19 11:40:03,
2026-02-19 11:40:04,
2026-02-19 11:40:05,164.545530080795
2026-02-19 11:40:06,202.920323610306
2026-02-19 11:40:07,190.469495952129
2026-02-19 11:40:08,
2026-02-19 11:40:09,
2026-02-19 11:40:10,
2026-02-19 11:40:11,
2026-02-19 11:40:12,
2026-02-19 11:40:13,
2026-02-19 11:40:14,205.176208913326
2026-02-19 11:40:15,
2026-02-19 11:40:16,212.136755883694
2026-02-19 11:40:17,212.136755883694
2026-02-19 11:40:18,163.881911337376
2026-02-19 11:40:19,167.851406335831
2026-02-19 11:40:20,179.066781699657
2026-02-19 11:40:21,186.702212691307
2026-02-19 11:40:22,191.116605699062
2026-02-19 11:40:23,196.294033527374
2026-02-19 11:40:24,
2026-02-19 11:40:25,
2026-02-19 11:40:26,
2026-02-19 11:40:27,
2026-02-19 11:40:28,166.32843464613
2026-02-19 11:40:29,
2026-02-19 11:40:30,
2026-02-19 11:40:31,177.876873314381
2026-02-19 11:40:32,
2026-02-19 11:40:33,186.761757731438
2026-02-19 11:40:34,
2026-02-19 11:40:35,196.698269248009
2026-02-19 11:40:36,
2026-02-19 11:40:37,
2026-02-19 11:40:38,
2026-02-19 11:40:39,150.407794117928
2026-02-19 11:40:40,107.351975888014
2026-02-19 11:40:41,92.7116677165031
2026-02-19 11:40:42,
2026-02-19 11:40:43,91.7054571211338
2026-02-19 11:40:44,
2026-02-19 11:40:45,112.988376617432
2026-02-19 11:40:46,
2026-02-19 11:40:47,118.507035076618
2026-02-19 11:40:48,129.346458613873
2026-02-19 11:40:49,
2026-02-19 11:40:50,202.426864206791
2026-02-19 11:40:51,
2026-02-19 11:40:52,230.291756987572
2026-02-19 11:40:53,
2026-02-19 11:40:54,
2026-02-19 11:40:55,221.317327022552
2026-02-19 11:40:56,211.350090801716
2026-02-19 11:40:57,140.715685486794
2026-02-19 11:40:58,87.6969829201698
2026-02-19 11:40:59,69.8613859713078
2026-02-19 11:41:00,82.8111916780472
2026-02-19 11:41:01,122.504545748234
2026-02-19 11:41:02,
2026-02-19 11:41:03,
2026-02-19 11:41:04,161.19105219841
2026-02-19 11:41:05,145.954911410809
2026-02-19 11:41:06,112.794117629528
2026-02-19 11:41:07,
2026-02-19 11:41:08,140.238171815872
2026-02-19 11:41:09,185.951046645641
2026-02-19 11:41:10,185.951046645641
2026-02-19 11:41:11,154.613779485226
2026-02-19 11:41:12,
2026-02-19 11:41:13,167.830109596252
2026-02-19 11:41:14,124.224378168583
2026-02-19 11:41:15,
2026-02-19 11:41:16,
2026-02-19 11:41:17,
2026-02-19 11:41:18,
2026-02-19 11:41:19,
2026-02-19 11:41:20,165.020053088665
2026-02-19 11:41:21,135.700665414333
2026-02-19 11:41:22,112.967509031296
2026-02-19 11:41:23,105.025293678045
2026-02-19 11:41:24,
2026-02-19 11:41:25,
2026-02-19 11:41:26,136.962376534939
2026-02-19 11:41:27,144.230800867081
2026-02-19 11:41:28,128.286369144917
2026-02-19 11:41:29,146.93398475647
2026-02-19 11:41:30,174.14413690567
2026-02-19 11:41:31,192.947843670845
2026-02-19 11:41:32,212.684208154678
2026-02-19 11:41:33,224.677839875221
2026-02-19 11:41:34,
2026-02-19 11:41:35,229.182448983192
2026-02-19 11:41:36,
2026-02-19 11:41:37,239.189609885216
2026-02-19 11:41:38,
2026-02-19 11:41:39,
2026-02-19 11:41:40,
2026-02-19 11:41:41,248.228976130486
2026-02-19 11:41:42,208.394162356853
2026-02-19 11:41:43,197.158227860928
2026-02-19 11:41:44,163.721917569637
2026-02-19 11:41:45,168.712006509304
2026-02-19 11:41:46,
2026-02-19 11:41:47,177.97127366066
2026-02-19 11:41:48,
2026-02-19 11:41:49,197.746624052525
2026-02-19 11:41:50,
2026-02-19 11:41:51,
2026-02-19 11:41:52,210.91495603323
2026-02-19 11:41:53,217.032793164253
2026-02-19 11:41:54,
2026-02-19 11:41:55,
2026-02-19 11:41:56,
2026-02-19 11:41:57,
2026-02-19 11:41:58,
2026-02-19 11:41:59,
2026-02-19 11:42:00,
2026-02-19 11:42:01,
2026-02-19 11:42:02,204.313369095325
2026-02-19 11:42:03,
2026-02-19 11:42:04,
2026-02-19 11:42:05,203.118056058884
2026-02-19 11:42:06,
2026-02-19 11:42:07,173.122282326221
2026-02-19 11:42:08,173.122282326221
2026-02-19 11:42:09,177.314440906048
2026-02-19 11:42:10,187.636694312096
2026-02-19 11:42:11,
2026-02-19 11:42:12,173.097284138203
2026-02-19 11:42:13,
2026-02-19 11:42:14,
2026-02-19 11:42:15,110.651260614395
2026-02-19 11:42:16,99.7045285999775
2026-02-19 11:42:17,73.7617135047913
2026-02-19 11:42:18,102.767778933048
2026-02-19 11:42:19,102.767778933048
2026-02-19 11:42:20,92.9148986935616
2026-02-19 11:42:21,84.7556121647358
2026-02-19 11:42:22,76.0892540216446
2026-02-19 11:42:23,82.344688475132
2026-02-19 11:42:24,
2026-02-19 11:42:25,100.241231918335
2026-02-19 11:42:26,79.0809161961079
2026-02-19 11:42:27,98.9095151424408
2026-02-19 11:42:28,121.303774416447
2026-02-19 11:42:29,
2026-02-19 11:42:30,160.089790821075
2026-02-19 11:42:31,
2026-02-19 11:42:32,
2026-02-19 11:42:33,
2026-02-19 11:42:34,138.115820288658
2026-02-19 11:42:35,127.329947054386
2026-02-19 11:42:36,95.2435724437237
2026-02-19 11:42:37,
2026-02-19 11:42:38,50.7389288395643
2026-02-19 11:42:39,28.7121724337339
2026-02-19 11:42:40,7.06684375181794
2026-02-19 11:42:41,-3.87646802701056
2026-02-19 11:42:42,-3.54128368198872
2026-02-19 11:42:43,
2026-02-19 11:42:44,-3.55033404193819
2026-02-19 11:42:45,28.3842790871859
2026-02-19 11:42:46,
2026-02-19 11:42:47,
2026-02-19 11:42:48,37.726879119873
2026-02-19 11:42:49,
2026-02-19 11:42:50,47.2251880913973
2026-02-19 11:42:51,
2026-02-19 11:42:52,67.4603261053562
2026-02-19 11:42:53,109.641891717911
2026-02-19 11:42:54,
2026-02-19 11:42:55,
2026-02-19 11:42:56,
2026-02-19 11:42:57,
2026-02-19 11:42:58,164.32658135891
2026-02-19 11:42:59,
2026-02-19 11:43:00,
2026-02-19 11:43:01,202.382124960423
2026-02-19 11:43:02,
2026-02-19 11:43:03,
2026-02-19 11:43:04,
2026-02-19 11:43:05,
2026-02-19 11:43:06,233.839702606201
2026-02-19 11:43:07,210.053430497646
2026-02-19 11:43:08,
2026-02-19 11:43:09,
2026-02-19 11:43:10,149.800997972488
2026-02-19 11:43:11,134.510327875614
2026-02-19 11:43:12,89.2546758055687
2026-02-19 11:43:13,
2026-02-19 11:43:14,
2026-02-19 11:43:15,
2026-02-19 11:43:16,29.1997376829386
2026-02-19 11:43:17,-1.8445857334882
2026-02-19 11:43:18,-1.8445857334882
2026-02-19 11:43:19,
2026-02-19 11:43:20,62.3410820960999
2026-02-19 11:43:21,
2026-02-19 11:43:22,71.1283408105373
2026-02-19 11:43:23,71.4582458138466
2026-02-19 11:43:24,70.9109947085381
2026-02-19 11:43:25,
2026-02-19 11:43:26,106.0113273561
2026-02-19 11:43:27,132.618243992329
2026-02-19 11:43:28,160.334515571594
2026-02-19 11:43:29,
2026-02-19 11:43:30,199.292461574078
2026-02-19 11:43:31,
2026-02-19 11:43:32,
2026-02-19 11:43:33,198.17990809679
2026-02-19 11:43:34,198.17990809679
2026-02-19 11:43:35,215.002588927746
2026-02-19 11:43:36,208.199970424175
2026-02-19 11:43:37,161.013449728489
2026-02-19 11:43:38,
2026-02-19 11:43:39,184.16772633791
2026-02-19 11:43:40,190.60475975275
2026-02-19 11:43:41,195.593132078648
2026-02-19 11:43:42,145.248202979565
2026-02-19 11:43:43,
2026-02-19 11:43:44,
2026-02-19 11:43:45,
2026-02-19 11:43:46,
2026-02-19 11:43:47,165.697364509106
2026-02-19 11:43:48,
2026-02-19 11:43:49,213.065001368523
2026-02-19 11:43:50,221.678151190281
2026-02-19 11:43:51,
2026-02-19 11:43:52,
2026-02-19 11:43:53,
2026-02-19 11:43:54,268.439823389053
2026-02-19 11:43:55,268.439823389053
2026-02-19 11:43:56,
2026-02-19 11:43:57,272.453507781029
2026-02-19 11:43:58,275.596922636032
2026-02-19 11:43:59,
2026-02-19 11:44:00,
2026-02-19 11:44:01,282.914471626282
2026-02-19 11:44:02,
2026-02-19 11:44:03,
2026-02-19 11:44:04,290.868696570396
2026-02-19 11:44:05,295.710995793343
2026-02-19 11:44:06,295.710995793343
2026-02-19 11:44:07,
2026-02-19 11:44:08,261.266630887985
2026-02-19 11:44:09,214.613923430443
2026-02-19 11:44:10,
2026-02-19 11:44:11,
2026-02-19 11:44:12,
2026-02-19 11:44:13,
2026-02-19 11:44:14,
2026-02-19 11:44:15,156.729264557362
2026-02-19 11:44:16,135.339988768101
2026-02-19 11:44:17,85.8548484742641
2026-02-19 11:44:18,72.3338328301907
2026-02-19 11:44:19,51.6403622925282
2026-02-19 11:44:20,37.8854177892208
2026-02-19 11:44:21,
2026-02-19 11:44:22,
2026-02-19 11:44:23,-2.24814000539482
2026-02-19 11:44:24,-2.04384829849005
2026-02-19 11:44:25,
2026-02-19 11:44:26,
2026-02-19 11:44:27,
2026-02-19 11:44:28,
2026-02-19 11:44:29,
2026-02-19 11:44:30,
2026-02-19 11:44:31,-1.62517569260672
2026-02-19 11:44:32,-1.33852193830535
2026-02-19 11:44:33,-0.845018005929887
2026-02-19 11:44:34,0.0
2026-02-19 11:44:35,0.0
2026-02-19 11:44:36,0.0
2026-02-19 11:44:37,0.0
2026-02-19 11:44:38,
2026-02-19 11:44:39,
2026-02-19 11:44:40,0.0
2026-02-19 11:44:41,0.0
2026-02-19 11:44:42,
2026-02-19 11:44:43,0.0
2026-02-19 11:44:44,0.0
2026-02-19 11:44:45,0.0
2026-02-19 11:44:46,
2026-02-19 11:44:47,0.0
2026-02-19 11:44:48,0.0
2026-02-19 11:44:49,0.0
2026-02-19 11:44:50,
2026-02-19 11:44:51,-1.25620127655566
2026-02-19 11:44:52,-1.55525679001585
2026-02-19 11:44:53,-1.70538180973381
2026-02-19 11:44:54,
2026-02-19 11:44:55,
2026-02-19 11:44:56,
2026-02-19 11:44:57,-1.58330358099192
2026-02-19 11:44:58,-1.63797066779807
2026-02-19 11:44:59,-1.41005268087611
2026-02-19 11:45:00,-1.14557147026062
2026-02-19 11:45:01,-0.971250515431166
2026-02-19 11:45:02,
2026-02-19 11:45:03,-1.21182999573648
2026-02-19 11:45:04,
2026-02-19 11:45:05,
2026-02-19 11:45:06,
2026-02-19 11:45:07,-1.18417872581631
2026-02-19 11:45:08,-1.1530747404322
2026-02-19 11:45:09,-1.51516771875322
2026-02-19 11:45:10,-1.51516771875322
2026-02-19 11:45:11,-1.96868085768074
2026-02-19 11:45:12,-1.96868085768074
2026-02-19 11:45:13,-1.76384747028351
2026-02-19 11:45:14,-1.76384747028351
2026-02-19 11:45:15,-1.90834100358188
2026-02-19 11:45:16,-1.77672752179205
2026-02-19 11:45:17,-1.91701585426927
2026-02-19 11:45:18,-2.01418390497565
2026-02-19 11:45:19,
2026-02-19 11:45:20,-1.90024680923671
2026-02-19 11:45:21,
2026-02-19 11:45:22,
2026-02-19 11:45:23,
2026-02-19 11:45:24,-2.2839104058221
2026-02-19 11:45:25,-1.95381890516728
2026-02-19 11:45:26,-2.4167989846319
2026-02-19 11:45:27,
2026-02-19 11:45:28,-1.893349760212
2026-02-19 11:45:29,
2026-02-19 11:45:30,
2026-02-19 11:45:31,-1.56676357146353
2026-02-19 11:45:32,-1.46364751271904
2026-02-19 11:45:33,-1.26881268806756
2026-02-19 11:45:34,-1.68553933035582
2026-02-19 11:45:35,-1.68553933035582
2026-02-19 11:45:36,-2.39440735895187
2026-02-19 11:45:37,-2.79658595100045
2026-02-19 11:45:38,-2.69115753471851
2026-02-19 11:45:39,
2026-02-19 11:45:40,-2.31849518604577
2026-02-19 11:45:41,-2.31849518604577
2026-02-19 11:45:42,-2.63376203365624
2026-02-19 11:45:43,-2.63376203365624
2026-02-19 11:45:44,-1.75846335478127
2026-02-19 11:45:45,
2026-02-19 11:45:46,-1.47246716078371
2026-02-19 11:45:47,-1.24900090740994
2026-02-19 11:45:48,0.0
2026-02-19 11:45:49,0.0
2026-02-19 11:45:50,0.0
2026-02-19 11:45:51,-0.896723556797951
2026-02-19 11:45:52,-0.896723556797951
2026-02-19 11:45:53,-1.30697748390958
2026-02-19 11:45:54,-1.47696677595377
2026-02-19 11:45:55,-1.8600057112053
2026-02-19 11:45:56,-1.98662567418069
2026-02-19 11:45:57,-2.03550599981099
2026-02-19 11:45:58,-2.20856002997607
2026-02-19 11:45:59,-2.16059375088662
2026-02-19 11:46:00,-2.08374783396721
2026-02-19 11:46:01,-2.53183683380485
2026-02-19 11:46:02,
2026-02-19 11:46:03,-2.39304278511554
2026-02-19 11:46:04,
2026-02-19 11:46:05,
2026-02-19 11:46:06,-2.45532996486872
2026-02-19 11:46:07,
2026-02-19 11:46:08,-2.75926867034286
2026-02-19 11:46:09,-2.42209194693714
2026-02-19 11:46:10,-2.5753250811249
2026-02-19 11:46:11,-2.58453763090074
2026-02-19 11:46:12,-2.54046809859574
2026-02-19 11:46:13,-2.15291446074843
2026-02-19 11:46:14,-1.91457839682698
2026-02-19 11:46:15,-1.71496850671247
2026-02-19 11:46:16,
2026-02-19 11:46:17,-1.30156162194908
2026-02-19 11:46:18,-1.30156162194908
2026-02-19 11:46:19,-0.977276999037713
2026-02-19 11:46:20,
2026-02-19 11:46:21,
2026-02-19 11:46:22,-0.948408991098404
2026-02-19 11:46:23,-0.948408991098404
2026-02-19 11:46:24,
2026-02-19 11:46:25,-1.8749280134216
2026-02-19 11:46:26,-2.33619671780616
2026-02-19 11:46:27,
2026-02-19 11:46:28,-3.40945876669139
2026-02-19 11:46:29,-4.0203953627497
2026-02-19 11:46:30,-4.21763872727752
2026-02-19 11:46:31,-4.00381134822965
2026-02-19 11:46:32,-4.23715934157372
2026-02-19 11:46:33,-3.19266649894416
2026-02-19 11:46:34,-3.19266649894416
2026-02-19 11:46:35,-2.87590054795146
2026-02-19 11:46:36,
2026-02-19 11:46:37,-2.09072681609541
2026-02-19 11:46:38,-2.21492692362517
2026-02-19 11:46:39,
2026-02-19 11:46:40,-3.12043251469731
2026-02-19 11:46:41,-2.96488807071
2026-02-19 11:46:42,-2.83970476593822
2026-02-19 11:46:43,
2026-02-19 11:46:44,-3.59139908105135
2026-02-19 11:46:45,-3.04761850275099
2026-02-19 11:46:46,-4.01111533865333
2026-02-19 11:46:47,-4.83152219094336
2026-02-19 11:46:48,-5.94309875741601
2026-02-19 11:46:49,-6.00619562901556
2026-02-19 11:46:50,-5.47903259284794
2026-02-19 11:46:51,
2026-02-19 11:46:52,-5.15393796376884
2026-02-19 11:46:53,-4.99395467340946
2026-02-19 11:46:54,-4.99598770402372
2026-02-19 11:46:55,
2026-02-19 11:46:56,
2026-02-19 11:46:57,
2026-02-19 11:46:58,
2026-02-19 11:46:59,-5.33562954515219
2026-02-19 11:47:00,-5.20372814498842
2026-02-19 11:47:01,
2026-02-19 11:47:02,-5.71437338367105
2026-02-19 11:47:03,-5.6395351421088
2026-02-19 11:47:04,
2026-02-19 11:47:05,-4.80867605656385
2026-02-19 11:47:06,
2026-02-19 11:47:07,-5.15289609320462
2026-02-19 11:47:08,-5.15289609320462
2026-02-19 11:47:09,
2026-02-19 11:47:10,
2026-02-19 11:47:11,
2026-02-19 11:47:12,
2026-02-19 11:47:13,
2026-02-19 11:47:14,
2026-02-19 11:47:15,
2026-02-19 11:47:16,
2026-02-19 11:47:17,
2026-02-19 11:47:18,
2026-02-19 11:47:19,
2026-02-19 11:47:20,
2026-02-19 11:47:21,
2026-02-19 11:47:22,
2026-02-19 11:47:23,
2026-02-19 11:47:24,
2026-02-19 11:47:25,
2026-02-19 11:47:26,
2026-02-19 11:47:27,
2026-02-19 11:47:28,
2026-02-19 11:47:29,
2026-02-19 11:47:30,
2026-02-19 11:47:31,
2026-02-19 11:47:32,-4.26649558357894
2026-02-19 11:47:33,-4.39449311234057
2026-02-19 11:47:34,
2026-02-19 11:47:35,-4.18260865844786
2026-02-19 11:47:36,-4.18260865844786
2026-02-19 11:47:37,
2026-02-19 11:47:38,
2026-02-19 11:47:39,
2026-02-19 11:47:40,
2026-02-19 11:47:41,
2026-02-19 11:47:42,
2026-02-19 11:47:43,
2026-02-19 11:47:44,
2026-02-19 11:47:45,
2026-02-19 11:47:46,
2026-02-19 11:47:47,
2026-02-19 11:47:48,
2026-02-19 11:47:49,
2026-02-19 11:47:50,
2026-02-19 11:47:51,
2026-02-19 11:47:52,
2026-02-19 11:47:53,
2026-02-19 11:47:54,
2026-02-19 11:47:55,
2026-02-19 11:47:56,
2026-02-19 11:47:57,
2026-02-19 11:47:58,
2026-02-19 11:47:59,
2026-02-19 11:48:00,
2026-02-19 11:48:01,
2026-02-19 11:48:02,
2026-02-19 11:48:03,
2026-02-19 11:48:04,
2026-02-19 11:48:05,
2026-02-19 11:48:06,
2026-02-19 11:48:07,
2026-02-19 11:48:08,
2026-02-19 11:48:09,
2026-02-19 11:48:10,
2026-02-19 11:48:11,
2026-02-19 11:48:12,
2026-02-19 11:48:13,
2026-02-19 11:48:14,
2026-02-19 11:48:15,
2026-02-19 11:48:16,
2026-02-19 11:48:17,
2026-02-19 11:48:18,
2026-02-19 11:48:19,
2026-02-19 11:48:20,
2026-02-19 11:48:21,
2026-02-19 11:48:22,-4.42018364556134
2026-02-19 11:48:23,
2026-02-19 11:48:24,
2026-02-19 11:48:25,-4.68301456421614
2026-02-19 11:48:26,-4.33354116976261
2026-02-19 11:48:27,-4.13395799696445
2026-02-19 11:48:28,-4.59432355128229
2026-02-19 11:48:29,-4.70130974426866
2026-02-19 11:48:30,-5.71485450491309
2026-02-19 11:48:31,
2026-02-19 11:48:32,
2026-02-19 11:48:33,-5.90872960165143
2026-02-19 11:48:34,-5.90872960165143
2026-02-19 11:48:35,-5.68034327588975
2026-02-19 11:48:36,
2026-02-19 11:48:37,-4.37672138214111
2026-02-19 11:48:38,-4.37672138214111
2026-02-19 11:48:39,-4.16509676724672
2026-02-19 11:48:40,-4.16509676724672
2026-02-19 11:48:41,-4.38185320235789
2026-02-19 11:48:42,-4.38185320235789
2026-02-19 11:48:43,
2026-02-19 11:48:44,
2026-02-19 11:48:45,
2026-02-19 11:48:46,
2026-02-19 11:48:47,
2026-02-19 11:48:48,
2026-02-19 11:48:49,
2026-02-19 11:48:50,
2026-02-19 11:48:51,
2026-02-19 11:48:52,
2026-02-19 11:48:53,-4.51809181831777
2026-02-19 11:48:54,
2026-02-19 11:48:55,
2026-02-19 11:48:56,
2026-02-19 11:48:57,
2026-02-19 11:48:58,
2026-02-19 11:48:59,
2026-02-19 11:49:00,
2026-02-19 11:49:01,
2026-02-19 11:49:02,
2026-02-19 11:49:03,
2026-02-19 11:49:04,
2026-02-19 11:49:05,
2026-02-19 11:49:06,
2026-02-19 11:49:07,
2026-02-19 11:49:08,
2026-02-19 11:49:09,
2026-02-19 11:49:10,
2026-02-19 11:49:11,
2026-02-19 11:49:12,
2026-02-19 11:49:13,
2026-02-19 11:49:14,
2026-02-19 11:49:15,
2026-02-19 11:49:16,
2026-02-19 11:49:17,
2026-02-19 11:49:18,
2026-02-19 11:49:19,
2026-02-19 11:49:20,
2026-02-19 11:49:21,
2026-02-19 11:49:22,
2026-02-19 11:49:23,
2026-02-19 11:49:24,
2026-02-19 11:49:25,
2026-02-19 11:49:26,
2026-02-19 11:49:27,
2026-02-19 11:49:28,-4.81583965010941
2026-02-19 11:49:29,
2026-02-19 11:49:30,-5.76647655107081
2026-02-19 11:49:31,-6.1477483715862
2026-02-19 11:49:32,
2026-02-19 11:49:33,-3.28660605009645
2026-02-19 11:49:34,-4.73615289665759
2026-02-19 11:49:35,-3.89905390329659
2026-02-19 11:49:36,-1.41652361489832
2026-02-19 11:49:37,0.0
2026-02-19 11:49:38,-4.2691639624536
2026-02-19 11:49:39,-4.45634359493852
2026-02-19 11:49:40,-3.62897892482579
2026-02-19 11:49:41,
2026-02-19 11:49:42,0.0
2026-02-19 11:49:43,
2026-02-19 11:49:44,
2026-02-19 11:49:45,
2026-02-19 11:49:46,
2026-02-19 11:49:47,53.189505636692
2026-02-19 11:49:48,53.1691946089268
2026-02-19 11:49:49,
2026-02-19 11:49:50,
2026-02-19 11:49:51,
2026-02-19 11:49:52,
2026-02-19 11:49:53,
2026-02-19 11:49:54,
2026-02-19 11:49:55,
2026-02-19 11:49:56,
2026-02-19 11:49:57,
2026-02-19 11:49:58,
2026-02-19 11:49:59,
2026-02-19 11:50:00,
2026-02-19 11:50:01,
2026-02-19 11:50:02,
2026-02-19 11:50:03,
2026-02-19 11:50:04,
2026-02-19 11:50:05,
2026-02-19 11:50:06,31.8665374070406
2026-02-19 11:50:07,
2026-02-19 11:50:08,
2026-02-19 11:50:09,
2026-02-19 11:50:10,
2026-02-19 11:50:11,
2026-02-19 11:50:12,
2026-02-19 11:50:13,
2026-02-19 11:50:14,
2026-02-19 11:50:15,
2026-02-19 11:50:16,
2026-02-19 11:50:17,
2026-02-19 11:50:18,
2026-02-19 11:50:19,-1.38549307594076
2026-02-19 11:50:20,
2026-02-19 11:50:21,
2026-02-19 11:50:22,-2.58965813554823
2026-02-19 11:50:23,
2026-02-19 11:50:24,
2026-02-19 11:50:25,
2026-02-19 11:50:26,-2.04106613527983
2026-02-19 11:50:27,
2026-02-19 11:50:28,
2026-02-19 11:50:29,
2026-02-19 11:50:30,
2026-02-19 11:50:31,-2.32703718356788
2026-02-19 11:50:32,
2026-02-19 11:50:33,-1.18409522110596
2026-02-19 11:50:34,-1.04987968225032
2026-02-19 11:50:35,-1.20202484540641
2026-02-19 11:50:36,0.0
2026-02-19 11:50:37,2.26155649870634
2026-02-19 11:50:38,
2026-02-19 11:50:39,
2026-02-19 11:50:40,0.0
2026-02-19 11:50:41,
2026-02-19 11:50:42,
2026-02-19 11:50:43,
2026-02-19 11:50:44,-0.821592262946069
2026-02-19 11:50:45,
2026-02-19 11:50:46,-1.40359484357759
2026-02-19 11:50:47,-2.25007706321776
2026-02-19 11:50:48,-3.09527590870857
2026-02-19 11:50:49,-3.77189079299569
2026-02-19 11:50:50,-4.38586645759642
2026-02-19 11:50:51,
2026-02-19 11:50:52,
2026-02-19 11:50:53,
2026-02-19 11:50:54,-4.19250810518861
2026-02-19 11:50:55,-1.82535178028047
2026-02-19 11:50:56,0.0
2026-02-19 11:50:57,0.0
2026-02-19 11:50:58,
2026-02-19 11:50:59,0.0
2026-02-19 11:51:00,0.0
2026-02-19 11:51:01,-1.00502644199878
2026-02-19 11:51:02,
2026-02-19 11:51:03,-1.56270746374503
2026-02-19 11:51:04,
2026-02-19 11:51:05,
2026-02-19 11:51:06,
2026-02-19 11:51:07,-2.81243780627847
2026-02-19 11:51:08,
2026-02-19 11:51:09,-3.24667969252914
2026-02-19 11:51:10,-2.44108010083437
2026-02-19 11:51:11,
2026-02-19 11:51:12,
2026-02-19 11:51:13,-3.72538254596293
2026-02-19 11:51:14,
2026-02-19 11:51:15,
2026-02-19 11:51:16,
2026-02-19 11:51:17,
2026-02-19 11:51:18,-5.82186626270413
2026-02-19 11:51:19,-6.24654754064977
2026-02-19 11:51:20,-5.63977276906371
2026-02-19 11:51:21,
2026-02-19 11:51:22,
2026-02-19 11:51:23,-3.73768256977201
2026-02-19 11:51:24,-3.86142837814987
2026-02-19 11:51:25,-3.482741327025
2026-02-19 11:51:26,
2026-02-19 11:51:27,
2026-02-19 11:51:28,
2026-02-19 11:51:29,
2026-02-19 11:51:30,
2026-02-19 11:51:31,
2026-02-19 11:51:32,
2026-02-19 11:51:33,
2026-02-19 11:51:34,
2026-02-19 11:51:35,
2026-02-19 11:51:36,
2026-02-19 11:51:37,
2026-02-19 11:51:38,
2026-02-19 11:51:39,
2026-02-19 11:51:40,
2026-02-19 11:51:41,-4.03684903867543
2026-02-19 11:51:42,-3.81330954842269
2026-02-19 11:51:43,-3.40762690175325
2026-02-19 11:51:44,
2026-02-19 11:51:45,-3.12014208175242
2026-02-19 11:51:46,-2.82910710666329
2026-02-19 11:51:47,
2026-02-19 11:51:48,
2026-02-19 11:51:49,-1.45174824865535
2026-02-19 11:51:50,
2026-02-19 11:51:51,
2026-02-19 11:51:52,
2026-02-19 11:51:53,0.0
2026-02-19 11:51:54,
2026-02-19 11:51:55,
2026-02-19 11:51:56,0.0
2026-02-19 11:51:57,-1.13469092175364
2026-02-19 11:51:58,-1.65257864864543
2026-02-19 11:51:59,-1.65257864864543
2026-02-19 11:52:00,-2.35396320931613
2026-02-19 11:52:01,
2026-02-19 11:52:02,-1.98637610301375
2026-02-19 11:52:03,-1.92678852472454
2026-02-19 11:52:04,-2.41048112511635
2026-02-19 11:52:05,-2.16842517256737
2026-02-19 11:52:06,-2.68602047581226
2026-02-19 11:52:07,-3.39618225116283
2026-02-19 11:52:08,-4.14919671602547
2026-02-19 11:52:09,-3.53898536413908
2026-02-19 11:52:10,
2026-02-19 11:52:11,-2.39986167289317
2026-02-19 11:52:12,
2026-02-19 11:52:13,-3.15548835787922
2026-02-19 11:52:14,-2.81152166426182
2026-02-19 11:52:15,-2.05666779074818
2026-02-19 11:52:16,
2026-02-19 11:52:17,
2026-02-19 11:52:18,-2.02042507007718
2026-02-19 11:52:19,-2.31540268287063
2026-02-19 11:52:20,-2.45999491307884
2026-02-19 11:52:21,-2.3065683664754
2026-02-19 11:52:22,-2.44181184098125
2026-02-19 11:52:23,
2026-02-19 11:52:24,-2.92031520511955
2026-02-19 11:52:25,-3.27986972406507
2026-02-19 11:52:26,-2.95092088636011
2026-02-19 11:52:27,-2.44818439241499
2026-02-19 11:52:28,-2.49655258376151
2026-02-19 11:52:29,-2.68285609781742
2026-02-19 11:52:30,-2.68285609781742
2026-02-19 11:52:31,-2.82077402807772
2026-02-19 11:52:32,
2026-02-19 11:52:33,-3.17680207081139
2026-02-19 11:52:34,-3.31538950558752
2026-02-19 11:52:35,-3.4117472358048
2026-02-19 11:52:36,-3.44026477541775
2026-02-19 11:52:37,-3.47090021241456
2026-02-19 11:52:38,-3.19649870507419
2026-02-19 11:52:39,
2026-02-19 11:52:40,-3.29190550837666
2026-02-19 11:52:41,-3.39426656719297
2026-02-19 11:52:42,-2.60950815863907
2026-02-19 11:52:43,-2.40634381771088
2026-02-19 11:52:44,-2.11203969083726
2026-02-19 11:52:45,
2026-02-19 11:52:46,-1.43746485700831
2026-02-19 11:52:47,0.0
2026-02-19 11:52:48,
2026-02-19 11:52:49,
2026-02-19 11:52:50,
2026-02-19 11:52:51,
2026-02-19 11:52:52,0.0
2026-02-19 11:52:53,0.0
2026-02-19 11:52:54,
2026-02-19 11:52:55,-0.905660446733236
2026-02-19 11:52:56,0.0
2026-02-19 11:52:57,0.0
2026-02-19 11:52:58,0.0
2026-02-19 11:52:59,0.0
2026-02-19 11:53:00,-0.90558574302122
2026-02-19 11:53:01,-1.09008882427588
2026-02-19 11:53:02,
2026-02-19 11:53:03,
2026-02-19 11:53:04,-1.31362999090925
2026-02-19 11:53:05,-1.35174952447414
2026-02-19 11:53:06,-1.40976004768163
2026-02-19 11:53:07,
2026-02-19 11:53:08,-1.54022405622527
2026-02-19 11:53:09,-1.58078754320741
2026-02-19 11:53:10,-1.45014803856611
2026-02-19 11:53:11,
2026-02-19 11:53:12,-1.39509936561808
2026-02-19 11:53:13,-1.39509936561808
2026-02-19 11:53:14,
2026-02-19 11:53:15,-1.46298251347616
2026-02-19 11:53:16,
2026-02-19 11:53:17,
2026-02-19 11:53:18,
2026-02-19 11:53:19,0.0
2026-02-19 11:53:20,0.0
2026-02-19 11:53:21,0.0
2026-02-19 11:53:22,0.0
2026-02-19 11:53:23,-1.15851281443611
2026-02-19 11:53:24,-1.15851281443611
2026-02-19 11:53:25,-1.29037408623844
2026-02-19 11:53:26,-1.29037408623844
2026-02-19 11:53:27,
2026-02-19 11:53:28,-1.18651444790885
2026-02-19 11:53:29,-1.09785560052842
2026-02-19 11:53:30,-0.879021501168609
2026-02-19 11:53:31,-0.897432665806264
2026-02-19 11:53:32,-0.842333439504728
2026-02-19 11:53:33,-0.900543085299432
2026-02-19 11:53:34,-0.838970829499885
2026-02-19 11:53:35,-1.03593890089542
2026-02-19 11:53:36,-1.03593890089542
2026-02-19 11:53:37,
2026-02-19 11:53:38,
2026-02-19 11:53:39,
2026-02-19 11:53:40,-1.16727777058259
2026-02-19 11:53:41,
2026-02-19 11:53:42,-1.14616365171969
2026-02-19 11:53:43,-1.05749914655462
2026-02-19 11:53:44,0.0
2026-02-19 11:53:45,0.0
2026-02-19 11:53:46,0.0
2026-02-19 11:53:47,0.0
2026-02-19 11:53:48,
2026-02-19 11:53:49,
2026-02-19 11:53:50,0.0
2026-02-19 11:53:51,0.0
2026-02-19 11:53:52,0.0
2026-02-19 11:53:53,0.0
2026-02-19 11:53:54,0.0
2026-02-19 11:53:55,0.0
2026-02-19 11:53:56,0.0
2026-02-19 11:53:57,0.0
2026-02-19 11:53:58,-1.02058147313073
2026-02-19 11:53:59,-0.94482017448172
2026-02-19 11:54:00,-1.01335218641907
2026-02-19 11:54:01,-0.823989015771076
2026-02-19 11:54:02,-0.929460546467453
2026-02-19 11:54:03,0.0
2026-02-19 11:54:04,0.0
2026-02-19 11:54:05,
2026-02-19 11:54:06,-0.932894297875464
2026-02-19 11:54:07,-0.911081547383219
2026-02-19 11:54:08,-0.891071849036962
2026-02-19 11:54:09,
2026-02-19 11:54:10,0.0
2026-02-19 11:54:11,0.0
2026-02-19 11:54:12,0.0
2026-02-19 11:54:13,
2026-02-19 11:54:14,0.0
2026-02-19 11:54:15,0.0
2026-02-19 11:54:16,0.0
2026-02-19 11:54:17,
2026-02-19 11:54:18,0.0
2026-02-19 11:54:19,
2026-02-19 11:54:20,0.0
2026-02-19 11:54:21,-1.1027232860215
2026-02-19 11:54:22,
2026-02-19 11:54:23,-1.08608657028526
2026-02-19 11:54:24,-1.08608657028526
2026-02-19 11:54:25,-1.06727045495063
2026-02-19 11:54:26,-1.06829357100651
2026-02-19 11:54:27,-1.1311998590827
2026-02-19 11:54:28,
2026-02-19 11:54:29,-1.89892142079771
2026-02-19 11:54:30,-1.89892142079771
2026-02-19 11:54:31,-1.83377810753882
2026-02-19 11:54:32,-2.09467909298837
2026-02-19 11:54:33,-2.09467909298837
2026-02-19 11:54:34,-2.14452061336488
2026-02-19 11:54:35,
2026-02-19 11:54:36,-2.29321452789009
2026-02-19 11:54:37,-2.35741718206555
2026-02-19 11:54:38,-2.14927021879703
2026-02-19 11:54:39,
2026-02-19 11:54:40,-1.83753822930157
2026-02-19 11:54:41,-1.65097058052197
2026-02-19 11:54:42,-1.45986235002056
2026-02-19 11:54:43,
2026-02-19 11:54:44,
2026-02-19 11:54:45,
2026-02-19 11:54:46,-1.52958616381511
2026-02-19 11:54:47,-1.45056116161868
2026-02-19 11:54:48,-1.53469147626311
2026-02-19 11:54:49,-1.18247919017449
2026-02-19 11:54:50,
2026-02-19 11:54:51,
2026-02-19 11:54:52,-1.18567280005664
2026-02-19 11:54:53,
2026-02-19 11:54:54,-1.19871504139155
2026-02-19 11:54:55,
2026-02-19 11:54:56,
2026-02-19 11:54:57,
2026-02-19 11:54:58,-1.17898089811206
2026-02-19 11:54:59,-0.940474157687277
2026-02-19 11:55:00,-0.940474157687277
2026-02-19 11:55:01,-0.818260194500908
2026-02-19 11:55:02,0.0
2026-02-19 11:55:03,
2026-02-19 11:55:04,-1.00339018972591
2026-02-19 11:55:05,-1.09333283035085
2026-02-19 11:55:06,-0.934675766620785
2026-02-19 11:55:07,
2026-02-19 11:55:08,-1.58772430149838
2026-02-19 11:55:09,
2026-02-19 11:55:10,-1.99516348075122
2026-02-19 11:55:11,-1.94754672702402
2026-02-19 11:55:12,-2.12799799628556
2026-02-19 11:55:13,
2026-02-19 11:55:14,-2.20805648714304
2026-02-19 11:55:15,-2.20805648714304
2026-02-19 11:55:16,
2026-02-19 11:55:17,
2026-02-19 11:55:18,
2026-02-19 11:55:19,-2.09080372005701
2026-02-19 11:55:20,-1.90100453328341
2026-02-19 11:55:21,-2.6190071599558
2026-02-19 11:55:22,-2.72022765129805
2026-02-19 11:55:23,-2.22570961341262
2026-02-19 11:55:24,
2026-02-19 11:55:25,-1.86917257960886
2026-02-19 11:55:26,-1.84969366528094
2026-02-19 11:55:27,-1.98465592693537
2026-02-19 11:55:28,-1.54625808354467
2026-02-19 11:55:29,
2026-02-19 11:55:30,-1.50214622262865
2026-02-19 11:55:31,-1.64211688097566
2026-02-19 11:55:32,-1.11346563789994
2026-02-19 11:55:33,-1.11346563789994
2026-02-19 11:55:34,0.0
2026-02-19 11:55:35,
2026-02-19 11:55:36,
2026-02-19 11:55:37,
2026-02-19 11:55:38,
2026-02-19 11:55:39,0.0
2026-02-19 11:55:40,0.0
2026-02-19 11:55:41,-1.18978066602722
2026-02-19 11:55:42,-1.33448112756014
2026-02-19 11:55:43,-1.14014334976673
2026-02-19 11:55:44,-1.92588663194329
2026-02-19 11:55:45,-2.18240995891392
2026-02-19 11:55:46,-1.79928238503635
2026-02-19 11:55:47,-1.2655857601203
2026-02-19 11:55:48,-1.48988224100322
2026-02-19 11:55:49,-1.22461648425087
2026-02-19 11:55:50,-1.01348713506013
2026-02-19 11:55:51,-1.21430234285071
2026-02-19 11:55:52,-0.918182590976357
2026-02-19 11:55:53,-0.918182590976357
2026-02-19 11:55:54,
2026-02-19 11:55:55,0.0
2026-02-19 11:55:56,
2026-02-19 11:55:57,
2026-02-19 11:55:58,
2026-02-19 11:55:59,0.0
2026-02-19 11:56:00,
2026-02-19 11:56:01,
2026-02-19 11:56:02,-1.40709753613919
2026-02-19 11:56:03,-1.78680235985667
2026-02-19 11:56:04,
2026-02-19 11:56:05,
2026-02-19 11:56:06,-1.7113694222644
2026-02-19 11:56:07,-1.840158412233
2026-02-19 11:56:08,-2.32748980633914
2026-02-19 11:56:09,-2.46877202298492
2026-02-19 11:56:10,-2.47770461719483
2026-02-19 11:56:11,-2.51546299550682
2026-02-19 11:56:12,
2026-02-19 11:56:13,-2.29813575278968
2026-02-19 11:56:14,-2.29813575278968
2026-02-19 11:56:15,-1.95919694378972
2026-02-19 11:56:16,-1.93698825314641
2026-02-19 11:56:17,-1.93698825314641
2026-02-19 11:56:18,
2026-02-19 11:56:19,-2.09731562063098
2026-02-19 11:56:20,
2026-02-19 11:56:21,-1.27443285891786
2026-02-19 11:56:22,-1.27443285891786
2026-02-19 11:56:23,-1.10648466506973
2026-02-19 11:56:24,
2026-02-19 11:56:25,
2026-02-19 11:56:26,
2026-02-19 11:56:27,0.0
2026-02-19 11:56:28,0.0
2026-02-19 11:56:29,-0.910768797621131
2026-02-19 11:56:30,-1.25469180056825
2026-02-19 11:56:31,
2026-02-19 11:56:32,-1.15855776239187
2026-02-19 11:56:33,-1.30740789463744
2026-02-19 11:56:34,-1.5492859412916
2026-02-19 11:56:35,-1.2934603029862
2026-02-19 11:56:36,-1.2934603029862
2026-02-19 11:56:37,
2026-02-19 11:56:38,
2026-02-19 11:56:39,
2026-02-19 11:56:40,0.0
2026-02-19 11:56:41,
2026-02-19 11:56:42,
2026-02-19 11:56:43,
2026-02-19 11:56:44,-0.959119701292366
2026-02-19 11:56:45,-1.1055055540055
2026-02-19 11:56:46,
2026-02-19 11:56:47,
2026-02-19 11:56:48,0.0
2026-02-19 11:56:49,0.0
2026-02-19 11:56:50,0.0
2026-02-19 11:56:51,-1.39608130557463
2026-02-19 11:56:52,
2026-02-19 11:56:53,
2026-02-19 11:56:54,
2026-02-19 11:56:55,-1.62528402870521
2026-02-19 11:56:56,
2026-02-19 11:56:57,-1.90439312718809
2026-02-19 11:56:58,-1.81600071955472
2026-02-19 11:56:59,-2.91035373229533
2026-02-19 11:57:00,-2.47204452753067
2026-02-19 11:57:01,-2.26076964754611
2026-02-19 11:57:02,-1.66119472123682
2026-02-19 11:57:03,-1.53451838996261
2026-02-19 11:57:04,-1.303776120767
2026-02-19 11:57:05,0.0
2026-02-19 11:57:06,0.0
2026-02-19 11:57:07,0.0
2026-02-19 11:57:08,0.0
2026-02-19 11:57:09,0.0
2026-02-19 11:57:10,0.0
2026-02-19 11:57:11,-1.38733877101913
2026-02-19 11:57:12,-1.80852846242487
2026-02-19 11:57:13,-2.02092630788684
2026-02-19 11:57:14,-2.12359770666808
2026-02-19 11:57:15,-1.91819686442614
2026-02-19 11:57:16,-2.24245225545019
2026-02-19 11:57:17,
2026-02-19 11:57:18,-2.6152252452448
2026-02-19 11:57:19,-1.58871011808515
2026-02-19 11:57:20,0.0
2026-02-19 11:57:21,0.0
2026-02-19 11:57:22,
2026-02-19 11:57:23,
2026-02-19 11:57:24,-1.80714691523463
2026-02-19 11:57:25,
2026-02-19 11:57:26,-3.19673444610089
2026-02-19 11:57:27,
2026-02-19 11:57:28,-2.66133975237608
2026-02-19 11:57:29,-2.66133975237608
2026-02-19 11:57:30,
2026-02-19 11:57:31,-2.54815765656531
2026-02-19 11:57:32,-3.09218801558018
2026-02-19 11:57:33,-3.37199773639441
2026-02-19 11:57:34,-3.59604055993259
2026-02-19 11:57:35,
2026-02-19 11:57:36,-2.99298693425953
2026-02-19 11:57:37,
2026-02-19 11:57:38,-2.20426870509982
2026-02-19 11:57:39,-2.25305662024766
2026-02-19 11:57:40,-1.92226418294013
2026-02-19 11:57:41,-1.92226418294013
2026-02-19 11:57:42,-2.08737237844616
2026-02-19 11:57:43,-2.21648260485381
2026-02-19 11:57:44,-2.07364931702614
2026-02-19 11:57:45,-1.97737645357847
2026-02-19 11:57:46,-2.14692433364689
2026-02-19 11:57:47,-2.41518588736653
2026-02-19 11:57:48,-3.22530479170382
2026-02-19 11:57:49,-2.96856793574989
2026-02-19 11:57:50,
2026-02-19 11:57:51,
2026-02-19 11:57:52,
2026-02-19 11:57:53,-2.9425953514874
2026-02-19 11:57:54,-4.00047241710126
2026-02-19 11:57:55,-4.00047241710126
2026-02-19 11:57:56,-3.35013018921018
2026-02-19 11:57:57,
2026-02-19 11:57:58,-2.79972120188177
2026-02-19 11:57:59,-2.79972120188177
2026-02-19 11:58:00,-1.9833596656099
2026-02-19 11:58:01,
2026-02-19 11:58:02,
2026-02-19 11:58:03,-1.96564954239875
2026-02-19 11:58:04,-1.69805403565988
2026-02-19 11:58:05,
2026-02-19 11:58:06,-2.09695561788976
2026-02-19 11:58:07,
2026-02-19 11:58:08,-1.99502455070615
2026-02-19 11:58:09,-2.04974894877523
2026-02-19 11:58:10,-2.35844166018069
2026-02-19 11:58:11,-3.66342645138502
2026-02-19 11:58:12,
2026-02-19 11:58:13,-4.03541950508952
2026-02-19 11:58:14,-4.05405373312533
2026-02-19 11:58:15,-3.82679393514991
2026-02-19 11:58:16,-3.82679393514991
2026-02-19 11:58:17,-3.72794447466731
2026-02-19 11:58:18,
2026-02-19 11:58:19,-3.66037460044026
2026-02-19 11:58:20,-4.00019329972565
2026-02-19 11:58:21,-4.02610218152404
2026-02-19 11:58:22,-3.9452956058085
2026-02-19 11:58:23,
2026-02-19 11:58:24,-3.61456875689328
2026-02-19 11:58:25,
2026-02-19 11:58:26,
2026-02-19 11:58:27,
2026-02-19 11:58:28,-3.71961873024702
2026-02-19 11:58:29,-3.40157265309244
2026-02-19 11:58:30,-3.28184890095145
2026-02-19 11:58:31,-2.87063084542751
2026-02-19 11:58:32,-2.39976570010185
2026-02-19 11:58:33,-1.87923316843808
2026-02-19 11:58:34,-1.81324349250644
2026-02-19 11:58:35,-1.4072330086492
2026-02-19 11:58:36,-1.43928865436465
2026-02-19 11:58:37,-1.34101000148803
2026-02-19 11:58:38,-1.76221991423517
2026-02-19 11:58:39,-2.12855434510857
2026-02-19 11:58:40,
2026-02-19 11:58:41,
2026-02-19 11:58:42,
2026-02-19 11:58:43,-2.67506930977106
2026-02-19 11:58:44,-2.67506930977106
2026-02-19 11:58:45,-2.90505175944418
2026-02-19 11:58:46,-2.84788571298122
2026-02-19 11:58:47,
2026-02-19 11:58:48,-2.87555877584964
2026-02-19 11:58:49,-2.41291376296431
2026-02-19 11:58:50,-2.06800263840705
2026-02-19 11:58:51,-1.85238446574658
2026-02-19 11:58:52,-1.1474079452455
2026-02-19 11:58:53,-1.01172662107274
2026-02-19 11:58:54,-1.48775177076459
2026-02-19 11:58:55,-1.45826874068007
2026-02-19 11:58:56,-1.50131316622719
2026-02-19 11:58:57,-1.38875950360671
2026-02-19 11:58:58,-1.53091867687181
2026-02-19 11:58:59,-1.36192588834092
2026-02-19 11:59:00,-1.136526663322
2026-02-19 11:59:01,-1.15333520807326
2026-02-19 11:59:02,-1.12846945412457
2026-02-19 11:59:03,-1.7115100286901
2026-02-19 11:59:04,-1.82219431735575
2026-02-19 11:59:05,-1.96568181272596
2026-02-19 11:59:06,-2.04863289836794
2026-02-19 11:59:07,-2.88622684311122
2026-02-19 11:59:08,
2026-02-19 11:59:09,-3.7371008656919
2026-02-19 11:59:10,
2026-02-19 11:59:11,-4.00834428146482
2026-02-19 11:59:12,-4.08761529251933
2026-02-19 11:59:13,-3.64314392209053
2026-02-19 11:59:14,
2026-02-19 11:59:15,-3.6513808183372
2026-02-19 11:59:16,-3.24287472758442
2026-02-19 11:59:17,
2026-02-19 11:59:18,
2026-02-19 11:59:19,-3.09525055345148
2026-02-19 11:59:20,-3.41195322107524
2026-02-19 11:59:21,-3.20290143135935
2026-02-19 11:59:22,-2.7751607587561
2026-02-19 11:59:23,-2.9276275774464
2026-02-19 11:59:24,-3.11386571265757
2026-02-19 11:59:25,
2026-02-19 11:59:26,-2.81915359664708
2026-02-19 11:59:27,-2.81915359664708
2026-02-19 11:59:28,
2026-02-19 11:59:29,-2.73550115525723
2026-02-19 11:59:30,-2.74298137519509
2026-02-19 11:59:31,-2.32057473622262
2026-02-19 11:59:32,-2.28001303039491
2026-02-19 11:59:33,-1.98103410657495
2026-02-19 11:59:34,-2.06501218490303
2026-02-19 11:59:35,-1.8979562446475
2026-02-19 11:59:36,
2026-02-19 11:59:37,
2026-02-19 11:59:38,-2.51765633001924
2026-02-19 11:59:39,-2.78119363356382
2026-02-19 11:59:40,-2.56011025048792
2026-02-19 11:59:41,-2.28854895103723
2026-02-19 11:59:42,-2.32453749049455
2026-02-19 11:59:43,-2.87858338560909
2026-02-19 11:59:44,
2026-02-19 11:59:45,-3.4526125760749
2026-02-19 11:59:46,
2026-02-19 11:59:47,
2026-02-19 11:59:48,-3.14529910683632
2026-02-19 11:59:49,-2.87751008290797
2026-02-19 11:59:50,
2026-02-19 11:59:51,
2026-02-19 11:59:52,
2026-02-19 11:59:53,
2026-02-19 11:59:54,-2.93173156678677
2026-02-19 11:59:55,-2.70643711555749
2026-02-19 11:59:56,-3.1865764176473
2026-02-19 11:59:57,-3.35750333033502
2026-02-19 11:59:58,-3.4484876319766
2026-02-19 11:59:59,-3.65885118953884
2026-02-19 12:00:00,-3.87611095793545
2026-02-19 12:00:01,-3.829180682078
2026-02-19 12:00:02,-3.81903857924044
2026-02-19 12:00:03,-3.08588545303792
2026-02-19 12:00:04,-3.11865115072578
2026-02-19 12:00:05,-2.72598245646805
2026-02-19 12:00:06,-2.42424400057644
2026-02-19 12:00:07,-2.25982542615384
2026-02-19 12:00:08,-2.25982542615384
2026-02-19 12:00:09,-2.11928375065327
2026-02-19 12:00:10,-2.2831262787804
2026-02-19 12:00:11,-1.62108731456101
2026-02-19 12:00:12,-2.74016673211008
2026-02-19 12:00:13,-2.81711134593934
2026-02-19 12:00:14,-2.94366886373609
2026-02-19 12:00:15,
2026-02-19 12:00:16,-3.18949751090258
2026-02-19 12:00:17,-3.16179092042148
2026-02-19 12:00:18,-3.16179092042148
2026-02-19 12:00:19,-2.88370682392269
2026-02-19 12:00:20,
2026-02-19 12:00:21,
2026-02-19 12:00:22,
2026-02-19 12:00:23,5.20713999867439
2026-02-19 12:00:24,4.73703928291798
2026-02-19 12:00:25,4.39144251868129
2026-02-19 12:00:26,
2026-02-19 12:00:27,
2026-02-19 12:00:28,
2026-02-19 12:00:29,
2026-02-19 12:00:30,
2026-02-19 12:00:31,2.91816629469395
2026-02-19 12:00:32,2.10517994128168
2026-02-19 12:00:33,
2026-02-19 12:00:34,
2026-02-19 12:00:35,1.76953228656203
2026-02-19 12:00:36,1.44219864159822
2026-02-19 12:00:37,0.0
2026-02-19 12:00:38,0.0
2026-02-19 12:00:39,-1.36983515694737
2026-02-19 12:00:40,-1.36983515694737
2026-02-19 12:00:41,3.67104518227279
2026-02-19 12:00:42,
2026-02-19 12:00:43,
2026-02-19 12:00:44,6.90780677832663
2026-02-19 12:00:45,6.53624748811126
2026-02-19 12:00:46,6.23468798585236
2026-02-19 12:00:47,5.54348188452423
2026-02-19 12:00:48,5.07945427671075
2026-02-19 12:00:49,
2026-02-19 12:00:50,2.96030233148485
2026-02-19 12:00:51,2.96030233148485
2026-02-19 12:00:52,
2026-02-19 12:00:53,2.45326382573694
2026-02-19 12:00:54,1.99945941567421
2026-02-19 12:00:55,1.10051926458254
2026-02-19 12:00:56,
2026-02-19 12:00:57,
2026-02-19 12:00:58,
2026-02-19 12:00:59,0.0
2026-02-19 12:01:00,0.0
2026-02-19 12:01:01,0.0
2026-02-19 12:01:02,
2026-02-19 12:01:03,
2026-02-19 12:01:04,
2026-02-19 12:01:05,
2026-02-19 12:01:06,-1.69995987089351
2026-02-19 12:01:07,-1.87698870431632
2026-02-19 12:01:08,
2026-02-19 12:01:09,
2026-02-19 12:01:10,-1.00597317796201
2026-02-19 12:01:11,-1.00597317796201
2026-02-19 12:01:12,-0.969808408990502
2026-02-19 12:01:13,-0.953089026734233
2026-02-19 12:01:14,
2026-02-19 12:01:15,
2026-02-19 12:01:16,
2026-02-19 12:01:17,
2026-02-19 12:01:18,
2026-02-19 12:01:19,0.0
2026-02-19 12:01:20,0.0
2026-02-19 12:01:21,
2026-02-19 12:01:22,
2026-02-19 12:01:23,
2026-02-19 12:01:24,
2026-02-19 12:01:25,
2026-02-19 12:01:26,
2026-02-19 12:01:27,
2026-02-19 12:01:28,
2026-02-19 12:01:29,
2026-02-19 12:01:30,
2026-02-19 12:01:31,
2026-02-19 12:01:32,
2026-02-19 12:01:33,
2026-02-19 12:01:34,0.0
2026-02-19 12:01:35,0.0
2026-02-19 12:01:36,-1.04430812643841
2026-02-19 12:01:37,
2026-02-19 12:01:38,
2026-02-19 12:01:39,
2026-02-19 12:01:40,-2.77335131540895
2026-02-19 12:01:41,-3.31599216442555
2026-02-19 12:01:42,
2026-02-19 12:01:43,-3.98630951531231
2026-02-19 12:01:44,-3.98630951531231
2026-02-19 12:01:45,-4.52295793220401
2026-02-19 12:01:46,-4.52295793220401
2026-02-19 12:01:47,
2026-02-19 12:01:48,
2026-02-19 12:01:49,
2026-02-19 12:01:50,-3.43265631236136
2026-02-19 12:01:51,-3.12415030784905
2026-02-19 12:01:52,-2.62507209554315
2026-02-19 12:01:53,-2.57650001440197
2026-02-19 12:01:54,-1.86771748121828
2026-02-19 12:01:55,0.0
2026-02-19 12:01:56,0.0
2026-02-19 12:01:57,0.0
2026-02-19 12:01:58,0.0
2026-02-19 12:01:59,0.0
2026-02-19 12:02:00,0.0
2026-02-19 12:02:01,0.0
2026-02-19 12:02:02,
2026-02-19 12:02:03,-2.19881837256253
2026-02-19 12:02:04,-2.28095033671707
2026-02-19 12:02:05,
2026-02-19 12:02:06,
2026-02-19 12:02:07,
2026-02-19 12:02:08,
2026-02-19 12:02:09,-2.44115428067744
2026-02-19 12:02:10,-2.08429747726768
2026-02-19 12:02:11,-1.86144362669438
2026-02-19 12:02:12,-1.51794118573889
2026-02-19 12:02:13,0.0
2026-02-19 12:02:14,-0.961839419323951
2026-02-19 12:02:15,-1.35133577277884
2026-02-19 12:02:16,-1.32257704390213
2026-02-19 12:02:17,-1.30268395878375
2026-02-19 12:02:18,-1.03256256552413
2026-02-19 12:02:19,
2026-02-19 12:02:20,-1.19969425722957
2026-02-19 12:02:21,-1.01308941375464
2026-02-19 12:02:22,0.0
2026-02-19 12:02:23,0.0
2026-02-19 12:02:24,0.0
2026-02-19 12:02:25,0.0
2026-02-19 12:02:26,-1.06995947426185
2026-02-19 12:02:27,-1.05672748759389
2026-02-19 12:02:28,-1.05672748759389
2026-02-19 12:02:29,-1.06337297474965
2026-02-19 12:02:30,0.0
2026-02-19 12:02:31,
2026-02-19 12:02:32,0.0
2026-02-19 12:02:33,0.0
2026-02-19 12:02:34,0.0
2026-02-19 12:02:35,-0.826263445196673
2026-02-19 12:02:36,-1.06721733463928
2026-02-19 12:02:37,-1.28624819917604
2026-02-19 12:02:38,-1.33304604096338
2026-02-19 12:02:39,-1.33878135820851
2026-02-19 12:02:40,-1.2615600368008
2026-02-19 12:02:41,-1.33859947090968
2026-02-19 12:02:42,-1.18945492431521
2026-02-19 12:02:43,-1.16357412189245
2026-02-19 12:02:44,-1.48730941582471
2026-02-19 12:02:45,-1.37897541280836
2026-02-19 12:02:46,-1.3111213920638
2026-02-19 12:02:47,-1.30402338691056
2026-02-19 12:02:48,-1.50020937435329
2026-02-19 12:02:49,-1.49232745170593
2026-02-19 12:02:50,-1.86499692499638
2026-02-19 12:02:51,-1.83254219591618
2026-02-19 12:02:52,-1.74570756498724
2026-02-19 12:02:53,-1.73736610449851
2026-02-19 12:02:54,-1.51676122331992
2026-02-19 12:02:55,-1.60199648234993
2026-02-19 12:02:56,-1.34192237164825
2026-02-19 12:02:57,-1.34295785101131
2026-02-19 12:02:58,-1.31997037678957
2026-02-19 12:02:59,-1.42769166268408
2026-02-19 12:03:00,-1.3365828897804
2026-02-19 12:03:01,-1.2186863925308
2026-02-19 12:03:02,-1.09746636589989
2026-02-19 12:03:03,-1.01175616728142
2026-02-19 12:03:04,-1.01175616728142
2026-02-19 12:03:05,-0.832325656665489
2026-02-19 12:03:06,0.0
2026-02-19 12:03:07,0.0
2026-02-19 12:03:08,-0.995359173975885
2026-02-19 12:03:09,
2026-02-19 12:03:10,-1.33195953676477
2026-02-19 12:03:11,-1.93196288309991
2026-02-19 12:03:12,-1.93196288309991
2026-02-19 12:03:13,-1.43447869922966
2026-02-19 12:03:14,-1.5594134805724
2026-02-19 12:03:15,
2026-02-19 12:03:16,
2026-02-19 12:03:17,-1.37788890860975
2026-02-19 12:03:18,-1.07099076267332
2026-02-19 12:03:19,
2026-02-19 12:03:20,-1.02692793589085
2026-02-19 12:03:21,-1.35697040241212
2026-02-19 12:03:22,
2026-02-19 12:03:23,
2026-02-19 12:03:24,-1.13473304081708
2026-02-19 12:03:25,
2026-02-19 12:03:26,-0.990376865956932
2026-02-19 12:03:27,0.0
2026-02-19 12:03:28,0.0
2026-02-19 12:03:29,0.0
2026-02-19 12:03:30,0.0
2026-02-19 12:03:31,0.0
2026-02-19 12:03:32,0.0
2026-02-19 12:03:33,0.0
2026-02-19 12:03:34,0.0
2026-02-19 12:03:35,0.0
2026-02-19 12:03:36,0.0
2026-02-19 12:03:37,0.0
2026-02-19 12:03:38,
2026-02-19 12:03:39,0.0
2026-02-19 12:03:40,
2026-02-19 12:03:41,
2026-02-19 12:03:42,-0.838633824605495
2026-02-19 12:03:43,-1.08490786515176
2026-02-19 12:03:44,-1.03705086512491
2026-02-19 12:03:45,-1.02064025122672
2026-02-19 12:03:46,-1.15284224739298
2026-02-19 12:03:47,-1.15284224739298
2026-02-19 12:03:48,-0.971165753435344
2026-02-19 12:03:49,-1.06166212353855
2026-02-19 12:03:50,
2026-02-19 12:03:51,-0.979029654990882
2026-02-19 12:03:52,-0.909275247249752
2026-02-19 12:03:53,
2026-02-19 12:03:54,
2026-02-19 12:03:55,0.0
2026-02-19 12:03:56,
2026-02-19 12:03:57,
2026-02-19 12:03:58,
2026-02-19 12:03:59,
2026-02-19 12:04:00,0.0
2026-02-19 12:04:01,
2026-02-19 12:04:02,0.0
2026-02-19 12:04:03,
2026-02-19 12:04:04,0.0
2026-02-19 12:04:05,0.0
2026-02-19 12:04:06,0.0
2026-02-19 12:04:07,
2026-02-19 12:04:08,0.0
2026-02-19 12:04:09,0.0
2026-02-19 12:04:10,0.0
2026-02-19 12:04:11,
2026-02-19 12:04:12,0.0
2026-02-19 12:04:13,-1.1451771017164
2026-02-19 12:04:14,
2026-02-19 12:04:15,
2026-02-19 12:04:16,
2026-02-19 12:04:17,-1.63598111830652
2026-02-19 12:04:18,-1.63598111830652
2026-02-19 12:04:19,
2026-02-19 12:04:20,-1.33502029348165
2026-02-19 12:04:21,-1.59748020814732
2026-02-19 12:04:22,-1.48094943724573
2026-02-19 12:04:23,-1.31314750760794
2026-02-19 12:04:24,0.0
2026-02-19 12:04:25,
2026-02-19 12:04:26,0.0
2026-02-19 12:04:27,
2026-02-19 12:04:28,
2026-02-19 12:04:29,0.0
2026-02-19 12:04:30,-1.19771570898592
2026-02-19 12:04:31,-1.19771570898592
2026-02-19 12:04:32,-1.79401938803494
2026-02-19 12:04:33,-1.9327097106725
2026-02-19 12:04:34,-1.35032921098173
2026-02-19 12:04:35,-1.79356823209673
2026-02-19 12:04:36,-2.56805755198002
2026-02-19 12:04:37,-2.39223728422076
2026-02-19 12:04:38,-2.39223728422076
2026-02-19 12:04:39,
2026-02-19 12:04:40,
2026-02-19 12:04:41,
2026-02-19 12:04:42,
2026-02-19 12:04:43,-2.39183201920241
2026-02-19 12:04:44,
2026-02-19 12:04:45,-4.09458484500647
2026-02-19 12:04:46,
2026-02-19 12:04:47,
2026-02-19 12:04:48,-4.34662406332791
2026-02-19 12:04:49,
2026-02-19 12:04:50,
2026-02-19 12:04:51,
2026-02-19 12:04:52,-4.20165779069066
2026-02-19 12:04:53,-4.20165779069066
2026-02-19 12:04:54,
2026-02-19 12:04:55,
2026-02-19 12:04:56,
2026-02-19 12:04:57,-3.76930790953338
2026-02-19 12:04:58,
2026-02-19 12:04:59,
2026-02-19 12:05:00,
2026-02-19 12:05:01,
2026-02-19 12:05:02,-3.58708240091801
2026-02-19 12:05:03,-3.03156883455813
2026-02-19 12:05:04,-2.63936575502157
2026-02-19 12:05:05,
2026-02-19 12:05:06,
2026-02-19 12:05:07,
2026-02-19 12:05:08,-2.19179622363299
2026-02-19 12:05:09,-1.91381564363837
2026-02-19 12:05:10,
2026-02-19 12:05:11,
2026-02-19 12:05:12,-1.59931553062052
2026-02-19 12:05:13,
2026-02-19 12:05:14,-1.21136595262215
2026-02-19 12:05:15,-1.48473753361031
2026-02-19 12:05:16,-1.5513235819526
2026-02-19 12:05:17,-1.52270650723949
2026-02-19 12:05:18,
2026-02-19 12:05:19,
2026-02-19 12:05:20,
2026-02-19 12:05:21,
2026-02-19 12:05:22,-1.00961668649688
2026-02-19 12:05:23,-0.959546759258956
2026-02-19 12:05:24,0.0
2026-02-19 12:05:25,0.0
2026-02-19 12:05:26,
2026-02-19 12:05:27,0.0
2026-02-19 12:05:28,0.0
2026-02-19 12:05:29,0.0
2026-02-19 12:05:30,0.0
2026-02-19 12:05:31,0.0
2026-02-19 12:05:32,-0.857229967368767
2026-02-19 12:05:33,0.0
2026-02-19 12:05:34,0.0
2026-02-19 12:05:35,0.0
2026-02-19 12:05:36,-0.834771600784734
2026-02-19 12:05:37,0.0
2026-02-19 12:05:38,-1.16388477617875
2026-02-19 12:05:39,-1.12690811511129
2026-02-19 12:05:40,-1.09188265632838
2026-02-19 12:05:41,0.0
2026-02-19 12:05:42,0.0
2026-02-19 12:05:43,0.0
2026-02-19 12:05:44,
2026-02-19 12:05:45,
2026-02-19 12:05:46,-1.61815040046349
2026-02-19 12:05:47,-1.61645956104621
2026-02-19 12:05:48,-1.94719866849482
2026-02-19 12:05:49,
2026-02-19 12:05:50,
2026-02-19 12:05:51,
2026-02-19 12:05:52,
2026-02-19 12:05:53,
2026-02-19 12:05:54,-1.74340400844812
2026-02-19 12:05:55,-1.37099866988137
2026-02-19 12:05:56,-1.00828165886924
2026-02-19 12:05:57,
2026-02-19 12:05:58,-1.06038912199438
2026-02-19 12:05:59,
2026-02-19 12:06:00,
2026-02-19 12:06:01,-0.962188211269677
2026-02-19 12:06:02,-1.00396424531937
2026-02-19 12:06:03,-1.00396424531937
2026-02-19 12:06:04,
2026-02-19 12:06:05,
2026-02-19 12:06:06,-0.93040990177542
2026-02-19 12:06:07,-0.889091729186475
2026-02-19 12:06:08,0.0
2026-02-19 12:06:09,
2026-02-19 12:06:10,0.0
2026-02-19 12:06:11,
2026-02-19 12:06:12,
2026-02-19 12:06:13,
2026-02-19 12:06:14,0.0
2026-02-19 12:06:15,0.0
2026-02-19 12:06:16,
2026-02-19 12:06:17,
2026-02-19 12:06:18,
2026-02-19 12:06:19,
2026-02-19 12:06:20,
2026-02-19 12:06:21,0.0
2026-02-19 12:06:22,0.0
2026-02-19 12:06:23,0.0
2026-02-19 12:06:24,0.0
2026-02-19 12:06:25,0.0
2026-02-19 12:06:26,
2026-02-19 12:06:27,
2026-02-19 12:06:28,
2026-02-19 12:06:29,
2026-02-19 12:06:30,
2026-02-19 12:06:31,
2026-02-19 12:06:32,0.0
2026-02-19 12:06:33,0.0
2026-02-19 12:06:34,
2026-02-19 12:06:35,
2026-02-19 12:06:36,
2026-02-19 12:06:37,0.0
2026-02-19 12:06:38,0.0
2026-02-19 12:06:39,
2026-02-19 12:06:40,
2026-02-19 12:06:41,
2026-02-19 12:06:42,0.0
2026-02-19 12:06:43,
2026-02-19 12:06:44,0.0
2026-02-19 12:06:45,
2026-02-19 12:06:46,
2026-02-19 12:06:47,
2026-02-19 12:06:48,0.0
2026-02-19 12:06:49,
2026-02-19 12:06:50,
2026-02-19 12:06:51,
2026-02-19 12:06:52,0.0
2026-02-19 12:06:53,-1.56996723962948
2026-02-19 12:06:54,-2.0348796620965
2026-02-19 12:06:55,-2.03571952879429
2026-02-19 12:06:56,-1.94160710088909
2026-02-19 12:06:57,
2026-02-19 12:06:58,
2026-02-19 12:06:59,
2026-02-19 12:07:00,-1.76918779034168
2026-02-19 12:07:01,
2026-02-19 12:07:02,-1.33285440970212
2026-02-19 12:07:03,-0.910307059530169
2026-02-19 12:07:04,-1.39986374415457
2026-02-19 12:07:05,-1.39986374415457
2026-02-19 12:07:06,
2026-02-19 12:07:07,-1.39128717128187
2026-02-19 12:07:08,-1.54207310406491
2026-02-19 12:07:09,-1.75976653117687
2026-02-19 12:07:10,-1.33834455627948
2026-02-19 12:07:11,-1.09552564099431
2026-02-19 12:07:12,-1.1566725675948
2026-02-19 12:07:13,
2026-02-19 12:07:14,-1.09101973939687
2026-02-19 12:07:15,0.0
2026-02-19 12:07:16,-0.848184217466041
2026-02-19 12:07:17,-0.848184217466041
2026-02-19 12:07:18,
2026-02-19 12:07:19,0.0
2026-02-19 12:07:20,0.0
2026-02-19 12:07:21,-1.52507167076692
2026-02-19 12:07:22,
2026-02-19 12:07:23,
2026-02-19 12:07:24,-3.05229560472071
2026-02-19 12:07:25,-3.3307438949123
2026-02-19 12:07:26,-3.12269059941173
2026-02-19 12:07:27,
2026-02-19 12:07:28,
2026-02-19 12:07:29,-2.53066231962293
2026-02-19 12:07:30,-2.12696618400514
2026-02-19 12:07:31,
2026-02-19 12:07:32,
2026-02-19 12:07:33,
2026-02-19 12:07:34,
2026-02-19 12:07:35,
2026-02-19 12:07:36,
2026-02-19 12:07:37,
2026-02-19 12:07:38,
2026-02-19 12:07:39,
2026-02-19 12:07:40,
2026-02-19 12:07:41,
2026-02-19 12:07:42,
2026-02-19 12:07:43,-2.44374889880419
2026-02-19 12:07:44,
2026-02-19 12:07:45,
2026-02-19 12:07:46,-1.96271839085966
2026-02-19 12:07:47,-1.91846487578005
2026-02-19 12:07:48,-1.22877841349691
2026-02-19 12:07:49,-0.943704438395798
2026-02-19 12:07:50,0.0
2026-02-19 12:07:51,0.0
2026-02-19 12:07:52,0.0
2026-02-19 12:07:53,0.0
2026-02-19 12:07:54,0.0
2026-02-19 12:07:55,-0.983749399892986
2026-02-19 12:07:56,-1.11064397497103
2026-02-19 12:07:57,0.0
2026-02-19 12:07:58,0.0
2026-02-19 12:07:59,0.0
2026-02-19 12:08:00,0.0
2026-02-19 12:08:01,0.0
2026-02-19 12:08:02,0.0
2026-02-19 12:08:03,0.0
2026-02-19 12:08:04,0.0
2026-02-19 12:08:05,-0.851347285788506
2026-02-19 12:08:06,-0.826581486035138
2026-02-19 12:08:07,-0.878315587760881
2026-02-19 12:08:08,-0.854915828676894
2026-02-19 12:08:09,
2026-02-19 12:08:10,
2026-02-19 12:08:11,0.0
2026-02-19 12:08:12,0.0
2026-02-19 12:08:13,-0.937959272414446
2026-02-19 12:08:14,-1.03025932330638
2026-02-19 12:08:15,-1.08291307697073
2026-02-19 12:08:16,-1.36981881223619
2026-02-19 12:08:17,-1.39993320917711
2026-02-19 12:08:18,
2026-02-19 12:08:19,-1.2547055259347
2026-02-19 12:08:20,-1.20317138498649
2026-02-19 12:08:21,-1.19419740512967
2026-02-19 12:08:22,
2026-02-19 12:08:23,-1.22157919686288
2026-02-19 12:08:24,-1.15780412452295
2026-02-19 12:08:25,-1.04458326241001
2026-02-19 12:08:26,-0.876023503951728
2026-02-19 12:08:27,
2026-02-19 12:08:28,
2026-02-19 12:08:29,
2026-02-19 12:08:30,0.0
2026-02-19 12:08:31,0.0
2026-02-19 12:08:32,0.0
2026-02-19 12:08:33,0.0
2026-02-19 12:08:34,-0.872570421779528
2026-02-19 12:08:35,-0.87419546325691
2026-02-19 12:08:36,-0.826742732897401
2026-02-19 12:08:37,-1.33016685722396
2026-02-19 12:08:38,-1.24559837859124
2026-02-19 12:08:39,-1.19685614481568
2026-02-19 12:08:40,0.0
2026-02-19 12:08:41,0.0
2026-02-19 12:08:42,0.0
2026-02-19 12:08:43,0.0
2026-02-19 12:08:44,0.0
2026-02-19 12:08:45,0.0
2026-02-19 12:08:46,0.0
2026-02-19 12:08:47,0.0
2026-02-19 12:08:48,0.0
2026-02-19 12:08:49,0.0
2026-02-19 12:08:50,0.0
2026-02-19 12:08:51,0.0
2026-02-19 12:08:52,-0.98485539201647
2026-02-19 12:08:53,-1.06944870203733
2026-02-19 12:08:54,-1.21494125341997
2026-02-19 12:08:55,-1.34510864736512
2026-02-19 12:08:56,-1.44744833232835
2026-02-19 12:08:57,-1.16286878474057
2026-02-19 12:08:58,
2026-02-19 12:08:59,
2026-02-19 12:09:00,
2026-02-19 12:09:01,-1.06829818105325
2026-02-19 12:09:02,-1.05845070211217
2026-02-19 12:09:03,0.0
2026-02-19 12:09:04,0.0
2026-02-19 12:09:05,0.0
2026-02-19 12:09:06,
2026-02-19 12:09:07,0.0
2026-02-19 12:09:08,0.0
2026-02-19 12:09:09,
2026-02-19 12:09:10,0.0
2026-02-19 12:09:11,0.0
2026-02-19 12:09:12,0.0
2026-02-19 12:09:13,0.0
2026-02-19 12:09:14,0.0
2026-02-19 12:09:15,0.0
2026-02-19 12:09:16,0.0
2026-02-19 12:09:17,0.0
2026-02-19 12:09:18,
2026-02-19 12:09:19,-0.955188064835966
2026-02-19 12:09:20,-1.24153703218326
2026-02-19 12:09:21,-1.24153703218326
2026-02-19 12:09:22,-1.73110702307895
2026-02-19 12:09:23,-1.75323880976066
2026-02-19 12:09:24,-1.84608274139464
2026-02-19 12:09:25,
2026-02-19 12:09:26,-1.93127661477774
2026-02-19 12:09:27,-1.85277967248112
2026-02-19 12:09:28,-1.86426602303982
2026-02-19 12:09:29,-1.98500901460648
2026-02-19 12:09:30,-1.94980523083359
2026-02-19 12:09:31,-1.79202700965106
2026-02-19 12:09:32,-1.70397501206025
2026-02-19 12:09:33,-1.72117865877226
2026-02-19 12:09:34,-1.34165959898382
2026-02-19 12:09:35,-1.03028604062274
2026-02-19 12:09:36,0.0
2026-02-19 12:09:37,-0.903235038276762
2026-02-19 12:09:38,-0.894079799763858
2026-02-19 12:09:39,
2026-02-19 12:09:40,
2026-02-19 12:09:41,-0.903005059808493
2026-02-19 12:09:42,0.0
2026-02-19 12:09:43,-0.818506832001731
2026-02-19 12:09:44,0.0
2026-02-19 12:09:45,
2026-02-19 12:09:46,0.0
2026-02-19 12:09:47,0.0
2026-02-19 12:09:48,0.0
2026-02-19 12:09:49,0.0
2026-02-19 12:09:50,0.0
2026-02-19 12:09:51,
2026-02-19 12:09:52,0.0
2026-02-19 12:09:53,
2026-02-19 12:09:54,0.0
2026-02-19 12:09:55,
2026-02-19 12:09:56,
2026-02-19 12:09:57,0.0
2026-02-19 12:09:58,-0.866277131717652
2026-02-19 12:09:59,-0.921621266752481
2026-02-19 12:10:00,-1.06550994096324
2026-02-19 12:10:01,0.0
2026-02-19 12:10:02,0.0
2026-02-19 12:10:03,0.0
2026-02-19 12:10:04,0.0
2026-02-19 12:10:05,0.0
2026-02-19 12:10:06,0.0
2026-02-19 12:10:07,0.0
2026-02-19 12:10:08,
2026-02-19 12:10:09,0.0
2026-02-19 12:10:10,0.0
2026-02-19 12:10:11,
2026-02-19 12:10:12,0.0
2026-02-19 12:10:13,
2026-02-19 12:10:14,0.0
2026-02-19 12:10:15,0.0
2026-02-19 12:10:16,0.0
2026-02-19 12:10:17,0.0
2026-02-19 12:10:18,
2026-02-19 12:10:19,0.0
2026-02-19 12:10:20,0.0
2026-02-19 12:10:21,0.0
2026-02-19 12:10:22,
2026-02-19 12:10:23,0.0
2026-02-19 12:10:24,0.0
2026-02-19 12:10:25,0.0
2026-02-19 12:10:26,
2026-02-19 12:10:27,0.0
2026-02-19 12:10:28,0.0
2026-02-19 12:10:29,0.811080570565537
2026-02-19 12:10:30,0.0
2026-02-19 12:10:31,
2026-02-19 12:10:32,
2026-02-19 12:10:33,
2026-02-19 12:10:34,
2026-02-19 12:10:35,
2026-02-19 12:10:36,0.0
2026-02-19 12:10:37,0.0
2026-02-19 12:10:38,0.0
2026-02-19 12:10:39,0.0
2026-02-19 12:10:40,
2026-02-19 12:10:41,
2026-02-19 12:10:42,0.0
2026-02-19 12:10:43,0.0
2026-02-19 12:10:44,0.0
2026-02-19 12:10:45,
2026-02-19 12:10:46,
2026-02-19 12:10:47,
2026-02-19 12:10:48,
2026-02-19 12:10:49,0.0
2026-02-19 12:10:50,0.0
2026-02-19 12:10:51,0.0
2026-02-19 12:10:52,0.0
2026-02-19 12:10:53,
2026-02-19 12:10:54,
2026-02-19 12:10:55,-1.70158344553784
2026-02-19 12:10:56,-1.85513393953443
2026-02-19 12:10:57,
2026-02-19 12:10:58,-1.33550602477044
2026-02-19 12:10:59,-1.40382482204586
2026-02-19 12:11:00,-1.42358934972435
2026-02-19 12:11:01,-1.42358934972435
2026-02-19 12:11:02,-1.27386582316831
2026-02-19 12:11:03,-1.08198394300416
2026-02-19 12:11:04,-1.11890371190384
2026-02-19 12:11:05,-1.26975764287636
2026-02-19 12:11:06,-1.19896586984396
2026-02-19 12:11:07,-1.0789320920594
2026-02-19 12:11:08,
2026-02-19 12:11:09,-1.01863268064335
2026-02-19 12:11:10,-1.13708018325269
2026-02-19 12:11:11,
2026-02-19 12:11:12,-0.910371181089431
2026-02-19 12:11:13,-0.890625198371708
2026-02-19 12:11:14,-0.937190966214985
2026-02-19 12:11:15,6.23842757195234
2026-02-19 12:11:16,
2026-02-19 12:11:17,11.8410131894052
2026-02-19 12:11:18,11.6120791062713
2026-02-19 12:11:19,11.5078040398657
2026-02-19 12:11:20,11.4609617739916
2026-02-19 12:11:21,11.756198387593
2026-02-19 12:11:22,11.7788613773882
2026-02-19 12:11:23,9.76802604272962
2026-02-19 12:11:24,8.31500552594662
2026-02-19 12:11:25,6.84497854672372
2026-02-19 12:11:26,3.96986966952682
2026-02-19 12:11:27,1.87395424582064
2026-02-19 12:11:28,0.0
2026-02-19 12:11:29,-1.107392529957
2026-02-19 12:11:30,
2026-02-19 12:11:31,-1.25127418432385
2026-02-19 12:11:32,-1.25127418432385
2026-02-19 12:11:33,-1.24459475046024
2026-02-19 12:11:34,0.0
2026-02-19 12:11:35,0.0
2026-02-19 12:11:36,0.0
2026-02-19 12:11:37,0.0
2026-02-19 12:11:38,0.0
2026-02-19 12:11:39,0.0
2026-02-19 12:11:40,
2026-02-19 12:11:41,0.0
2026-02-19 12:11:42,0.0
2026-02-19 12:11:43,0.0
2026-02-19 12:11:44,
2026-02-19 12:11:45,
2026-02-19 12:11:46,-1.09187511261553
2026-02-19 12:11:47,
2026-02-19 12:11:48,
2026-02-19 12:11:49,-0.971090001985431
2026-02-19 12:11:50,-0.994939240626991
2026-02-19 12:11:51,0.0
2026-02-19 12:11:52,-0.826510973274708
2026-02-19 12:11:53,-0.826510973274708
2026-02-19 12:11:54,-1.05654109502211
2026-02-19 12:11:55,-1.05465621454641
2026-02-19 12:11:56,-0.898892164696008
2026-02-19 12:11:57,0.0
2026-02-19 12:11:58,0.0
2026-02-19 12:11:59,0.0
2026-02-19 12:12:00,0.0
2026-02-19 12:12:01,0.0
2026-02-19 12:12:02,
2026-02-19 12:12:03,
2026-02-19 12:12:04,0.0
2026-02-19 12:12:05,0.0
2026-02-19 12:12:06,0.0
2026-02-19 12:12:07,0.0
2026-02-19 12:12:08,
2026-02-19 12:12:09,0.0
2026-02-19 12:12:10,0.0
2026-02-19 12:12:11,0.0
2026-02-19 12:12:12,0.0
2026-02-19 12:12:13,0.0
2026-02-19 12:12:14,0.0
2026-02-19 12:12:15,0.0
2026-02-19 12:12:16,0.0
2026-02-19 12:12:17,0.0
2026-02-19 12:12:18,0.0
2026-02-19 12:12:19,0.0
2026-02-19 12:12:20,-0.964422721881419
2026-02-19 12:12:21,-0.918578007258475
2026-02-19 12:12:22,0.0
2026-02-19 12:12:23,0.0
2026-02-19 12:12:24,0.0
2026-02-19 12:12:25,0.0
2026-02-19 12:12:26,0.0
2026-02-19 12:12:27,0.0
2026-02-19 12:12:28,
2026-02-19 12:12:29,0.0
2026-02-19 12:12:30,0.0
2026-02-19 12:12:31,0.0
2026-02-19 12:12:32,0.0
2026-02-19 12:12:33,0.0
2026-02-19 12:12:34,0.0
2026-02-19 12:12:35,0.0
2026-02-19 12:12:36,0.0
2026-02-19 12:12:37,0.0
2026-02-19 12:12:38,0.0
2026-02-19 12:12:39,0.0
2026-02-19 12:12:40,0.0
2026-02-19 12:12:41,0.0
2026-02-19 12:12:42,0.0
2026-02-19 12:12:43,0.0
2026-02-19 12:12:44,0.0
2026-02-19 12:12:45,0.0
2026-02-19 12:12:46,0.0
2026-02-19 12:12:47,0.0
2026-02-19 12:12:48,0.0
2026-02-19 12:12:49,0.0
2026-02-19 12:12:50,0.0
2026-02-19 12:12:51,0.0
2026-02-19 12:12:52,0.0
2026-02-19 12:12:53,0.0
2026-02-19 12:12:54,0.0
2026-02-19 12:12:55,
2026-02-19 12:12:56,0.0
2026-02-19 12:12:57,0.0
2026-02-19 12:12:58,0.0
2026-02-19 12:12:59,
2026-02-19 12:13:00,0.0
2026-02-19 12:13:01,0.0
2026-02-19 12:13:02,0.0
2026-02-19 12:13:03,0.0
2026-02-19 12:13:04,0.0
2026-02-19 12:13:05,0.0
2026-02-19 12:13:06,0.0
2026-02-19 12:13:07,0.0
2026-02-19 12:13:08,0.0
2026-02-19 12:13:09,0.0
2026-02-19 12:13:10,0.0
2026-02-19 12:13:11,0.0
2026-02-19 12:13:12,0.0
2026-02-19 12:13:13,0.0
2026-02-19 12:13:14,0.0
2026-02-19 12:13:15,0.0
2026-02-19 12:13:16,
2026-02-19 12:13:17,0.0
2026-02-19 12:13:18,0.0
2026-02-19 12:13:19,0.0
2026-02-19 12:13:20,0.0
2026-02-19 12:13:21,0.0
2026-02-19 12:13:22,-0.915964005980641
2026-02-19 12:13:23,-0.934811239130795
2026-02-19 12:13:24,
2026-02-19 12:13:25,-0.951143796555698
2026-02-19 12:13:26,-0.915047025773674
2026-02-19 12:13:27,-0.980502460151911
2026-02-19 12:13:28,0.0
2026-02-19 12:13:29,-0.830664415843785
2026-02-19 12:13:30,0.0
2026-02-19 12:13:31,0.0
2026-02-19 12:13:32,0.0
2026-02-19 12:13:33,0.0
2026-02-19 12:13:34,-0.81357256276533
2026-02-19 12:13:35,-0.837434898130596
2026-02-19 12:13:36,0.0
2026-02-19 12:13:37,-0.98644009558484
2026-02-19 12:13:38,
2026-02-19 12:13:39,-1.01206231629476
2026-02-19 12:13:40,-1.059866824653
2026-02-19 12:13:41,-1.03478251257911
2026-02-19 12:13:42,-0.877310178475454
2026-02-19 12:13:43,-0.817587494384497
2026-02-19 12:13:44,0.0
2026-02-19 12:13:45,0.0
2026-02-19 12:13:46,0.0
2026-02-19 12:13:47,0.0
2026-02-19 12:13:48,-0.896657130215317
2026-02-19 12:13:49,0.0
2026-02-19 12:13:50,0.0
2026-02-19 12:13:51,0.0
2026-02-19 12:13:52,0.0
2026-02-19 12:13:53,
2026-02-19 12:13:54,
2026-02-19 12:13:55,0.0
2026-02-19 12:13:56,0.0
2026-02-19 12:13:57,0.0
2026-02-19 12:13:58,0.0
2026-02-19 12:13:59,0.0
2026-02-19 12:14:00,0.0
2026-02-19 12:14:01,0.0
2026-02-19 12:14:02,0.0
2026-02-19 12:14:03,0.0
2026-02-19 12:14:04,
2026-02-19 12:14:05,
2026-02-19 12:14:06,0.0
2026-02-19 12:14:07,
2026-02-19 12:14:08,0.0
2026-02-19 12:14:09,0.0
2026-02-19 12:14:10,0.0
2026-02-19 12:14:11,0.0
2026-02-19 12:14:12,
2026-02-19 12:14:13,
2026-02-19 12:14:14,0.0
2026-02-19 12:14:15,0.0
2026-02-19 12:14:16,0.0
2026-02-19 12:14:17,0.0
2026-02-19 12:14:18,0.0
2026-02-19 12:14:19,0.0
2026-02-19 12:14:20,0.0
2026-02-19 12:14:21,0.0
2026-02-19 12:14:22,0.0
2026-02-19 12:14:23,0.0
2026-02-19 12:14:24,0.0
2026-02-19 12:14:25,0.0
2026-02-19 12:14:26,
2026-02-19 12:14:27,0.0
2026-02-19 12:14:28,0.0
2026-02-19 12:14:29,0.0
2026-02-19 12:14:30,0.0
2026-02-19 12:14:31,0.0
2026-02-19 12:14:32,0.0
2026-02-19 12:14:33,0.0
2026-02-19 12:14:34,0.0
2026-02-19 12:14:35,0.0
2026-02-19 12:14:36,
2026-02-19 12:14:37,0.0
2026-02-19 12:14:38,0.0
2026-02-19 12:14:39,0.0
2026-02-19 12:14:40,0.0
2026-02-19 12:14:41,0.0
2026-02-19 12:14:42,
2026-02-19 12:14:43,
2026-02-19 12:14:44,0.0
2026-02-19 12:14:45,0.0
2026-02-19 12:14:46,0.0
2026-02-19 12:14:47,-0.812077597947791
2026-02-19 12:14:48,0.0
2026-02-19 12:14:49,0.0
2026-02-19 12:14:50,0.0
2026-02-19 12:14:51,0.0
2026-02-19 12:14:52,0.0
2026-02-19 12:14:53,0.0
2026-02-19 12:14:54,
2026-02-19 12:14:55,0.0
2026-02-19 12:14:56,0.0
2026-02-19 12:14:57,0.0
2026-02-19 12:14:58,0.0
2026-02-19 12:14:59,0.0
2026-02-19 12:15:00,0.0
2026-02-19 12:15:01,0.0
2026-02-19 12:15:02,
2026-02-19 12:15:03,0.0
2026-02-19 12:15:04,0.0
2026-02-19 12:15:05,
2026-02-19 12:15:06,0.0
2026-02-19 12:15:07,0.0
2026-02-19 12:15:08,0.0
2026-02-19 12:15:09,0.0
2026-02-19 12:15:10,0.0
2026-02-19 12:15:11,0.0
2026-02-19 12:15:12,0.0
2026-02-19 12:15:13,0.0
2026-02-19 12:15:14,-0.934157450683415
2026-02-19 12:15:15,-1.05023004580289
2026-02-19 12:15:16,-1.19237790349871
2026-02-19 12:15:17,-1.15724672796205
2026-02-19 12:15:18,-1.35122953215614
2026-02-19 12:15:19,-1.24259116128087
2026-02-19 12:15:20,-0.986435799859464
2026-02-19 12:15:21,-0.916353554930538
2026-02-19 12:15:22,-0.884156569372863
2026-02-19 12:15:23,0.0
2026-02-19 12:15:24,0.0
2026-02-19 12:15:25,0.0
2026-02-19 12:15:26,0.0
2026-02-19 12:15:27,0.0
2026-02-19 12:15:28,0.0
2026-02-19 12:15:29,0.0
2026-02-19 12:15:30,0.0
2026-02-19 12:15:31,0.0
2026-02-19 12:15:32,0.0
2026-02-19 12:15:33,0.0
2026-02-19 12:15:34,0.0
2026-02-19 12:15:35,0.0
2026-02-19 12:15:36,0.0
2026-02-19 12:15:37,
2026-02-19 12:15:38,0.0
2026-02-19 12:15:39,0.0
2026-02-19 12:15:40,0.0
2026-02-19 12:15:41,-0.817856815410778
2026-02-19 12:15:42,0.0
2026-02-19 12:15:43,0.0
2026-02-19 12:15:44,0.0
2026-02-19 12:15:45,0.0
2026-02-19 12:15:46,0.0
2026-02-19 12:15:47,0.0
2026-02-19 12:15:48,-0.938894168939441
2026-02-19 12:15:49,-0.971136416774243
2026-02-19 12:15:50,-0.876102451002225
2026-02-19 12:15:51,-0.936582963913679
2026-02-19 12:15:52,-0.994425220414996
2026-02-19 12:15:53,-0.916507781948894
2026-02-19 12:15:54,-0.858559180051088
2026-02-19 12:15:55,-0.899281713645905
2026-02-19 12:15:56,-0.899281713645905
2026-02-19 12:15:57,0.0
2026-02-19 12:15:58,0.0
2026-02-19 12:15:59,0.0
2026-02-19 12:16:00,0.0
2026-02-19 12:16:01,
2026-02-19 12:16:02,
2026-02-19 12:16:03,
2026-02-19 12:16:04,0.0
2026-02-19 12:16:05,
2026-02-19 12:16:06,0.0
2026-02-19 12:16:07,0.0
2026-02-19 12:16:08,
2026-02-19 12:16:09,0.0
2026-02-19 12:16:10,
2026-02-19 12:16:11,
2026-02-19 12:16:12,0.0
2026-02-19 12:16:13,
2026-02-19 12:16:14,
2026-02-19 12:16:15,0.0
2026-02-19 12:16:16,0.0
2026-02-19 12:16:17,0.0
2026-02-19 12:16:18,0.0
2026-02-19 12:16:19,
2026-02-19 12:16:20,0.0
2026-02-19 12:16:21,0.0
2026-02-19 12:16:22,
2026-02-19 12:16:23,0.0
2026-02-19 12:16:24,0.0
2026-02-19 12:16:25,0.0
2026-02-19 12:16:26,0.0
2026-02-19 12:16:27,0.0
2026-02-19 12:16:28,0.0
2026-02-19 12:16:29,-0.870230823056772
2026-02-19 12:16:30,-0.926717987749726
2026-02-19 12:16:31,
2026-02-19 12:16:32,-1.05551169253886
2026-02-19 12:16:33,-1.02577123325318
2026-02-19 12:16:34,-1.04496778221801
2026-02-19 12:16:35,0.0
2026-02-19 12:16:36,
2026-02-19 12:16:37,0.0
2026-02-19 12:16:38,0.0
2026-02-19 12:16:39,0.0
2026-02-19 12:16:40,0.0
2026-02-19 12:16:41,0.0
2026-02-19 12:16:42,0.0
2026-02-19 12:16:43,0.0
2026-02-19 12:16:44,
2026-02-19 12:16:45,0.0
2026-02-19 12:16:46,0.0
2026-02-19 12:16:47,0.0
2026-02-19 12:16:48,0.0
2026-02-19 12:16:49,0.0
2026-02-19 12:16:50,0.0
2026-02-19 12:16:51,0.0
2026-02-19 12:16:52,0.0
2026-02-19 12:16:53,0.0
2026-02-19 12:16:54,0.0
2026-02-19 12:16:55,0.0
2026-02-19 12:16:56,-0.978996965568513
2026-02-19 12:16:57,-1.0553322150372
2026-02-19 12:16:58,-1.07378665124997
2026-02-19 12:16:59,-1.2669688789174
2026-02-19 12:17:00,-1.17736916290596
2026-02-19 12:17:01,-1.15388841368258
2026-02-19 12:17:02,-1.04040446458384
2026-02-19 12:17:03,-1.0463914484717
2026-02-19 12:17:04,-1.0463914484717
2026-02-19 12:17:05,-0.956651859451085
2026-02-19 12:17:06,-0.973972643259913
2026-02-19 12:17:07,-1.07164266519248
2026-02-19 12:17:08,
2026-02-19 12:17:09,-0.855846639024094
2026-02-19 12:17:10,-0.873694906476885
2026-02-19 12:17:11,
2026-02-19 12:17:12,
2026-02-19 12:17:13,
2026-02-19 12:17:14,-0.841021200176328
2026-02-19 12:17:15,0.0
2026-02-19 12:17:16,
2026-02-19 12:17:17,0.0
2026-02-19 12:17:18,
2026-02-19 12:17:19,0.0
2026-02-19 12:17:20,0.0
2026-02-19 12:17:21,0.0
2026-02-19 12:17:22,0.0
2026-02-19 12:17:23,
2026-02-19 12:17:24,
2026-02-19 12:17:25,0.0
2026-02-19 12:17:26,0.0
2026-02-19 12:17:27,0.0
2026-02-19 12:17:28,
2026-02-19 12:17:29,0.0
2026-02-19 12:17:30,0.0
2026-02-19 12:17:31,0.0
2026-02-19 12:17:32,
2026-02-19 12:17:33,
2026-02-19 12:17:34,
2026-02-19 12:17:35,
2026-02-19 12:17:36,0.0
2026-02-19 12:17:37,
2026-02-19 12:17:38,
2026-02-19 12:17:39,0.0
2026-02-19 12:17:40,0.0
2026-02-19 12:17:41,0.0
2026-02-19 12:17:42,0.0
2026-02-19 12:17:43,
2026-02-19 12:17:44,
2026-02-19 12:17:45,0.0
2026-02-19 12:17:46,0.0
2026-02-19 12:17:47,0.0
2026-02-19 12:17:48,0.0
2026-02-19 12:17:49,
2026-02-19 12:17:50,
2026-02-19 12:17:51,0.0
2026-02-19 12:17:52,0.0
2026-02-19 12:17:53,
2026-02-19 12:17:54,
2026-02-19 12:17:55,0.0
2026-02-19 12:17:56,0.0
2026-02-19 12:17:57,
2026-02-19 12:17:58,0.0
2026-02-19 12:17:59,0.0
2026-02-19 12:18:00,
2026-02-19 12:18:01,
2026-02-19 12:18:02,
2026-02-19 12:18:03,
2026-02-19 12:18:04,0.0
2026-02-19 12:18:05,
2026-02-19 12:18:06,
2026-02-19 12:18:07,0.0
2026-02-19 12:18:08,0.0
2026-02-19 12:18:09,0.0
2026-02-19 12:18:10,
2026-02-19 12:18:11,
2026-02-19 12:18:12,-1.24855582835153
2026-02-19 12:18:13,
2026-02-19 12:18:14,
2026-02-19 12:18:15,
2026-02-19 12:18:16,-1.46440701792017
2026-02-19 12:18:17,-1.38724122662097
2026-02-19 12:18:18,-1.5936367912218
2026-02-19 12:18:19,
2026-02-19 12:18:20,-0.924891571048647
2026-02-19 12:18:21,-0.924891571048647
2026-02-19 12:18:22,
2026-02-19 12:18:23,
2026-02-19 12:18:24,
2026-02-19 12:18:25,
2026-02-19 12:18:26,0.0
2026-02-19 12:18:27,
2026-02-19 12:18:28,0.0
2026-02-19 12:18:29,0.0
2026-02-19 12:18:30,0.0
2026-02-19 12:18:31,0.0
2026-02-19 12:18:32,
2026-02-19 12:18:33,0.0
2026-02-19 12:18:34,0.0
2026-02-19 12:18:35,
2026-02-19 12:18:36,0.0
2026-02-19 12:18:37,
2026-02-19 12:18:38,
2026-02-19 12:18:39,0.894915161188692
2026-02-19 12:18:40,0.844274059636518
2026-02-19 12:18:41,0.0
2026-02-19 12:18:42,0.0
2026-02-19 12:18:43,0.0
2026-02-19 12:18:44,0.0
2026-02-19 12:18:45,0.0
2026-02-19 12:18:46,
2026-02-19 12:18:47,-0.931097532156855
2026-02-19 12:18:48,-0.931097532156855
2026-02-19 12:18:49,-1.29515208536759
2026-02-19 12:18:50,-1.31845335708931
2026-02-19 12:18:51,-1.284510421101
2026-02-19 12:18:52,
2026-02-19 12:18:53,
2026-02-19 12:18:54,
2026-02-19 12:18:55,-0.980174937285483
2026-02-19 12:18:56,0.0
2026-02-19 12:18:57,0.0
2026-02-19 12:18:58,0.0
2026-02-19 12:18:59,0.0
2026-02-19 12:19:00,0.0
2026-02-19 12:19:01,0.0
2026-02-19 12:19:02,0.0
2026-02-19 12:19:03,0.0
2026-02-19 12:19:04,0.0
2026-02-19 12:19:05,0.0
2026-02-19 12:19:06,
2026-02-19 12:19:07,0.0
2026-02-19 12:19:08,0.0
2026-02-19 12:19:09,0.0
2026-02-19 12:19:10,0.0
2026-02-19 12:19:11,0.0
2026-02-19 12:19:12,0.0
2026-02-19 12:19:13,0.0
2026-02-19 12:19:14,0.0
2026-02-19 12:19:15,0.0
2026-02-19 12:19:16,0.0
2026-02-19 12:19:17,
2026-02-19 12:19:18,0.0
2026-02-19 12:19:19,0.0
2026-02-19 12:19:20,0.0
2026-02-19 12:19:21,0.0
2026-02-19 12:19:22,0.0
2026-02-19 12:19:23,0.0
2026-02-19 12:19:24,0.0
2026-02-19 12:19:25,0.0
2026-02-19 12:19:26,0.0
2026-02-19 12:19:27,0.0
2026-02-19 12:19:28,0.0
2026-02-19 12:19:29,0.0
2026-02-19 12:19:30,
2026-02-19 12:19:31,0.0
2026-02-19 12:19:32,0.0
2026-02-19 12:19:33,0.0
2026-02-19 12:19:34,0.0
2026-02-19 12:19:35,0.0
2026-02-19 12:19:36,0.0
2026-02-19 12:19:37,
2026-02-19 12:19:38,
2026-02-19 12:19:39,0.0
2026-02-19 12:19:40,0.0
2026-02-19 12:19:41,
2026-02-19 12:19:42,0.0
2026-02-19 12:19:43,0.0
2026-02-19 12:19:44,0.0
2026-02-19 12:19:45,
2026-02-19 12:19:46,0.0
2026-02-19 12:19:47,0.0
2026-02-19 12:19:48,0.0
2026-02-19 12:19:49,
2026-02-19 12:19:50,0.0
2026-02-19 12:19:51,0.0
2026-02-19 12:19:52,
2026-02-19 12:19:53,0.0
2026-02-19 12:19:54,-0.874051608843729
2026-02-19 12:19:55,-1.00966603495181
2026-02-19 12:19:56,-1.07968332013115
2026-02-19 12:19:57,
2026-02-19 12:19:58,8.6002659983933
2026-02-19 12:19:59,8.56901658698916
2026-02-19 12:20:00,
2026-02-19 12:20:01,8.57040714472532
2026-02-19 12:20:02,8.62408317625523
2026-02-19 12:20:03,9.72692454233766
2026-02-19 12:20:04,8.36353674530983
2026-02-19 12:20:05,6.76911142654717
2026-02-19 12:20:06,
2026-02-19 12:20:07,4.57015517167747
2026-02-19 12:20:08,3.26188697945327
2026-02-19 12:20:09,1.49843042017892
2026-02-19 12:20:10,0.0
2026-02-19 12:20:11,-0.970777880866081
2026-02-19 12:20:12,-0.929646729491651
2026-02-19 12:20:13,0.0
2026-02-19 12:20:14,0.0
2026-02-19 12:20:15,0.0
2026-02-19 12:20:16,0.0
2026-02-19 12:20:17,0.0
2026-02-19 12:20:18,0.0
2026-02-19 12:20:19,0.0
2026-02-19 12:20:20,0.0
2026-02-19 12:20:21,0.0
2026-02-19 12:20:22,0.0
2026-02-19 12:20:23,0.0
2026-02-19 12:20:24,0.0
2026-02-19 12:20:25,0.0
2026-02-19 12:20:26,0.0
2026-02-19 12:20:27,0.0
2026-02-19 12:20:28,-1.00700163748115
2026-02-19 12:20:29,-1.05093443999067
2026-02-19 12:20:30,-1.04609451955184
2026-02-19 12:20:31,-1.02140059461817
2026-02-19 12:20:32,
2026-02-19 12:20:33,
2026-02-19 12:20:34,-0.977162062190473
2026-02-19 12:20:35,-1.16604070644826
2026-02-19 12:20:36,
2026-02-19 12:20:37,-1.20399574516341
2026-02-19 12:20:38,-1.11722816945985
2026-02-19 12:20:39,-1.27464659744874
2026-02-19 12:20:40,-1.23432807158679
2026-02-19 12:20:41,
2026-02-19 12:20:42,-1.00102638825774
2026-02-19 12:20:43,-0.963801622856408
2026-02-19 12:20:44,0.0
2026-02-19 12:20:45,0.0
2026-02-19 12:20:46,0.0
2026-02-19 12:20:47,0.0
2026-02-19 12:20:48,0.0
2026-02-19 12:20:49,0.0
2026-02-19 12:20:50,0.0
2026-02-19 12:20:51,0.0
2026-02-19 12:20:52,0.0
2026-02-19 12:20:53,
2026-02-19 12:20:54,0.0
2026-02-19 12:20:55,0.0
2026-02-19 12:20:56,0.0
2026-02-19 12:20:57,
2026-02-19 12:20:58,0.0
2026-02-19 12:20:59,
2026-02-19 12:21:00,
2026-02-19 12:21:01,
2026-02-19 12:21:02,0.0
2026-02-19 12:21:03,
2026-02-19 12:21:04,
2026-02-19 12:21:05,0.0
2026-02-19 12:21:06,0.0
2026-02-19 12:21:07,0.0
2026-02-19 12:21:08,0.0
2026-02-19 12:21:09,0.0
2026-02-19 12:21:10,0.0
2026-02-19 12:21:11,0.0
2026-02-19 12:21:12,0.0
2026-02-19 12:21:13,0.0
2026-02-19 12:21:14,0.0
2026-02-19 12:21:15,0.0
2026-02-19 12:21:16,0.0
2026-02-19 12:21:17,0.0
2026-02-19 12:21:18,0.0
2026-02-19 12:21:19,0.0
2026-02-19 12:21:20,
2026-02-19 12:21:21,
2026-02-19 12:21:22,0.0
2026-02-19 12:21:23,0.0
2026-02-19 12:21:24,0.0
2026-02-19 12:21:25,0.0
2026-02-19 12:21:26,0.0
2026-02-19 12:21:27,0.0
2026-02-19 12:21:28,
2026-02-19 12:21:29,
2026-02-19 12:21:30,0.0
2026-02-19 12:21:31,0.0
2026-02-19 12:21:32,0.0
2026-02-19 12:21:33,0.0
2026-02-19 12:21:34,0.0
2026-02-19 12:21:35,0.0
2026-02-19 12:21:36,
2026-02-19 12:21:37,
2026-02-19 12:21:38,0.0
2026-02-19 12:21:39,0.0
2026-02-19 12:21:40,
2026-02-19 12:21:41,0.0
2026-02-19 12:21:42,
2026-02-19 12:21:43,0.0
2026-02-19 12:21:44,0.0
2026-02-19 12:21:45,0.0
2026-02-19 12:21:46,
2026-02-19 12:21:47,
2026-02-19 12:21:48,
2026-02-19 12:21:49,0.0
2026-02-19 12:21:50,0.0
2026-02-19 12:21:51,0.0
2026-02-19 12:21:52,0.0
2026-02-19 12:21:53,
2026-02-19 12:21:54,0.0
2026-02-19 12:21:55,0.0
2026-02-19 12:21:56,1.05931403813884
2026-02-19 12:21:57,1.22294041793793
2026-02-19 12:21:58,1.1937277042307
2026-02-19 12:21:59,0.0
2026-02-19 12:22:00,0.0
2026-02-19 12:22:01,0.0
2026-02-19 12:22:02,0.0
2026-02-19 12:22:03,-0.811784336110577
2026-02-19 12:22:04,0.0
2026-02-19 12:22:05,0.0
2026-02-19 12:22:06,-1.08621659455821
2026-02-19 12:22:07,-1.08621659455821
2026-02-19 12:22:08,-1.35151168797165
2026-02-19 12:22:09,-1.2948414310813
2026-02-19 12:22:10,-1.17478952743113
2026-02-19 12:22:11,-1.04759791865945
2026-02-19 12:22:12,-1.03580175200477
2026-02-19 12:22:13,0.0
2026-02-19 12:22:14,0.0
2026-02-19 12:22:15,0.0
2026-02-19 12:22:16,0.0
2026-02-19 12:22:17,0.0
2026-02-19 12:22:18,0.0
2026-02-19 12:22:19,0.0
2026-02-19 12:22:20,0.0
2026-02-19 12:22:21,0.0
2026-02-19 12:22:22,0.0
2026-02-19 12:22:23,0.0
2026-02-19 12:22:24,0.0
2026-02-19 12:22:25,0.0
2026-02-19 12:22:26,0.0
2026-02-19 12:22:27,0.0
2026-02-19 12:22:28,0.0
2026-02-19 12:22:29,0.0
2026-02-19 12:22:30,0.0
2026-02-19 12:22:31,0.0
2026-02-19 12:22:32,0.0
2026-02-19 12:22:33,
2026-02-19 12:22:34,
2026-02-19 12:22:35,
2026-02-19 12:22:36,
2026-02-19 12:22:37,
2026-02-19 12:22:38,
2026-02-19 12:22:39,0.0
2026-02-19 12:22:40,
2026-02-19 12:22:41,0.0
2026-02-19 12:22:42,-0.825158919906244
2026-02-19 12:22:43,-0.911074422765523
2026-02-19 12:22:44,-0.978571688756347
2026-02-19 12:22:45,-0.817505456507206
2026-02-19 12:22:46,-0.949331314768642
2026-02-19 12:22:47,-0.932615075726062
2026-02-19 12:22:48,-0.897205411456525
2026-02-19 12:22:49,0.0
2026-02-19 12:22:50,-0.824693462345749
2026-02-19 12:22:51,-0.825059961061925
2026-02-19 12:22:52,0.0
2026-02-19 12:22:53,-0.83923899801448
2026-02-19 12:22:54,0.0
2026-02-19 12:22:55,-0.903458101674914
2026-02-19 12:22:56,0.0
2026-02-19 12:22:57,0.0
2026-02-19 12:22:58,0.0
2026-02-19 12:22:59,
2026-02-19 12:23:00,0.0
2026-02-19 12:23:01,0.0
2026-02-19 12:23:02,
2026-02-19 12:23:03,
2026-02-19 12:23:04,0.0
2026-02-19 12:23:05,0.0
2026-02-19 12:23:06,0.0
2026-02-19 12:23:07,
2026-02-19 12:23:08,0.0
2026-02-19 12:23:09,0.0
2026-02-19 12:23:10,0.0
2026-02-19 12:23:11,0.0
2026-02-19 12:23:12,0.0
2026-02-19 12:23:13,0.0
2026-02-19 12:23:14,0.0
2026-02-19 12:23:15,0.0
2026-02-19 12:23:16,0.0
2026-02-19 12:23:17,0.0
2026-02-19 12:23:18,0.0
2026-02-19 12:23:19,0.0
2026-02-19 12:23:20,0.0
2026-02-19 12:23:21,0.0
2026-02-19 12:23:22,0.0
2026-02-19 12:23:23,0.83758074324578
2026-02-19 12:23:24,0.0
2026-02-19 12:23:25,0.0
2026-02-19 12:23:26,
2026-02-19 12:23:27,0.0
2026-02-19 12:23:28,0.0
2026-02-19 12:23:29,
2026-02-19 12:23:30,
2026-02-19 12:23:31,
2026-02-19 12:23:32,9.80430878698826
2026-02-19 12:23:33,9.80430878698826
2026-02-19 12:23:34,9.59851210936904
2026-02-19 12:23:35,
2026-02-19 12:23:36,9.52582005411386
2026-02-19 12:23:37,9.28084971383214
2026-02-19 12:23:38,9.24159977585077
2026-02-19 12:23:39,9.16079068556428
2026-02-19 12:23:40,8.96314708516002
2026-02-19 12:23:41,7.6777059584856
2026-02-19 12:23:42,
2026-02-19 12:23:43,6.23511336743832
2026-02-19 12:23:44,5.35859554074705
2026-02-19 12:23:45,3.83229246363044
2026-02-19 12:23:46,3.49194486625493
2026-02-19 12:23:47,1.66798448190093
2026-02-19 12:23:48,0.0
2026-02-19 12:23:49,0.0
2026-02-19 12:23:50,0.0
2026-02-19 12:23:51,0.0
2026-02-19 12:23:52,0.0
2026-02-19 12:23:53,
2026-02-19 12:23:54,0.0
2026-02-19 12:23:55,0.0
2026-02-19 12:23:56,0.0
2026-02-19 12:23:57,0.0
2026-02-19 12:23:58,-0.811432872433215
2026-02-19 12:23:59,0.0
2026-02-19 12:24:00,0.0
2026-02-19 12:24:01,0.0
2026-02-19 12:24:02,0.0
2026-02-19 12:24:03,0.0
2026-02-19 12:24:04,0.0
2026-02-19 12:24:05,0.0
2026-02-19 12:24:06,0.0
2026-02-19 12:24:07,0.0
2026-02-19 12:24:08,
2026-02-19 12:24:09,
2026-02-19 12:24:10,0.0
2026-02-19 12:24:11,
2026-02-19 12:24:12,0.0
2026-02-19 12:24:13,0.0
2026-02-19 12:24:14,0.0
2026-02-19 12:24:15,0.0
2026-02-19 12:24:16,0.0
2026-02-19 12:24:17,0.0
2026-02-19 12:24:18,
2026-02-19 12:24:19,0.0
2026-02-19 12:24:20,0.0
2026-02-19 12:24:21,0.0
2026-02-19 12:24:22,
2026-02-19 12:24:23,0.0
2026-02-19 12:24:24,0.0
2026-02-19 12:24:25,0.0
2026-02-19 12:24:26,0.0
2026-02-19 12:24:27,0.0
2026-02-19 12:24:28,0.0
2026-02-19 12:24:29,-1.06954949442297
2026-02-19 12:24:30,
2026-02-19 12:24:31,-1.01403363514692
2026-02-19 12:24:32,0.0
2026-02-19 12:24:33,0.0
2026-02-19 12:24:34,0.0
2026-02-19 12:24:35,0.0
2026-02-19 12:24:36,0.0
2026-02-19 12:24:37,0.0
2026-02-19 12:24:38,0.0
2026-02-19 12:24:39,0.0
2026-02-19 12:24:40,0.0
2026-02-19 12:24:41,0.0
2026-02-19 12:24:42,0.0
2026-02-19 12:24:43,0.0
2026-02-19 12:24:44,
2026-02-19 12:24:45,
2026-02-19 12:24:46,0.0
2026-02-19 12:24:47,0.0
2026-02-19 12:24:48,
2026-02-19 12:24:49,0.0
2026-02-19 12:24:50,0.0
2026-02-19 12:24:51,0.0
2026-02-19 12:24:52,0.0
2026-02-19 12:24:53,
2026-02-19 12:24:54,0.0
2026-02-19 12:24:55,0.0
2026-02-19 12:24:56,
2026-02-19 12:24:57,0.0
2026-02-19 12:24:58,
2026-02-19 12:24:59,0.0
2026-02-19 12:25:00,0.0
2026-02-19 12:25:01,0.0
2026-02-19 12:25:02,0.0
2026-02-19 12:25:03,0.0
2026-02-19 12:25:04,0.0
2026-02-19 12:25:05,
2026-02-19 12:25:06,
2026-02-19 12:25:07,0.0
2026-02-19 12:25:08,0.0
2026-02-19 12:25:09,0.0
2026-02-19 12:25:10,0.0
2026-02-19 12:25:11,
2026-02-19 12:25:12,0.0
2026-02-19 12:25:13,
2026-02-19 12:25:14,0.0
2026-02-19 12:25:15,
2026-02-19 12:25:16,0.0
2026-02-19 12:25:17,0.0
2026-02-19 12:25:18,0.0
2026-02-19 12:25:19,0.0
2026-02-19 12:25:20,0.0
2026-02-19 12:25:21,0.0
2026-02-19 12:25:22,
2026-02-19 12:25:23,
2026-02-19 12:25:24,0.0
2026-02-19 12:25:25,
2026-02-19 12:25:26,0.0
2026-02-19 12:25:27,0.850818859180436
2026-02-19 12:25:28,
2026-02-19 12:25:29,0.913294474594295
2026-02-19 12:25:30,0.844206794863567
2026-02-19 12:25:31,0.0
2026-02-19 12:25:32,0.0
2026-02-19 12:25:33,0.0
2026-02-19 12:25:34,0.0
2026-02-19 12:25:35,0.0
2026-02-19 12:25:36,0.0
2026-02-19 12:25:37,-0.821858178824186
2026-02-19 12:25:38,
2026-02-19 12:25:39,
2026-02-19 12:25:40,
2026-02-19 12:25:41,
2026-02-19 12:25:42,
2026-02-19 12:25:43,0.0
2026-02-19 12:25:44,-1.06476227520034
2026-02-19 12:25:45,-1.06476227520034
2026-02-19 12:25:46,-1.14092223811895
2026-02-19 12:25:47,
2026-02-19 12:25:48,
2026-02-19 12:25:49,-1.22791287722066
2026-02-19 12:25:50,-1.21452760649845
2026-02-19 12:25:51,0.0
2026-02-19 12:25:52,0.0
2026-02-19 12:25:53,0.0
2026-02-19 12:25:54,0.0
2026-02-19 12:25:55,0.0
2026-02-19 12:25:56,
2026-02-19 12:25:57,0.0
2026-02-19 12:25:58,0.0
2026-02-19 12:25:59,0.0
2026-02-19 12:26:00,0.0
2026-02-19 12:26:01,
2026-02-19 12:26:02,
2026-02-19 12:26:03,0.0
2026-02-19 12:26:04,0.0
2026-02-19 12:26:05,
2026-02-19 12:26:06,0.0
2026-02-19 12:26:07,0.0
2026-02-19 12:26:08,0.0
2026-02-19 12:26:09,0.0
2026-02-19 12:26:10,0.0
2026-02-19 12:26:11,0.0
2026-02-19 12:26:12,0.0
2026-02-19 12:26:13,
2026-02-19 12:26:14,
2026-02-19 12:26:15,
2026-02-19 12:26:16,0.0
2026-02-19 12:26:17,0.0
2026-02-19 12:26:18,0.0
2026-02-19 12:26:19,0.0
2026-02-19 12:26:20,0.0
2026-02-19 12:26:21,0.0
2026-02-19 12:26:22,0.0
2026-02-19 12:26:23,0.0
2026-02-19 12:26:24,0.0
2026-02-19 12:26:25,0.0
2026-02-19 12:26:26,0.0
2026-02-19 12:26:27,0.0
2026-02-19 12:26:28,0.0
2026-02-19 12:26:29,
2026-02-19 12:26:30,0.0
2026-02-19 12:26:31,0.0
2026-02-19 12:26:32,0.0
2026-02-19 12:26:33,0.0
2026-02-19 12:26:34,
2026-02-19 12:26:35,0.0
2026-02-19 12:26:36,
2026-02-19 12:26:37,0.0
2026-02-19 12:26:38,0.0
2026-02-19 12:26:39,0.0
2026-02-19 12:26:40,
2026-02-19 12:26:41,0.0
2026-02-19 12:26:42,0.0
2026-02-19 12:26:43,0.0
2026-02-19 12:26:44,0.0
2026-02-19 12:26:45,
2026-02-19 12:26:46,0.0
2026-02-19 12:26:47,0.0
2026-02-19 12:26:48,0.0
2026-02-19 12:26:49,0.0
2026-02-19 12:26:50,0.0
2026-02-19 12:26:51,0.0
2026-02-19 12:26:52,0.0
2026-02-19 12:26:53,0.0
2026-02-19 12:26:54,
2026-02-19 12:26:55,0.0
2026-02-19 12:26:56,0.0
2026-02-19 12:26:57,
2026-02-19 12:26:58,
2026-02-19 12:26:59,
2026-02-19 12:27:00,0.0
2026-02-19 12:27:01,
2026-02-19 12:27:02,
2026-02-19 12:27:03,
2026-02-19 12:27:04,0.0
2026-02-19 12:27:05,
2026-02-19 12:27:06,0.0
2026-02-19 12:27:07,0.0
2026-02-19 12:27:08,
2026-02-19 12:27:09,
2026-02-19 12:27:10,0.0
2026-02-19 12:27:11,0.0
2026-02-19 12:27:12,0.0
2026-02-19 12:27:13,0.0
2026-02-19 12:27:14,0.0
2026-02-19 12:27:15,
2026-02-19 12:27:16,0.0
2026-02-19 12:27:17,
2026-02-19 12:27:18,
2026-02-19 12:27:19,0.0
2026-02-19 12:27:20,0.0
2026-02-19 12:27:21,
2026-02-19 12:27:22,0.0
2026-02-19 12:27:23,0.0
2026-02-19 12:27:24,0.0
2026-02-19 12:27:25,0.0
2026-02-19 12:27:26,0.0
2026-02-19 12:27:27,0.0
2026-02-19 12:27:28,0.0
2026-02-19 12:27:29,0.0
2026-02-19 12:27:30,0.0
2026-02-19 12:27:31,0.0
2026-02-19 12:27:32,0.0
2026-02-19 12:27:33,0.0
2026-02-19 12:27:34,0.0
2026-02-19 12:27:35,0.0
2026-02-19 12:27:36,0.0
2026-02-19 12:27:37,0.0
2026-02-19 12:27:38,0.0
2026-02-19 12:27:39,0.0
2026-02-19 12:27:40,0.0
2026-02-19 12:27:41,0.0
2026-02-19 12:27:42,0.0
2026-02-19 12:27:43,0.0
2026-02-19 12:27:44,0.958486134186387
2026-02-19 12:27:45,0.821053987601772
2026-02-19 12:27:46,0.821053987601772
2026-02-19 12:27:47,0.0
2026-02-19 12:27:48,
2026-02-19 12:27:49,0.0
2026-02-19 12:27:50,0.0
2026-02-19 12:27:51,0.0
2026-02-19 12:27:52,0.0
2026-02-19 12:27:53,0.0
2026-02-19 12:27:54,0.0
2026-02-19 12:27:55,0.0
2026-02-19 12:27:56,
2026-02-19 12:27:57,0.0
2026-02-19 12:27:58,0.0
2026-02-19 12:27:59,0.0
2026-02-19 12:28:00,0.0
2026-02-19 12:28:01,0.0
2026-02-19 12:28:02,0.0
2026-02-19 12:28:03,
2026-02-19 12:28:04,
2026-02-19 12:28:05,0.0
2026-02-19 12:28:06,0.0
2026-02-19 12:28:07,0.0
2026-02-19 12:28:08,
2026-02-19 12:28:09,0.0
2026-02-19 12:28:10,-0.868223462020978
2026-02-19 12:28:11,0.0
2026-02-19 12:28:12,-0.989262491930276
2026-02-19 12:28:13,-0.961194117553532
2026-02-19 12:28:14,0.0
2026-02-19 12:28:15,0.0
2026-02-19 12:28:16,0.0
2026-02-19 12:28:17,0.0
2026-02-19 12:28:18,0.0
2026-02-19 12:28:19,0.0
2026-02-19 12:28:20,0.0
2026-02-19 12:28:21,0.0
2026-02-19 12:28:22,0.0
2026-02-19 12:28:23,0.0
2026-02-19 12:28:24,0.0
2026-02-19 12:28:25,0.0
2026-02-19 12:28:26,0.0
2026-02-19 12:28:27,0.0
2026-02-19 12:28:28,0.0
2026-02-19 12:28:29,
2026-02-19 12:28:30,-0.852606457192451
2026-02-19 12:28:31,-0.943279475905001
2026-02-19 12:28:32,-1.099341083318
2026-02-19 12:28:33,
2026-02-19 12:28:34,-1.10474688699469
2026-02-19 12:28:35,-1.10714934999123
2026-02-19 12:28:36,-1.39545454876497
2026-02-19 12:28:37,-1.24032867606729
2026-02-19 12:28:38,-1.21164318406954
2026-02-19 12:28:39,-1.22933235252276
2026-02-19 12:28:40,-1.16683656815439
2026-02-19 12:28:41,-1.29663107218221
2026-02-19 12:28:42,-1.19718586793169
2026-02-19 12:28:43,-1.21549341129139
2026-02-19 12:28:44,-1.21549341129139
2026-02-19 12:28:45,-0.892850803211331
2026-02-19 12:28:46,-0.892850803211331
2026-02-19 12:28:47,-0.832769949920475
2026-02-19 12:28:48,0.0
2026-02-19 12:28:49,0.0
2026-02-19 12:28:50,0.0
2026-02-19 12:28:51,0.0
2026-02-19 12:28:52,0.0
2026-02-19 12:28:53,0.0
2026-02-19 12:28:54,0.0
2026-02-19 12:28:55,0.0
2026-02-19 12:28:56,0.0
2026-02-19 12:28:57,0.0
2026-02-19 12:28:58,0.0
2026-02-19 12:28:59,0.0
2026-02-19 12:29:00,0.0
2026-02-19 12:29:01,0.0
2026-02-19 12:29:02,
2026-02-19 12:29:03,0.0
2026-02-19 12:29:04,0.0
2026-02-19 12:29:05,0.0
2026-02-19 12:29:06,0.0
2026-02-19 12:29:07,0.0
2026-02-19 12:29:08,0.0
2026-02-19 12:29:09,0.0
2026-02-19 12:29:10,0.0
2026-02-19 12:29:11,0.0
2026-02-19 12:29:12,0.0
2026-02-19 12:29:13,0.0
2026-02-19 12:29:14,0.0
2026-02-19 12:29:15,0.0
2026-02-19 12:29:16,
2026-02-19 12:29:17,0.0
2026-02-19 12:29:18,0.0
2026-02-19 12:29:19,0.0
2026-02-19 12:29:20,0.0
2026-02-19 12:29:21,0.0
2026-02-19 12:29:22,0.0
2026-02-19 12:29:23,0.0
2026-02-19 12:29:24,0.0
2026-02-19 12:29:25,0.0
2026-02-19 12:29:26,0.0
2026-02-19 12:29:27,0.0
2026-02-19 12:29:28,0.0
2026-02-19 12:29:29,0.0
2026-02-19 12:29:30,0.0
2026-02-19 12:29:31,0.0
2026-02-19 12:29:32,0.0
2026-02-19 12:29:33,0.0
2026-02-19 12:29:34,0.0
2026-02-19 12:29:35,
2026-02-19 12:29:36,0.0
2026-02-19 12:29:37,0.0
2026-02-19 12:29:38,0.0
2026-02-19 12:29:39,
2026-02-19 12:29:40,0.0
2026-02-19 12:29:41,0.0
2026-02-19 12:29:42,0.0
2026-02-19 12:29:43,0.0
2026-02-19 12:29:44,0.0
2026-02-19 12:29:45,0.0
2026-02-19 12:29:46,0.0
2026-02-19 12:29:47,0.0
2026-02-19 12:29:48,0.821942993206903
2026-02-19 12:29:49,0.821942993206903
2026-02-19 12:29:50,0.0
2026-02-19 12:29:51,0.871660723350942
2026-02-19 12:29:52,0.0
2026-02-19 12:29:53,0.0
2026-02-19 12:29:54,0.0
2026-02-19 12:29:55,0.0
2026-02-19 12:29:56,
2026-02-19 12:29:57,
2026-02-19 12:29:58,0.0
2026-02-19 12:29:59,0.0
2026-02-19 12:30:00,0.0
2026-02-19 12:30:01,0.0
2026-02-19 12:30:02,0.0
2026-02-19 12:30:03,0.0
2026-02-19 12:30:04,
2026-02-19 12:30:05,
2026-02-19 12:30:06,
2026-02-19 12:30:07,0.0
2026-02-19 12:30:08,0.0
2026-02-19 12:30:09,0.0
2026-02-19 12:30:10,
2026-02-19 12:30:11,0.0
2026-02-19 12:30:12,
2026-02-19 12:30:13,0.0
2026-02-19 12:30:14,0.0
2026-02-19 12:30:15,0.0
2026-02-19 12:30:16,0.0
2026-02-19 12:30:17,
2026-02-19 12:30:18,0.0
2026-02-19 12:30:19,0.0
2026-02-19 12:30:20,
2026-02-19 12:30:21,0.819183827843517
2026-02-19 12:30:22,0.0
2026-02-19 12:30:23,0.0
2026-02-19 12:30:24,0.0
2026-02-19 12:30:25,0.0
2026-02-19 12:30:26,0.0
2026-02-19 12:30:27,0.0
2026-02-19 12:30:28,0.0
2026-02-19 12:30:29,
2026-02-19 12:30:30,
2026-02-19 12:30:31,0.0
2026-02-19 12:30:32,0.0
2026-02-19 12:30:33,0.0
2026-02-19 12:30:34,0.0
2026-02-19 12:30:35,0.0
2026-02-19 12:30:36,
2026-02-19 12:30:37,
2026-02-19 12:30:38,0.0
2026-02-19 12:30:39,0.0
2026-02-19 12:30:40,0.0
2026-02-19 12:30:41,0.0
2026-02-19 12:30:42,
2026-02-19 12:30:43,
2026-02-19 12:30:44,0.0
2026-02-19 12:30:45,0.0
2026-02-19 12:30:46,
2026-02-19 12:30:47,0.0
2026-02-19 12:30:48,0.0
2026-02-19 12:30:49,0.0
2026-02-19 12:30:50,0.0
2026-02-19 12:30:51,
2026-02-19 12:30:52,0.0
2026-02-19 12:30:53,0.907834607642144
2026-02-19 12:30:54,
2026-02-19 12:30:55,1.39775433344766
2026-02-19 12:30:56,1.58674917183816
2026-02-19 12:30:57,
2026-02-19 12:30:58,1.35353151708841
2026-02-19 12:30:59,1.21835939353332
2026-02-19 12:31:00,1.02364327758551
2026-02-19 12:31:01,0.0
2026-02-19 12:31:02,0.0
2026-02-19 12:31:03,0.0
2026-02-19 12:31:04,0.0
2026-02-19 12:31:05,0.0
2026-02-19 12:31:06,0.0
2026-02-19 12:31:07,0.0
2026-02-19 12:31:08,
2026-02-19 12:31:09,
2026-02-19 12:31:10,0.0
2026-02-19 12:31:11,
2026-02-19 12:31:12,0.0
2026-02-19 12:31:13,0.0
2026-02-19 12:31:14,1.04001963045448
2026-02-19 12:31:15,1.16908344207332
2026-02-19 12:31:16,
2026-02-19 12:31:17,0.825824495404959
2026-02-19 12:31:18,1.31270787678659
2026-02-19 12:31:19,1.20690164621919
2026-02-19 12:31:20,1.15508838789538
2026-02-19 12:31:21,1.06051296461374
2026-02-19 12:31:22,1.1370325111784
2026-02-19 12:31:23,1.0529363527894
2026-02-19 12:31:24,0.0
2026-02-19 12:31:25,
2026-02-19 12:31:26,
2026-02-19 12:31:27,0.0
2026-02-19 12:31:28,0.0
2026-02-19 12:31:29,0.0
2026-02-19 12:31:30,0.0
2026-02-19 12:31:31,0.0
2026-02-19 12:31:32,0.0
2026-02-19 12:31:33,0.0
2026-02-19 12:31:34,0.0
2026-02-19 12:31:35,0.0
2026-02-19 12:31:36,0.0
2026-02-19 12:31:37,0.0
2026-02-19 12:31:38,0.0
2026-02-19 12:31:39,0.0
2026-02-19 12:31:40,0.0
2026-02-19 12:31:41,0.0
2026-02-19 12:31:42,0.0
2026-02-19 12:31:43,
2026-02-19 12:31:44,0.0
2026-02-19 12:31:45,0.0
2026-02-19 12:31:46,0.0
2026-02-19 12:31:47,0.0
2026-02-19 12:31:48,0.0
2026-02-19 12:31:49,0.0
2026-02-19 12:31:50,0.0
2026-02-19 12:31:51,0.0
2026-02-19 12:31:52,0.0
2026-02-19 12:31:53,0.0
2026-02-19 12:31:54,0.0
2026-02-19 12:31:55,
2026-02-19 12:31:56,0.0
2026-02-19 12:31:57,0.0
2026-02-19 12:31:58,0.0
2026-02-19 12:31:59,0.0
2026-02-19 12:32:00,0.0
2026-02-19 12:32:01,0.0
2026-02-19 12:32:02,0.0
2026-02-19 12:32:03,0.0
2026-02-19 12:32:04,0.0
2026-02-19 12:32:05,0.0
2026-02-19 12:32:06,0.0
2026-02-19 12:32:07,0.0
2026-02-19 12:32:08,0.0
2026-02-19 12:32:09,0.0
2026-02-19 12:32:10,
2026-02-19 12:32:11,0.0
2026-02-19 12:32:12,0.0
2026-02-19 12:32:13,
2026-02-19 12:32:14,
2026-02-19 12:32:15,0.0
2026-02-19 12:32:16,0.0
2026-02-19 12:32:17,0.0
2026-02-19 12:32:18,0.0
2026-02-19 12:32:19,0.0
2026-02-19 12:32:20,0.0
2026-02-19 12:32:21,
2026-02-19 12:32:22,
2026-02-19 12:32:23,0.0
2026-02-19 12:32:24,0.0
2026-02-19 12:32:25,0.0
2026-02-19 12:32:26,0.0
2026-02-19 12:32:27,0.0
2026-02-19 12:32:28,0.0
2026-02-19 12:32:29,0.0
2026-02-19 12:32:30,0.0
2026-02-19 12:32:31,0.0
2026-02-19 12:32:32,0.0
2026-02-19 12:32:33,0.0
2026-02-19 12:32:34,0.0
2026-02-19 12:32:35,0.0
2026-02-19 12:32:36,0.0
2026-02-19 12:32:37,0.0
2026-02-19 12:32:38,0.0
2026-02-19 12:32:39,0.0
2026-02-19 12:32:40,0.0
2026-02-19 12:32:41,0.0
2026-02-19 12:32:42,
2026-02-19 12:32:43,0.0
2026-02-19 12:32:44,0.0
2026-02-19 12:32:45,0.0
2026-02-19 12:32:46,0.0
2026-02-19 12:32:47,
2026-02-19 12:32:48,
2026-02-19 12:32:49,0.0
2026-02-19 12:32:50,0.0
2026-02-19 12:32:51,0.0
2026-02-19 12:32:52,0.0
2026-02-19 12:32:53,
2026-02-19 12:32:54,0.0
2026-02-19 12:32:55,0.0
2026-02-19 12:32:56,0.0
2026-02-19 12:32:57,0.0
2026-02-19 12:32:58,0.0
2026-02-19 12:32:59,0.0
2026-02-19 12:33:00,0.0
2026-02-19 12:33:01,0.0
2026-02-19 12:33:02,0.0
2026-02-19 12:33:03,
2026-02-19 12:33:04,
2026-02-19 12:33:05,0.0
2026-02-19 12:33:06,0.0
2026-02-19 12:33:07,0.0
2026-02-19 12:33:08,0.0
2026-02-19 12:33:09,0.0
2026-02-19 12:33:10,0.0
2026-02-19 12:33:11,0.0
2026-02-19 12:33:12,0.0
2026-02-19 12:33:13,
2026-02-19 12:33:14,0.0
2026-02-19 12:33:15,
2026-02-19 12:33:16,
2026-02-19 12:33:17,
2026-02-19 12:33:18,
2026-02-19 12:33:19,
2026-02-19 12:33:20,
2026-02-19 12:33:21,0.0
2026-02-19 12:33:22,
2026-02-19 12:33:23,0.0
2026-02-19 12:33:24,0.0
2026-02-19 12:33:25,0.0
2026-02-19 12:33:26,0.0
2026-02-19 12:33:27,0.0
2026-02-19 12:33:28,0.0
2026-02-19 12:33:29,0.0
2026-02-19 12:33:30,
2026-02-19 12:33:31,0.0
2026-02-19 12:33:32,0.0
2026-02-19 12:33:33,
2026-02-19 12:33:34,0.0
2026-02-19 12:33:35,0.0
2026-02-19 12:33:36,0.0
2026-02-19 12:33:37,-0.84128727321513
2026-02-19 12:33:38,0.0
2026-02-19 12:33:39,0.0
2026-02-19 12:33:40,0.0
2026-02-19 12:33:41,0.0
2026-02-19 12:33:42,0.0
2026-02-19 12:33:43,0.0
2026-02-19 12:33:44,0.0
2026-02-19 12:33:45,0.0
2026-02-19 12:33:46,0.0
2026-02-19 12:33:47,0.0
2026-02-19 12:33:48,0.0
2026-02-19 12:33:49,
2026-02-19 12:33:50,0.0
2026-02-19 12:33:51,0.0
2026-02-19 12:33:52,
2026-02-19 12:33:53,
2026-02-19 12:33:54,0.0
2026-02-19 12:33:55,
2026-02-19 12:33:56,0.0
2026-02-19 12:33:57,0.0
2026-02-19 12:33:58,0.0
2026-02-19 12:33:59,0.0
2026-02-19 12:34:00,
2026-02-19 12:34:01,
2026-02-19 12:34:02,
2026-02-19 12:34:03,
2026-02-19 12:34:04,0.0
2026-02-19 12:34:05,0.0
2026-02-19 12:34:06,0.0
2026-02-19 12:34:07,0.0
2026-02-19 12:34:08,0.0
2026-02-19 12:34:09,0.0
2026-02-19 12:34:10,0.0
2026-02-19 12:34:11,0.0
2026-02-19 12:34:12,0.0
2026-02-19 12:34:13,0.0
2026-02-19 12:34:14,
2026-02-19 12:34:15,0.0
2026-02-19 12:34:16,0.0
2026-02-19 12:34:17,0.0
2026-02-19 12:34:18,
2026-02-19 12:34:19,0.0
2026-02-19 12:34:20,0.0
2026-02-19 12:34:21,0.0
2026-02-19 12:34:22,0.0
2026-02-19 12:34:23,0.0
2026-02-19 12:34:24,0.0
2026-02-19 12:34:25,0.0
2026-02-19 12:34:26,0.0
2026-02-19 12:34:27,0.0
2026-02-19 12:34:28,0.0
2026-02-19 12:34:29,0.0
2026-02-19 12:34:30,0.0
2026-02-19 12:34:31,
2026-02-19 12:34:32,0.0
2026-02-19 12:34:33,0.0
2026-02-19 12:34:34,0.0
2026-02-19 12:34:35,0.0
2026-02-19 12:34:36,0.0
2026-02-19 12:34:37,0.0
2026-02-19 12:34:38,0.0
2026-02-19 12:34:39,0.0
2026-02-19 12:34:40,0.0
2026-02-19 12:34:41,0.0
2026-02-19 12:34:42,0.0
2026-02-19 12:34:43,0.0
2026-02-19 12:34:44,0.0
2026-02-19 12:34:45,0.0
2026-02-19 12:34:46,0.0
2026-02-19 12:34:47,0.0
2026-02-19 12:34:48,
2026-02-19 12:34:49,0.0
2026-02-19 12:34:50,0.0
2026-02-19 12:34:51,0.0
2026-02-19 12:34:52,0.0
2026-02-19 12:34:53,0.0
2026-02-19 12:34:54,0.0
2026-02-19 12:34:55,0.0
2026-02-19 12:34:56,0.0
2026-02-19 12:34:57,0.0
2026-02-19 12:34:58,0.0
2026-02-19 12:34:59,0.0
2026-02-19 12:35:00,0.0
2026-02-19 12:35:01,0.0
2026-02-19 12:35:02,
2026-02-19 12:35:03,
2026-02-19 12:35:04,
2026-02-19 12:35:05,0.0
2026-02-19 12:35:06,0.0
2026-02-19 12:35:07,0.0
2026-02-19 12:35:08,0.0
2026-02-19 12:35:09,0.0
2026-02-19 12:35:10,0.0
2026-02-19 12:35:11,0.0
2026-02-19 12:35:12,0.0
2026-02-19 12:35:13,
2026-02-19 12:35:14,0.0
2026-02-19 12:35:15,0.0
2026-02-19 12:35:16,0.0
2026-02-19 12:35:17,0.0
2026-02-19 12:35:18,0.0
2026-02-19 12:35:19,0.0
2026-02-19 12:35:20,0.0
2026-02-19 12:35:21,0.0
2026-02-19 12:35:22,0.0
2026-02-19 12:35:23,
2026-02-19 12:35:24,
2026-02-19 12:35:25,0.0
2026-02-19 12:35:26,0.0
2026-02-19 12:35:27,0.0
2026-02-19 12:35:28,
2026-02-19 12:35:29,0.0
2026-02-19 12:35:30,0.0
2026-02-19 12:35:31,0.0
2026-02-19 12:35:32,0.0
2026-02-19 12:35:33,
2026-02-19 12:35:34,0.0
2026-02-19 12:35:35,0.0
2026-02-19 12:35:36,0.83174358587712
2026-02-19 12:35:37,0.833026488544419
2026-02-19 12:35:38,1.06558705447242
2026-02-19 12:35:39,1.2151088914834
2026-02-19 12:35:40,1.07826709281653
2026-02-19 12:35:41,
2026-02-19 12:35:42,
2026-02-19 12:35:43,
2026-02-19 12:35:44,
2026-02-19 12:35:45,1.23471625847742
2026-02-19 12:35:46,2.02967009972781
2026-02-19 12:35:47,
2026-02-19 12:35:48,
2026-02-19 12:35:49,2.2281288402155
2026-02-19 12:35:50,1.80289959535003
2026-02-19 12:35:51,1.57472585560754
2026-02-19 12:35:52,
2026-02-19 12:35:53,1.48281105794013
2026-02-19 12:35:54,1.48281105794013
2026-02-19 12:35:55,1.4036909211427
2026-02-19 12:35:56,
2026-02-19 12:35:57,
2026-02-19 12:35:58,
2026-02-19 12:35:59,1.36410926934332
2026-02-19 12:36:00,1.07507903594524
2026-02-19 12:36:01,
2026-02-19 12:36:02,0.893909647129476
2026-02-19 12:36:03,0.0
2026-02-19 12:36:04,0.0
2026-02-19 12:36:05,0.0
2026-02-19 12:36:06,
2026-02-19 12:36:07,0.0
2026-02-19 12:36:08,0.0
2026-02-19 12:36:09,0.0
2026-02-19 12:36:10,0.0
2026-02-19 12:36:11,0.0
2026-02-19 12:36:12,0.0
2026-02-19 12:36:13,
2026-02-19 12:36:14,
2026-02-19 12:36:15,0.0
2026-02-19 12:36:16,
2026-02-19 12:36:17,0.0
2026-02-19 12:36:18,0.0
2026-02-19 12:36:19,0.0
2026-02-19 12:36:20,
2026-02-19 12:36:21,0.0
2026-02-19 12:36:22,0.0
2026-02-19 12:36:23,0.0
2026-02-19 12:36:24,0.0
2026-02-19 12:36:25,0.0
2026-02-19 12:36:26,0.0
2026-02-19 12:36:27,0.0
2026-02-19 12:36:28,0.0
2026-02-19 12:36:29,0.0
2026-02-19 12:36:30,0.0
2026-02-19 12:36:31,0.0
2026-02-19 12:36:32,0.0
2026-02-19 12:36:33,0.0
2026-02-19 12:36:34,0.0
2026-02-19 12:36:35,
2026-02-19 12:36:36,
2026-02-19 12:36:37,0.87008272530511
2026-02-19 12:36:38,0.0
2026-02-19 12:36:39,0.0
2026-02-19 12:36:40,0.0
2026-02-19 12:36:41,0.0
2026-02-19 12:36:42,
2026-02-19 12:36:43,0.0
2026-02-19 12:36:44,0.0
2026-02-19 12:36:45,0.0
2026-02-19 12:36:46,0.0
2026-02-19 12:36:47,0.0
2026-02-19 12:36:48,0.0
2026-02-19 12:36:49,0.0
2026-02-19 12:36:50,
2026-02-19 12:36:51,
2026-02-19 12:36:52,
2026-02-19 12:36:53,
2026-02-19 12:36:54,0.0
2026-02-19 12:36:55,0.0
2026-02-19 12:36:56,0.0
2026-02-19 12:36:57,0.0
2026-02-19 12:36:58,0.0
2026-02-19 12:36:59,0.0
2026-02-19 12:37:00,0.0
2026-02-19 12:37:01,
2026-02-19 12:37:02,
2026-02-19 12:37:03,0.0
2026-02-19 12:37:04,0.0
2026-02-19 12:37:05,0.0
2026-02-19 12:37:06,0.0
2026-02-19 12:37:07,0.0
2026-02-19 12:37:08,0.0
2026-02-19 12:37:09,0.0
2026-02-19 12:37:10,0.0
2026-02-19 12:37:11,
2026-02-19 12:37:12,
2026-02-19 12:37:13,0.815448589855805
2026-02-19 12:37:14,0.0
2026-02-19 12:37:15,0.0
2026-02-19 12:37:16,0.0
2026-02-19 12:37:17,0.0
2026-02-19 12:37:18,0.0
2026-02-19 12:37:19,0.0
2026-02-19 12:37:20,0.0
2026-02-19 12:37:21,0.0
2026-02-19 12:37:22,0.0
2026-02-19 12:37:23,0.0
2026-02-19 12:37:24,0.0
2026-02-19 12:37:25,0.0
2026-02-19 12:37:26,0.0
2026-02-19 12:37:27,
2026-02-19 12:37:28,0.0
2026-02-19 12:37:29,
2026-02-19 12:37:30,0.0
2026-02-19 12:37:31,0.0
2026-02-19 12:37:32,0.0
2026-02-19 12:37:33,
2026-02-19 12:37:34,0.0
2026-02-19 12:37:35,0.0
2026-02-19 12:37:36,0.0
2026-02-19 12:37:37,0.0
2026-02-19 12:37:38,0.0
2026-02-19 12:37:39,0.824641861254349
2026-02-19 12:37:40,0.0
2026-02-19 12:37:41,0.0
2026-02-19 12:37:42,0.0
2026-02-19 12:37:43,0.0
2026-02-19 12:37:44,0.0
2026-02-19 12:37:45,0.0
2026-02-19 12:37:46,0.0
2026-02-19 12:37:47,0.0
2026-02-19 12:37:48,
2026-02-19 12:37:49,0.0
2026-02-19 12:37:50,0.0
2026-02-19 12:37:51,0.0
2026-02-19 12:37:52,0.0
2026-02-19 12:37:53,0.0
2026-02-19 12:37:54,0.0
2026-02-19 12:37:55,0.0
2026-02-19 12:37:56,0.0
2026-02-19 12:37:57,0.0
2026-02-19 12:37:58,0.0
2026-02-19 12:37:59,0.0
2026-02-19 12:38:00,0.0
2026-02-19 12:38:01,0.0
2026-02-19 12:38:02,0.0
2026-02-19 12:38:03,0.0
2026-02-19 12:38:04,0.0
2026-02-19 12:38:05,0.0
2026-02-19 12:38:06,0.0
2026-02-19 12:38:07,0.0
2026-02-19 12:38:08,0.0
2026-02-19 12:38:09,0.0
2026-02-19 12:38:10,0.0
2026-02-19 12:38:11,0.0
2026-02-19 12:38:12,0.0
2026-02-19 12:38:13,0.0
2026-02-19 12:38:14,0.0
2026-02-19 12:38:15,0.0
2026-02-19 12:38:16,0.0
2026-02-19 12:38:17,0.0
2026-02-19 12:38:18,0.0
2026-02-19 12:38:19,0.0
2026-02-19 12:38:20,
2026-02-19 12:38:21,0.0
2026-02-19 12:38:22,0.0
2026-02-19 12:38:23,0.0
2026-02-19 12:38:24,0.0
2026-02-19 12:38:25,
2026-02-19 12:38:26,0.0
2026-02-19 12:38:27,0.0
2026-02-19 12:38:28,0.0
2026-02-19 12:38:29,0.0
2026-02-19 12:38:30,4.87777395173907
2026-02-19 12:38:31,
2026-02-19 12:38:32,
2026-02-19 12:38:33,
2026-02-19 12:38:34,8.44292342662811
2026-02-19 12:38:35,8.50829305127263
2026-02-19 12:38:36,8.34766393527389
2026-02-19 12:38:37,8.20864839479327
2026-02-19 12:38:38,
2026-02-19 12:38:39,
2026-02-19 12:38:40,8.20371313020587
2026-02-19 12:38:41,
2026-02-19 12:38:42,8.18707756698132
2026-02-19 12:38:43,
2026-02-19 12:38:44,7.98899559304118
2026-02-19 12:38:45,8.02551470696926
2026-02-19 12:38:46,
2026-02-19 12:38:47,
2026-02-19 12:38:48,7.31813153252006
2026-02-19 12:38:49,6.99627986177802
2026-02-19 12:38:50,6.263174302876
2026-02-19 12:38:51,
2026-02-19 12:38:52,5.16207595355809
2026-02-19 12:38:53,4.38328483141959
2026-02-19 12:38:54,2.32182510662824
2026-02-19 12:38:55,
2026-02-19 12:38:56,1.59109445521608
2026-02-19 12:38:57,1.59109445521608
2026-02-19 12:38:58,1.18776984745637
2026-02-19 12:38:59,1.08722294680774
2026-02-19 12:39:00,
2026-02-19 12:39:01,
2026-02-19 12:39:02,0.0
2026-02-19 12:39:03,
2026-02-19 12:39:04,0.0
2026-02-19 12:39:05,0.0
2026-02-19 12:39:06,0.0
2026-02-19 12:39:07,0.0
2026-02-19 12:39:08,0.0
2026-02-19 12:39:09,0.0
2026-02-19 12:39:10,0.0
2026-02-19 12:39:11,0.0
2026-02-19 12:39:12,
2026-02-19 12:39:13,0.0
2026-02-19 12:39:14,
2026-02-19 12:39:15,0.0
2026-02-19 12:39:16,0.0
2026-02-19 12:39:17,0.911059544887394
2026-02-19 12:39:18,0.0
2026-02-19 12:39:19,0.0
2026-02-19 12:39:20,0.0
2026-02-19 12:39:21,0.0
2026-02-19 12:39:22,0.0
2026-02-19 12:39:23,0.0
2026-02-19 12:39:24,0.0
2026-02-19 12:39:25,0.0
2026-02-19 12:39:26,0.0
2026-02-19 12:39:27,0.0
2026-02-19 12:39:28,0.0
2026-02-19 12:39:29,
2026-02-19 12:39:30,
2026-02-19 12:39:31,0.0
2026-02-19 12:39:32,0.0
2026-02-19 12:39:33,0.0
2026-02-19 12:39:34,0.0
2026-02-19 12:39:35,0.0
2026-02-19 12:39:36,0.0
2026-02-19 12:39:37,0.0
2026-02-19 12:39:38,0.977105170022696
2026-02-19 12:39:39,0.919196172617376
2026-02-19 12:39:40,0.919196172617376
2026-02-19 12:39:41,1.01522805634886
2026-02-19 12:39:42,0.888910994399339
2026-02-19 12:39:43,0.814569904468954
2026-02-19 12:39:44,0.0
2026-02-19 12:39:45,0.844357354799286
2026-02-19 12:39:46,0.902516290079802
2026-02-19 12:39:47,0.914343784097582
2026-02-19 12:39:48,0.858245225390419
2026-02-19 12:39:49,0.0
2026-02-19 12:39:50,0.0
2026-02-19 12:39:51,0.0
2026-02-19 12:39:52,0.0
2026-02-19 12:39:53,0.0
2026-02-19 12:39:54,0.0
2026-02-19 12:39:55,0.0
2026-02-19 12:39:56,
2026-02-19 12:39:57,
2026-02-19 12:39:58,0.0
2026-02-19 12:39:59,0.0
2026-02-19 12:40:00,
2026-02-19 12:40:01,
2026-02-19 12:40:02,
2026-02-19 12:40:03,0.0
2026-02-19 12:40:04,0.0
2026-02-19 12:40:05,0.0
2026-02-19 12:40:06,0.0
2026-02-19 12:40:07,0.0
2026-02-19 12:40:08,0.0
2026-02-19 12:40:09,0.0
2026-02-19 12:40:10,0.0
2026-02-19 12:40:11,0.0
2026-02-19 12:40:12,
2026-02-19 12:40:13,0.0
2026-02-19 12:40:14,0.0
2026-02-19 12:40:15,0.0
2026-02-19 12:40:16,0.0
2026-02-19 12:40:17,0.0
2026-02-19 12:40:18,0.0
2026-02-19 12:40:19,0.0
2026-02-19 12:40:20,0.0
2026-02-19 12:40:21,0.0
2026-02-19 12:40:22,0.0
2026-02-19 12:40:23,0.0
2026-02-19 12:40:24,0.0
2026-02-19 12:40:25,
2026-02-19 12:40:26,0.0
2026-02-19 12:40:27,
2026-02-19 12:40:28,
2026-02-19 12:40:29,
2026-02-19 12:40:30,0.0
2026-02-19 12:40:31,0.0
2026-02-19 12:40:32,
2026-02-19 12:40:33,
2026-02-19 12:40:34,
2026-02-19 12:40:35,0.0
2026-02-19 12:40:36,0.0
2026-02-19 12:40:37,0.0
2026-02-19 12:40:38,0.0
2026-02-19 12:40:39,0.0
2026-02-19 12:40:40,0.0
2026-02-19 12:40:41,0.0
2026-02-19 12:40:42,0.0
2026-02-19 12:40:43,0.81100455718115
2026-02-19 12:40:44,0.9515818557702
2026-02-19 12:40:45,0.827697693603113
2026-02-19 12:40:46,0.880133989267051
2026-02-19 12:40:47,1.01963463239372
2026-02-19 12:40:48,
2026-02-19 12:40:49,0.968332879710943
2026-02-19 12:40:50,
2026-02-19 12:40:51,0.911786674987525
2026-02-19 12:40:52,
2026-02-19 12:40:53,
2026-02-19 12:40:54,0.0
2026-02-19 12:40:55,0.0
2026-02-19 12:40:56,
2026-02-19 12:40:57,
2026-02-19 12:40:58,0.0
2026-02-19 12:40:59,
2026-02-19 12:41:00,0.0
2026-02-19 12:41:01,0.0
2026-02-19 12:41:02,0.0
2026-02-19 12:41:03,0.0
2026-02-19 12:41:04,0.0
2026-02-19 12:41:05,0.0
2026-02-19 12:41:06,0.0
2026-02-19 12:41:07,
2026-02-19 12:41:08,
2026-02-19 12:41:09,0.0
2026-02-19 12:41:10,
2026-02-19 12:41:11,
2026-02-19 12:41:12,0.0
2026-02-19 12:41:13,0.0
2026-02-19 12:41:14,
2026-02-19 12:41:15,0.0
2026-02-19 12:41:16,0.0
2026-02-19 12:41:17,
2026-02-19 12:41:18,
2026-02-19 12:41:19,
2026-02-19 12:41:20,0.0
2026-02-19 12:41:21,
2026-02-19 12:41:22,
2026-02-19 12:41:23,
2026-02-19 12:41:24,
2026-02-19 12:41:25,0.0
2026-02-19 12:41:26,
2026-02-19 12:41:27,
2026-02-19 12:41:28,0.0
2026-02-19 12:41:29,
2026-02-19 12:41:30,
2026-02-19 12:41:31,
2026-02-19 12:41:32,0.0
2026-02-19 12:41:33,0.0
2026-02-19 12:41:34,0.0
2026-02-19 12:41:35,
2026-02-19 12:41:36,
2026-02-19 12:41:37,0.0
2026-02-19 12:41:38,
2026-02-19 12:41:39,
2026-02-19 12:41:40,
2026-02-19 12:41:41,0.0
2026-02-19 12:41:42,
2026-02-19 12:41:43,
2026-02-19 12:41:44,
2026-02-19 12:41:45,
2026-02-19 12:41:46,
2026-02-19 12:41:47,0.0
2026-02-19 12:41:48,0.0
2026-02-19 12:41:49,0.0
2026-02-19 12:41:50,
2026-02-19 12:41:51,0.0
2026-02-19 12:41:52,0.0
2026-02-19 12:41:53,0.0
2026-02-19 12:41:54,0.0
2026-02-19 12:41:55,0.0
2026-02-19 12:41:56,0.0
2026-02-19 12:41:57,0.0
2026-02-19 12:41:58,0.0
2026-02-19 12:41:59,0.0
2026-02-19 12:42:00,0.0
2026-02-19 12:42:01,0.0
2026-02-19 12:42:02,0.0
2026-02-19 12:42:03,0.0
2026-02-19 12:42:04,0.0
2026-02-19 12:42:05,
2026-02-19 12:42:06,
2026-02-19 12:42:07,0.0
2026-02-19 12:42:08,
2026-02-19 12:42:09,0.0
2026-02-19 12:42:10,
2026-02-19 12:42:11,
2026-02-19 12:42:12,0.860017107333988
2026-02-19 12:42:13,0.912436691578478
2026-02-19 12:42:14,1.10458448762074
2026-02-19 12:42:15,1.23494686558843
2026-02-19 12:42:16,0.908997911028564
2026-02-19 12:42:17,0.0
2026-02-19 12:42:18,0.0
2026-02-19 12:42:19,0.0
2026-02-19 12:42:20,0.0
2026-02-19 12:42:21,0.0
2026-02-19 12:42:22,0.0
2026-02-19 12:42:23,0.0
2026-02-19 12:42:24,0.0
2026-02-19 12:42:25,0.0
2026-02-19 12:42:26,0.0
2026-02-19 12:42:27,0.0
2026-02-19 12:42:28,0.0
2026-02-19 12:42:29,1.16721543017775
2026-02-19 12:42:30,1.21566890738904
2026-02-19 12:42:31,1.27784806536511
2026-02-19 12:42:32,1.38642084784806
2026-02-19 12:42:33,
2026-02-19 12:42:34,1.20782617013901
2026-02-19 12:42:35,1.32411753293127
2026-02-19 12:42:36,1.09650684753433
2026-02-19 12:42:37,1.03062718408182
2026-02-19 12:42:38,1.01681286469102
2026-02-19 12:42:39,0.982850336004049
2026-02-19 12:42:40,0.959430146031082
2026-02-19 12:42:41,0.955655984580517
2026-02-19 12:42:42,
2026-02-19 12:42:43,0.0
2026-02-19 12:42:44,0.0
2026-02-19 12:42:45,
2026-02-19 12:42:46,0.923359463922679
2026-02-19 12:42:47,0.915570789948106
2026-02-19 12:42:48,
2026-02-19 12:42:49,0.0
2026-02-19 12:42:50,
2026-02-19 12:42:51,
2026-02-19 12:42:52,0.0
2026-02-19 12:42:53,0.0
2026-02-19 12:42:54,0.0
2026-02-19 12:42:55,0.83030792302452
2026-02-19 12:42:56,0.0
2026-02-19 12:42:57,0.0
2026-02-19 12:42:58,0.0
2026-02-19 12:42:59,0.0
2026-02-19 12:43:00,0.0
2026-02-19 12:43:01,0.0
2026-02-19 12:43:02,0.0
2026-02-19 12:43:03,0.0
2026-02-19 12:43:04,
2026-02-19 12:43:05,0.0
2026-02-19 12:43:06,0.0
2026-02-19 12:43:07,
2026-02-19 12:43:08,0.0
2026-02-19 12:43:09,0.0
2026-02-19 12:43:10,0.0
2026-02-19 12:43:11,0.0
2026-02-19 12:43:12,0.0
2026-02-19 12:43:13,0.0
2026-02-19 12:43:14,0.0
2026-02-19 12:43:15,
2026-02-19 12:43:16,
2026-02-19 12:43:17,0.0
2026-02-19 12:43:18,0.0
2026-02-19 12:43:19,0.0
2026-02-19 12:43:20,0.0
2026-02-19 12:43:21,0.0
2026-02-19 12:43:22,0.0
2026-02-19 12:43:23,0.0
2026-02-19 12:43:24,0.0
2026-02-19 12:43:25,0.0
2026-02-19 12:43:26,0.871018302859738
2026-02-19 12:43:27,0.815811788197607
2026-02-19 12:43:28,0.0
2026-02-19 12:43:29,0.913488725200295
2026-02-19 12:43:30,0.825698085827753
2026-02-19 12:43:31,0.939643091987818
2026-02-19 12:43:32,0.947178842034191
2026-02-19 12:43:33,0.947178842034191
2026-02-19 12:43:34,0.909076805692166
2026-02-19 12:43:35,0.882168486714363
2026-02-19 12:43:36,0.882168486714363
2026-02-19 12:43:37,0.916289538145065
2026-02-19 12:43:38,0.937290606088936
2026-02-19 12:43:39,0.941254931967705
2026-02-19 12:43:40,0.0
2026-02-19 12:43:41,0.0
2026-02-19 12:43:42,0.0
2026-02-19 12:43:43,0.0
2026-02-19 12:43:44,0.0
2026-02-19 12:43:45,0.0
2026-02-19 12:43:46,0.0
2026-02-19 12:43:47,0.0
2026-02-19 12:43:48,0.0
2026-02-19 12:43:49,
2026-02-19 12:43:50,0.0
2026-02-19 12:43:51,
2026-02-19 12:43:52,0.0
2026-02-19 12:43:53,0.0
2026-02-19 12:43:54,0.0
2026-02-19 12:43:55,
2026-02-19 12:43:56,0.0
2026-02-19 12:43:57,0.0
2026-02-19 12:43:58,0.0
2026-02-19 12:43:59,0.0
2026-02-19 12:44:00,0.0
2026-02-19 12:44:01,0.0
2026-02-19 12:44:02,0.0
2026-02-19 12:44:03,0.0
2026-02-19 12:44:04,0.0
2026-02-19 12:44:05,0.0
2026-02-19 12:44:06,0.0
2026-02-19 12:44:07,
2026-02-19 12:44:08,0.0
2026-02-19 12:44:09,0.0
2026-02-19 12:44:10,0.0
2026-02-19 12:44:11,0.0
2026-02-19 12:44:12,
2026-02-19 12:44:13,0.0
2026-02-19 12:44:14,0.0
2026-02-19 12:44:15,0.0
2026-02-19 12:44:16,0.0
2026-02-19 12:44:17,0.0
2026-02-19 12:44:18,0.0
2026-02-19 12:44:19,0.0
2026-02-19 12:44:20,
2026-02-19 12:44:21,
2026-02-19 12:44:22,
2026-02-19 12:44:23,0.0
2026-02-19 12:44:24,0.0
2026-02-19 12:44:25,
2026-02-19 12:44:26,0.0
2026-02-19 12:44:27,0.0
2026-02-19 12:44:28,0.0
2026-02-19 12:44:29,0.0
2026-02-19 12:44:30,0.0
2026-02-19 12:44:31,
2026-02-19 12:44:32,0.0
2026-02-19 12:44:33,0.861507828813046
2026-02-19 12:44:34,0.815330614568666
2026-02-19 12:44:35,0.0
2026-02-19 12:44:36,0.0
2026-02-19 12:44:37,0.0
2026-02-19 12:44:38,0.0
2026-02-19 12:44:39,
2026-02-19 12:44:40,1.02925412356853
2026-02-19 12:44:41,
2026-02-19 12:44:42,1.12903628032655
2026-02-19 12:44:43,1.24940732493997
2026-02-19 12:44:44,1.13700872752815
2026-02-19 12:44:45,1.20443789055571
2026-02-19 12:44:46,1.29351227078587
2026-02-19 12:44:47,
2026-02-19 12:44:48,
2026-02-19 12:44:49,1.21664319885895
2026-02-19 12:44:50,
2026-02-19 12:44:51,0.974107487127185
2026-02-19 12:44:52,
2026-02-19 12:44:53,0.0
2026-02-19 12:44:54,
2026-02-19 12:44:55,
2026-02-19 12:44:56,0.0
2026-02-19 12:44:57,0.0
2026-02-19 12:44:58,0.0
2026-02-19 12:44:59,0.0
2026-02-19 12:45:00,0.0
2026-02-19 12:45:01,0.0
2026-02-19 12:45:02,0.0
2026-02-19 12:45:03,0.0
2026-02-19 12:45:04,0.0
2026-02-19 12:45:05,0.0
2026-02-19 12:45:06,0.0
2026-02-19 12:45:07,0.0
2026-02-19 12:45:08,0.0
2026-02-19 12:45:09,0.0
2026-02-19 12:45:10,0.0
2026-02-19 12:45:11,0.0
2026-02-19 12:45:12,0.0
2026-02-19 12:45:13,0.0
2026-02-19 12:45:14,
2026-02-19 12:45:15,0.0
2026-02-19 12:45:16,0.0
2026-02-19 12:45:17,0.0
2026-02-19 12:45:18,
2026-02-19 12:45:19,
2026-02-19 12:45:20,0.0
2026-02-19 12:45:21,0.0
2026-02-19 12:45:22,0.0
2026-02-19 12:45:23,0.0
2026-02-19 12:45:24,0.0
2026-02-19 12:45:25,0.0
2026-02-19 12:45:26,0.0
2026-02-19 12:45:27,0.0
2026-02-19 12:45:28,0.0
2026-02-19 12:45:29,0.0
2026-02-19 12:45:30,0.0
2026-02-19 12:45:31,0.0
2026-02-19 12:45:32,0.0
2026-02-19 12:45:33,0.0
2026-02-19 12:45:34,0.0
2026-02-19 12:45:35,0.0
2026-02-19 12:45:36,0.0
2026-02-19 12:45:37,0.0
2026-02-19 12:45:38,0.0
2026-02-19 12:45:39,0.0
2026-02-19 12:45:40,0.0
2026-02-19 12:45:41,0.0
2026-02-19 12:45:42,0.0
2026-02-19 12:45:43,0.0
2026-02-19 12:45:44,
2026-02-19 12:45:45,0.0
2026-02-19 12:45:46,0.0
2026-02-19 12:45:47,0.0
2026-02-19 12:45:48,0.0
2026-02-19 12:45:49,0.0
2026-02-19 12:45:50,0.0
2026-02-19 12:45:51,
2026-02-19 12:45:52,-0.975007598754019
2026-02-19 12:45:53,-0.975007598754019
2026-02-19 12:45:54,0.0
2026-02-19 12:45:55,0.0
2026-02-19 12:45:56,0.0
2026-02-19 12:45:57,0.0
2026-02-19 12:45:58,0.0
2026-02-19 12:45:59,0.0
2026-02-19 12:46:00,0.0
2026-02-19 12:46:01,
2026-02-19 12:46:02,
2026-02-19 12:46:03,0.0
2026-02-19 12:46:04,0.0
2026-02-19 12:46:05,0.0
2026-02-19 12:46:06,0.0
2026-02-19 12:46:07,0.0
2026-02-19 12:46:08,0.0
2026-02-19 12:46:09,
2026-02-19 12:46:10,-1.00894058123231
2026-02-19 12:46:11,-0.818189943674952
2026-02-19 12:46:12,-0.818189943674952
2026-02-19 12:46:13,0.0
2026-02-19 12:46:14,0.0
2026-02-19 12:46:15,0.0
2026-02-19 12:46:16,0.0
2026-02-19 12:46:17,0.0
2026-02-19 12:46:18,0.0
2026-02-19 12:46:19,0.0
2026-02-19 12:46:20,0.0
2026-02-19 12:46:21,
2026-02-19 12:46:22,
2026-02-19 12:46:23,
2026-02-19 12:46:24,
2026-02-19 12:46:25,0.0
2026-02-19 12:46:26,0.0
2026-02-19 12:46:27,0.0
2026-02-19 12:46:28,
2026-02-19 12:46:29,
2026-02-19 12:46:30,
2026-02-19 12:46:31,0.0
2026-02-19 12:46:32,0.0
2026-02-19 12:46:33,
2026-02-19 12:46:34,0.0
2026-02-19 12:46:35,0.0
2026-02-19 12:46:36,0.0
2026-02-19 12:46:37,0.0
2026-02-19 12:46:38,0.0
2026-02-19 12:46:39,0.0
2026-02-19 12:46:40,
2026-02-19 12:46:41,
2026-02-19 12:46:42,0.0
2026-02-19 12:46:43,0.0
2026-02-19 12:46:44,0.0
2026-02-19 12:46:45,0.0
2026-02-19 12:46:46,0.0
2026-02-19 12:46:47,0.0
2026-02-19 12:46:48,0.0
2026-02-19 12:46:49,0.0
2026-02-19 12:46:50,0.0
2026-02-19 12:46:51,0.0
2026-02-19 12:46:52,0.0
2026-02-19 12:46:53,
2026-02-19 12:46:54,
2026-02-19 12:46:55,
2026-02-19 12:46:56,
2026-02-19 12:46:57,0.0
2026-02-19 12:46:58,0.0
2026-02-19 12:46:59,
2026-02-19 12:47:00,0.0
2026-02-19 12:47:01,
2026-02-19 12:47:02,0.0
2026-02-19 12:47:03,0.0
2026-02-19 12:47:04,0.0
2026-02-19 12:47:05,
2026-02-19 12:47:06,
2026-02-19 12:47:07,
2026-02-19 12:47:08,
2026-02-19 12:47:09,
2026-02-19 12:47:10,-0.898893107660115
2026-02-19 12:47:11,-0.914015842135996
2026-02-19 12:47:12,-0.90417496394366
2026-02-19 12:47:13,
2026-02-19 12:47:14,
2026-02-19 12:47:15,
2026-02-19 12:47:16,
2026-02-19 12:47:17,0.0
2026-02-19 12:47:18,0.0
2026-02-19 12:47:19,0.0
2026-02-19 12:47:20,0.0
2026-02-19 12:47:21,
2026-02-19 12:47:22,0.0
2026-02-19 12:47:23,0.0
2026-02-19 12:47:24,0.0
2026-02-19 12:47:25,0.0
2026-02-19 12:47:26,0.0
2026-02-19 12:47:27,0.0
2026-02-19 12:47:28,0.0
2026-02-19 12:47:29,0.0
2026-02-19 12:47:30,0.0
2026-02-19 12:47:31,0.0
2026-02-19 12:47:32,
2026-02-19 12:47:33,0.0
2026-02-19 12:47:34,
2026-02-19 12:47:35,
2026-02-19 12:47:36,0.0
2026-02-19 12:47:37,0.0
2026-02-19 12:47:38,
2026-02-19 12:47:39,0.0
2026-02-19 12:47:40,
2026-02-19 12:47:41,0.0
2026-02-19 12:47:42,0.0
2026-02-19 12:47:43,0.0
2026-02-19 12:47:44,0.0
2026-02-19 12:47:45,
2026-02-19 12:47:46,
2026-02-19 12:47:47,0.0
2026-02-19 12:47:48,0.0
2026-02-19 12:47:49,0.0
2026-02-19 12:47:50,
2026-02-19 12:47:51,
2026-02-19 12:47:52,0.0
2026-02-19 12:47:53,0.0
2026-02-19 12:47:54,0.0
2026-02-19 12:47:55,0.0
2026-02-19 12:47:56,
2026-02-19 12:47:57,0.0
2026-02-19 12:47:58,0.0
2026-02-19 12:47:59,0.0
2026-02-19 12:48:00,
2026-02-19 12:48:01,
2026-02-19 12:48:02,0.0
2026-02-19 12:48:03,0.0
2026-02-19 12:48:04,0.816896616015583
2026-02-19 12:48:05,0.0
2026-02-19 12:48:06,
2026-02-19 12:48:07,0.0
2026-02-19 12:48:08,0.0
2026-02-19 12:48:09,0.0
2026-02-19 12:48:10,0.0
2026-02-19 12:48:11,0.0
2026-02-19 12:48:12,0.0
2026-02-19 12:48:13,0.0
2026-02-19 12:48:14,0.0
2026-02-19 12:48:15,
2026-02-19 12:48:16,0.0
2026-02-19 12:48:17,
2026-02-19 12:48:18,
2026-02-19 12:48:19,0.0
2026-02-19 12:48:20,
2026-02-19 12:48:21,
2026-02-19 12:48:22,
2026-02-19 12:48:23,
2026-02-19 12:48:24,
2026-02-19 12:48:25,
2026-02-19 12:48:26,0.0
2026-02-19 12:48:27,0.0
2026-02-19 12:48:28,0.0
2026-02-19 12:48:29,0.0
2026-02-19 12:48:30,0.0
2026-02-19 12:48:31,
2026-02-19 12:48:32,
2026-02-19 12:48:33,
2026-02-19 12:48:34,
2026-02-19 12:48:35,
2026-02-19 12:48:36,0.0
2026-02-19 12:48:37,0.0
2026-02-19 12:48:38,0.0
2026-02-19 12:48:39,0.0
2026-02-19 12:48:40,
2026-02-19 12:48:41,
2026-02-19 12:48:42,0.0
2026-02-19 12:48:43,0.0
2026-02-19 12:48:44,0.0
2026-02-19 12:48:45,0.0
2026-02-19 12:48:46,0.0
2026-02-19 12:48:47,0.0
2026-02-19 12:48:48,
2026-02-19 12:48:49,
2026-02-19 12:48:50,0.0
2026-02-19 12:48:51,0.0
2026-02-19 12:48:52,0.0
2026-02-19 12:48:53,
2026-02-19 12:48:54,
2026-02-19 12:48:55,0.0
2026-02-19 12:48:56,0.0
2026-02-19 12:48:57,0.0
2026-02-19 12:48:58,0.0
2026-02-19 12:48:59,
2026-02-19 12:49:00,0.0
2026-02-19 12:49:01,0.0
2026-02-19 12:49:02,0.0
2026-02-19 12:49:03,
2026-02-19 12:49:04,
2026-02-19 12:49:05,0.0
2026-02-19 12:49:06,0.0
2026-02-19 12:49:07,0.0
2026-02-19 12:49:08,
2026-02-19 12:49:09,
2026-02-19 12:49:10,0.0
2026-02-19 12:49:11,0.0
2026-02-19 12:49:12,0.0
2026-02-19 12:49:13,0.0
2026-02-19 12:49:14,
2026-02-19 12:49:15,
2026-02-19 12:49:16,
2026-02-19 12:49:17,0.0
2026-02-19 12:49:18,0.0
2026-02-19 12:49:19,
2026-02-19 12:49:20,0.0
2026-02-19 12:49:21,
2026-02-19 12:49:22,
2026-02-19 12:49:23,0.0
2026-02-19 12:49:24,0.0
2026-02-19 12:49:25,0.0
2026-02-19 12:49:26,0.0
2026-02-19 12:49:27,0.0
2026-02-19 12:49:28,0.0
2026-02-19 12:49:29,0.0
2026-02-19 12:49:30,0.0
2026-02-19 12:49:31,0.0
2026-02-19 12:49:32,0.0
2026-02-19 12:49:33,0.0
2026-02-19 12:49:34,0.0
2026-02-19 12:49:35,0.0
2026-02-19 12:49:36,0.0
2026-02-19 12:49:37,0.0
2026-02-19 12:49:38,0.0
2026-02-19 12:49:39,0.0
2026-02-19 12:49:40,0.0
2026-02-19 12:49:41,0.0
2026-02-19 12:49:42,0.0
2026-02-19 12:49:43,0.0
2026-02-19 12:49:44,0.0
2026-02-19 12:49:45,0.0
2026-02-19 12:49:46,0.0
2026-02-19 12:49:47,0.0
2026-02-19 12:49:48,0.0
2026-02-19 12:49:49,0.0
2026-02-19 12:49:50,0.0
2026-02-19 12:49:51,
2026-02-19 12:49:52,
2026-02-19 12:49:53,
2026-02-19 12:49:54,
2026-02-19 12:49:55,0.0
2026-02-19 12:49:56,0.0
2026-02-19 12:49:57,0.0
2026-02-19 12:49:58,0.0
2026-02-19 12:49:59,0.0
2026-02-19 12:50:00,
2026-02-19 12:50:01,0.0
2026-02-19 12:50:02,
2026-02-19 12:50:03,0.0
2026-02-19 12:50:04,0.0
2026-02-19 12:50:05,0.0
2026-02-19 12:50:06,0.0
2026-02-19 12:50:07,0.0
2026-02-19 12:50:08,0.0
2026-02-19 12:50:09,0.0
2026-02-19 12:50:10,0.0
2026-02-19 12:50:11,
2026-02-19 12:50:12,0.0
2026-02-19 12:50:13,
2026-02-19 12:50:14,0.0
2026-02-19 12:50:15,0.0
2026-02-19 12:50:16,
2026-02-19 12:50:17,
2026-02-19 12:50:18,0.0
2026-02-19 12:50:19,0.0
2026-02-19 12:50:20,0.0
2026-02-19 12:50:21,0.0
2026-02-19 12:50:22,
2026-02-19 12:50:23,0.0
2026-02-19 12:50:24,
2026-02-19 12:50:25,
2026-02-19 12:50:26,
2026-02-19 12:50:27,
2026-02-19 12:50:28,0.0
2026-02-19 12:50:29,0.0
2026-02-19 12:50:30,0.0
2026-02-19 12:50:31,
2026-02-19 12:50:32,0.0
2026-02-19 12:50:33,
2026-02-19 12:50:34,
2026-02-19 12:50:35,
2026-02-19 12:50:36,
2026-02-19 12:50:37,0.0
2026-02-19 12:50:38,
2026-02-19 12:50:39,0.0
2026-02-19 12:50:40,0.0
2026-02-19 12:50:41,0.0
2026-02-19 12:50:42,0.0
2026-02-19 12:50:43,
2026-02-19 12:50:44,0.0
2026-02-19 12:50:45,0.0
2026-02-19 12:50:46,
2026-02-19 12:50:47,0.0
2026-02-19 12:50:48,0.0
2026-02-19 12:50:49,0.0
2026-02-19 12:50:50,0.0
2026-02-19 12:50:51,
2026-02-19 12:50:52,0.0
2026-02-19 12:50:53,
2026-02-19 12:50:54,
2026-02-19 12:50:55,
2026-02-19 12:50:56,0.0
2026-02-19 12:50:57,0.0
2026-02-19 12:50:58,0.0
2026-02-19 12:50:59,
2026-02-19 12:51:00,0.0
2026-02-19 12:51:01,
2026-02-19 12:51:02,0.0
2026-02-19 12:51:03,0.0
2026-02-19 12:51:04,0.0
2026-02-19 12:51:05,
2026-02-19 12:51:06,0.0
2026-02-19 12:51:07,0.0
2026-02-19 12:51:08,
2026-02-19 12:51:09,
2026-02-19 12:51:10,0.0
2026-02-19 12:51:11,0.0
2026-02-19 12:51:12,
2026-02-19 12:51:13,
2026-02-19 12:51:14,
2026-02-19 12:51:15,
2026-02-19 12:51:16,
2026-02-19 12:51:17,0.0
2026-02-19 12:51:18,0.0
2026-02-19 12:51:19,
2026-02-19 12:51:20,
2026-02-19 12:51:21,0.0
2026-02-19 12:51:22,1.1222206405364
2026-02-19 12:51:23,
2026-02-19 12:51:24,1.16444426821545
2026-02-19 12:51:25,1.20311627397314
2026-02-19 12:51:26,
2026-02-19 12:51:27,
2026-02-19 12:51:28,1.01546400692314
2026-02-19 12:51:29,1.01546400692314
2026-02-19 12:51:30,0.0
2026-02-19 12:51:31,
2026-02-19 12:51:32,
2026-02-19 12:51:33,0.0
2026-02-19 12:51:34,0.0
2026-02-19 12:51:35,0.0
2026-02-19 12:51:36,0.0
2026-02-19 12:51:37,
2026-02-19 12:51:38,
2026-02-19 12:51:39,0.0
2026-02-19 12:51:40,0.0
2026-02-19 12:51:41,0.0
2026-02-19 12:51:42,0.0
2026-02-19 12:51:43,
2026-02-19 12:51:44,0.0
2026-02-19 12:51:45,
2026-02-19 12:51:46,0.0
2026-02-19 12:51:47,
2026-02-19 12:51:48,
2026-02-19 12:51:49,
2026-02-19 12:51:50,
2026-02-19 12:51:51,0.0
2026-02-19 12:51:52,0.0
2026-02-19 12:51:53,
2026-02-19 12:51:54,0.0
2026-02-19 12:51:55,0.0
2026-02-19 12:51:56,
2026-02-19 12:51:57,0.0
2026-02-19 12:51:58,0.0
2026-02-19 12:51:59,
2026-02-19 12:52:00,
2026-02-19 12:52:01,
2026-02-19 12:52:02,
2026-02-19 12:52:03,
2026-02-19 12:52:04,0.0
2026-02-19 12:52:05,
2026-02-19 12:52:06,
2026-02-19 12:52:07,
2026-02-19 12:52:08,
2026-02-19 12:52:09,
2026-02-19 12:52:10,
2026-02-19 12:52:11,0.872776668984443
2026-02-19 12:52:12,0.872776668984443
2026-02-19 12:52:13,
2026-02-19 12:52:14,
2026-02-19 12:52:15,
2026-02-19 12:52:16,1.13541909959167
2026-02-19 12:52:17,
2026-02-19 12:52:18,
2026-02-19 12:52:19,
2026-02-19 12:52:20,1.30589412292466
2026-02-19 12:52:21,
2026-02-19 12:52:22,
2026-02-19 12:52:23,
2026-02-19 12:52:24,1.07979039894417
2026-02-19 12:52:25,
2026-02-19 12:52:26,
2026-02-19 12:52:27,
2026-02-19 12:52:28,
2026-02-19 12:52:29,
2026-02-19 12:52:30,
2026-02-19 12:52:31,
2026-02-19 12:52:32,0.0
2026-02-19 12:52:33,
2026-02-19 12:52:34,
2026-02-19 12:52:35,0.0
2026-02-19 12:52:36,
2026-02-19 12:52:37,-1.16247714031488
2026-02-19 12:52:38,-1.06655893614516
2026-02-19 12:52:39,
2026-02-19 12:52:40,
2026-02-19 12:52:41,0.0
2026-02-19 12:52:42,
2026-02-19 12:52:43,
2026-02-19 12:52:44,1.44747609738261
2026-02-19 12:52:45,
2026-02-19 12:52:46,
2026-02-19 12:52:47,
2026-02-19 12:52:48,
2026-02-19 12:52:49,
2026-02-19 12:52:50,
2026-02-19 12:52:51,
2026-02-19 12:52:52,
2026-02-19 12:52:53,0.0
2026-02-19 12:52:54,
2026-02-19 12:52:55,0.0
2026-02-19 12:52:56,0.818469270598143
2026-02-19 12:52:57,
2026-02-19 12:52:58,
2026-02-19 12:52:59,
2026-02-19 12:53:00,
2026-02-19 12:53:01,0.0
2026-02-19 12:53:02,
2026-02-19 12:53:03,
2026-02-19 12:53:04,0.0
2026-02-19 12:53:05,
2026-02-19 12:53:06,
2026-02-19 12:53:07,
2026-02-19 12:53:08,
2026-02-19 12:53:09,
2026-02-19 12:53:10,
2026-02-19 12:53:11,
2026-02-19 12:53:12,0.0
2026-02-19 12:53:13,
2026-02-19 12:53:14,
2026-02-19 12:53:15,1.32710924372077
2026-02-19 12:53:16,1.32710924372077
2026-02-19 12:53:17,
2026-02-19 12:53:18,
2026-02-19 12:53:19,1.65502878371626
2026-02-19 12:53:20,
2026-02-19 12:53:21,
2026-02-19 12:53:22,
2026-02-19 12:53:23,0.902427546679974
2026-02-19 12:53:24,0.902427546679974
2026-02-19 12:53:25,0.0
2026-02-19 12:53:26,
2026-02-19 12:53:27,0.0
2026-02-19 12:53:28,0.0
2026-02-19 12:53:29,0.0
2026-02-19 12:53:30,
2026-02-19 12:53:31,
2026-02-19 12:53:32,
2026-02-19 12:53:33,
2026-02-19 12:53:34,0.0
2026-02-19 12:53:35,
2026-02-19 12:53:36,0.0
2026-02-19 12:53:37,
2026-02-19 12:53:38,
2026-02-19 12:53:39,0.0
2026-02-19 12:53:40,
2026-02-19 12:53:41,1.6381919500418
2026-02-19 12:53:42,
2026-02-19 12:53:43,
2026-02-19 12:53:44,
2026-02-19 12:53:45,
2026-02-19 12:53:46,
2026-02-19 12:53:47,
2026-02-19 12:53:48,
2026-02-19 12:53:49,
2026-02-19 12:53:50,
2026-02-19 12:53:51,
2026-02-19 12:53:52,
2026-02-19 12:53:53,
2026-02-19 12:53:54,1.28587520448491
2026-02-19 12:53:55,1.28587520448491
2026-02-19 12:53:56,
2026-02-19 12:53:57,
2026-02-19 12:53:58,
2026-02-19 12:53:59,
2026-02-19 12:54:00,0.0
2026-02-19 12:54:01,
2026-02-19 12:54:02,
2026-02-19 12:54:03,0.0
2026-02-19 12:54:04,
2026-02-19 12:54:05,
2026-02-19 12:54:06,
2026-02-19 12:54:07,
2026-02-19 12:54:08,0.860466010635719
2026-02-19 12:54:09,1.5725389122963
2026-02-19 12:54:10,1.5725389122963
2026-02-19 12:54:11,
2026-02-19 12:54:12,
2026-02-19 12:54:13,2.40608272142708
2026-02-19 12:54:14,
2026-02-19 12:54:15,2.97894997056574
2026-02-19 12:54:16,2.93753896839917
2026-02-19 12:54:17,2.28896720800549
2026-02-19 12:54:18,
2026-02-19 12:54:19,2.15428867377341
2026-02-19 12:54:20,1.69209555024281
2026-02-19 12:54:21,
2026-02-19 12:54:22,
2026-02-19 12:54:23,1.5087574487552
2026-02-19 12:54:24,
2026-02-19 12:54:25,0.0
2026-02-19 12:54:26,0.0
2026-02-19 12:54:27,1.27557887462899
2026-02-19 12:54:28,1.5655739698559
2026-02-19 12:54:29,1.86593548860401
2026-02-19 12:54:30,1.80046423338354
2026-02-19 12:54:31,1.58064484130591
2026-02-19 12:54:32,
2026-02-19 12:54:33,1.05827457737178
2026-02-19 12:54:34,0.0
2026-02-19 12:54:35,0.969910249114037
2026-02-19 12:54:36,
2026-02-19 12:54:37,
2026-02-19 12:54:38,1.33568518795073
2026-02-19 12:54:39,
2026-02-19 12:54:40,1.20675779180601
2026-02-19 12:54:41,1.20675779180601
2026-02-19 12:54:42,1.02445799857378
2026-02-19 12:54:43,1.00038066739216
2026-02-19 12:54:44,0.0
2026-02-19 12:54:45,0.0
2026-02-19 12:54:46,-1.40326564433053
2026-02-19 12:54:47,
2026-02-19 12:54:48,-0.882284680847079
2026-02-19 12:54:49,0.0
2026-02-19 12:54:50,0.0
2026-02-19 12:54:51,0.0
2026-02-19 12:54:52,
2026-02-19 12:54:53,0.0
2026-02-19 12:54:54,0.0
2026-02-19 12:54:55,0.0
2026-02-19 12:54:56,
2026-02-19 12:54:57,0.0
2026-02-19 12:54:58,0.0
2026-02-19 12:54:59,
2026-02-19 12:55:00,
2026-02-19 12:55:01,
2026-02-19 12:55:02,
2026-02-19 12:55:03,
2026-02-19 12:55:04,0.0
2026-02-19 12:55:05,0.0
2026-02-19 12:55:06,
2026-02-19 12:55:07,
2026-02-19 12:55:08,0.0
2026-02-19 12:55:09,0.0
2026-02-19 12:55:10,0.0
2026-02-19 12:55:11,0.850594590883702
2026-02-19 12:55:12,0.832345144590363
2026-02-19 12:55:13,0.832345144590363
2026-02-19 12:55:14,
2026-02-19 12:55:15,1.3918373384513
2026-02-19 12:55:16,0.973457680083811
2026-02-19 12:55:17,
2026-02-19 12:55:18,0.867510633543134
2026-02-19 12:55:19,
2026-02-19 12:55:20,
2026-02-19 12:55:21,
2026-02-19 12:55:22,
2026-02-19 12:55:23,
2026-02-19 12:55:24,
2026-02-19 12:55:25,
2026-02-19 12:55:26,
2026-02-19 12:55:27,
2026-02-19 12:55:28,
2026-02-19 12:55:29,0.0
2026-02-19 12:55:30,0.0
2026-02-19 12:55:31,0.0
2026-02-19 12:55:32,0.0
2026-02-19 12:55:33,0.0
2026-02-19 12:55:34,0.0
2026-02-19 12:55:35,0.0
2026-02-19 12:55:36,0.0
2026-02-19 12:55:37,0.0
2026-02-19 12:55:38,0.0
2026-02-19 12:55:39,
2026-02-19 12:55:40,
2026-02-19 12:55:41,
2026-02-19 12:55:42,0.0
2026-02-19 12:55:43,0.0
2026-02-19 12:55:44,
2026-02-19 12:55:45,
2026-02-19 12:55:46,
2026-02-19 12:55:47,0.0
2026-02-19 12:55:48,0.0
2026-02-19 12:55:49,0.0
2026-02-19 12:55:50,
2026-02-19 12:55:51,0.0
2026-02-19 12:55:52,
2026-02-19 12:55:53,0.0
2026-02-19 12:55:54,
2026-02-19 12:55:55,0.0
2026-02-19 12:55:56,
2026-02-19 12:55:57,
2026-02-19 12:55:58,
2026-02-19 12:55:59,1.02371431421489
2026-02-19 12:56:00,
2026-02-19 12:56:01,
2026-02-19 12:56:02,
2026-02-19 12:56:03,
2026-02-19 12:56:04,0.90508502908051
2026-02-19 12:56:05,0.90508502908051
2026-02-19 12:56:06,
2026-02-19 12:56:07,1.03858622023836
2026-02-19 12:56:08,1.0367050068453
2026-02-19 12:56:09,0.827112584374845
2026-02-19 12:56:10,0.818507932126522
2026-02-19 12:56:11,
2026-02-19 12:56:12,
2026-02-19 12:56:13,
2026-02-19 12:56:14,0.0
2026-02-19 12:56:15,0.0
2026-02-19 12:56:16,0.0
2026-02-19 12:56:17,0.0
2026-02-19 12:56:18,
2026-02-19 12:56:19,0.0
2026-02-19 12:56:20,0.0
2026-02-19 12:56:21,0.0
2026-02-19 12:56:22,0.0
2026-02-19 12:56:23,0.0
2026-02-19 12:56:24,0.0
2026-02-19 12:56:25,
2026-02-19 12:56:26,
2026-02-19 12:56:27,0.0
2026-02-19 12:56:28,0.0
2026-02-19 12:56:29,
2026-02-19 12:56:30,
2026-02-19 12:56:31,0.0
2026-02-19 12:56:32,0.0
2026-02-19 12:56:33,0.0
2026-02-19 12:56:34,0.0
2026-02-19 12:56:35,
2026-02-19 12:56:36,
2026-02-19 12:56:37,
2026-02-19 12:56:38,0.0
2026-02-19 12:56:39,0.0
2026-02-19 12:56:40,
2026-02-19 12:56:41,0.0
2026-02-19 12:56:42,0.0
2026-02-19 12:56:43,
2026-02-19 12:56:44,0.0
2026-02-19 12:56:45,0.0
2026-02-19 12:56:46,0.0
2026-02-19 12:56:47,0.0
2026-02-19 12:56:48,0.0
2026-02-19 12:56:49,0.0
2026-02-19 12:56:50,0.0
2026-02-19 12:56:51,0.0
2026-02-19 12:56:52,0.0
2026-02-19 12:56:53,0.0
2026-02-19 12:56:54,0.0
2026-02-19 12:56:55,0.0
2026-02-19 12:56:56,0.0
2026-02-19 12:56:57,0.0
2026-02-19 12:56:58,0.0
2026-02-19 12:56:59,
2026-02-19 12:57:00,
2026-02-19 12:57:01,
2026-02-19 12:57:02,0.0
2026-02-19 12:57:03,0.0
2026-02-19 12:57:04,0.0
2026-02-19 12:57:05,
2026-02-19 12:57:06,0.0
2026-02-19 12:57:07,0.0
2026-02-19 12:57:08,1.05978562496603
2026-02-19 12:57:09,0.931238348130137
2026-02-19 12:57:10,1.21270967647433
2026-02-19 12:57:11,
2026-02-19 12:57:12,1.40412845648825
2026-02-19 12:57:13,1.12843739334494
2026-02-19 12:57:14,1.09781159553677
2026-02-19 12:57:15,1.24736696016043
2026-02-19 12:57:16,
2026-02-19 12:57:17,
2026-02-19 12:57:18,1.12904214765877
2026-02-19 12:57:19,1.01301167160273
2026-02-19 12:57:20,
2026-02-19 12:57:21,0.940854800865054
2026-02-19 12:57:22,0.0
2026-02-19 12:57:23,
2026-02-19 12:57:24,
2026-02-19 12:57:25,6.62494646385312
2026-02-19 12:57:26,18.6837969347835
2026-02-19 12:57:27,23.086155205965
2026-02-19 12:57:28,23.086155205965
2026-02-19 12:57:29,23.0644276365638
2026-02-19 12:57:30,21.9019582495093
2026-02-19 12:57:31,
2026-02-19 12:57:32,15.974174067378
2026-02-19 12:57:33,10.3858888149261
2026-02-19 12:57:34,9.07914508134127
2026-02-19 12:57:35,6.35615475475788
2026-02-19 12:57:36,0.0
2026-02-19 12:57:37,0.0
2026-02-19 12:57:38,0.0
2026-02-19 12:57:39,
2026-02-19 12:57:40,-1.00376370828599
2026-02-19 12:57:41,-1.29824647447094
2026-02-19 12:57:42,-1.12093758070841
2026-02-19 12:57:43,-1.23597176279873
2026-02-19 12:57:44,-0.98076491849497
2026-02-19 12:57:45,-0.98076491849497
2026-02-19 12:57:46,0.0
2026-02-19 12:57:47,0.0
2026-02-19 12:57:48,0.0
2026-02-19 12:57:49,0.0
2026-02-19 12:57:50,0.0
2026-02-19 12:57:51,
2026-02-19 12:57:52,
2026-02-19 12:57:53,0.0
2026-02-19 12:57:54,0.0
2026-02-19 12:57:55,
2026-02-19 12:57:56,0.0
2026-02-19 12:57:57,0.0
2026-02-19 12:57:58,
2026-02-19 12:57:59,
2026-02-19 12:58:00,
2026-02-19 12:58:01,0.0
2026-02-19 12:58:02,
2026-02-19 12:58:03,0.0
2026-02-19 12:58:04,0.0
2026-02-19 12:58:05,0.0
2026-02-19 12:58:06,0.0
2026-02-19 12:58:07,
2026-02-19 12:58:08,
2026-02-19 12:58:09,0.0
2026-02-19 12:58:10,0.0
2026-02-19 12:58:11,0.0
2026-02-19 12:58:12,0.0
2026-02-19 12:58:13,0.0
2026-02-19 12:58:14,
2026-02-19 12:58:15,
2026-02-19 12:58:16,0.0
2026-02-19 12:58:17,0.0
2026-02-19 12:58:18,
2026-02-19 12:58:19,
2026-02-19 12:58:20,
2026-02-19 12:58:21,0.0
2026-02-19 12:58:22,
2026-02-19 12:58:23,
2026-02-19 12:58:24,
2026-02-19 12:58:25,0.0
2026-02-19 12:58:26,0.0
2026-02-19 12:58:27,
2026-02-19 12:58:28,
2026-02-19 12:58:29,0.0
2026-02-19 12:58:30,
2026-02-19 12:58:31,
2026-02-19 12:58:32,0.0
2026-02-19 12:58:33,0.0
2026-02-19 12:58:34,0.0
2026-02-19 12:58:35,
2026-02-19 12:58:36,0.0
2026-02-19 12:58:37,0.0
2026-02-19 12:58:38,0.0
2026-02-19 12:58:39,
2026-02-19 12:58:40,0.0
2026-02-19 12:58:41,0.0
2026-02-19 12:58:42,0.0
2026-02-19 12:58:43,0.0
2026-02-19 12:58:44,
2026-02-19 12:58:45,0.0
2026-02-19 12:58:46,0.852427451172844
2026-02-19 12:58:47,1.24727811198682
2026-02-19 12:58:48,
2026-02-19 12:58:49,
2026-02-19 12:58:50,
2026-02-19 12:58:51,1.0414145886898
2026-02-19 12:58:52,1.27220536815003
2026-02-19 12:58:53,1.27220536815003
2026-02-19 12:58:54,1.32108014076948
2026-02-19 12:58:55,
2026-02-19 12:58:56,1.31150601664558
2026-02-19 12:58:57,1.31150601664558
2026-02-19 12:58:58,
2026-02-19 12:58:59,1.03049307363108
2026-02-19 12:59:00,
2026-02-19 12:59:01,
2026-02-19 12:59:02,0.0
2026-02-19 12:59:03,0.0
2026-02-19 12:59:04,
2026-02-19 12:59:05,
2026-02-19 12:59:06,
2026-02-19 12:59:07,0.0
2026-02-19 12:59:08,0.0
2026-02-19 12:59:09,
2026-02-19 12:59:10,0.0
2026-02-19 12:59:11,0.0
2026-02-19 12:59:12,0.0
2026-02-19 12:59:13,0.0
2026-02-19 12:59:14,
2026-02-19 12:59:15,
2026-02-19 12:59:16,0.0
2026-02-19 12:59:17,0.0
2026-02-19 12:59:18,
2026-02-19 12:59:19,0.0
2026-02-19 12:59:20,0.0
2026-02-19 12:59:21,
2026-02-19 12:59:22,0.0
2026-02-19 12:59:23,0.0
2026-02-19 12:59:24,0.832475221250206
2026-02-19 12:59:25,0.832475221250206
2026-02-19 12:59:26,
2026-02-19 12:59:27,0.818517152220011
2026-02-19 12:59:28,0.0
2026-02-19 12:59:29,
2026-02-19 12:59:30,
2026-02-19 12:59:31,0.0
2026-02-19 12:59:32,1.05215180665255
2026-02-19 12:59:33,1.17141759255901
2026-02-19 12:59:34,0.949910818599164
2026-02-19 12:59:35,
2026-02-19 12:59:36,1.14920072956011
2026-02-19 12:59:37,0.855637458153069
2026-02-19 12:59:38,1.62246414693072
2026-02-19 12:59:39,
2026-02-19 12:59:40,1.56383975408971
2026-02-19 12:59:41,1.15428959252313
2026-02-19 12:59:42,1.01804678561166
2026-02-19 12:59:43,
2026-02-19 12:59:44,
2026-02-19 12:59:45,0.0
2026-02-19 12:59:46,
2026-02-19 12:59:47,0.0
2026-02-19 12:59:48,0.0
2026-02-19 12:59:49,0.0
2026-02-19 12:59:50,0.0
2026-02-19 12:59:51,0.0
2026-02-19 12:59:52,0.0
2026-02-19 12:59:53,0.0
2026-02-19 12:59:54,0.0
2026-02-19 12:59:55,
2026-02-19 12:59:56,0.0
2026-02-19 12:59:57,0.0
2026-02-19 12:59:58,0.0
2026-02-19 12:59:59,
2026-02-19 13:00:00,0.0
2026-02-19 13:00:01,0.0
2026-02-19 13:00:02,
2026-02-19 13:00:03,0.0
2026-02-19 13:00:04,0.0
2026-02-19 13:00:05,0.0
2026-02-19 13:00:06,0.0
2026-02-19 13:00:07,0.0
2026-02-19 13:00:08,0.0
2026-02-19 13:00:09,
2026-02-19 13:00:10,
2026-02-19 13:00:11,0.0
2026-02-19 13:00:12,0.0
2026-02-19 13:00:13,
2026-02-19 13:00:14,0.0
2026-02-19 13:00:15,0.0
2026-02-19 13:00:16,
2026-02-19 13:00:17,
2026-02-19 13:00:18,
2026-02-19 13:00:19,
2026-02-19 13:00:20,
2026-02-19 13:00:21,
2026-02-19 13:00:22,
2026-02-19 13:00:23,
2026-02-19 13:00:24,0.0
2026-02-19 13:00:25,0.0
2026-02-19 13:00:26,
2026-02-19 13:00:27,
2026-02-19 13:00:28,
2026-02-19 13:00:29,0.0
2026-02-19 13:00:30,
2026-02-19 13:00:31,
2026-02-19 13:00:32,0.0
2026-02-19 13:00:33,1.09846527921036
2026-02-19 13:00:34,1.09846527921036
2026-02-19 13:00:35,0.948706967756152
2026-02-19 13:00:36,0.0
2026-02-19 13:00:37,0.0
2026-02-19 13:00:38,
2026-02-19 13:00:39,0.835081626428291
2026-02-19 13:00:40,
2026-02-19 13:00:41,
2026-02-19 13:00:42,
2026-02-19 13:00:43,0.0
2026-02-19 13:00:44,
2026-02-19 13:00:45,0.0
2026-02-19 13:00:46,0.0
2026-02-19 13:00:47,0.0
2026-02-19 13:00:48,0.0
2026-02-19 13:00:49,0.95597900217399
2026-02-19 13:00:50,0.0
2026-02-19 13:00:51,0.0
2026-02-19 13:00:52,0.0
2026-02-19 13:00:53,0.0
2026-02-19 13:00:54,0.0
2026-02-19 13:00:55,
2026-02-19 13:00:56,
2026-02-19 13:00:57,0.0
2026-02-19 13:00:58,0.0
2026-02-19 13:00:59,0.0
2026-02-19 13:01:00,0.0
2026-02-19 13:01:01,
2026-02-19 13:01:02,0.0
2026-02-19 13:01:03,
2026-02-19 13:01:04,0.0
2026-02-19 13:01:05,0.0
2026-02-19 13:01:06,0.0
2026-02-19 13:01:07,0.0
2026-02-19 13:01:08,0.0
2026-02-19 13:01:09,0.0
2026-02-19 13:01:10,0.0
2026-02-19 13:01:11,
2026-02-19 13:01:12,
2026-02-19 13:01:13,0.0
2026-02-19 13:01:14,
2026-02-19 13:01:15,0.0
2026-02-19 13:01:16,
2026-02-19 13:01:17,
2026-02-19 13:01:18,
2026-02-19 13:01:19,
2026-02-19 13:01:20,0.0
2026-02-19 13:01:21,0.0
2026-02-19 13:01:22,
2026-02-19 13:01:23,0.0
2026-02-19 13:01:24,0.0
2026-02-19 13:01:25,0.0
2026-02-19 13:01:26,
2026-02-19 13:01:27,
2026-02-19 13:01:28,
2026-02-19 13:01:29,
2026-02-19 13:01:30,
2026-02-19 13:01:31,
2026-02-19 13:01:32,
2026-02-19 13:01:33,0.0
2026-02-19 13:01:34,0.0
2026-02-19 13:01:35,0.0
2026-02-19 13:01:36,0.0
2026-02-19 13:01:37,
2026-02-19 13:01:38,
2026-02-19 13:01:39,
2026-02-19 13:01:40,
2026-02-19 13:01:41,0.0
2026-02-19 13:01:42,0.0
2026-02-19 13:01:43,
2026-02-19 13:01:44,
2026-02-19 13:01:45,
2026-02-19 13:01:46,0.0
2026-02-19 13:01:47,
2026-02-19 13:01:48,
2026-02-19 13:01:49,
2026-02-19 13:01:50,
2026-02-19 13:01:51,0.0
2026-02-19 13:01:52,0.0
2026-02-19 13:01:53,
2026-02-19 13:01:54,0.0
2026-02-19 13:01:55,0.0
2026-02-19 13:01:56,0.0
2026-02-19 13:01:57,0.0
2026-02-19 13:01:58,0.0
2026-02-19 13:01:59,
2026-02-19 13:02:00,1.37892910279334
2026-02-19 13:02:01,
2026-02-19 13:02:02,
2026-02-19 13:02:03,
2026-02-19 13:02:04,1.10108273802325
2026-02-19 13:02:05,1.15309171378613
2026-02-19 13:02:06,0.873373198555782
2026-02-19 13:02:07,0.0
2026-02-19 13:02:08,0.0
2026-02-19 13:02:09,
2026-02-19 13:02:10,
2026-02-19 13:02:11,
2026-02-19 13:02:12,
2026-02-19 13:02:13,
2026-02-19 13:02:14,
2026-02-19 13:02:15,
2026-02-19 13:02:16,0.920323852915317
2026-02-19 13:02:17,0.922198675107211
2026-02-19 13:02:18,2.06497278995812
2026-02-19 13:02:19,2.06497278995812
2026-02-19 13:02:20,1.65430353954434
2026-02-19 13:02:21,
2026-02-19 13:02:22,
2026-02-19 13:02:23,1.17397732101381
2026-02-19 13:02:24,0.0
2026-02-19 13:02:25,
2026-02-19 13:02:26,
2026-02-19 13:02:27,
2026-02-19 13:02:28,
2026-02-19 13:02:29,0.0
2026-02-19 13:02:30,0.0
2026-02-19 13:02:31,0.0
2026-02-19 13:02:32,0.0
2026-02-19 13:02:33,0.0
2026-02-19 13:02:34,0.0
2026-02-19 13:02:35,
2026-02-19 13:02:36,
2026-02-19 13:02:37,
2026-02-19 13:02:38,
2026-02-19 13:02:39,0.0
2026-02-19 13:02:40,0.0
2026-02-19 13:02:41,
2026-02-19 13:02:42,
2026-02-19 13:02:43,
2026-02-19 13:02:44,
2026-02-19 13:02:45,
2026-02-19 13:02:46,
2026-02-19 13:02:47,
2026-02-19 13:02:48,
2026-02-19 13:02:49,0.0
2026-02-19 13:02:50,
2026-02-19 13:02:51,
2026-02-19 13:02:52,0.0
2026-02-19 13:02:53,0.0
2026-02-19 13:02:54,
2026-02-19 13:02:55,
2026-02-19 13:02:56,
2026-02-19 13:02:57,
2026-02-19 13:02:58,
2026-02-19 13:02:59,
2026-02-19 13:03:00,0.0
2026-02-19 13:03:01,0.0
2026-02-19 13:03:02,0.0
2026-02-19 13:03:03,0.0
2026-02-19 13:03:04,1.10743726836517
2026-02-19 13:03:05,1.63163153920323
2026-02-19 13:03:06,
2026-02-19 13:03:07,
2026-02-19 13:03:08,
2026-02-19 13:03:09,
2026-02-19 13:03:10,
2026-02-19 13:03:11,1.30663152085617
2026-02-19 13:03:12,1.30663152085617
2026-02-19 13:03:13,
2026-02-19 13:03:14,
2026-02-19 13:03:15,1.00917286472395
2026-02-19 13:03:16,1.00285825319588
2026-02-19 13:03:17,1.00285825319588
2026-02-19 13:03:18,0.887326081283391
2026-02-19 13:03:19,
2026-02-19 13:03:20,1.01288154255599
2026-02-19 13:03:21,0.0
2026-02-19 13:03:22,0.0
2026-02-19 13:03:23,0.0
2026-02-19 13:03:24,0.0
2026-02-19 13:03:25,0.0
2026-02-19 13:03:26,
2026-02-19 13:03:27,
2026-02-19 13:03:28,
2026-02-19 13:03:29,
2026-02-19 13:03:30,0.0
2026-02-19 13:03:31,1.22571765678003
2026-02-19 13:03:32,1.34419386740774
2026-02-19 13:03:33,1.41979664331302
2026-02-19 13:03:34,1.40147348865867
2026-02-19 13:03:35,1.26143808010966
2026-02-19 13:03:36,1.84146787505597
2026-02-19 13:03:37,1.72891536494717
2026-02-19 13:03:38,1.5745168318972
2026-02-19 13:03:39,
2026-02-19 13:03:40,
2026-02-19 13:03:41,1.51630095206201
2026-02-19 13:03:42,1.40478622633964
2026-02-19 13:03:43,1.35986048262566
2026-02-19 13:03:44,1.34118224959821
2026-02-19 13:03:45,1.3792805140838
2026-02-19 13:03:46,1.32616460323334
2026-02-19 13:03:47,1.29162498051301
2026-02-19 13:03:48,1.04356433730572
2026-02-19 13:03:49,0.0
2026-02-19 13:03:50,0.0
2026-02-19 13:03:51,0.0
2026-02-19 13:03:52,
2026-02-19 13:03:53,
2026-02-19 13:03:54,
2026-02-19 13:03:55,0.0
2026-02-19 13:03:56,
2026-02-19 13:03:57,
2026-02-19 13:03:58,0.0
2026-02-19 13:03:59,
2026-02-19 13:04:00,
2026-02-19 13:04:01,
2026-02-19 13:04:02,
2026-02-19 13:04:03,0.0
2026-02-19 13:04:04,0.0
2026-02-19 13:04:05,
2026-02-19 13:04:06,
2026-02-19 13:04:07,
2026-02-19 13:04:08,0.0
2026-02-19 13:04:09,
2026-02-19 13:04:10,
2026-02-19 13:04:11,0.0
2026-02-19 13:04:12,0.0
2026-02-19 13:04:13,
2026-02-19 13:04:14,
2026-02-19 13:04:15,51.1647026985884
2026-02-19 13:04:16,51.3367127627134
2026-02-19 13:04:17,
2026-02-19 13:04:18,
2026-02-19 13:04:19,
2026-02-19 13:04:20,
2026-02-19 13:04:21,
2026-02-19 13:04:22,
2026-02-19 13:04:23,
2026-02-19 13:04:24,
2026-02-19 13:04:25,51.4352302998304
2026-02-19 13:04:26,
2026-02-19 13:04:27,
2026-02-19 13:04:28,
2026-02-19 13:04:29,46.4500498026609
2026-02-19 13:04:30,46.4500498026609
2026-02-19 13:04:31,
2026-02-19 13:04:32,
2026-02-19 13:04:33,
2026-02-19 13:04:34,
2026-02-19 13:04:35,38.9233455061913
2026-02-19 13:04:36,
2026-02-19 13:04:37,31.1712887138128
2026-02-19 13:04:38,31.1712887138128
2026-02-19 13:04:39,
2026-02-19 13:04:40,
2026-02-19 13:04:41,
2026-02-19 13:04:42,23.5620729625225
2026-02-19 13:04:43,
2026-02-19 13:04:44,
2026-02-19 13:04:45,0.0
2026-02-19 13:04:46,
2026-02-19 13:04:47,
2026-02-19 13:04:48,0.0
2026-02-19 13:04:49,0.0
2026-02-19 13:04:50,-1.22047330951318
2026-02-19 13:04:51,
2026-02-19 13:04:52,
2026-02-19 13:04:53,0.0
2026-02-19 13:04:54,1.02239563129842
2026-02-19 13:04:55,1.11980937654153
2026-02-19 13:04:56,
2026-02-19 13:04:57,
2026-02-19 13:04:58,
2026-02-19 13:04:59,0.0
2026-02-19 13:05:00,
2026-02-19 13:05:01,
2026-02-19 13:05:02,
2026-02-19 13:05:03,0.0
2026-02-19 13:05:04,0.0
2026-02-19 13:05:05,
2026-02-19 13:05:06,
2026-02-19 13:05:07,
2026-02-19 13:05:08,
2026-02-19 13:05:09,
2026-02-19 13:05:10,
2026-02-19 13:05:11,
2026-02-19 13:05:12,
2026-02-19 13:05:13,0.0
2026-02-19 13:05:14,0.0
2026-02-19 13:05:15,0.0
2026-02-19 13:05:16,0.0
2026-02-19 13:05:17,0.0
2026-02-19 13:05:18,0.0
2026-02-19 13:05:19,0.991368968971074
2026-02-19 13:05:20,0.985370355192572
2026-02-19 13:05:21,0.0
2026-02-19 13:05:22,0.0
2026-02-19 13:05:23,
2026-02-19 13:05:24,0.0
2026-02-19 13:05:25,0.0
2026-02-19 13:05:26,0.0
2026-02-19 13:05:27,0.818071444518864
2026-02-19 13:05:28,0.0
2026-02-19 13:05:29,0.0
2026-02-19 13:05:30,0.0
2026-02-19 13:05:31,0.0
2026-02-19 13:05:32,0.0
2026-02-19 13:05:33,
2026-02-19 13:05:34,0.0
2026-02-19 13:05:35,0.0
2026-02-19 13:05:36,0.974834722001106
2026-02-19 13:05:37,0.838992779608816
2026-02-19 13:05:38,
2026-02-19 13:05:39,
2026-02-19 13:05:40,1.11191718606278
2026-02-19 13:05:41,
2026-02-19 13:05:42,
2026-02-19 13:05:43,0.0
2026-02-19 13:05:44,0.0
2026-02-19 13:05:45,0.0
2026-02-19 13:05:46,0.0
2026-02-19 13:05:47,0.0
2026-02-19 13:05:48,
2026-02-19 13:05:49,0.0
2026-02-19 13:05:50,0.0
2026-02-19 13:05:51,0.0
2026-02-19 13:05:52,0.0
2026-02-19 13:05:53,
2026-02-19 13:05:54,
2026-02-19 13:05:55,
2026-02-19 13:05:56,
2026-02-19 13:05:57,
2026-02-19 13:05:58,
2026-02-19 13:05:59,
2026-02-19 13:06:00,
2026-02-19 13:06:01,0.893965386785567
2026-02-19 13:06:02,
2026-02-19 13:06:03,1.00365160033107
2026-02-19 13:06:04,1.0300972382538
2026-02-19 13:06:05,1.06298740720376
2026-02-19 13:06:06,
2026-02-19 13:06:07,0.972993217874318
2026-02-19 13:06:08,
2026-02-19 13:06:09,
2026-02-19 13:06:10,0.0
2026-02-19 13:06:11,
2026-02-19 13:06:12,0.0
2026-02-19 13:06:13,0.0
2026-02-19 13:06:14,
2026-02-19 13:06:15,
2026-02-19 13:06:16,
2026-02-19 13:06:17,
2026-02-19 13:06:18,
2026-02-19 13:06:19,
2026-02-19 13:06:20,0.0
2026-02-19 13:06:21,0.0
2026-02-19 13:06:22,0.0
2026-02-19 13:06:23,1.03959466796368
2026-02-19 13:06:24,
2026-02-19 13:06:25,
2026-02-19 13:06:26,0.922535941936076
2026-02-19 13:06:27,0.978135725017637
2026-02-19 13:06:28,
2026-02-19 13:06:29,
2026-02-19 13:06:30,1.08125440310687
2026-02-19 13:06:31,1.06835255865008
2026-02-19 13:06:32,1.33933456381783
2026-02-19 13:06:33,
2026-02-19 13:06:34,0.986364972777665
2026-02-19 13:06:35,0.986364972777665
2026-02-19 13:06:36,
2026-02-19 13:06:37,
2026-02-19 13:06:38,0.0
2026-02-19 13:06:39,0.0
2026-02-19 13:06:40,0.0
2026-02-19 13:06:41,
2026-02-19 13:06:42,
2026-02-19 13:06:43,
2026-02-19 13:06:44,
2026-02-19 13:06:45,
2026-02-19 13:06:46,0.865788728697225
2026-02-19 13:06:47,0.0
2026-02-19 13:06:48,0.0
2026-02-19 13:06:49,0.0
2026-02-19 13:06:50,
2026-02-19 13:06:51,0.84792249253951
2026-02-19 13:06:52,
2026-02-19 13:06:53,
2026-02-19 13:06:54,
2026-02-19 13:06:55,1.07176755554974
2026-02-19 13:06:56,0.0
2026-02-19 13:06:57,0.0
2026-02-19 13:06:58,0.0
2026-02-19 13:06:59,
2026-02-19 13:07:00,
2026-02-19 13:07:01,0.0
2026-02-19 13:07:02,
2026-02-19 13:07:03,0.0
2026-02-19 13:07:04,0.0
2026-02-19 13:07:05,0.0
2026-02-19 13:07:06,
2026-02-19 13:07:07,
2026-02-19 13:07:08,
2026-02-19 13:07:09,0.0
2026-02-19 13:07:10,0.0
2026-02-19 13:07:11,0.0
2026-02-19 13:07:12,0.0
2026-02-19 13:07:13,0.0
2026-02-19 13:07:14,
2026-02-19 13:07:15,0.0
2026-02-19 13:07:16,
2026-02-19 13:07:17,0.0
2026-02-19 13:07:18,0.0
2026-02-19 13:07:19,0.0
2026-02-19 13:07:20,
2026-02-19 13:07:21,
2026-02-19 13:07:22,0.0
2026-02-19 13:07:23,0.0
2026-02-19 13:07:24,
2026-02-19 13:07:25,
2026-02-19 13:07:26,0.0
2026-02-19 13:07:27,0.0
2026-02-19 13:07:28,0.0
2026-02-19 13:07:29,0.0
2026-02-19 13:07:30,0.0
2026-02-19 13:07:31,0.947495468426496
2026-02-19 13:07:32,
2026-02-19 13:07:33,
2026-02-19 13:07:34,0.0
2026-02-19 13:07:35,0.0
2026-02-19 13:07:36,0.0
2026-02-19 13:07:37,0.0
2026-02-19 13:07:38,0.0
2026-02-19 13:07:39,0.0
2026-02-19 13:07:40,0.0
2026-02-19 13:07:41,0.0
2026-02-19 13:07:42,
2026-02-19 13:07:43,
2026-02-19 13:07:44,
2026-02-19 13:07:45,
2026-02-19 13:07:46,
2026-02-19 13:07:47,
2026-02-19 13:07:48,
2026-02-19 13:07:49,
2026-02-19 13:07:50,15.0042470544577
2026-02-19 13:07:51,
2026-02-19 13:07:52,
2026-02-19 13:07:53,
2026-02-19 13:07:54,
2026-02-19 13:07:55,52.3970369249582
2026-02-19 13:07:56,52.5381412357092
2026-02-19 13:07:57,52.8786074370146
2026-02-19 13:07:58,
2026-02-19 13:07:59,
2026-02-19 13:08:00,
2026-02-19 13:08:01,
2026-02-19 13:08:02,
2026-02-19 13:08:03,
2026-02-19 13:08:04,
2026-02-19 13:08:05,
2026-02-19 13:08:06,49.932586401701
2026-02-19 13:08:07,36.9333174079657
2026-02-19 13:08:08,
2026-02-19 13:08:09,
2026-02-19 13:08:10,
2026-02-19 13:08:11,
2026-02-19 13:08:12,
2026-02-19 13:08:13,
2026-02-19 13:08:14,27.082385122776
2026-02-19 13:08:15,23.6010655760765
2026-02-19 13:08:16,10.2931522764266
2026-02-19 13:08:17,6.98711802251637
2026-02-19 13:08:18,
2026-02-19 13:08:19,0.0
2026-02-19 13:08:20,
2026-02-19 13:08:21,0.0
2026-02-19 13:08:22,0.0
2026-02-19 13:08:23,0.0
2026-02-19 13:08:24,0.0
2026-02-19 13:08:25,
2026-02-19 13:08:26,
2026-02-19 13:08:27,
2026-02-19 13:08:28,0.0
2026-02-19 13:08:29,0.0
2026-02-19 13:08:30,0.0
2026-02-19 13:08:31,0.0
2026-02-19 13:08:32,
2026-02-19 13:08:33,0.0
2026-02-19 13:08:34,0.0
2026-02-19 13:08:35,0.0
2026-02-19 13:08:36,
2026-02-19 13:08:37,0.0
2026-02-19 13:08:38,0.0
2026-02-19 13:08:39,0.0
2026-02-19 13:08:40,0.0
2026-02-19 13:08:41,0.0
2026-02-19 13:08:42,0.0
2026-02-19 13:08:43,0.0
2026-02-19 13:08:44,0.0
2026-02-19 13:08:45,0.0
2026-02-19 13:08:46,0.0
2026-02-19 13:08:47,0.0
2026-02-19 13:08:48,0.0
2026-02-19 13:08:49,0.0
2026-02-19 13:08:50,
2026-02-19 13:08:51,0.0
2026-02-19 13:08:52,0.0
2026-02-19 13:08:53,
2026-02-19 13:08:54,
2026-02-19 13:08:55,
2026-02-19 13:08:56,0.0
2026-02-19 13:08:57,0.0
2026-02-19 13:08:58,
2026-02-19 13:08:59,0.0
2026-02-19 13:09:00,0.0
2026-02-19 13:09:01,0.0
2026-02-19 13:09:02,
2026-02-19 13:09:03,
2026-02-19 13:09:04,
2026-02-19 13:09:05,0.0
2026-02-19 13:09:06,
2026-02-19 13:09:07,
2026-02-19 13:09:08,0.0
2026-02-19 13:09:09,0.0
2026-02-19 13:09:10,
2026-02-19 13:09:11,
2026-02-19 13:09:12,
2026-02-19 13:09:13,
2026-02-19 13:09:14,
2026-02-19 13:09:15,
2026-02-19 13:09:16,
2026-02-19 13:09:17,
2026-02-19 13:09:18,0.0
2026-02-19 13:09:19,
2026-02-19 13:09:20,
2026-02-19 13:09:21,0.0
2026-02-19 13:09:22,0.0
2026-02-19 13:09:23,0.0
2026-02-19 13:09:24,0.0
2026-02-19 13:09:25,0.0
2026-02-19 13:09:26,
2026-02-19 13:09:27,0.0
2026-02-19 13:09:28,0.0
2026-02-19 13:09:29,0.0
2026-02-19 13:09:30,0.0
2026-02-19 13:09:31,0.0
2026-02-19 13:09:32,0.0
2026-02-19 13:09:33,0.0
2026-02-19 13:09:34,
2026-02-19 13:09:35,
2026-02-19 13:09:36,
2026-02-19 13:09:37,0.0
2026-02-19 13:09:38,0.0
2026-02-19 13:09:39,0.856091442983598
2026-02-19 13:09:40,
2026-02-19 13:09:41,0.0
2026-02-19 13:09:42,0.0
2026-02-19 13:09:43,0.0
2026-02-19 13:09:44,
2026-02-19 13:09:45,0.0
2026-02-19 13:09:46,0.0
2026-02-19 13:09:47,0.0
2026-02-19 13:09:48,
2026-02-19 13:09:49,-0.836239219643176
2026-02-19 13:09:50,-0.836239219643176
2026-02-19 13:09:51,0.0
2026-02-19 13:09:52,
2026-02-19 13:09:53,0.0
2026-02-19 13:09:54,
2026-02-19 13:09:55,
2026-02-19 13:09:56,
2026-02-19 13:09:57,0.0
2026-02-19 13:09:58,0.0
2026-02-19 13:09:59,0.0
2026-02-19 13:10:00,0.0
2026-02-19 13:10:01,0.869199010776356
2026-02-19 13:10:02,1.04033887619153
2026-02-19 13:10:03,1.13841678248718
2026-02-19 13:10:04,1.30114263156429
2026-02-19 13:10:05,1.33543278789148
2026-02-19 13:10:06,1.37580223381519
2026-02-19 13:10:07,1.22363999253139
2026-02-19 13:10:08,0.995623203925788
2026-02-19 13:10:09,0.916539318859577
2026-02-19 13:10:10,0.825536000775173
2026-02-19 13:10:11,0.0
2026-02-19 13:10:12,0.0
2026-02-19 13:10:13,0.0
2026-02-19 13:10:14,0.0
2026-02-19 13:10:15,0.0
2026-02-19 13:10:16,0.0
2026-02-19 13:10:17,0.0
2026-02-19 13:10:18,0.0
2026-02-19 13:10:19,0.0
2026-02-19 13:10:20,
2026-02-19 13:10:21,
2026-02-19 13:10:22,0.0
2026-02-19 13:10:23,0.0
2026-02-19 13:10:24,0.0
2026-02-19 13:10:25,0.0
2026-02-19 13:10:26,
2026-02-19 13:10:27,0.0
2026-02-19 13:10:28,
2026-02-19 13:10:29,
2026-02-19 13:10:30,
2026-02-19 13:10:31,0.0
2026-02-19 13:10:32,0.0
2026-02-19 13:10:33,0.0
2026-02-19 13:10:34,0.0
2026-02-19 13:10:35,
2026-02-19 13:10:36,
2026-02-19 13:10:37,0.0
2026-02-19 13:10:38,0.0
2026-02-19 13:10:39,0.0
2026-02-19 13:10:40,
2026-02-19 13:10:41,0.0
2026-02-19 13:10:42,0.0
2026-02-19 13:10:43,0.0
2026-02-19 13:10:44,0.0
2026-02-19 13:10:45,
2026-02-19 13:10:46,36.5278277546167
2026-02-19 13:10:47,
2026-02-19 13:10:48,41.7559694498777
2026-02-19 13:10:49,41.7559694498777
2026-02-19 13:10:50,39.5509958267212
2026-02-19 13:10:51,37.4952167272568
2026-02-19 13:10:52,
2026-02-19 13:10:53,
2026-02-19 13:10:54,35.5380993336439
2026-02-19 13:10:55,29.2616531252861
2026-02-19 13:10:56,23.591578938067
2026-02-19 13:10:57,19.2434884607792
2026-02-19 13:10:58,13.2662669755518
2026-02-19 13:10:59,5.06748869083822
2026-02-19 13:11:00,2.96654580160975
2026-02-19 13:11:01,0.0
2026-02-19 13:11:02,0.0
2026-02-19 13:11:03,0.0
2026-02-19 13:11:04,
2026-02-19 13:11:05,0.0
2026-02-19 13:11:06,0.0
2026-02-19 13:11:07,0.0
2026-02-19 13:11:08,0.0
2026-02-19 13:11:09,
2026-02-19 13:11:10,0.0
2026-02-19 13:11:11,0.0
2026-02-19 13:11:12,17.1450320631266
2026-02-19 13:11:13,17.1450320631266
2026-02-19 13:11:14,21.9073629006743
2026-02-19 13:11:15,22.0254739746451
2026-02-19 13:11:16,22.0161868259311
2026-02-19 13:11:17,22.1404703333974
2026-02-19 13:11:18,
2026-02-19 13:11:19,22.1488522365689
2026-02-19 13:11:20,21.0006136447191
2026-02-19 13:11:21,17.7160458639264
2026-02-19 13:11:22,15.5528157949448
2026-02-19 13:11:23,13.6765267699957
2026-02-19 13:11:24,9.19259497895837
2026-02-19 13:11:25,
2026-02-19 13:11:26,
2026-02-19 13:11:27,
2026-02-19 13:11:28,
2026-02-19 13:11:29,8.18946724757552
2026-02-19 13:11:30,4.9607811961323
2026-02-19 13:11:31,1.6567372251302
2026-02-19 13:11:32,0.0
2026-02-19 13:11:33,0.0
2026-02-19 13:11:34,0.0
2026-02-19 13:11:35,0.0
2026-02-19 13:11:36,0.0
2026-02-19 13:11:37,0.0
2026-02-19 13:11:38,0.0
2026-02-19 13:11:39,
2026-02-19 13:11:40,
2026-02-19 13:11:41,
2026-02-19 13:11:42,0.0
2026-02-19 13:11:43,0.0
2026-02-19 13:11:44,0.0
2026-02-19 13:11:45,0.0
2026-02-19 13:11:46,0.0
2026-02-19 13:11:47,0.0
2026-02-19 13:11:48,0.0
2026-02-19 13:11:49,0.0
2026-02-19 13:11:50,0.0
2026-02-19 13:11:51,
2026-02-19 13:11:52,0.0
2026-02-19 13:11:53,0.0
2026-02-19 13:11:54,0.0
2026-02-19 13:11:55,
2026-02-19 13:11:56,0.0
2026-02-19 13:11:57,
2026-02-19 13:11:58,0.858952448470518
2026-02-19 13:11:59,0.858952448470518
2026-02-19 13:12:00,1.01638151099905
2026-02-19 13:12:01,
2026-02-19 13:12:02,
2026-02-19 13:12:03,0.899271760135889
2026-02-19 13:12:04,1.017090305686
2026-02-19 13:12:05,0.940876803360879
2026-02-19 13:12:06,1.02957389317453
2026-02-19 13:12:07,0.83563273656182
2026-02-19 13:12:08,0.0
2026-02-19 13:12:09,0.0
2026-02-19 13:12:10,0.0
2026-02-19 13:12:11,0.0
2026-02-19 13:12:12,0.856971595203504
2026-02-19 13:12:13,1.11039597541094
2026-02-19 13:12:14,1.11039597541094
2026-02-19 13:12:15,1.51380848838016
2026-02-19 13:12:16,1.51380848838016
2026-02-19 13:12:17,1.41794057562947
2026-02-19 13:12:18,1.41794057562947
2026-02-19 13:12:19,1.71988512156531
2026-02-19 13:12:20,1.65059957653284
2026-02-19 13:12:21,1.52894044294953
2026-02-19 13:12:22,1.27685407642275
2026-02-19 13:12:23,1.27685407642275
2026-02-19 13:12:24,0.929940829519182
2026-02-19 13:12:25,
2026-02-19 13:12:26,0.0
2026-02-19 13:12:27,0.0
2026-02-19 13:12:28,0.0
2026-02-19 13:12:29,0.0
2026-02-19 13:12:30,
2026-02-19 13:12:31,0.0
2026-02-19 13:12:32,0.0
2026-02-19 13:12:33,0.0
2026-02-19 13:12:34,0.0
2026-02-19 13:12:35,
2026-02-19 13:12:36,
2026-02-19 13:12:37,0.0
2026-02-19 13:12:38,0.0
2026-02-19 13:12:39,
2026-02-19 13:12:40,0.0
2026-02-19 13:12:41,0.0
2026-02-19 13:12:42,
2026-02-19 13:12:43,0.0
2026-02-19 13:12:44,0.0
2026-02-19 13:12:45,0.0
2026-02-19 13:12:46,0.0
2026-02-19 13:12:47,
2026-02-19 13:12:48,
2026-02-19 13:12:49,
2026-02-19 13:12:50,0.0
2026-02-19 13:12:51,0.0
2026-02-19 13:12:52,
2026-02-19 13:12:53,
2026-02-19 13:12:54,0.0
2026-02-19 13:12:55,0.0
2026-02-19 13:12:56,0.0
2026-02-19 13:12:57,0.0
2026-02-19 13:12:58,0.0
2026-02-19 13:12:59,0.0
2026-02-19 13:13:00,0.0
2026-02-19 13:13:01,0.0
2026-02-19 13:13:02,0.0
2026-02-19 13:13:03,0.0
2026-02-19 13:13:04,0.0
2026-02-19 13:13:05,0.0
2026-02-19 13:13:06,0.0
2026-02-19 13:13:07,0.0
2026-02-19 13:13:08,1.00953653454781
2026-02-19 13:13:09,1.00953653454781
2026-02-19 13:13:10,0.0
2026-02-19 13:13:11,0.0
2026-02-19 13:13:12,0.0
2026-02-19 13:13:13,
2026-02-19 13:13:14,0.0
2026-02-19 13:13:15,
2026-02-19 13:13:16,
2026-02-19 13:13:17,
2026-02-19 13:13:18,
2026-02-19 13:13:19,11.6368451155722
2026-02-19 13:13:20,11.5984300151467
2026-02-19 13:13:21,
2026-02-19 13:13:22,
2026-02-19 13:13:23,
2026-02-19 13:13:24,11.5464295260608
2026-02-19 13:13:25,11.5264462307096
2026-02-19 13:13:26,
2026-02-19 13:13:27,11.7219683714211
2026-02-19 13:13:28,11.8697555735707
2026-02-19 13:13:29,11.6810353472829
2026-02-19 13:13:30,11.7068817839026
2026-02-19 13:13:31,
2026-02-19 13:13:32,10.6280084699392
2026-02-19 13:13:33,10.3639692999423
2026-02-19 13:13:34,8.47475789487362
2026-02-19 13:13:35,7.21817314624786
2026-02-19 13:13:36,5.75259318575263
2026-02-19 13:13:37,4.84777092933655
2026-02-19 13:13:38,3.56686734594405
2026-02-19 13:13:39,1.0923154768534
2026-02-19 13:13:40,1.0923154768534
2026-02-19 13:13:41,0.0
2026-02-19 13:13:42,0.0
2026-02-19 13:13:43,0.0
2026-02-19 13:13:44,
2026-02-19 13:13:45,0.0
2026-02-19 13:13:46,0.0
2026-02-19 13:13:47,0.0
2026-02-19 13:13:48,0.0
2026-02-19 13:13:49,0.0
2026-02-19 13:13:50,0.0
2026-02-19 13:13:51,0.0
2026-02-19 13:13:52,0.0
2026-02-19 13:13:53,0.0
2026-02-19 13:13:54,0.0
2026-02-19 13:13:55,0.0
2026-02-19 13:13:56,0.0
2026-02-19 13:13:57,0.0
2026-02-19 13:13:58,0.0
2026-02-19 13:13:59,
2026-02-19 13:14:00,0.0
2026-02-19 13:14:01,0.0
2026-02-19 13:14:02,
2026-02-19 13:14:03,
2026-02-19 13:14:04,
2026-02-19 13:14:05,
2026-02-19 13:14:06,0.0
2026-02-19 13:14:07,0.0
2026-02-19 13:14:08,
2026-02-19 13:14:09,0.0
2026-02-19 13:14:10,0.0
2026-02-19 13:14:11,0.0
2026-02-19 13:14:12,0.0
2026-02-19 13:14:13,0.0
2026-02-19 13:14:14,0.0
2026-02-19 13:14:15,
2026-02-19 13:14:16,
2026-02-19 13:14:17,0.0
2026-02-19 13:14:18,0.0
2026-02-19 13:14:19,
2026-02-19 13:14:20,0.0
2026-02-19 13:14:21,0.0
2026-02-19 13:14:22,0.0
2026-02-19 13:14:23,0.0
2026-02-19 13:14:24,0.0
2026-02-19 13:14:25,0.0
2026-02-19 13:14:26,0.0
2026-02-19 13:14:27,0.0
2026-02-19 13:14:28,0.0
2026-02-19 13:14:29,0.0
2026-02-19 13:14:30,0.0
2026-02-19 13:14:31,0.0
2026-02-19 13:14:32,0.0
2026-02-19 13:14:33,0.0
2026-02-19 13:14:34,0.0
2026-02-19 13:14:35,0.0
2026-02-19 13:14:36,
2026-02-19 13:14:37,0.0
2026-02-19 13:14:38,0.0
2026-02-19 13:14:39,0.0
2026-02-19 13:14:40,0.0
2026-02-19 13:14:41,0.0
2026-02-19 13:14:42,0.0
2026-02-19 13:14:43,0.831816089339554
2026-02-19 13:14:44,0.851501041324809
2026-02-19 13:14:45,1.12390540307388
2026-02-19 13:14:46,1.09617681009695
2026-02-19 13:14:47,
2026-02-19 13:14:48,
2026-02-19 13:14:49,1.16305612027645
2026-02-19 13:14:50,1.112888334319
2026-02-19 13:14:51,1.0990638518706
2026-02-19 13:14:52,
2026-02-19 13:14:53,
2026-02-19 13:14:54,1.15951560437679
2026-02-19 13:14:55,
2026-02-19 13:14:56,
2026-02-19 13:14:57,
2026-02-19 13:14:58,0.0
2026-02-19 13:14:59,
2026-02-19 13:15:00,0.0
2026-02-19 13:15:01,0.0
2026-02-19 13:15:02,
2026-02-19 13:15:03,
2026-02-19 13:15:04,0.916332495398819
2026-02-19 13:15:05,0.0
2026-02-19 13:15:06,0.0
2026-02-19 13:15:07,0.0
2026-02-19 13:15:08,0.0
2026-02-19 13:15:09,0.0
2026-02-19 13:15:10,
2026-02-19 13:15:11,0.0
2026-02-19 13:15:12,
2026-02-19 13:15:13,0.0
2026-02-19 13:15:14,0.0
2026-02-19 13:15:15,0.0
2026-02-19 13:15:16,0.0
2026-02-19 13:15:17,0.0
2026-02-19 13:15:18,0.0
2026-02-19 13:15:19,
2026-02-19 13:15:20,0.0
2026-02-19 13:15:21,0.0
2026-02-19 13:15:22,0.0
2026-02-19 13:15:23,0.0
2026-02-19 13:15:24,0.0
2026-02-19 13:15:25,0.0
2026-02-19 13:15:26,0.0
2026-02-19 13:15:27,0.0
2026-02-19 13:15:28,0.0
2026-02-19 13:15:29,0.0
2026-02-19 13:15:30,0.0
2026-02-19 13:15:31,0.0
2026-02-19 13:15:32,0.0
2026-02-19 13:15:33,
2026-02-19 13:15:34,0.0
2026-02-19 13:15:35,0.0
2026-02-19 13:15:36,0.0
2026-02-19 13:15:37,0.83455047570169
2026-02-19 13:15:38,0.826691498514265
2026-02-19 13:15:39,0.826691498514265
2026-02-19 13:15:40,0.859956757631153
2026-02-19 13:15:41,1.01969257229939
2026-02-19 13:15:42,1.04726987192407
2026-02-19 13:15:43,
2026-02-19 13:15:44,0.0
2026-02-19 13:15:45,0.0
2026-02-19 13:15:46,0.0
2026-02-19 13:15:47,0.0
2026-02-19 13:15:48,0.0
2026-02-19 13:15:49,0.0
2026-02-19 13:15:50,0.0
2026-02-19 13:15:51,0.0
2026-02-19 13:15:52,0.0
2026-02-19 13:15:53,0.0
2026-02-19 13:15:54,0.82039778935723
2026-02-19 13:15:55,
2026-02-19 13:15:56,
2026-02-19 13:15:57,1.07898007845506
2026-02-19 13:15:58,0.883785774931312
2026-02-19 13:15:59,0.0
2026-02-19 13:16:00,0.0
2026-02-19 13:16:01,
2026-02-19 13:16:02,0.89601140934974
2026-02-19 13:16:03,
2026-02-19 13:16:04,0.954872486181557
2026-02-19 13:16:05,0.0
2026-02-19 13:16:06,0.0
2026-02-19 13:16:07,0.0
2026-02-19 13:16:08,0.0
2026-02-19 13:16:09,0.0
2026-02-19 13:16:10,0.0
2026-02-19 13:16:11,0.0
2026-02-19 13:16:12,0.0
2026-02-19 13:16:13,
2026-02-19 13:16:14,
2026-02-19 13:16:15,0.0
2026-02-19 13:16:16,0.0
2026-02-19 13:16:17,0.0
2026-02-19 13:16:18,0.0
2026-02-19 13:16:19,0.0
2026-02-19 13:16:20,
2026-02-19 13:16:21,
2026-02-19 13:16:22,
2026-02-19 13:16:23,0.0
2026-02-19 13:16:24,
2026-02-19 13:16:25,
2026-02-19 13:16:26,0.0
2026-02-19 13:16:27,0.0
2026-02-19 13:16:28,0.0
2026-02-19 13:16:29,
2026-02-19 13:16:30,
2026-02-19 13:16:31,
2026-02-19 13:16:32,
2026-02-19 13:16:33,
2026-02-19 13:16:34,
2026-02-19 13:16:35,
2026-02-19 13:16:36,0.0
2026-02-19 13:16:37,0.0
2026-02-19 13:16:38,0.0
2026-02-19 13:16:39,
2026-02-19 13:16:40,
2026-02-19 13:16:41,0.0
2026-02-19 13:16:42,0.0
2026-02-19 13:16:43,0.0
2026-02-19 13:16:44,0.0
2026-02-19 13:16:45,
2026-02-19 13:16:46,0.0
2026-02-19 13:16:47,0.0
2026-02-19 13:16:48,0.0
2026-02-19 13:16:49,0.0
2026-02-19 13:16:50,0.0
2026-02-19 13:16:51,
2026-02-19 13:16:52,0.0
2026-02-19 13:16:53,0.0
2026-02-19 13:16:54,
2026-02-19 13:16:55,
2026-02-19 13:16:56,
2026-02-19 13:16:57,
2026-02-19 13:16:58,
2026-02-19 13:16:59,0.965168920811266
2026-02-19 13:17:00,
2026-02-19 13:17:01,1.77422489505261
2026-02-19 13:17:02,
2026-02-19 13:17:03,1.77288693375885
2026-02-19 13:17:04,1.85904807876796
2026-02-19 13:17:05,
2026-02-19 13:17:06,
2026-02-19 13:17:07,
2026-02-19 13:17:08,
2026-02-19 13:17:09,
2026-02-19 13:17:10,
2026-02-19 13:17:11,1.95605708286166
2026-02-19 13:17:12,
2026-02-19 13:17:13,1.69814707478508
2026-02-19 13:17:14,1.69814707478508
2026-02-19 13:17:15,
2026-02-19 13:17:16,1.5567920403555
2026-02-19 13:17:17,
2026-02-19 13:17:18,0.943074328824878
2026-02-19 13:17:19,0.850258371792734
2026-02-19 13:17:20,0.0
2026-02-19 13:17:21,0.0
2026-02-19 13:17:22,0.0
2026-02-19 13:17:23,0.0
2026-02-19 13:17:24,0.0
2026-02-19 13:17:25,
2026-02-19 13:17:26,
2026-02-19 13:17:27,1.07506007188931
2026-02-19 13:17:28,0.834973290329799
2026-02-19 13:17:29,0.834973290329799
2026-02-19 13:17:30,1.21644748141989
2026-02-19 13:17:31,0.988105789292604
2026-02-19 13:17:32,0.0
2026-02-19 13:17:33,0.0
2026-02-19 13:17:34,0.0
2026-02-19 13:17:35,0.0
2026-02-19 13:17:36,1.17698296671733
2026-02-19 13:17:37,0.939281936734915
2026-02-19 13:17:38,0.0
2026-02-19 13:17:39,
2026-02-19 13:17:40,1.03957235114649
2026-02-19 13:17:41,1.34150474332273
2026-02-19 13:17:42,0.871917681070045
2026-02-19 13:17:43,1.02157169021666
2026-02-19 13:17:44,1.15279509918764
2026-02-19 13:17:45,1.3970103347674
2026-02-19 13:17:46,1.36232140939683
2026-02-19 13:17:47,1.60283771110699
2026-02-19 13:17:48,2.05351954791695
2026-02-19 13:17:49,2.10619813296944
2026-02-19 13:17:50,1.26243364065886
2026-02-19 13:17:51,1.26243364065886
2026-02-19 13:17:52,0.0
2026-02-19 13:17:53,0.0
2026-02-19 13:17:54,0.0
2026-02-19 13:17:55,0.0
2026-02-19 13:17:56,0.965760054532439
2026-02-19 13:17:57,
2026-02-19 13:17:58,1.18675123667344
2026-02-19 13:17:59,0.946527253836393
2026-02-19 13:18:00,1.16656792815775
2026-02-19 13:18:01,
2026-02-19 13:18:02,1.28121916204691
2026-02-19 13:18:03,1.28121916204691
2026-02-19 13:18:04,1.31295713363215
2026-02-19 13:18:05,1.48107652785257
2026-02-19 13:18:06,1.40963683370501
2026-02-19 13:18:07,0.903984799515456
2026-02-19 13:18:08,0.0
2026-02-19 13:18:09,0.0
2026-02-19 13:18:10,0.0
2026-02-19 13:18:11,0.0
2026-02-19 13:18:12,0.0
2026-02-19 13:18:13,0.0
2026-02-19 13:18:14,0.0
2026-02-19 13:18:15,0.0
2026-02-19 13:18:16,
2026-02-19 13:18:17,
2026-02-19 13:18:18,
2026-02-19 13:18:19,
2026-02-19 13:18:20,0.0
2026-02-19 13:18:21,
2026-02-19 13:18:22,
2026-02-19 13:18:23,1.14157822681591
2026-02-19 13:18:24,
2026-02-19 13:18:25,1.53420700225979
2026-02-19 13:18:26,
2026-02-19 13:18:27,1.84557375032455
2026-02-19 13:18:28,1.69323915615678
2026-02-19 13:18:29,
2026-02-19 13:18:30,1.88443623483181
2026-02-19 13:18:31,
2026-02-19 13:18:32,
2026-02-19 13:18:33,
2026-02-19 13:18:34,1.78705737926066
2026-02-19 13:18:35,
2026-02-19 13:18:36,
2026-02-19 13:18:37,1.36160863330588
2026-02-19 13:18:38,1.41204065876082
2026-02-19 13:18:39,1.46249573444948
2026-02-19 13:18:40,1.1650558328256
2026-02-19 13:18:41,1.23800248838961
2026-02-19 13:18:42,1.37689313851297
2026-02-19 13:18:43,1.26123251393437
2026-02-19 13:18:44,1.08693974325433
2026-02-19 13:18:45,1.12299628090113
2026-02-19 13:18:46,
2026-02-19 13:18:47,
2026-02-19 13:18:48,0.846812257077545
2026-02-19 13:18:49,0.0
2026-02-19 13:18:50,
2026-02-19 13:18:51,0.0
2026-02-19 13:18:52,0.0
2026-02-19 13:18:53,0.0
2026-02-19 13:18:54,0.0
2026-02-19 13:18:55,0.0
2026-02-19 13:18:56,0.0
2026-02-19 13:18:57,0.0
2026-02-19 13:18:58,0.0
2026-02-19 13:18:59,0.0
2026-02-19 13:19:00,0.0
2026-02-19 13:19:01,0.0
2026-02-19 13:19:02,
2026-02-19 13:19:03,0.81251377123408
2026-02-19 13:19:04,0.925236905459315
2026-02-19 13:19:05,0.925703777465969
2026-02-19 13:19:06,0.919653405435383
2026-02-19 13:19:07,0.0
2026-02-19 13:19:08,0.975448696408421
2026-02-19 13:19:09,0.966070918366313
2026-02-19 13:19:10,0.935568124987185
2026-02-19 13:19:11,
2026-02-19 13:19:12,1.09464606503025
2026-02-19 13:19:13,1.11613946501166
2026-02-19 13:19:14,
2026-02-19 13:19:15,0.882127205841243
2026-02-19 13:19:16,0.0
2026-02-19 13:19:17,0.0
2026-02-19 13:19:18,0.0
2026-02-19 13:19:19,0.0
2026-02-19 13:19:20,0.0
2026-02-19 13:19:21,
2026-02-19 13:19:22,0.0
2026-02-19 13:19:23,0.0
2026-02-19 13:19:24,0.0
2026-02-19 13:19:25,0.0
2026-02-19 13:19:26,0.0
2026-02-19 13:19:27,0.0
2026-02-19 13:19:28,0.0
2026-02-19 13:19:29,0.0
2026-02-19 13:19:30,0.0
2026-02-19 13:19:31,0.0
2026-02-19 13:19:32,0.0
2026-02-19 13:19:33,
2026-02-19 13:19:34,0.0
2026-02-19 13:19:35,0.0
2026-02-19 13:19:36,0.0
2026-02-19 13:19:37,0.0
2026-02-19 13:19:38,0.0
2026-02-19 13:19:39,0.0
2026-02-19 13:19:40,0.0
2026-02-19 13:19:41,0.0
2026-02-19 13:19:42,0.0
2026-02-19 13:19:43,0.0
2026-02-19 13:19:44,0.0
2026-02-19 13:19:45,0.0
2026-02-19 13:19:46,0.0
2026-02-19 13:19:47,0.0
2026-02-19 13:19:48,0.0
2026-02-19 13:19:49,0.0
2026-02-19 13:19:50,0.0
2026-02-19 13:19:51,0.0
2026-02-19 13:19:52,0.0
2026-02-19 13:19:53,0.0
2026-02-19 13:19:54,0.0
2026-02-19 13:19:55,0.0
2026-02-19 13:19:56,0.0
2026-02-19 13:19:57,0.81546189612709
2026-02-19 13:19:58,0.0
2026-02-19 13:19:59,
2026-02-19 13:20:00,0.0
2026-02-19 13:20:01,0.0
2026-02-19 13:20:02,0.0
2026-02-19 13:20:03,0.0
2026-02-19 13:20:04,0.0
2026-02-19 13:20:05,0.0
2026-02-19 13:20:06,0.0
2026-02-19 13:20:07,0.0
2026-02-19 13:20:08,0.0
2026-02-19 13:20:09,0.0
2026-02-19 13:20:10,0.0
2026-02-19 13:20:11,0.0
2026-02-19 13:20:12,0.0
2026-02-19 13:20:13,0.0
2026-02-19 13:20:14,0.0
2026-02-19 13:20:15,0.0
2026-02-19 13:20:16,0.0
2026-02-19 13:20:17,
2026-02-19 13:20:18,0.0
2026-02-19 13:20:19,
2026-02-19 13:20:20,
2026-02-19 13:20:21,0.0
2026-02-19 13:20:22,0.0
2026-02-19 13:20:23,
2026-02-19 13:20:24,0.0
2026-02-19 13:20:25,0.0
2026-02-19 13:20:26,
2026-02-19 13:20:27,0.0
2026-02-19 13:20:28,0.0
2026-02-19 13:20:29,0.0
2026-02-19 13:20:30,0.0
2026-02-19 13:20:31,0.0
2026-02-19 13:20:32,
2026-02-19 13:20:33,0.0
2026-02-19 13:20:34,0.0
2026-02-19 13:20:35,0.0
2026-02-19 13:20:36,0.0
2026-02-19 13:20:37,0.0
2026-02-19 13:20:38,0.0
2026-02-19 13:20:39,0.0
2026-02-19 13:20:40,0.0
2026-02-19 13:20:41,
2026-02-19 13:20:42,0.0
2026-02-19 13:20:43,0.0
2026-02-19 13:20:44,0.0
2026-02-19 13:20:45,0.0
2026-02-19 13:20:46,0.0
2026-02-19 13:20:47,
2026-02-19 13:20:48,
2026-02-19 13:20:49,
2026-02-19 13:20:50,
2026-02-19 13:20:51,0.0
2026-02-19 13:20:52,0.0
2026-02-19 13:20:53,0.0
2026-02-19 13:20:54,0.0
2026-02-19 13:20:55,0.0
2026-02-19 13:20:56,0.0
2026-02-19 13:20:57,0.0
2026-02-19 13:20:58,0.0
2026-02-19 13:20:59,0.0
2026-02-19 13:21:00,0.0
2026-02-19 13:21:01,0.0
2026-02-19 13:21:02,0.0
2026-02-19 13:21:03,0.0
2026-02-19 13:21:04,0.0
2026-02-19 13:21:05,0.0
2026-02-19 13:21:06,0.0
2026-02-19 13:21:07,0.0
2026-02-19 13:21:08,0.0
2026-02-19 13:21:09,0.0
2026-02-19 13:21:10,0.0
2026-02-19 13:21:11,0.0
2026-02-19 13:21:12,
2026-02-19 13:21:13,
2026-02-19 13:21:14,0.0
2026-02-19 13:21:15,0.0
2026-02-19 13:21:16,0.0
2026-02-19 13:21:17,0.0
2026-02-19 13:21:18,0.0
2026-02-19 13:21:19,0.0
2026-02-19 13:21:20,0.0
2026-02-19 13:21:21,0.0
2026-02-19 13:21:22,0.0
2026-02-19 13:21:23,0.0
2026-02-19 13:21:24,
2026-02-19 13:21:25,0.0
2026-02-19 13:21:26,0.0
2026-02-19 13:21:27,0.0
2026-02-19 13:21:28,0.0
2026-02-19 13:21:29,0.0
2026-02-19 13:21:30,0.0
2026-02-19 13:21:31,0.0
2026-02-19 13:21:32,0.0
2026-02-19 13:21:33,0.0
2026-02-19 13:21:34,0.0
2026-02-19 13:21:35,0.0
2026-02-19 13:21:36,0.0
2026-02-19 13:21:37,0.0
2026-02-19 13:21:38,0.0
2026-02-19 13:21:39,0.0
2026-02-19 13:21:40,0.0
2026-02-19 13:21:41,0.0
2026-02-19 13:21:42,0.0
2026-02-19 13:21:43,0.0
2026-02-19 13:21:44,0.0
2026-02-19 13:21:45,0.0
2026-02-19 13:21:46,
2026-02-19 13:21:47,0.0
2026-02-19 13:21:48,0.0
2026-02-19 13:21:49,0.0
2026-02-19 13:21:50,0.0
2026-02-19 13:21:51,0.0
2026-02-19 13:21:52,0.0
2026-02-19 13:21:53,0.0
2026-02-19 13:21:54,0.0
2026-02-19 13:21:55,0.0
2026-02-19 13:21:56,0.0
2026-02-19 13:21:57,0.0
2026-02-19 13:21:58,0.811329041607678
2026-02-19 13:21:59,0.0
2026-02-19 13:22:00,0.0
2026-02-19 13:22:01,0.0
2026-02-19 13:22:02,0.0
2026-02-19 13:22:03,0.0
2026-02-19 13:22:04,0.0
2026-02-19 13:22:05,0.0
2026-02-19 13:22:06,0.0
2026-02-19 13:22:07,0.0
2026-02-19 13:22:08,0.0
2026-02-19 13:22:09,0.0
2026-02-19 13:22:10,0.0
2026-02-19 13:22:11,-0.85173777770251
2026-02-19 13:22:12,-0.817774096503854
2026-02-19 13:22:13,0.0
2026-02-19 13:22:14,0.0
2026-02-19 13:22:15,0.0
2026-02-19 13:22:16,-0.917901273351163
2026-02-19 13:22:17,-1.25088599743322
2026-02-19 13:22:18,-0.9282186627388
2026-02-19 13:22:19,0.0
2026-02-19 13:22:20,0.0
2026-02-19 13:22:21,0.0
2026-02-19 13:22:22,0.0
2026-02-19 13:22:23,0.0
2026-02-19 13:22:24,0.0
2026-02-19 13:22:25,0.0
2026-02-19 13:22:26,0.0
2026-02-19 13:22:27,0.0
2026-02-19 13:22:28,0.0
2026-02-19 13:22:29,0.0
2026-02-19 13:22:30,0.0
2026-02-19 13:22:31,0.0
2026-02-19 13:22:32,0.0
2026-02-19 13:22:33,0.0
2026-02-19 13:22:34,0.0
2026-02-19 13:22:35,0.0
2026-02-19 13:22:36,0.0
2026-02-19 13:22:37,0.0
2026-02-19 13:22:38,0.0
2026-02-19 13:22:39,0.0
2026-02-19 13:22:40,0.0
2026-02-19 13:22:41,0.0
2026-02-19 13:22:42,0.0
2026-02-19 13:22:43,0.895664398558438
2026-02-19 13:22:44,0.974591542035341
2026-02-19 13:22:45,0.940438220277429
2026-02-19 13:22:46,0.976246548816562
2026-02-19 13:22:47,1.06994669185951
2026-02-19 13:22:48,1.13207178656012
2026-02-19 13:22:49,1.33442046353593
2026-02-19 13:22:50,1.22843674616888
2026-02-19 13:22:51,1.23892973642796
2026-02-19 13:22:52,1.14853751147166
2026-02-19 13:22:53,1.24288264196366
2026-02-19 13:22:54,1.28450497286394
2026-02-19 13:22:55,1.23743995791301
2026-02-19 13:22:56,1.23743995791301
2026-02-19 13:22:57,1.18114521028474
2026-02-19 13:22:58,1.09531221678481
2026-02-19 13:22:59,1.19568959344178
2026-02-19 13:23:00,1.21781111229211
2026-02-19 13:23:01,1.0058629559353
2026-02-19 13:23:02,0.940718699712306
2026-02-19 13:23:03,
2026-02-19 13:23:04,0.865546229761094
2026-02-19 13:23:05,0.0
2026-02-19 13:23:06,0.0
2026-02-19 13:23:07,0.0
2026-02-19 13:23:08,0.0
2026-02-19 13:23:09,0.0
2026-02-19 13:23:10,0.0
2026-02-19 13:23:11,0.0
2026-02-19 13:23:12,0.0
2026-02-19 13:23:13,0.0
2026-02-19 13:23:14,0.0
2026-02-19 13:23:15,0.0
2026-02-19 13:23:16,0.0
2026-02-19 13:23:17,0.0
2026-02-19 13:23:18,0.0
2026-02-19 13:23:19,0.0
2026-02-19 13:23:20,0.0
2026-02-19 13:23:21,0.0
2026-02-19 13:23:22,0.0
2026-02-19 13:23:23,0.834116712212563
2026-02-19 13:23:24,0.0
2026-02-19 13:23:25,0.0
2026-02-19 13:23:26,0.0
2026-02-19 13:23:27,0.0
2026-02-19 13:23:28,0.0
2026-02-19 13:23:29,
2026-02-19 13:23:30,0.0
2026-02-19 13:23:31,0.0
2026-02-19 13:23:32,0.0
2026-02-19 13:23:33,0.0
2026-02-19 13:23:34,0.0
2026-02-19 13:23:35,0.0
2026-02-19 13:23:36,
2026-02-19 13:23:37,0.0
2026-02-19 13:23:38,0.0
2026-02-19 13:23:39,0.0
2026-02-19 13:23:40,0.0
2026-02-19 13:23:41,0.0
2026-02-19 13:23:42,
2026-02-19 13:23:43,
2026-02-19 13:23:44,0.0
2026-02-19 13:23:45,0.0
2026-02-19 13:23:46,0.0
2026-02-19 13:23:47,0.0
2026-02-19 13:23:48,0.0
2026-02-19 13:23:49,0.0
2026-02-19 13:23:50,0.0
2026-02-19 13:23:51,0.0
2026-02-19 13:23:52,0.0
2026-02-19 13:23:53,0.0
2026-02-19 13:23:54,0.0
2026-02-19 13:23:55,0.0
2026-02-19 13:23:56,0.0
2026-02-19 13:23:57,0.0
2026-02-19 13:23:58,0.0
2026-02-19 13:23:59,0.0
2026-02-19 13:24:00,0.0
2026-02-19 13:24:01,0.0
2026-02-19 13:24:02,0.0
2026-02-19 13:24:03,0.0
2026-02-19 13:24:04,0.0
2026-02-19 13:24:05,0.0
2026-02-19 13:24:06,0.0
2026-02-19 13:24:07,0.0
2026-02-19 13:24:08,0.0
2026-02-19 13:24:09,0.0
2026-02-19 13:24:10,0.0
2026-02-19 13:24:11,0.0
2026-02-19 13:24:12,0.0
2026-02-19 13:24:13,0.0
2026-02-19 13:24:14,0.0
2026-02-19 13:24:15,0.0
2026-02-19 13:24:16,0.0
2026-02-19 13:24:17,
2026-02-19 13:24:18,
2026-02-19 13:24:19,0.0
2026-02-19 13:24:20,0.0
2026-02-19 13:24:21,0.0
2026-02-19 13:24:22,0.0
2026-02-19 13:24:23,0.0
2026-02-19 13:24:24,0.0
2026-02-19 13:24:25,0.0
2026-02-19 13:24:26,0.0
2026-02-19 13:24:27,0.0
2026-02-19 13:24:28,0.0
2026-02-19 13:24:29,0.0
2026-02-19 13:24:30,0.0
2026-02-19 13:24:31,0.0
2026-02-19 13:24:32,0.0
2026-02-19 13:24:33,0.0
2026-02-19 13:24:34,0.0
2026-02-19 13:24:35,0.0
2026-02-19 13:24:36,0.0
2026-02-19 13:24:37,0.0
2026-02-19 13:24:38,0.0
2026-02-19 13:24:39,0.0
2026-02-19 13:24:40,0.0
2026-02-19 13:24:41,0.0
2026-02-19 13:24:42,0.0
2026-02-19 13:24:43,0.0
2026-02-19 13:24:44,0.0
2026-02-19 13:24:45,0.0
2026-02-19 13:24:46,0.0
2026-02-19 13:24:47,0.0
2026-02-19 13:24:48,0.0
2026-02-19 13:24:49,0.0
2026-02-19 13:24:50,0.0
2026-02-19 13:24:51,0.0
2026-02-19 13:24:52,0.0
2026-02-19 13:24:53,0.0
2026-02-19 13:24:54,0.0
2026-02-19 13:24:55,0.0
2026-02-19 13:24:56,0.864696933422238
2026-02-19 13:24:57,0.846370845101774
2026-02-19 13:24:58,0.914419745095074
2026-02-19 13:24:59,0.933592615183443
2026-02-19 13:25:00,0.951843371149153
2026-02-19 13:25:01,0.999356294050813
2026-02-19 13:25:02,0.976719183381647
2026-02-19 13:25:03,0.815285457065329
2026-02-19 13:25:04,0.0
2026-02-19 13:25:05,0.0
2026-02-19 13:25:06,0.0
2026-02-19 13:25:07,0.0
2026-02-19 13:25:08,0.0
2026-02-19 13:25:09,0.0
2026-02-19 13:25:10,0.0
2026-02-19 13:25:11,0.0
2026-02-19 13:25:12,0.0
2026-02-19 13:25:13,0.0
2026-02-19 13:25:14,0.0
2026-02-19 13:25:15,-0.882941926829517
2026-02-19 13:25:16,0.0
2026-02-19 13:25:17,0.0
2026-02-19 13:25:18,-0.858737924136221
2026-02-19 13:25:19,-0.91574345715344
2026-02-19 13:25:20,-1.03717868914828
2026-02-19 13:25:21,-1.13673139130697
2026-02-19 13:25:22,-0.918981386348605
2026-02-19 13:25:23,0.0
2026-02-19 13:25:24,-0.819616595981643
2026-02-19 13:25:25,0.0
2026-02-19 13:25:26,0.0
2026-02-19 13:25:27,0.0
2026-02-19 13:25:28,0.0
2026-02-19 13:25:29,0.0
2026-02-19 13:25:30,0.0
2026-02-19 13:25:31,0.0
2026-02-19 13:25:32,0.0
2026-02-19 13:25:33,0.0
2026-02-19 13:25:34,0.0
2026-02-19 13:25:35,0.991220190189779
2026-02-19 13:25:36,1.05180374812335
2026-02-19 13:25:37,1.15928866434842
2026-02-19 13:25:38,1.01469088112935
2026-02-19 13:25:39,1.01761427940801
2026-02-19 13:25:40,1.07745970599353
2026-02-19 13:25:41,1.3242902001366
2026-02-19 13:25:42,1.1459186905995
2026-02-19 13:25:43,1.00257127778605
2026-02-19 13:25:44,1.02665405720472
2026-02-19 13:25:45,1.1769995209761
2026-02-19 13:25:46,1.1769995209761
2026-02-19 13:25:47,1.05981517117471
2026-02-19 13:25:48,
2026-02-19 13:25:49,1.02023100480437
2026-02-19 13:25:50,0.969763880129904
2026-02-19 13:25:51,0.888308440335095
2026-02-19 13:25:52,0.0
2026-02-19 13:25:53,0.0
2026-02-19 13:25:54,0.0
2026-02-19 13:25:55,0.0
2026-02-19 13:25:56,0.0
2026-02-19 13:25:57,0.0
2026-02-19 13:25:58,0.0
2026-02-19 13:25:59,0.0
2026-02-19 13:26:00,0.0
2026-02-19 13:26:01,0.0
2026-02-19 13:26:02,0.0
2026-02-19 13:26:03,0.0
2026-02-19 13:26:04,0.0
2026-02-19 13:26:05,0.0
2026-02-19 13:26:06,0.0
2026-02-19 13:26:07,0.0
2026-02-19 13:26:08,0.0
2026-02-19 13:26:09,0.0
2026-02-19 13:26:10,0.0
2026-02-19 13:26:11,0.0
2026-02-19 13:26:12,0.0
2026-02-19 13:26:13,0.0
2026-02-19 13:26:14,0.0
2026-02-19 13:26:15,0.0
2026-02-19 13:26:16,0.0
2026-02-19 13:26:17,0.0
2026-02-19 13:26:18,0.0
2026-02-19 13:26:19,0.0
2026-02-19 13:26:20,0.0
2026-02-19 13:26:21,0.0
2026-02-19 13:26:22,0.0
2026-02-19 13:26:23,0.0
2026-02-19 13:26:24,0.0
2026-02-19 13:26:25,0.0
2026-02-19 13:26:26,0.0
2026-02-19 13:26:27,0.0
2026-02-19 13:26:28,0.0
2026-02-19 13:26:29,0.0
2026-02-19 13:26:30,0.0
2026-02-19 13:26:31,0.0
2026-02-19 13:26:32,
2026-02-19 13:26:33,-0.816562859108672
2026-02-19 13:26:34,-0.846338889095932
2026-02-19 13:26:35,-0.826162757584825
2026-02-19 13:26:36,-0.835113268112764
2026-02-19 13:26:37,0.0
2026-02-19 13:26:38,0.0
2026-02-19 13:26:39,0.0
2026-02-19 13:26:40,0.0
2026-02-19 13:26:41,-0.837731250794604
2026-02-19 13:26:42,-1.09863668913022
2026-02-19 13:26:43,-1.16178322350606
2026-02-19 13:26:44,-1.2166598578915
2026-02-19 13:26:45,-1.10991317778826
2026-02-19 13:26:46,-0.861828750930727
2026-02-19 13:26:47,-0.895725900772959
2026-02-19 13:26:48,0.0
2026-02-19 13:26:49,0.0
2026-02-19 13:26:50,0.0
2026-02-19 13:26:51,0.0
2026-02-19 13:26:52,0.0
2026-02-19 13:26:53,0.0
2026-02-19 13:26:54,0.0
2026-02-19 13:26:55,0.0
2026-02-19 13:26:56,0.0
2026-02-19 13:26:57,0.0
2026-02-19 13:26:58,0.0
2026-02-19 13:26:59,0.0
2026-02-19 13:27:00,0.0
2026-02-19 13:27:01,
2026-02-19 13:27:02,-0.863095937529579
2026-02-19 13:27:03,-0.939047033898532
2026-02-19 13:27:04,-1.03956051170826
2026-02-19 13:27:05,-1.24303760239854
2026-02-19 13:27:06,-1.35146254906431
2026-02-19 13:27:07,-1.28559629665688
2026-02-19 13:27:08,-1.36768540833145
2026-02-19 13:27:09,-1.39061242807657
2026-02-19 13:27:10,-1.03761999635026
2026-02-19 13:27:11,-0.903025281149894
2026-02-19 13:27:12,0.0
2026-02-19 13:27:13,0.0
2026-02-19 13:27:14,0.0
2026-02-19 13:27:15,0.0
2026-02-19 13:27:16,0.0
2026-02-19 13:27:17,0.0
2026-02-19 13:27:18,0.0
2026-02-19 13:27:19,0.0
2026-02-19 13:27:20,0.0
2026-02-19 13:27:21,0.0
2026-02-19 13:27:22,0.0
2026-02-19 13:27:23,0.0
2026-02-19 13:27:24,0.0
2026-02-19 13:27:25,0.0
2026-02-19 13:27:26,0.0
2026-02-19 13:27:27,0.0
2026-02-19 13:27:28,0.0
2026-02-19 13:27:29,0.0
2026-02-19 13:27:30,0.0
2026-02-19 13:27:31,0.0
2026-02-19 13:27:32,0.0
2026-02-19 13:27:33,0.0
2026-02-19 13:27:34,0.0
2026-02-19 13:27:35,0.0
2026-02-19 13:27:36,0.0
2026-02-19 13:27:37,0.0
2026-02-19 13:27:38,0.0
2026-02-19 13:27:39,0.0
2026-02-19 13:27:40,0.0
2026-02-19 13:27:41,0.0
2026-02-19 13:27:42,0.0
2026-02-19 13:27:43,0.0
2026-02-19 13:27:44,0.0
2026-02-19 13:27:45,0.0
2026-02-19 13:27:46,0.0
2026-02-19 13:27:47,0.0
2026-02-19 13:27:48,0.0
2026-02-19 13:27:49,0.0
2026-02-19 13:27:50,0.0
2026-02-19 13:27:51,0.0
2026-02-19 13:27:52,0.0
2026-02-19 13:27:53,0.0
2026-02-19 13:27:54,0.0
2026-02-19 13:27:55,-0.900776206981391
2026-02-19 13:27:56,-0.900776206981391
2026-02-19 13:27:57,-1.1133233550936
2026-02-19 13:27:58,-0.929653435014188
2026-02-19 13:27:59,-0.929653435014188
2026-02-19 13:28:00,-1.1818841798231
2026-02-19 13:28:01,-1.22727794805542
2026-02-19 13:28:02,-0.984461233019829
2026-02-19 13:28:03,-1.363946555648
2026-02-19 13:28:04,-1.20995234465227
2026-02-19 13:28:05,-1.08026334783062
2026-02-19 13:28:06,0.0
2026-02-19 13:28:07,0.0
2026-02-19 13:28:08,0.0
2026-02-19 13:28:09,0.0
2026-02-19 13:28:10,0.0
2026-02-19 13:28:11,0.0
2026-02-19 13:28:12,0.0
2026-02-19 13:28:13,0.0
2026-02-19 13:28:14,0.0
2026-02-19 13:28:15,0.0
2026-02-19 13:28:16,0.0
2026-02-19 13:28:17,0.0
2026-02-19 13:28:18,0.0
2026-02-19 13:28:19,0.0
2026-02-19 13:28:20,0.0
2026-02-19 13:28:21,0.0
2026-02-19 13:28:22,0.0
2026-02-19 13:28:23,-0.91819359222427
2026-02-19 13:28:24,-1.02966567501426
2026-02-19 13:28:25,-0.869379326468334
2026-02-19 13:28:26,-1.0723365820013
2026-02-19 13:28:27,-1.12704432103783
2026-02-19 13:28:28,-1.33930774172768
2026-02-19 13:28:29,
2026-02-19 13:28:30,-1.28160410095006
2026-02-19 13:28:31,-0.910554639995098
2026-02-19 13:28:32,0.0
2026-02-19 13:28:33,0.0
2026-02-19 13:28:34,-1.00257295416668
2026-02-19 13:28:35,0.0
2026-02-19 13:28:36,-1.22293392196298
2026-02-19 13:28:37,-1.35711404727772
2026-02-19 13:28:38,-1.39760010642931
2026-02-19 13:28:39,-1.5035955584608
2026-02-19 13:28:40,-1.37777858180925
2026-02-19 13:28:41,-1.29925177898258
2026-02-19 13:28:42,-1.12558356486261
2026-02-19 13:28:43,-1.12558356486261
2026-02-19 13:28:44,-0.914802378974855
2026-02-19 13:28:45,-1.4093253412284
2026-02-19 13:28:46,-1.33236857363954
2026-02-19 13:28:47,-1.37526275357231
2026-02-19 13:28:48,-1.40579278813675
2026-02-19 13:28:49,-1.5816142084077
2026-02-19 13:28:50,-1.64505494758487
2026-02-19 13:28:51,-1.53481385204941
2026-02-19 13:28:52,-1.26811866648495
2026-02-19 13:28:53,-1.26811866648495
2026-02-19 13:28:54,-1.53077346039936
2026-02-19 13:28:55,-1.41328662866727
2026-02-19 13:28:56,-1.38824653113261
2026-02-19 13:28:57,-0.956198084168136
2026-02-19 13:28:58,0.0
2026-02-19 13:28:59,0.0
2026-02-19 13:29:00,0.0
2026-02-19 13:29:01,-0.881135312374681
2026-02-19 13:29:02,0.0
2026-02-19 13:29:03,0.0
2026-02-19 13:29:04,0.0
2026-02-19 13:29:05,0.0
2026-02-19 13:29:06,-0.900469534099102
2026-02-19 13:29:07,
2026-02-19 13:29:08,-0.861545704538003
2026-02-19 13:29:09,-0.859885930549353
2026-02-19 13:29:10,0.0
2026-02-19 13:29:11,-0.89948937529698
2026-02-19 13:29:12,0.0
2026-02-19 13:29:13,
2026-02-19 13:29:14,
2026-02-19 13:29:15,
2026-02-19 13:29:16,0.0
2026-02-19 13:29:17,0.0
2026-02-19 13:29:18,-1.05842293705791
2026-02-19 13:29:19,-1.2752702110447
2026-02-19 13:29:20,-1.08372287359089
2026-02-19 13:29:21,-1.2416215846315
2026-02-19 13:29:22,-0.969186471775174
2026-02-19 13:29:23,0.0
2026-02-19 13:29:24,0.0
2026-02-19 13:29:25,0.0
2026-02-19 13:29:26,0.0
2026-02-19 13:29:27,-1.1037583462894
2026-02-19 13:29:28,
2026-02-19 13:29:29,-1.16015849635005
2026-02-19 13:29:30,-1.23865753412247
2026-02-19 13:29:31,-0.941448973026127
2026-02-19 13:29:32,-1.63893343415111
2026-02-19 13:29:33,-1.42709162319079
2026-02-19 13:29:34,-1.40896858647466
2026-02-19 13:29:35,-1.40605954220518
2026-02-19 13:29:36,-1.68973656836897
2026-02-19 13:29:37,-1.61403069505468
2026-02-19 13:29:38,-1.55922404956073
2026-02-19 13:29:39,-0.864856032421812
2026-02-19 13:29:40,0.0
2026-02-19 13:29:41,0.0
2026-02-19 13:29:42,0.0
2026-02-19 13:29:43,-0.922633067239076
2026-02-19 13:29:44,-1.05053933802992
2026-02-19 13:29:45,-1.38199226930737
2026-02-19 13:29:46,-1.15271410904825
2026-02-19 13:29:47,-1.16864339215681
2026-02-19 13:29:48,
2026-02-19 13:29:49,-1.20803561294451
2026-02-19 13:29:50,-1.27960365498438
2026-02-19 13:29:51,-1.71897505642846
2026-02-19 13:29:52,-1.76658793352544
2026-02-19 13:29:53,-1.60817698342726
2026-02-19 13:29:54,-1.92416729405522
2026-02-19 13:29:55,-1.88227957114577
2026-02-19 13:29:56,-2.0691605983302
2026-02-19 13:29:57,-2.06570809241384
2026-02-19 13:29:58,-1.91169858444482
2026-02-19 13:29:59,-2.02710104640573
2026-02-19 13:30:00,-1.88616856466979
2026-02-19 13:30:01,-1.8008571350947
2026-02-19 13:30:02,-2.16720371972769
2026-02-19 13:30:03,-2.04901364631951
2026-02-19 13:30:04,-1.72607023268938
2026-02-19 13:30:05,-1.43000674434006
2026-02-19 13:30:06,-1.2120979023166
2026-02-19 13:30:07,-1.16730962181464
2026-02-19 13:30:08,-1.62184734363109
2026-02-19 13:30:09,-1.41161883948371
2026-02-19 13:30:10,-1.12604540772736
2026-02-19 13:30:11,-0.935758498962969
2026-02-19 13:30:12,-0.938568636775017
2026-02-19 13:30:13,0.0
2026-02-19 13:30:14,0.0
2026-02-19 13:30:15,0.0
2026-02-19 13:30:16,-1.04595276061445
2026-02-19 13:30:17,-0.958524376619607
2026-02-19 13:30:18,-1.1177416658029
2026-02-19 13:30:19,-1.24828142579645
2026-02-19 13:30:20,-1.32315539522097
2026-02-19 13:30:21,-1.21195918181911
2026-02-19 13:30:22,-1.08854058198631
2026-02-19 13:30:23,-1.11788761569187
2026-02-19 13:30:24,-1.21887372806668
2026-02-19 13:30:25,-1.23406812781468
2026-02-19 13:30:26,-1.37256587622687
2026-02-19 13:30:27,-1.35816901456565
2026-02-19 13:30:28,-1.36543465778232
2026-02-19 13:30:29,-1.34331261506304
2026-02-19 13:30:30,-1.49484359426424
2026-02-19 13:30:31,-1.98069484904408
2026-02-19 13:30:32,-2.44907999876887
2026-02-19 13:30:33,-2.29261773638427
2026-02-19 13:30:34,-2.51356679946184
2026-02-19 13:30:35,-1.98555027600378
2026-02-19 13:30:36,-1.41557310707867
2026-02-19 13:30:37,-0.919812975917011
2026-02-19 13:30:38,-0.988306745421141
2026-02-19 13:30:39,-0.861678557703272
2026-02-19 13:30:40,0.0
2026-02-19 13:30:41,0.0
2026-02-19 13:30:42,0.0
2026-02-19 13:30:43,0.0
2026-02-19 13:30:44,0.0
2026-02-19 13:30:45,
2026-02-19 13:30:46,-0.829456897918135
2026-02-19 13:30:47,
2026-02-19 13:30:48,-0.867322826525196
2026-02-19 13:30:49,-0.867322826525196
2026-02-19 13:30:50,
2026-02-19 13:30:51,-1.00778974592686
2026-02-19 13:30:52,-1.02930158609524
2026-02-19 13:30:53,-1.31817277288064
2026-02-19 13:30:54,
2026-02-19 13:30:55,-1.48753446992487
2026-02-19 13:30:56,-1.53962307376787
2026-02-19 13:30:57,-1.60640630638227
2026-02-19 13:30:58,-2.16582845896482
2026-02-19 13:30:59,-2.21907219383866
2026-02-19 13:31:00,-2.21907219383866
2026-02-19 13:31:01,-2.21847833599895
2026-02-19 13:31:02,-2.35781050287187
2026-02-19 13:31:03,-2.40290053188801
2026-02-19 13:31:04,-2.61741690337658
2026-02-19 13:31:05,-2.47953229118139
2026-02-19 13:31:06,-1.77209903486073
2026-02-19 13:31:07,-1.56664968235418
2026-02-19 13:31:08,-1.81653527542949
2026-02-19 13:31:09,-1.72241698019207
2026-02-19 13:31:10,-2.13310341350734
2026-02-19 13:31:11,-2.17638462781906
2026-02-19 13:31:12,-1.83849544264376
2026-02-19 13:31:13,-1.4904297888279
2026-02-19 13:31:14,-1.31354082841426
2026-02-19 13:31:15,-0.930376793257892
2026-02-19 13:31:16,0.0
2026-02-19 13:31:17,0.0
2026-02-19 13:31:18,0.0
2026-02-19 13:31:19,0.0
2026-02-19 13:31:20,0.0
2026-02-19 13:31:21,0.0
2026-02-19 13:31:22,0.0
2026-02-19 13:31:23,0.0
2026-02-19 13:31:24,0.0
2026-02-19 13:31:25,0.0
2026-02-19 13:31:26,0.0
2026-02-19 13:31:27,0.0
2026-02-19 13:31:28,0.0
2026-02-19 13:31:29,0.0
2026-02-19 13:31:30,0.0
2026-02-19 13:31:31,0.0
2026-02-19 13:31:32,0.0
2026-02-19 13:31:33,0.0
2026-02-19 13:31:34,0.0
2026-02-19 13:31:35,0.0
2026-02-19 13:31:36,0.0
2026-02-19 13:31:37,0.0
2026-02-19 13:31:38,0.0
2026-02-19 13:31:39,0.0
2026-02-19 13:31:40,0.0
2026-02-19 13:31:41,-1.11061757197604
2026-02-19 13:31:42,-1.18695324053988
2026-02-19 13:31:43,-0.932015350554138
2026-02-19 13:31:44,-0.937864661682397
2026-02-19 13:31:45,-1.00786780240014
2026-02-19 13:31:46,
2026-02-19 13:31:47,
2026-02-19 13:31:48,-1.01487381616607
2026-02-19 13:31:49,
2026-02-19 13:31:50,
2026-02-19 13:31:51,-1.07515992131084
2026-02-19 13:31:52,-0.943814765196294
2026-02-19 13:31:53,0.0
2026-02-19 13:31:54,0.0
2026-02-19 13:31:55,0.0
2026-02-19 13:31:56,
2026-02-19 13:31:57,0.0
2026-02-19 13:31:58,0.0
2026-02-19 13:31:59,0.0
2026-02-19 13:32:00,0.0
2026-02-19 13:32:01,
2026-02-19 13:32:02,
2026-02-19 13:32:03,0.0
2026-02-19 13:32:04,0.0
2026-02-19 13:32:05,0.0
2026-02-19 13:32:06,
2026-02-19 13:32:07,0.0
2026-02-19 13:32:08,0.0
2026-02-19 13:32:09,0.0
2026-02-19 13:32:10,0.0
2026-02-19 13:32:11,0.0
2026-02-19 13:32:12,0.0
2026-02-19 13:32:13,0.0
2026-02-19 13:32:14,-0.959492276888341
2026-02-19 13:32:15,-0.959492276888341
2026-02-19 13:32:16,0.0
2026-02-19 13:32:17,-1.01757645606995
2026-02-19 13:32:18,-1.26875265268609
2026-02-19 13:32:19,0.0
2026-02-19 13:32:20,0.0
2026-02-19 13:32:21,0.0
2026-02-19 13:32:22,0.0
2026-02-19 13:32:23,0.0
2026-02-19 13:32:24,0.0
2026-02-19 13:32:25,-0.967975705862045
2026-02-19 13:32:26,-1.13146556541324
2026-02-19 13:32:27,-1.61432238528505
2026-02-19 13:32:28,-1.57460400369018
2026-02-19 13:32:29,-1.76660805009305
2026-02-19 13:32:30,-1.74745686817914
2026-02-19 13:32:31,
2026-02-19 13:32:32,-1.54882011702284
2026-02-19 13:32:33,-1.5684888814576
2026-02-19 13:32:34,-1.98951805941761
2026-02-19 13:32:35,-2.35832829494029
2026-02-19 13:32:36,-1.94810915272683
2026-02-19 13:32:37,-1.94810915272683
2026-02-19 13:32:38,-1.93827676121145
2026-02-19 13:32:39,-2.0961974747479
2026-02-19 13:32:40,-1.68972032843158
2026-02-19 13:32:41,-1.32475350983441
2026-02-19 13:32:42,-0.83535005687736
2026-02-19 13:32:43,
2026-02-19 13:32:44,-1.03806119877845
2026-02-19 13:32:45,-1.35317947715521
2026-02-19 13:32:46,-1.36573651107028
2026-02-19 13:32:47,-1.28798210062087
2026-02-19 13:32:48,-1.43483503488824
2026-02-19 13:32:49,-1.2911232188344
2026-02-19 13:32:50,-1.0713066556491
2026-02-19 13:32:51,-1.39942673267797
2026-02-19 13:32:52,-1.18001354858279
2026-02-19 13:32:53,-1.18847843259573
2026-02-19 13:32:54,-1.05494643794373
2026-02-19 13:32:55,0.0
2026-02-19 13:32:56,-1.32634240435436
2026-02-19 13:32:57,-1.16229514824226
2026-02-19 13:32:58,-1.09061164548621
2026-02-19 13:32:59,-1.17988729616627
2026-02-19 13:33:00,-1.0724458610639
2026-02-19 13:33:01,-1.36875284370035
2026-02-19 13:33:02,-1.55933626228943
2026-02-19 13:33:03,-1.89814902842045
2026-02-19 13:33:04,-1.84398726560175
2026-02-19 13:33:05,-2.04874186310917
2026-02-19 13:33:06,-2.11279301438481
2026-02-19 13:33:07,-1.99117620941252
2026-02-19 13:33:08,-2.17402428388596
2026-02-19 13:33:09,-2.14497805573046
2026-02-19 13:33:10,-1.9064205000177
2026-02-19 13:33:11,
2026-02-19 13:33:12,-1.54897277243435
2026-02-19 13:33:13,
2026-02-19 13:33:14,-1.45305257756263
2026-02-19 13:33:15,-1.40511940699071
2026-02-19 13:33:16,-1.32598743075505
2026-02-19 13:33:17,-0.935856567230076
2026-02-19 13:33:18,-0.867754389764741
2026-02-19 13:33:19,0.0
2026-02-19 13:33:20,0.0
2026-02-19 13:33:21,0.0
2026-02-19 13:33:22,0.0
2026-02-19 13:33:23,0.0
2026-02-19 13:33:24,0.0
2026-02-19 13:33:25,0.0
2026-02-19 13:33:26,0.0
2026-02-19 13:33:27,0.0
2026-02-19 13:33:28,0.0
2026-02-19 13:33:29,-0.861269363667816
2026-02-19 13:33:30,-1.36561235412955
2026-02-19 13:33:31,-1.23243847629055
2026-02-19 13:33:32,-0.967166956979781
2026-02-19 13:33:33,-0.95681237289682
2026-02-19 13:33:34,-0.816109083825722
2026-02-19 13:33:35,-0.94127714401111
2026-02-19 13:33:36,-1.11858258023858
2026-02-19 13:33:37,-1.1041386751458
2026-02-19 13:33:38,-1.14462787751108
2026-02-19 13:33:39,0.0
2026-02-19 13:33:40,
2026-02-19 13:33:41,
2026-02-19 13:33:42,0.0
2026-02-19 13:33:43,
2026-02-19 13:33:44,
2026-02-19 13:33:45,0.0
2026-02-19 13:33:46,0.0
2026-02-19 13:33:47,0.0
2026-02-19 13:33:48,0.0
2026-02-19 13:33:49,0.0
2026-02-19 13:33:50,0.0
2026-02-19 13:33:51,
2026-02-19 13:33:52,0.0
2026-02-19 13:33:53,0.0
2026-02-19 13:33:54,0.0
2026-02-19 13:33:55,0.0
2026-02-19 13:33:56,
2026-02-19 13:33:57,-0.975389289669693
2026-02-19 13:33:58,-0.967666099313647
2026-02-19 13:33:59,-0.922670995350927
2026-02-19 13:34:00,0.0
2026-02-19 13:34:01,-0.997152901254594
2026-02-19 13:34:02,-0.997152901254594
2026-02-19 13:34:03,-0.894951727241278
2026-02-19 13:34:04,-1.04636756004766
2026-02-19 13:34:05,0.0
2026-02-19 13:34:06,0.0
2026-02-19 13:34:07,
2026-02-19 13:34:08,0.0
2026-02-19 13:34:09,0.0
2026-02-19 13:34:10,0.0
2026-02-19 13:34:11,0.0
2026-02-19 13:34:12,0.0
2026-02-19 13:34:13,0.0
2026-02-19 13:34:14,0.0
2026-02-19 13:34:15,0.0
2026-02-19 13:34:16,0.0
2026-02-19 13:34:17,
2026-02-19 13:34:18,-1.30772923585027
2026-02-19 13:34:19,-1.69542033690959
2026-02-19 13:34:20,-1.91989315208048
2026-02-19 13:34:21,
2026-02-19 13:34:22,-1.67875470360741
2026-02-19 13:34:23,-1.67875470360741
2026-02-19 13:34:24,-0.996124546509236
2026-02-19 13:34:25,
2026-02-19 13:34:26,0.0
2026-02-19 13:34:27,0.0
2026-02-19 13:34:28,0.0
2026-02-19 13:34:29,0.0
2026-02-19 13:34:30,0.0
2026-02-19 13:34:31,0.0
2026-02-19 13:34:32,0.0
2026-02-19 13:34:33,0.0
2026-02-19 13:34:34,
2026-02-19 13:34:35,0.0
2026-02-19 13:34:36,0.0
2026-02-19 13:34:37,0.0
2026-02-19 13:34:38,0.0
2026-02-19 13:34:39,0.0
2026-02-19 13:34:40,0.0
2026-02-19 13:34:41,0.0
2026-02-19 13:34:42,0.0
2026-02-19 13:34:43,0.0
2026-02-19 13:34:44,
2026-02-19 13:34:45,0.0
2026-02-19 13:34:46,0.0
2026-02-19 13:34:47,0.0
2026-02-19 13:34:48,0.0
2026-02-19 13:34:49,0.0
2026-02-19 13:34:50,0.0
2026-02-19 13:34:51,-1.00807284470648
2026-02-19 13:34:52,-0.993722397834063
2026-02-19 13:34:53,-1.1331282206811
2026-02-19 13:34:54,-0.9844109416008
2026-02-19 13:34:55,-1.45721262088045
2026-02-19 13:34:56,-1.61361118080094
2026-02-19 13:34:57,-1.70869517605752
2026-02-19 13:34:58,-2.00662217102945
2026-02-19 13:34:59,-2.22684557083994
2026-02-19 13:35:00,-1.93633027374744
2026-02-19 13:35:01,-1.68157647131011
2026-02-19 13:35:02,-1.2667705421336
2026-02-19 13:35:03,-1.20873728301376
2026-02-19 13:35:04,-1.55682378681377
2026-02-19 13:35:05,-1.55682378681377
2026-02-19 13:35:06,-1.51070278370753
2026-02-19 13:35:07,-1.39912948943675
2026-02-19 13:35:08,-1.03324537631124
2026-02-19 13:35:09,0.0
2026-02-19 13:35:10,0.0
2026-02-19 13:35:11,0.0
2026-02-19 13:35:12,-1.08856258448213
2026-02-19 13:35:13,-1.13297409843653
2026-02-19 13:35:14,-1.10499844886363
2026-02-19 13:35:15,-1.10499844886363
2026-02-19 13:35:16,-0.986252026632428
2026-02-19 13:35:17,0.0
2026-02-19 13:35:18,0.0
2026-02-19 13:35:19,-1.1962175485678
2026-02-19 13:35:20,-1.1962175485678
2026-02-19 13:35:21,
2026-02-19 13:35:22,
2026-02-19 13:35:23,-1.15920201642439
2026-02-19 13:35:24,0.0
2026-02-19 13:35:25,
2026-02-19 13:35:26,
2026-02-19 13:35:27,
2026-02-19 13:35:28,0.0
2026-02-19 13:35:29,0.0
2026-02-19 13:35:30,0.0
2026-02-19 13:35:31,0.0
2026-02-19 13:35:32,0.0
2026-02-19 13:35:33,
2026-02-19 13:35:34,0.0
2026-02-19 13:35:35,
2026-02-19 13:35:36,0.0
2026-02-19 13:35:37,0.0
2026-02-19 13:35:38,0.0
2026-02-19 13:35:39,0.0
2026-02-19 13:35:40,
2026-02-19 13:35:41,
2026-02-19 13:35:42,
2026-02-19 13:35:43,0.0
2026-02-19 13:35:44,
2026-02-19 13:35:45,0.0
2026-02-19 13:35:46,0.0
2026-02-19 13:35:47,0.0
2026-02-19 13:35:48,0.0
2026-02-19 13:35:49,0.0
2026-02-19 13:35:50,0.0
2026-02-19 13:35:51,0.0
2026-02-19 13:35:52,0.0
2026-02-19 13:35:53,-0.909384735859931
2026-02-19 13:35:54,-1.36431148275733
2026-02-19 13:35:55,-1.49462315021083
2026-02-19 13:35:56,-1.6520488075912
2026-02-19 13:35:57,-2.21842133905739
2026-02-19 13:35:58,-2.18421835452318
2026-02-19 13:35:59,-1.71099328435957
2026-02-19 13:36:00,-1.09844757243991
2026-02-19 13:36:01,-0.882895931135863
2026-02-19 13:36:02,-0.920393003616482
2026-02-19 13:36:03,0.0
2026-02-19 13:36:04,0.0
2026-02-19 13:36:05,0.0
2026-02-19 13:36:06,0.0
2026-02-19 13:36:07,0.0
2026-02-19 13:36:08,0.0
2026-02-19 13:36:09,0.0
2026-02-19 13:36:10,0.0
2026-02-19 13:36:11,0.0
2026-02-19 13:36:12,
2026-02-19 13:36:13,0.0
2026-02-19 13:36:14,0.0
2026-02-19 13:36:15,-0.919659482315183
2026-02-19 13:36:16,
2026-02-19 13:36:17,-1.78415975533426
2026-02-19 13:36:18,-1.78415975533426
2026-02-19 13:36:19,-1.60146328853443
2026-02-19 13:36:20,-1.57811507815495
2026-02-19 13:36:21,
2026-02-19 13:36:22,-1.84360987041146
2026-02-19 13:36:23,-1.97978666983545
2026-02-19 13:36:24,-2.12044171057642
2026-02-19 13:36:25,-2.16627500485629
2026-02-19 13:36:26,-2.11053262464702
2026-02-19 13:36:27,-2.02328036539257
2026-02-19 13:36:28,-2.00085605029017
2026-02-19 13:36:29,-1.72427996294573
2026-02-19 13:36:30,-1.72592428280041
2026-02-19 13:36:31,-1.93895988631994
2026-02-19 13:36:32,-1.98399166110903
2026-02-19 13:36:33,-1.57008762471378
2026-02-19 13:36:34,
2026-02-19 13:36:35,-1.3011142378673
2026-02-19 13:36:36,-1.33781702024862
2026-02-19 13:36:37,-0.87228287011385
2026-02-19 13:36:38,-0.810904602985829
2026-02-19 13:36:39,-0.810904602985829
2026-02-19 13:36:40,0.0
2026-02-19 13:36:41,0.0
2026-02-19 13:36:42,0.0
2026-02-19 13:36:43,0.0
2026-02-19 13:36:44,0.0
2026-02-19 13:36:45,-0.968098605517298
2026-02-19 13:36:46,-0.917443516664207
2026-02-19 13:36:47,-0.83811393706128
2026-02-19 13:36:48,-0.93953370815143
2026-02-19 13:36:49,-1.19479157729074
2026-02-19 13:36:50,-1.19479157729074
2026-02-19 13:36:51,-1.31916529498994
2026-02-19 13:36:52,
2026-02-19 13:36:53,
2026-02-19 13:36:54,-1.31867327727377
2026-02-19 13:36:55,
2026-02-19 13:36:56,
2026-02-19 13:36:57,
2026-02-19 13:36:58,-0.899633229710162
2026-02-19 13:36:59,
2026-02-19 13:37:00,0.0
2026-02-19 13:37:01,0.0
2026-02-19 13:37:02,
2026-02-19 13:37:03,
2026-02-19 13:37:04,
2026-02-19 13:37:05,
2026-02-19 13:37:06,0.0
2026-02-19 13:37:07,0.0
2026-02-19 13:37:08,0.0
2026-02-19 13:37:09,0.0
2026-02-19 13:37:10,
2026-02-19 13:37:11,
2026-02-19 13:37:12,-1.11720627173781
2026-02-19 13:37:13,-1.4587672543712
2026-02-19 13:37:14,-1.4587672543712
2026-02-19 13:37:15,-1.37633668491617
2026-02-19 13:37:16,-1.32234434131533
2026-02-19 13:37:17,-0.886326644103974
2026-02-19 13:37:18,
2026-02-19 13:37:19,
2026-02-19 13:37:20,-0.869979680282995
2026-02-19 13:37:21,-0.980634684674442
2026-02-19 13:37:22,-0.897552841342986
2026-02-19 13:37:23,0.0
2026-02-19 13:37:24,-0.92420446453616
2026-02-19 13:37:25,-0.851650239201263
2026-02-19 13:37:26,-1.04723257245496
2026-02-19 13:37:27,-1.03430526796728
2026-02-19 13:37:28,
2026-02-19 13:37:29,-0.876519293524325
2026-02-19 13:37:30,-1.18685318157077
2026-02-19 13:37:31,0.0
2026-02-19 13:37:32,-1.29610416479409
2026-02-19 13:37:33,
2026-02-19 13:37:34,
2026-02-19 13:37:35,-1.27612244104967
2026-02-19 13:37:36,-1.27612244104967
2026-02-19 13:37:37,-0.975651119370013
2026-02-19 13:37:38,-0.859857589239255
2026-02-19 13:37:39,-0.851931190118194
2026-02-19 13:37:40,0.0
2026-02-19 13:37:41,0.0
2026-02-19 13:37:42,
2026-02-19 13:37:43,
2026-02-19 13:37:44,
2026-02-19 13:37:45,
2026-02-19 13:37:46,
2026-02-19 13:37:47,
2026-02-19 13:37:48,
2026-02-19 13:37:49,
2026-02-19 13:37:50,
2026-02-19 13:37:51,
2026-02-19 13:37:52,0.0
2026-02-19 13:37:53,
2026-02-19 13:37:54,
2026-02-19 13:37:55,
2026-02-19 13:37:56,
2026-02-19 13:37:57,
2026-02-19 13:37:58,
2026-02-19 13:37:59,
2026-02-19 13:38:00,
2026-02-19 13:38:01,
2026-02-19 13:38:02,
2026-02-19 13:38:03,0.0
2026-02-19 13:38:04,
2026-02-19 13:38:05,
2026-02-19 13:38:06,
2026-02-19 13:38:07,0.0
2026-02-19 13:38:08,0.0
2026-02-19 13:38:09,
2026-02-19 13:38:10,
2026-02-19 13:38:11,
2026-02-19 13:38:12,0.0
2026-02-19 13:38:13,0.0
2026-02-19 13:38:14,
2026-02-19 13:38:15,0.0
2026-02-19 13:38:16,0.0
2026-02-19 13:38:17,
2026-02-19 13:38:18,
2026-02-19 13:38:19,
2026-02-19 13:38:20,
2026-02-19 13:38:21,
2026-02-19 13:38:22,
2026-02-19 13:38:23,
2026-02-19 13:38:24,
2026-02-19 13:38:25,
2026-02-19 13:38:26,0.0
2026-02-19 13:38:27,
2026-02-19 13:38:28,0.0
2026-02-19 13:38:29,
2026-02-19 13:38:30,
2026-02-19 13:38:31,
2026-02-19 13:38:32,
2026-02-19 13:38:33,
2026-02-19 13:38:34,
2026-02-19 13:38:35,
2026-02-19 13:38:36,
2026-02-19 13:38:37,
2026-02-19 13:38:38,
2026-02-19 13:38:39,0.0
2026-02-19 13:38:40,-0.886995205655694
2026-02-19 13:38:41,
2026-02-19 13:38:42,
2026-02-19 13:38:43,
2026-02-19 13:38:44,
2026-02-19 13:38:45,-0.902183947619051
2026-02-19 13:38:46,
2026-02-19 13:38:47,-0.919319072272629
2026-02-19 13:38:48,-0.899591215420514
2026-02-19 13:38:49,
2026-02-19 13:38:50,
2026-02-19 13:38:51,
2026-02-19 13:38:52,
2026-02-19 13:38:53,
2026-02-19 13:38:54,
2026-02-19 13:38:55,
2026-02-19 13:38:56,
2026-02-19 13:38:57,
2026-02-19 13:38:58,
2026-02-19 13:38:59,-0.882670877035707
2026-02-19 13:39:00,
2026-02-19 13:39:01,
2026-02-19 13:39:02,0.0
2026-02-19 13:39:03,
2026-02-19 13:39:04,
2026-02-19 13:39:05,
2026-02-19 13:39:06,
2026-02-19 13:39:07,
2026-02-19 13:39:08,0.0
2026-02-19 13:39:09,0.0
2026-02-19 13:39:10,0.0
2026-02-19 13:39:11,
2026-02-19 13:39:12,
2026-02-19 13:39:13,-0.823743949877098
2026-02-19 13:39:14,
2026-02-19 13:39:15,
2026-02-19 13:39:16,
2026-02-19 13:39:17,
2026-02-19 13:39:18,
2026-02-19 13:39:19,-2.37139128148556
2026-02-19 13:39:20,
2026-02-19 13:39:21,
2026-02-19 13:39:22,-1.90192863810807
2026-02-19 13:39:23,
2026-02-19 13:39:24,
2026-02-19 13:39:25,
2026-02-19 13:39:26,
2026-02-19 13:39:27,
2026-02-19 13:39:28,0.0
2026-02-19 13:39:29,
2026-02-19 13:39:30,
2026-02-19 13:39:31,0.0
2026-02-19 13:39:32,
2026-02-19 13:39:33,
2026-02-19 13:39:34,
2026-02-19 13:39:35,
2026-02-19 13:39:36,
2026-02-19 13:39:37,0.0
2026-02-19 13:39:38,
2026-02-19 13:39:39,
2026-02-19 13:39:40,0.0
2026-02-19 13:39:41,0.0
2026-02-19 13:39:42,
2026-02-19 13:39:43,
2026-02-19 13:39:44,0.0
2026-02-19 13:39:45,
2026-02-19 13:39:46,0.0
2026-02-19 13:39:47,0.0
2026-02-19 13:39:48,
2026-02-19 13:39:49,
2026-02-19 13:39:50,
2026-02-19 13:39:51,
2026-02-19 13:39:52,
2026-02-19 13:39:53,
2026-02-19 13:39:54,0.0
2026-02-19 13:39:55,0.0
2026-02-19 13:39:56,
2026-02-19 13:39:57,
2026-02-19 13:39:58,0.0
2026-02-19 13:39:59,0.0
2026-02-19 13:40:00,
2026-02-19 13:40:01,
2026-02-19 13:40:02,
2026-02-19 13:40:03,1.01687771966681
2026-02-19 13:40:04,
2026-02-19 13:40:05,
2026-02-19 13:40:06,
2026-02-19 13:40:07,
2026-02-19 13:40:08,0.0
2026-02-19 13:40:09,0.0
2026-02-19 13:40:10,
2026-02-19 13:40:11,
2026-02-19 13:40:12,
2026-02-19 13:40:13,
2026-02-19 13:40:14,
2026-02-19 13:40:15,0.0
2026-02-19 13:40:16,0.0
2026-02-19 13:40:17,-1.19930366054177
2026-02-19 13:40:18,-1.83538156561553
2026-02-19 13:40:19,-1.61216697888449
2026-02-19 13:40:20,-2.75878440588713
2026-02-19 13:40:21,-3.04174509365112
2026-02-19 13:40:22,-3.04174509365112
2026-02-19 13:40:23,-4.00309637188911
2026-02-19 13:40:24,
2026-02-19 13:40:25,
2026-02-19 13:40:26,-3.61509220674634
2026-02-19 13:40:27,-2.290576742962
2026-02-19 13:40:28,0.0
2026-02-19 13:40:29,
2026-02-19 13:40:30,0.0
2026-02-19 13:40:31,
2026-02-19 13:40:32,
2026-02-19 13:40:33,
2026-02-19 13:40:34,
2026-02-19 13:40:35,
2026-02-19 13:40:36,0.0
2026-02-19 13:40:37,
2026-02-19 13:40:38,
2026-02-19 13:40:39,0.0
2026-02-19 13:40:40,
2026-02-19 13:40:41,0.0
2026-02-19 13:40:42,0.0
2026-02-19 13:40:43,0.0
2026-02-19 13:40:44,0.0
2026-02-19 13:40:45,0.0
2026-02-19 13:40:46,0.0
2026-02-19 13:40:47,-1.15031311288476
2026-02-19 13:40:48,-1.06644389452413
2026-02-19 13:40:49,-1.84011273086071
2026-02-19 13:40:50,-1.91869684495032
2026-02-19 13:40:51,-1.7906900960952
2026-02-19 13:40:52,-1.82442557998002
2026-02-19 13:40:53,-1.51118442881852
2026-02-19 13:40:54,0.0
2026-02-19 13:40:55,0.0
2026-02-19 13:40:56,0.0
2026-02-19 13:40:57,0.0
2026-02-19 13:40:58,0.0
2026-02-19 13:40:59,0.0
2026-02-19 13:41:00,0.0
2026-02-19 13:41:01,0.0
2026-02-19 13:41:02,
2026-02-19 13:41:03,0.0
2026-02-19 13:41:04,0.0
2026-02-19 13:41:05,0.0
2026-02-19 13:41:06,0.0
2026-02-19 13:41:07,0.0
2026-02-19 13:41:08,0.0
2026-02-19 13:41:09,0.0
2026-02-19 13:41:10,0.0
2026-02-19 13:41:11,0.0
2026-02-19 13:41:12,0.0
2026-02-19 13:41:13,-1.22768541332334
2026-02-19 13:41:14,-1.46108097396791
2026-02-19 13:41:15,-1.52795347385108
2026-02-19 13:41:16,-1.83769601862878
2026-02-19 13:41:17,-1.94229399785399
2026-02-19 13:41:18,-2.11815156508237
2026-02-19 13:41:19,-2.13851141743362
2026-02-19 13:41:20,-2.07497722003609
2026-02-19 13:41:21,-2.17301845550537
2026-02-19 13:41:22,-1.91017056349665
2026-02-19 13:41:23,-1.64512577466667
2026-02-19 13:41:24,
2026-02-19 13:41:25,-1.36285229818895
2026-02-19 13:41:26,-1.37695359298959
2026-02-19 13:41:27,
2026-02-19 13:41:28,-1.29623513203114
2026-02-19 13:41:29,-0.855250528547913
2026-02-19 13:41:30,0.0
2026-02-19 13:41:31,0.0
2026-02-19 13:41:32,0.0
2026-02-19 13:41:33,0.0
2026-02-19 13:41:34,0.0
2026-02-19 13:41:35,0.0
2026-02-19 13:41:36,0.0
2026-02-19 13:41:37,0.0
2026-02-19 13:41:38,0.0
2026-02-19 13:41:39,0.0
2026-02-19 13:41:40,0.0
2026-02-19 13:41:41,0.0
2026-02-19 13:41:42,0.0
2026-02-19 13:41:43,0.0
2026-02-19 13:41:44,-0.832010968588293
2026-02-19 13:41:45,-0.832010968588293
2026-02-19 13:41:46,-1.15628731437027
2026-02-19 13:41:47,-1.37977295089513
2026-02-19 13:41:48,-1.12787496764213
2026-02-19 13:41:49,
2026-02-19 13:41:50,-1.12361339852214
2026-02-19 13:41:51,-1.09058471862227
2026-02-19 13:41:52,-1.47527321241796
2026-02-19 13:41:53,-1.45178439561278
2026-02-19 13:41:54,-1.61571933422238
2026-02-19 13:41:55,-1.34724990930408
2026-02-19 13:41:56,-1.10254705650732
2026-02-19 13:41:57,-1.01547322701663
2026-02-19 13:41:58,0.0
2026-02-19 13:41:59,
2026-02-19 13:42:00,
2026-02-19 13:42:01,0.0
2026-02-19 13:42:02,0.0
2026-02-19 13:42:03,0.0
2026-02-19 13:42:04,0.0
2026-02-19 13:42:05,0.0
2026-02-19 13:42:06,0.0
2026-02-19 13:42:07,0.0
2026-02-19 13:42:08,0.0
2026-02-19 13:42:09,0.0
2026-02-19 13:42:10,0.0
2026-02-19 13:42:11,-1.05508924461901
2026-02-19 13:42:12,-1.59758403897285
2026-02-19 13:42:13,-1.31343542598188
2026-02-19 13:42:14,-0.856221781577915
2026-02-19 13:42:15,-0.850611459463835
2026-02-19 13:42:16,-0.885556871071458
2026-02-19 13:42:17,-1.38833977980539
2026-02-19 13:42:18,-1.29598943749443
2026-02-19 13:42:19,-1.10065536573529
2026-02-19 13:42:20,-1.10065536573529
2026-02-19 13:42:21,0.0
2026-02-19 13:42:22,-0.933525245636702
2026-02-19 13:42:23,-0.872794375754893
2026-02-19 13:42:24,-1.25392894260585
2026-02-19 13:42:25,-1.83795837219805
2026-02-19 13:42:26,-1.80758109781891
2026-02-19 13:42:27,-1.93117037415504
2026-02-19 13:42:28,
2026-02-19 13:42:29,-1.74114969559014
2026-02-19 13:42:30,-1.58934179926291
2026-02-19 13:42:31,-1.59957945579663
2026-02-19 13:42:32,-1.70874106697738
2026-02-19 13:42:33,-1.72469256212935
2026-02-19 13:42:34,-1.61815050523728
2026-02-19 13:42:35,-1.32308016764
2026-02-19 13:42:36,-1.34572775568813
2026-02-19 13:42:37,-1.21680622687563
2026-02-19 13:42:38,-1.12631383817643
2026-02-19 13:42:39,-0.882086239289492
2026-02-19 13:42:40,0.0
2026-02-19 13:42:41,0.0
2026-02-19 13:42:42,0.0
2026-02-19 13:42:43,0.0
2026-02-19 13:42:44,0.0
2026-02-19 13:42:45,0.0
2026-02-19 13:42:46,0.0
2026-02-19 13:42:47,0.0
2026-02-19 13:42:48,0.0
2026-02-19 13:42:49,0.0
2026-02-19 13:42:50,0.0
2026-02-19 13:42:51,
2026-02-19 13:42:52,0.0
2026-02-19 13:42:53,0.0
2026-02-19 13:42:54,0.0
2026-02-19 13:42:55,0.0
2026-02-19 13:42:56,0.0
2026-02-19 13:42:57,0.0
2026-02-19 13:42:58,
2026-02-19 13:42:59,0.0
2026-02-19 13:43:00,0.0
2026-02-19 13:43:01,0.0
2026-02-19 13:43:02,0.0
2026-02-19 13:43:03,0.0
2026-02-19 13:43:04,0.0
2026-02-19 13:43:05,0.0
2026-02-19 13:43:06,0.0
2026-02-19 13:43:07,0.0
2026-02-19 13:43:08,0.0
2026-02-19 13:43:09,0.0
2026-02-19 13:43:10,0.0
2026-02-19 13:43:11,0.0
2026-02-19 13:43:12,0.0
2026-02-19 13:43:13,0.0
2026-02-19 13:43:14,0.0
2026-02-19 13:43:15,0.0
2026-02-19 13:43:16,0.0
2026-02-19 13:43:17,0.0
2026-02-19 13:43:18,0.0
2026-02-19 13:43:19,0.0
2026-02-19 13:43:20,0.0
2026-02-19 13:43:21,0.0
2026-02-19 13:43:22,0.0
2026-02-19 13:43:23,0.0
2026-02-19 13:43:24,0.0
2026-02-19 13:43:25,
2026-02-19 13:43:26,0.0
2026-02-19 13:43:27,0.0
2026-02-19 13:43:28,0.0
2026-02-19 13:43:29,0.0
2026-02-19 13:43:30,0.0
2026-02-19 13:43:31,0.0
2026-02-19 13:43:32,0.0
2026-02-19 13:43:33,0.0
2026-02-19 13:43:34,0.0
2026-02-19 13:43:35,0.0
2026-02-19 13:43:36,
2026-02-19 13:43:37,0.0
2026-02-19 13:43:38,0.0
2026-02-19 13:43:39,0.0
2026-02-19 13:43:40,0.0
2026-02-19 13:43:41,0.0
2026-02-19 13:43:42,0.0
2026-02-19 13:43:43,0.0
2026-02-19 13:43:44,0.0
2026-02-19 13:43:45,0.0
2026-02-19 13:43:46,0.0
2026-02-19 13:43:47,
2026-02-19 13:43:48,0.0
2026-02-19 13:43:49,0.0
2026-02-19 13:43:50,0.0
2026-02-19 13:43:51,0.0
2026-02-19 13:43:52,0.0
2026-02-19 13:43:53,0.0
2026-02-19 13:43:54,0.0
2026-02-19 13:43:55,
2026-02-19 13:43:56,
2026-02-19 13:43:57,0.0
2026-02-19 13:43:58,0.0
2026-02-19 13:43:59,0.0
2026-02-19 13:44:00,
2026-02-19 13:44:01,
2026-02-19 13:44:02,-1.09537350945175
2026-02-19 13:44:03,-1.05921649374068
2026-02-19 13:44:04,
2026-02-19 13:44:05,0.0
2026-02-19 13:44:06,0.0
2026-02-19 13:44:07,0.0
2026-02-19 13:44:08,
2026-02-19 13:44:09,0.0
2026-02-19 13:44:10,0.0
2026-02-19 13:44:11,0.0
2026-02-19 13:44:12,0.0
2026-02-19 13:44:13,0.0
2026-02-19 13:44:14,-0.992398161906749
2026-02-19 13:44:15,-1.15885039558634
2026-02-19 13:44:16,-1.57167295692489
2026-02-19 13:44:17,-1.57167295692489
2026-02-19 13:44:18,-1.6775963245891
2026-02-19 13:44:19,
2026-02-19 13:44:20,-2.20029128249735
2026-02-19 13:44:21,
2026-02-19 13:44:22,
2026-02-19 13:44:23,-2.24976839963347
2026-02-19 13:44:24,-2.33234167098999
2026-02-19 13:44:25,
2026-02-19 13:44:26,
2026-02-19 13:44:27,
2026-02-19 13:44:28,-2.2744101472199
2026-02-19 13:44:29,-2.05063575413078
2026-02-19 13:44:30,-1.92176923155785
2026-02-19 13:44:31,-1.29128320841119
2026-02-19 13:44:32,-0.882129091769457
2026-02-19 13:44:33,-1.07211634749547
2026-02-19 13:44:34,0.0
2026-02-19 13:44:35,
2026-02-19 13:44:36,
2026-02-19 13:44:37,0.0
2026-02-19 13:44:38,0.0
2026-02-19 13:44:39,0.0
2026-02-19 13:44:40,0.0
2026-02-19 13:44:41,
2026-02-19 13:44:42,
2026-02-19 13:44:43,
2026-02-19 13:44:44,
2026-02-19 13:44:45,0.0
2026-02-19 13:44:46,
2026-02-19 13:44:47,
2026-02-19 13:44:48,
2026-02-19 13:44:49,0.0
2026-02-19 13:44:50,0.0
2026-02-19 13:44:51,0.0
2026-02-19 13:44:52,
2026-02-19 13:44:53,0.0
2026-02-19 13:44:54,
2026-02-19 13:44:55,0.0
2026-02-19 13:44:56,0.0
2026-02-19 13:44:57,
2026-02-19 13:44:58,
2026-02-19 13:44:59,
2026-02-19 13:45:00,
2026-02-19 13:45:01,
2026-02-19 13:45:02,
2026-02-19 13:45:03,-0.853439461207017
2026-02-19 13:45:04,0.0
2026-02-19 13:45:05,0.0
2026-02-19 13:45:06,
2026-02-19 13:45:07,
2026-02-19 13:45:08,
2026-02-19 13:45:09,
2026-02-19 13:45:10,
2026-02-19 13:45:11,
2026-02-19 13:45:12,
2026-02-19 13:45:13,
2026-02-19 13:45:14,0.0
2026-02-19 13:45:15,0.0
2026-02-19 13:45:16,0.0
2026-02-19 13:45:17,0.0
2026-02-19 13:45:18,-1.38395541580394
2026-02-19 13:45:19,-1.38395541580394
2026-02-19 13:45:20,
2026-02-19 13:45:21,-1.89605983905494
2026-02-19 13:45:22,
2026-02-19 13:45:23,
2026-02-19 13:45:24,
2026-02-19 13:45:25,-2.12988874409348
2026-02-19 13:45:26,-2.28887521661818
2026-02-19 13:45:27,-2.50330190174282
2026-02-19 13:45:28,-2.29547282215208
2026-02-19 13:45:29,-1.39358286978677
2026-02-19 13:45:30,-1.45126251736656
2026-02-19 13:45:31,-0.947009737137705
2026-02-19 13:45:32,
2026-02-19 13:45:33,0.0
2026-02-19 13:45:34,
2026-02-19 13:45:35,0.0
2026-02-19 13:45:36,-0.959164754021913
2026-02-19 13:45:37,-1.09682242618874
2026-02-19 13:45:38,-1.18674798868597
2026-02-19 13:45:39,-1.18674798868597
2026-02-19 13:45:40,0.0
2026-02-19 13:45:41,0.0
2026-02-19 13:45:42,0.0
2026-02-19 13:45:43,-0.857802137034014
2026-02-19 13:45:44,0.0
2026-02-19 13:45:45,-1.21322128688917
2026-02-19 13:45:46,-1.09388970304281
2026-02-19 13:45:47,-0.865237828111276
2026-02-19 13:45:48,-1.26037389272824
2026-02-19 13:45:49,-2.13033403269947
2026-02-19 13:45:50,-2.519999910146
2026-02-19 13:45:51,-2.77345734648407
2026-02-19 13:45:52,-2.86686716135591
2026-02-19 13:45:53,-3.0426932964474
2026-02-19 13:45:54,-2.9628271702677
2026-02-19 13:45:55,-2.83058295026422
2026-02-19 13:45:56,
2026-02-19 13:45:57,-2.46483818627894
2026-02-19 13:45:58,-2.51507218927145
2026-02-19 13:45:59,
2026-02-19 13:46:00,-1.74449962796643
2026-02-19 13:46:01,-1.32641721284017
2026-02-19 13:46:02,-1.04257527273148
2026-02-19 13:46:03,-1.08314536046237
2026-02-19 13:46:04,-1.05568519793451
2026-02-19 13:46:05,-1.16858702385798
2026-02-19 13:46:06,-1.23242925619707
2026-02-19 13:46:07,-1.64108119206503
2026-02-19 13:46:08,-1.33211355423555
2026-02-19 13:46:09,-1.13946546334773
2026-02-19 13:46:10,-1.2680079205893
2026-02-19 13:46:11,-1.64057293441147
2026-02-19 13:46:12,-1.72742768190801
2026-02-19 13:46:13,
2026-02-19 13:46:14,-2.18949895352125
2026-02-19 13:46:15,-2.31305805500597
2026-02-19 13:46:16,-1.96096510626376
2026-02-19 13:46:17,
2026-02-19 13:46:18,
2026-02-19 13:46:19,-1.74188332166523
2026-02-19 13:46:20,-1.36080721858889
2026-02-19 13:46:21,-1.08337764395401
2026-02-19 13:46:22,-1.05296506080776
2026-02-19 13:46:23,-0.920883659273386
2026-02-19 13:46:24,-0.920883659273386
2026-02-19 13:46:25,
2026-02-19 13:46:26,0.0
2026-02-19 13:46:27,-0.993097422178835
2026-02-19 13:46:28,-1.26519380137324
2026-02-19 13:46:29,-1.00210880627856
2026-02-19 13:46:30,0.0
2026-02-19 13:46:31,0.0
2026-02-19 13:46:32,0.0
2026-02-19 13:46:33,0.0
2026-02-19 13:46:34,-0.840806413907558
2026-02-19 13:46:35,-0.965366628952324
2026-02-19 13:46:36,
2026-02-19 13:46:37,-0.922207580879331
2026-02-19 13:46:38,-0.90610709739849
2026-02-19 13:46:39,-0.902025529649109
2026-02-19 13:46:40,0.0
2026-02-19 13:46:41,0.0
2026-02-19 13:46:42,0.0
2026-02-19 13:46:43,0.0
2026-02-19 13:46:44,-1.28799519734457
2026-02-19 13:46:45,-1.44883941393346
2026-02-19 13:46:46,-1.16255938773975
2026-02-19 13:46:47,
2026-02-19 13:46:48,-1.26770198112354
2026-02-19 13:46:49,
2026-02-19 13:46:50,
2026-02-19 13:46:51,-1.34040189441293
2026-02-19 13:46:52,-1.11298776464537
2026-02-19 13:46:53,-0.982769555412233
2026-02-19 13:46:54,-1.10557805746794
2026-02-19 13:46:55,-1.89143135212362
2026-02-19 13:46:56,-1.93385405000299
2026-02-19 13:46:57,-1.63802263559774
2026-02-19 13:46:58,
2026-02-19 13:46:59,
2026-02-19 13:47:00,-1.41753070056438
2026-02-19 13:47:01,-1.41937608132139
2026-02-19 13:47:02,-0.93026248505339
2026-02-19 13:47:03,-0.93026248505339
2026-02-19 13:47:04,-0.860406918218359
2026-02-19 13:47:05,0.0
2026-02-19 13:47:06,0.0
2026-02-19 13:47:07,0.0
2026-02-19 13:47:08,0.0
2026-02-19 13:47:09,-0.849292409839109
2026-02-19 13:47:10,-1.23675704235211
2026-02-19 13:47:11,-1.43695209408179
2026-02-19 13:47:12,-1.92419139202684
2026-02-19 13:47:13,
2026-02-19 13:47:14,-1.70566490851343
2026-02-19 13:47:15,-1.60980621585622
2026-02-19 13:47:16,-1.46007629809901
2026-02-19 13:47:17,-1.33877412881702
2026-02-19 13:47:18,-1.08495930908248
2026-02-19 13:47:19,-0.909003044944257
2026-02-19 13:47:20,-1.01426476612687
2026-02-19 13:47:21,-0.921144965104759
2026-02-19 13:47:22,-1.19696877663955
2026-02-19 13:47:23,-0.933019502554089
2026-02-19 13:47:24,-1.0796403628774
2026-02-19 13:47:25,-1.39079326763749
2026-02-19 13:47:26,0.0
2026-02-19 13:47:27,0.0
2026-02-19 13:47:28,-0.977817527018487
2026-02-19 13:47:29,-1.08334684045985
2026-02-19 13:47:30,-1.03287667734548
2026-02-19 13:47:31,-1.10256979241967
2026-02-19 13:47:32,-1.16561050526798
2026-02-19 13:47:33,-1.30846841493621
2026-02-19 13:47:34,-1.45521814702079
2026-02-19 13:47:35,-1.70589415356517
2026-02-19 13:47:36,-1.69817211572081
2026-02-19 13:47:37,-1.64882072713226
2026-02-19 13:47:38,
2026-02-19 13:47:39,-1.87673892360181
2026-02-19 13:47:40,-1.93428320344537
2026-02-19 13:47:41,-1.86825832352042
2026-02-19 13:47:42,-1.50072632823139
2026-02-19 13:47:43,-1.26041915500537
2026-02-19 13:47:44,-1.48817243753001
2026-02-19 13:47:45,-1.56833790242672
2026-02-19 13:47:46,-1.15821860963479
2026-02-19 13:47:47,-0.837689341278747
2026-02-19 13:47:48,-0.837689341278747
2026-02-19 13:47:49,-1.14412726834416
2026-02-19 13:47:50,-1.07238184427842
2026-02-19 13:47:51,-0.829765928210691
2026-02-19 13:47:52,0.0
2026-02-19 13:47:53,0.0
2026-02-19 13:47:54,0.0
2026-02-19 13:47:55,0.0
2026-02-19 13:47:56,0.0
2026-02-19 13:47:57,-0.901426223572344
2026-02-19 13:47:58,-0.842464197194204
2026-02-19 13:47:59,-0.842464197194204
2026-02-19 13:48:00,-1.01472755195573
2026-02-19 13:48:01,
2026-02-19 13:48:02,
2026-02-19 13:48:03,-1.04648165870458
2026-02-19 13:48:04,-1.09078892273828
2026-02-19 13:48:05,-1.16608837852255
2026-02-19 13:48:06,-1.06548510957509
2026-02-19 13:48:07,-1.04558542370796
2026-02-19 13:48:08,-1.12392688170075
2026-02-19 13:48:09,-0.81133297062479
2026-02-19 13:48:10,-0.81133297062479
2026-02-19 13:48:11,-0.956846110057086
2026-02-19 13:48:12,-0.944783398881555
2026-02-19 13:48:13,-0.83119158516638
2026-02-19 13:48:14,-0.825067085679621
2026-02-19 13:48:15,0.0
2026-02-19 13:48:16,-1.05493899900466
2026-02-19 13:48:17,-0.876560364849865
2026-02-19 13:48:18,-0.869028281886131
2026-02-19 13:48:19,-0.914339907467365
2026-02-19 13:48:20,0.0
2026-02-19 13:48:21,0.0
2026-02-19 13:48:22,0.0
2026-02-19 13:48:23,0.0
2026-02-19 13:48:24,-1.00780766224489
2026-02-19 13:48:25,-1.07307303696871
2026-02-19 13:48:26,0.0
2026-02-19 13:48:27,0.0
2026-02-19 13:48:28,-0.988646317273378
2026-02-19 13:48:29,-0.914120301604271
2026-02-19 13:48:30,-1.23696679947898
2026-02-19 13:48:31,-1.27185636665672
2026-02-19 13:48:32,-1.47926802746952
2026-02-19 13:48:33,-1.54556971974671
2026-02-19 13:48:34,-1.65571976685897
2026-02-19 13:48:35,-1.83567744679749
2026-02-19 13:48:36,-1.68286403641105
2026-02-19 13:48:37,-1.61140076816082
2026-02-19 13:48:38,
2026-02-19 13:48:39,-1.94396262522787
2026-02-19 13:48:40,-1.78803764283657
2026-02-19 13:48:41,-1.7002220149152
2026-02-19 13:48:42,-1.67826216202229
2026-02-19 13:48:43,-1.53155936859548
2026-02-19 13:48:44,-1.2559256167151
2026-02-19 13:48:45,-0.921585853211582
2026-02-19 13:48:46,-0.885891413781792
2026-02-19 13:48:47,0.0
2026-02-19 13:48:48,0.0
2026-02-19 13:48:49,0.0
2026-02-19 13:48:50,0.0
2026-02-19 13:48:51,0.0
2026-02-19 13:48:52,0.0
2026-02-19 13:48:53,0.0
2026-02-19 13:48:54,0.0
2026-02-19 13:48:55,0.0
2026-02-19 13:48:56,0.0
2026-02-19 13:48:57,0.0
2026-02-19 13:48:58,0.0
2026-02-19 13:48:59,0.0
2026-02-19 13:49:00,0.0
2026-02-19 13:49:01,0.0
2026-02-19 13:49:02,0.0
2026-02-19 13:49:03,0.0
2026-02-19 13:49:04,-1.14384416956455
2026-02-19 13:49:05,-1.23090500710532
2026-02-19 13:49:06,-1.41749947797507
2026-02-19 13:49:07,-1.53232620796189
2026-02-19 13:49:08,
2026-02-19 13:49:09,
2026-02-19 13:49:10,-1.65487591875717
2026-02-19 13:49:11,-1.48539792280644
2026-02-19 13:49:12,-1.48162114201114
2026-02-19 13:49:13,-1.46366542903706
2026-02-19 13:49:14,-1.31556160049513
2026-02-19 13:49:15,-1.31556160049513
2026-02-19 13:49:16,-1.26073012361303
2026-02-19 13:49:17,
2026-02-19 13:49:18,-1.08278829138726
2026-02-19 13:49:19,-0.94564170576632
2026-02-19 13:49:20,0.0
2026-02-19 13:49:21,0.0
2026-02-19 13:49:22,0.0
2026-02-19 13:49:23,0.0
2026-02-19 13:49:24,0.0
2026-02-19 13:49:25,0.0
2026-02-19 13:49:26,0.0
2026-02-19 13:49:27,0.0
2026-02-19 13:49:28,0.0
2026-02-19 13:49:29,0.0
2026-02-19 13:49:30,0.0
2026-02-19 13:49:31,0.0
2026-02-19 13:49:32,0.0
2026-02-19 13:49:33,0.0
2026-02-19 13:49:34,-0.848158390726894
2026-02-19 13:49:35,0.0
2026-02-19 13:49:36,0.0
2026-02-19 13:49:37,0.0
2026-02-19 13:49:38,
2026-02-19 13:49:39,
2026-02-19 13:49:40,-0.814287224784493
2026-02-19 13:49:41,0.0
2026-02-19 13:49:42,-0.951951183378696
2026-02-19 13:49:43,-1.24714829726145
2026-02-19 13:49:44,-1.24714829726145
2026-02-19 13:49:45,-1.19766468415037
2026-02-19 13:49:46,-1.27697456628084
2026-02-19 13:49:47,-1.18203914025798
2026-02-19 13:49:48,-1.65910196956247
2026-02-19 13:49:49,-1.69456842122599
2026-02-19 13:49:50,-1.57676066737622
2026-02-19 13:49:51,
2026-02-19 13:49:52,-1.52584773022681
2026-02-19 13:49:53,-1.66819340083748
2026-02-19 13:49:54,-1.81637371424586
2026-02-19 13:49:55,-1.81637371424586
2026-02-19 13:49:56,-1.84844811446965
2026-02-19 13:49:57,-1.8673752900213
2026-02-19 13:49:58,-1.88353015109897
2026-02-19 13:49:59,-2.0281049888581
2026-02-19 13:50:00,-1.85070431325585
2026-02-19 13:50:01,-1.56994974240661
2026-02-19 13:50:02,-1.53634543530643
2026-02-19 13:50:03,-1.53804580913857
2026-02-19 13:50:04,-1.47535294527188
2026-02-19 13:50:05,-1.97246067691594
2026-02-19 13:50:06,-1.9426875282079
2026-02-19 13:50:07,-2.08157734014094
2026-02-19 13:50:08,-1.92240227479488
2026-02-19 13:50:09,-1.79414113517851
2026-02-19 13:50:10,-1.76259730942547
2026-02-19 13:50:11,-1.30545847350731
2026-02-19 13:50:12,-1.49040893884376
2026-02-19 13:50:13,-1.77049285266548
2026-02-19 13:50:14,-1.55285820364952
2026-02-19 13:50:15,-1.98405159171671
2026-02-19 13:50:16,-1.99385925661772
2026-02-19 13:50:17,-1.98042641859502
2026-02-19 13:50:18,-1.98042641859502
2026-02-19 13:50:19,-1.68241015635431
2026-02-19 13:50:20,-1.58925462746993
2026-02-19 13:50:21,-1.51559645310044
2026-02-19 13:50:22,-1.3211042387411
2026-02-19 13:50:23,-1.24621402937919
2026-02-19 13:50:24,-1.34445747826248
2026-02-19 13:50:25,-1.47740682587028
2026-02-19 13:50:26,
2026-02-19 13:50:27,-1.47093337727711
2026-02-19 13:50:28,-1.62381530972198
2026-02-19 13:50:29,-1.68632639106363
2026-02-19 13:50:30,
2026-02-19 13:50:31,-1.76991240587085
2026-02-19 13:50:32,-1.55866162385792
2026-02-19 13:50:33,-1.46930131595582
2026-02-19 13:50:34,-1.27112598856911
2026-02-19 13:50:35,-1.25697010662407
2026-02-19 13:50:36,-1.61110467743129
2026-02-19 13:50:37,-1.6725011751987
2026-02-19 13:50:38,-1.6819974523969
2026-02-19 13:50:39,-1.54244787991047
2026-02-19 13:50:40,-1.44129852997139
2026-02-19 13:50:41,-1.56787752639502
2026-02-19 13:50:42,-1.28686877433211
2026-02-19 13:50:43,-1.21923729311675
2026-02-19 13:50:44,-1.36229856871068
2026-02-19 13:50:45,-1.40021725092083
2026-02-19 13:50:46,-1.31180294556543
2026-02-19 13:50:47,-1.16206380771473
2026-02-19 13:50:48,-1.18924977723509
2026-02-19 13:50:49,-1.29284245194867
2026-02-19 13:50:50,-1.18947346927598
2026-02-19 13:50:51,-0.834224472055212
2026-02-19 13:50:52,-0.890935433562845
2026-02-19 13:50:53,-1.02843479253352
2026-02-19 13:50:54,-1.02843479253352
2026-02-19 13:50:55,-1.01046022027731
2026-02-19 13:50:56,-1.2560066068545
2026-02-19 13:50:57,-0.911827327217907
2026-02-19 13:50:58,-0.983571074903011
2026-02-19 13:50:59,-0.976216059643775
2026-02-19 13:51:00,-0.861424638424069
2026-02-19 13:51:01,0.0
2026-02-19 13:51:02,-0.820064189611003
2026-02-19 13:51:03,-1.02294370299205
2026-02-19 13:51:04,-1.0275213746354
2026-02-19 13:51:05,-1.03646696079522
2026-02-19 13:51:06,-1.05102454544976
2026-02-19 13:51:07,-1.07592288404703
2026-02-19 13:51:08,-1.3234464568086
2026-02-19 13:51:09,-1.39535983325914
2026-02-19 13:51:10,-1.60738300764933
2026-02-19 13:51:11,-1.67280302848667
2026-02-19 13:51:12,-1.48126292042434
2026-02-19 13:51:13,-1.4057335909456
2026-02-19 13:51:14,-1.44994833972305
2026-02-19 13:51:15,-1.8493996700272
2026-02-19 13:51:16,-1.63527756230906
2026-02-19 13:51:17,-1.30606532329693
2026-02-19 13:51:18,-1.27483833348379
2026-02-19 13:51:19,-1.36445167008787
2026-02-19 13:51:20,-1.20019078021869
2026-02-19 13:51:21,-1.11073512816802
2026-02-19 13:51:22,-1.11073512816802
2026-02-19 13:51:23,-1.58527458552271
2026-02-19 13:51:24,-1.68098177528009
2026-02-19 13:51:25,-1.68098177528009
2026-02-19 13:51:26,-1.8057519569993
2026-02-19 13:51:27,-1.70944116543978
2026-02-19 13:51:28,-1.70944116543978
2026-02-19 13:51:29,-1.49174365215003
2026-02-19 13:51:30,-1.78066387306899
2026-02-19 13:51:31,-1.68675858294591
2026-02-19 13:51:32,
2026-02-19 13:51:33,-1.72323358710855
2026-02-19 13:51:34,-1.18183325976133
2026-02-19 13:51:35,0.0
2026-02-19 13:51:36,0.0
2026-02-19 13:51:37,-1.08368620276451
2026-02-19 13:51:38,-1.49891206528991
2026-02-19 13:51:39,-2.00991353485733
2026-02-19 13:51:40,-2.00991353485733
2026-02-19 13:51:41,-2.08824640139937
2026-02-19 13:51:42,-1.96023944299668
2026-02-19 13:51:43,-2.16758111491799
2026-02-19 13:51:44,
2026-02-19 13:51:45,-2.74165640585124
2026-02-19 13:51:46,-3.16471725236624
2026-02-19 13:51:47,-2.97403293661773
2026-02-19 13:51:48,-2.60009779594839
2026-02-19 13:51:49,
2026-02-19 13:51:50,-2.43514110334218
2026-02-19 13:51:51,-2.26794895716012
2026-02-19 13:51:52,-1.69673053314909
2026-02-19 13:51:53,-1.39400919433683
2026-02-19 13:51:54,-0.950656493660063
2026-02-19 13:51:55,0.0
2026-02-19 13:51:56,0.0
2026-02-19 13:51:57,0.0
2026-02-19 13:51:58,
2026-02-19 13:51:59,
2026-02-19 13:52:00,0.0
2026-02-19 13:52:01,0.0
2026-02-19 13:52:02,0.0
2026-02-19 13:52:03,-0.965184008236974
2026-02-19 13:52:04,-0.965184008236974
2026-02-19 13:52:05,-0.938687869347632
2026-02-19 13:52:06,-0.943369686137885
2026-02-19 13:52:07,-1.0779112810269
2026-02-19 13:52:08,-1.38896674616262
2026-02-19 13:52:09,-1.53078896692023
2026-02-19 13:52:10,-1.28677405882627
2026-02-19 13:52:11,-1.27134779468179
2026-02-19 13:52:12,-1.15266958018765
2026-02-19 13:52:13,-1.15220543229952
2026-02-19 13:52:14,-1.15220543229952
2026-02-19 13:52:15,-1.19305400876328
2026-02-19 13:52:16,-1.08958632918075
2026-02-19 13:52:17,-1.08958632918075
2026-02-19 13:52:18,-1.5451418235898
2026-02-19 13:52:19,-1.71049990458414
2026-02-19 13:52:20,-1.77075122483075
2026-02-19 13:52:21,-1.77715625613928
2026-02-19 13:52:22,-1.839221525006
2026-02-19 13:52:23,-1.8028654390946
2026-02-19 13:52:24,-1.6328772995621
2026-02-19 13:52:25,-1.71580062014982
2026-02-19 13:52:26,-1.920181280002
2026-02-19 13:52:27,-1.97472316212952
2026-02-19 13:52:28,-1.80565514601767
2026-02-19 13:52:29,-1.82604119181633
2026-02-19 13:52:30,
2026-02-19 13:52:31,-1.62095844279975
2026-02-19 13:52:32,-1.98357235640287
2026-02-19 13:52:33,
2026-02-19 13:52:34,-1.91125790588558
2026-02-19 13:52:35,-1.67375688906759
2026-02-19 13:52:36,-1.67375688906759
2026-02-19 13:52:37,-2.26195359136909
2026-02-19 13:52:38,
2026-02-19 13:52:39,-2.01644136104733
2026-02-19 13:52:40,-1.9529243465513
2026-02-19 13:52:41,-2.2736553568393
2026-02-19 13:52:42,-2.60395682416856
2026-02-19 13:52:43,-2.57877151016146
2026-02-19 13:52:44,-2.654406032525
2026-02-19 13:52:45,-2.654406032525
2026-02-19 13:52:46,-2.47165015898645
2026-02-19 13:52:47,-2.40073213353753
2026-02-19 13:52:48,-2.49843788333237
2026-02-19 13:52:49,-2.02627941034734
2026-02-19 13:52:50,-1.7888781381771
2026-02-19 13:52:51,-1.74966675695032
2026-02-19 13:52:52,-1.20302952127531
2026-02-19 13:52:53,-0.973921513650566
2026-02-19 13:52:54,-0.875866657588631
2026-02-19 13:52:55,-1.01636579493061
2026-02-19 13:52:56,-1.1742931092158
2026-02-19 13:52:57,-1.14564900286496
2026-02-19 13:52:58,-1.24759830068797
2026-02-19 13:52:59,-1.34968768106773
2026-02-19 13:53:00,-1.37545396573842
2026-02-19 13:53:01,-1.92643627524376
2026-02-19 13:53:02,-1.74942881567404
2026-02-19 13:53:03,-1.74942881567404
2026-02-19 13:53:04,-1.49932759813964
2026-02-19 13:53:05,-1.92513791844249
2026-02-19 13:53:06,-1.92513791844249
2026-02-19 13:53:07,-2.16659393627197
2026-02-19 13:53:08,-2.22148241009563
2026-02-19 13:53:09,-2.35025526490062
2026-02-19 13:53:10,-2.01910575851798
2026-02-19 13:53:11,-1.90482835751027
2026-02-19 13:53:12,-1.70103191630915
2026-02-19 13:53:13,-1.53306538704783
2026-02-19 13:53:14,-1.3065816485323
2026-02-19 13:53:15,-1.10922146122903
2026-02-19 13:53:16,-1.14264744333923
2026-02-19 13:53:17,-1.08062125509605
2026-02-19 13:53:18,-0.969041255302727
2026-02-19 13:53:19,0.0
2026-02-19 13:53:20,0.0
2026-02-19 13:53:21,0.0
2026-02-19 13:53:22,0.0
2026-02-19 13:53:23,0.0
2026-02-19 13:53:24,0.0
2026-02-19 13:53:25,
2026-02-19 13:53:26,0.0
2026-02-19 13:53:27,
2026-02-19 13:53:28,0.0
2026-02-19 13:53:29,0.0
2026-02-19 13:53:30,0.0
2026-02-19 13:53:31,-0.950127281248569
2026-02-19 13:53:32,-0.979320192709565
2026-02-19 13:53:33,-0.997931999154389
2026-02-19 13:53:34,0.0
2026-02-19 13:53:35,0.0
2026-02-19 13:53:36,0.0
2026-02-19 13:53:37,0.0
2026-02-19 13:53:38,0.0
2026-02-19 13:53:39,0.0
2026-02-19 13:53:40,0.0
2026-02-19 13:53:41,
2026-02-19 13:53:42,-1.01935006678104
2026-02-19 13:53:43,0.0
2026-02-19 13:53:44,-1.21068356093019
2026-02-19 13:53:45,-1.21068356093019
2026-02-19 13:53:46,-1.13391444319859
2026-02-19 13:53:47,-1.34947216138244
2026-02-19 13:53:48,-1.46444180281833
2026-02-19 13:53:49,-1.69660260435194
2026-02-19 13:53:50,
2026-02-19 13:53:51,-1.96718007791787
2026-02-19 13:53:52,-1.8692540936172
2026-02-19 13:53:53,-1.89301196951419
2026-02-19 13:53:54,-1.6922636074014
2026-02-19 13:53:55,-1.7532961210236
2026-02-19 13:53:56,-1.96660235524178
2026-02-19 13:53:57,-1.71902691945434
2026-02-19 13:53:58,-1.85716613195837
2026-02-19 13:53:59,
2026-02-19 13:54:00,-1.84653201140463
2026-02-19 13:54:01,-1.7115687020123
2026-02-19 13:54:02,-1.64597549010068
2026-02-19 13:54:03,-1.71434887452051
2026-02-19 13:54:04,-1.70692104147747
2026-02-19 13:54:05,-1.47419928107411
2026-02-19 13:54:06,0.0
2026-02-19 13:54:07,-0.909408938605338
2026-02-19 13:54:08,0.0
2026-02-19 13:54:09,0.0
2026-02-19 13:54:10,0.0
2026-02-19 13:54:11,0.0
2026-02-19 13:54:12,-0.91377591015771
2026-02-19 13:54:13,-1.01504093036056
2026-02-19 13:54:14,-0.951616640668362
2026-02-19 13:54:15,-1.35917851002887
2026-02-19 13:54:16,-1.70643415767699
2026-02-19 13:54:17,-1.96596868336201
2026-02-19 13:54:18,-1.94862002972513
2026-02-19 13:54:19,-2.11242253426462
2026-02-19 13:54:20,-1.85532378964126
2026-02-19 13:54:21,-2.31004811357707
2026-02-19 13:54:22,-2.33816688414663
2026-02-19 13:54:23,-2.22494036424905
2026-02-19 13:54:24,
2026-02-19 13:54:25,-2.04128636978567
2026-02-19 13:54:26,-1.98155022226274
2026-02-19 13:54:27,-1.61375199677423
2026-02-19 13:54:28,-1.64048974402249
2026-02-19 13:54:29,-1.72192401951179
2026-02-19 13:54:30,-1.5926158754155
2026-02-19 13:54:31,-1.81032512336969
2026-02-19 13:54:32,-1.78038035519421
2026-02-19 13:54:33,-1.61597131518647
2026-02-19 13:54:34,-1.78013266995549
2026-02-19 13:54:35,-1.97995242197067
2026-02-19 13:54:36,-1.84461800381541
2026-02-19 13:54:37,-1.64420439396054
2026-02-19 13:54:38,-1.3246382586658
2026-02-19 13:54:39,-1.3246382586658
2026-02-19 13:54:40,-0.883339962456375
2026-02-19 13:54:41,-1.18723696796224
2026-02-19 13:54:42,-1.18723696796224
2026-02-19 13:54:43,-0.829346309183165
2026-02-19 13:54:44,0.0
2026-02-19 13:54:45,0.0
2026-02-19 13:54:46,0.0
2026-02-19 13:54:47,0.0
2026-02-19 13:54:48,0.0
2026-02-19 13:54:49,0.0
2026-02-19 13:54:50,
2026-02-19 13:54:51,0.0
2026-02-19 13:54:52,0.0
2026-02-19 13:54:53,0.0
2026-02-19 13:54:54,0.0
2026-02-19 13:54:55,0.0
2026-02-19 13:54:56,0.0
2026-02-19 13:54:57,0.0
2026-02-19 13:54:58,
2026-02-19 13:54:59,0.0
2026-02-19 13:55:00,0.0
2026-02-19 13:55:01,0.0
2026-02-19 13:55:02,-1.03394065517932
2026-02-19 13:55:03,-1.03394065517932
2026-02-19 13:55:04,
2026-02-19 13:55:05,-0.883296690881252
2026-02-19 13:55:06,-1.04648270644248
2026-02-19 13:55:07,-1.03483919519931
2026-02-19 13:55:08,0.0
2026-02-19 13:55:09,0.0
2026-02-19 13:55:10,0.0
2026-02-19 13:55:11,0.0
2026-02-19 13:55:12,0.0
2026-02-19 13:55:13,0.0
2026-02-19 13:55:14,0.0
2026-02-19 13:55:15,0.0
2026-02-19 13:55:16,0.0
2026-02-19 13:55:17,-0.870773813221604
2026-02-19 13:55:18,0.0
2026-02-19 13:55:19,-1.02291646180674
2026-02-19 13:55:20,-1.09352645231411
2026-02-19 13:55:21,-0.934955617412925
2026-02-19 13:55:22,-1.03345775278285
2026-02-19 13:55:23,-0.919922778848559
2026-02-19 13:55:24,
2026-02-19 13:55:25,-0.961447774898261
2026-02-19 13:55:26,-0.814524380257353
2026-02-19 13:55:27,0.0
2026-02-19 13:55:28,0.0
2026-02-19 13:55:29,0.0
2026-02-19 13:55:30,0.0
2026-02-19 13:55:31,0.0
2026-02-19 13:55:32,-0.93195887748152
2026-02-19 13:55:33,-1.01049594813958
2026-02-19 13:55:34,-1.01049594813958
2026-02-19 13:55:35,-1.34415751090273
2026-02-19 13:55:36,
2026-02-19 13:55:37,-1.30343686323613
2026-02-19 13:55:38,-1.20240915566683
2026-02-19 13:55:39,-0.857949920464307
2026-02-19 13:55:40,-1.0374526726082
2026-02-19 13:55:41,-1.11360687296838
2026-02-19 13:55:42,-1.07553197303787
2026-02-19 13:55:43,-1.31065221503377
2026-02-19 13:55:44,-1.50023986352608
2026-02-19 13:55:45,-1.5266906353645
2026-02-19 13:55:46,
2026-02-19 13:55:47,
2026-02-19 13:55:48,
2026-02-19 13:55:49,-1.05734544340521
2026-02-19 13:55:50,-0.954499596264213
2026-02-19 13:55:51,0.0
2026-02-19 13:55:52,0.0
2026-02-19 13:55:53,0.0
2026-02-19 13:55:54,0.0
2026-02-19 13:55:55,0.0
2026-02-19 13:55:56,0.0
2026-02-19 13:55:57,0.0
2026-02-19 13:55:58,0.0
2026-02-19 13:55:59,0.0
2026-02-19 13:56:00,0.0
2026-02-19 13:56:01,0.0
2026-02-19 13:56:02,0.0
2026-02-19 13:56:03,0.0
2026-02-19 13:56:04,0.0
2026-02-19 13:56:05,0.0
2026-02-19 13:56:06,-0.926072895526886
2026-02-19 13:56:07,0.0
2026-02-19 13:56:08,0.0
2026-02-19 13:56:09,0.0
2026-02-19 13:56:10,-0.889145059045404
2026-02-19 13:56:11,-0.889145059045404
2026-02-19 13:56:12,-1.01075589191169
2026-02-19 13:56:13,-0.839955912670121
2026-02-19 13:56:14,0.0
2026-02-19 13:56:15,0.0
2026-02-19 13:56:16,-0.85452544153668
2026-02-19 13:56:17,-0.85452544153668
2026-02-19 13:56:18,0.0
2026-02-19 13:56:19,-1.0971890296787
2026-02-19 13:56:20,-0.910897878929973
2026-02-19 13:56:21,-0.967966904863715
2026-02-19 13:56:22,-0.959894189145416
2026-02-19 13:56:23,-0.910993118304759
2026-02-19 13:56:24,0.0
2026-02-19 13:56:25,0.0
2026-02-19 13:56:26,-0.86473465198651
2026-02-19 13:56:27,-0.961093115620315
2026-02-19 13:56:28,-0.945640134159476
2026-02-19 13:56:29,-0.83168926066719
2026-02-19 13:56:30,-0.956157955806702
2026-02-19 13:56:31,-0.956157955806702
2026-02-19 13:56:32,-1.06377593474463
2026-02-19 13:56:33,-1.70411551371217
2026-02-19 13:56:34,-1.70411551371217
2026-02-19 13:56:35,-1.66106867836788
2026-02-19 13:56:36,
2026-02-19 13:56:37,-1.71601823531091
2026-02-19 13:56:38,-1.70654301764444
2026-02-19 13:56:39,
2026-02-19 13:56:40,-1.63053340511397
2026-02-19 13:56:41,-1.4475004049018
2026-02-19 13:56:42,-1.52616215636954
2026-02-19 13:56:43,-1.5638995799236
2026-02-19 13:56:44,-1.22673574369401
2026-02-19 13:56:45,-1.02246750611812
2026-02-19 13:56:46,-1.04547949740663
2026-02-19 13:56:47,0.0
2026-02-19 13:56:48,-0.841360352933407
2026-02-19 13:56:49,-0.857427623122931
2026-02-19 13:56:50,0.0
2026-02-19 13:56:51,0.0
2026-02-19 13:56:52,0.0
2026-02-19 13:56:53,0.0
2026-02-19 13:56:54,0.0
2026-02-19 13:56:55,0.0
2026-02-19 13:56:56,0.0
2026-02-19 13:56:57,0.0
2026-02-19 13:56:58,0.0
2026-02-19 13:56:59,0.0
2026-02-19 13:57:00,0.0
2026-02-19 13:57:01,0.0
2026-02-19 13:57:02,-0.826207129284739
2026-02-19 13:57:03,0.0
2026-02-19 13:57:04,-0.994175230152905
2026-02-19 13:57:05,-1.29487684462219
2026-02-19 13:57:06,
2026-02-19 13:57:07,-1.38802084838971
2026-02-19 13:57:08,-1.5758613939397
2026-02-19 13:57:09,-1.5758613939397
2026-02-19 13:57:10,-1.59631763817742
2026-02-19 13:57:11,-1.75771925132722
2026-02-19 13:57:12,-1.86870256438851
2026-02-19 13:57:13,-2.03157006762922
2026-02-19 13:57:14,-1.64364710217342
2026-02-19 13:57:15,-1.52582300361246
2026-02-19 13:57:16,-1.55260066967458
2026-02-19 13:57:17,
2026-02-19 13:57:18,-1.74509746721014
2026-02-19 13:57:19,-1.549692673143
2026-02-19 13:57:20,-1.3275915174745
2026-02-19 13:57:21,-1.1353530921042
2026-02-19 13:57:22,
2026-02-19 13:57:23,-0.956634362228215
2026-02-19 13:57:24,0.0
2026-02-19 13:57:25,0.0
2026-02-19 13:57:26,-1.64273096015677
2026-02-19 13:57:27,-1.96965169161558
2026-02-19 13:57:28,-1.84282930567861
2026-02-19 13:57:29,-1.72548129921779
2026-02-19 13:57:30,-1.70582783175632
2026-02-19 13:57:31,-1.7774272011593
2026-02-19 13:57:32,-1.87199811916798
2026-02-19 13:57:33,-2.21618567593396
2026-02-19 13:57:34,-2.22953406628221
2026-02-19 13:57:35,-2.00953257735819
2026-02-19 13:57:36,-1.69934872537851
2026-02-19 13:57:37,-1.41337285749614
2026-02-19 13:57:38,-1.13789888564497
2026-02-19 13:57:39,-0.936121749691665
2026-02-19 13:57:40,0.0
2026-02-19 13:57:41,0.0
2026-02-19 13:57:42,0.0
2026-02-19 13:57:43,0.0
2026-02-19 13:57:44,
2026-02-19 13:57:45,0.0
2026-02-19 13:57:46,0.0
2026-02-19 13:57:47,0.0
2026-02-19 13:57:48,0.0
2026-02-19 13:57:49,0.0
2026-02-19 13:57:50,
2026-02-19 13:57:51,0.0
2026-02-19 13:57:52,
2026-02-19 13:57:53,0.0
2026-02-19 13:57:54,0.0
2026-02-19 13:57:55,
2026-02-19 13:57:56,0.0
2026-02-19 13:57:57,0.0
2026-02-19 13:57:58,
2026-02-19 13:57:59,0.0
2026-02-19 13:58:00,
2026-02-19 13:58:01,
2026-02-19 13:58:02,0.0
2026-02-19 13:58:03,0.0
2026-02-19 13:58:04,-1.09673294937238
2026-02-19 13:58:05,-1.17205849383026
2026-02-19 13:58:06,-1.84017098508775
2026-02-19 13:58:07,-2.37515266053379
2026-02-19 13:58:08,
2026-02-19 13:58:09,
2026-02-19 13:58:10,-2.539690467529
2026-02-19 13:58:11,-2.82488954253495
2026-02-19 13:58:12,-2.99260995816439
2026-02-19 13:58:13,-2.90517748799175
2026-02-19 13:58:14,-2.90517748799175
2026-02-19 13:58:15,-2.65506401192397
2026-02-19 13:58:16,-2.64395233243704
2026-02-19 13:58:17,-2.30890545062721
2026-02-19 13:58:18,-1.72058102907613
2026-02-19 13:58:19,-1.3938374700956
2026-02-19 13:58:20,-1.3938374700956
2026-02-19 13:58:21,-1.61499283276498
2026-02-19 13:58:22,-1.59986297367141
2026-02-19 13:58:23,-1.47595581365749
2026-02-19 13:58:24,-1.10870482167229
2026-02-19 13:58:25,-1.10870482167229
2026-02-19 13:58:26,-0.992596603464335
2026-02-19 13:58:27,-1.27198942936957
2026-02-19 13:58:28,-1.24962137779221
2026-02-19 13:58:29,-1.17036052979529
2026-02-19 13:58:30,-1.34720674250275
2026-02-19 13:58:31,-1.37370204320177
2026-02-19 13:58:32,
2026-02-19 13:58:33,
2026-02-19 13:58:34,-1.28139706794173
2026-02-19 13:58:35,-1.32881297031417
2026-02-19 13:58:36,-1.81680957321078
2026-02-19 13:58:37,-1.4974168385379
2026-02-19 13:58:38,
2026-02-19 13:58:39,
2026-02-19 13:58:40,
2026-02-19 13:58:41,
2026-02-19 13:58:42,-1.13808726891875
2026-02-19 13:58:43,
2026-02-19 13:58:44,-1.05957167688757
2026-02-19 13:58:45,-0.990914145950228
2026-02-19 13:58:46,
2026-02-19 13:58:47,
2026-02-19 13:58:48,-1.42114015761763
2026-02-19 13:58:49,-1.35106776142493
2026-02-19 13:58:50,-1.25631086993963
2026-02-19 13:58:51,-1.36784162605181
2026-02-19 13:58:52,-1.63045744411647
2026-02-19 13:58:53,
2026-02-19 13:58:54,-1.51467549148947
2026-02-19 13:58:55,-1.62401888519526
2026-02-19 13:58:56,-1.62401888519526
2026-02-19 13:58:57,-2.19781736377627
2026-02-19 13:58:58,-2.12560014333576
2026-02-19 13:58:59,-2.97642869409174
2026-02-19 13:59:00,-3.07143924292177
2026-02-19 13:59:01,
2026-02-19 13:59:02,-2.68973282072693
2026-02-19 13:59:03,-2.25668996572495
2026-02-19 13:59:04,-2.02369359321892
2026-02-19 13:59:05,-1.70651546213776
2026-02-19 13:59:06,-1.19658750481904
2026-02-19 13:59:07,-1.27033567987382
2026-02-19 13:59:08,-1.68330324813724
2026-02-19 13:59:09,-1.29191520391032
2026-02-19 13:59:10,-1.13602343481034
2026-02-19 13:59:11,-1.38568973634392
2026-02-19 13:59:12,-1.54169130837545
2026-02-19 13:59:13,-1.53621572535485
2026-02-19 13:59:14,
2026-02-19 13:59:15,
2026-02-19 13:59:16,-1.5683987759985
2026-02-19 13:59:17,-1.46511947968975
2026-02-19 13:59:18,-1.48070395225659
2026-02-19 13:59:19,-1.3309536036104
2026-02-19 13:59:20,-1.10715657938272
2026-02-19 13:59:21,-0.913175032474101
2026-02-19 13:59:22,-0.913175032474101
2026-02-19 13:59:23,-0.855541013879701
2026-02-19 13:59:24,0.0
2026-02-19 13:59:25,0.0
2026-02-19 13:59:26,0.0
2026-02-19 13:59:27,0.0
2026-02-19 13:59:28,-0.832645950140432
2026-02-19 13:59:29,-0.863531534560025
2026-02-19 13:59:30,-0.863531534560025
2026-02-19 13:59:31,0.0
2026-02-19 13:59:32,
2026-02-19 13:59:33,0.0
2026-02-19 13:59:34,-1.02629876928404
2026-02-19 13:59:35,-1.04923930484802
2026-02-19 13:59:36,-1.46817321656272
2026-02-19 13:59:37,
2026-02-19 13:59:38,-1.40872079646215
2026-02-19 13:59:39,-1.27919702790678
2026-02-19 13:59:40,-1.29101792117581
2026-02-19 13:59:41,-1.31465101148933
2026-02-19 13:59:42,-1.54647884191945
2026-02-19 13:59:43,-1.52792434673756
2026-02-19 13:59:44,
2026-02-19 13:59:45,-1.61068317247555
2026-02-19 13:59:46,-1.61068317247555
2026-02-19 13:59:47,-1.64030293235555
2026-02-19 13:59:48,-1.99741192627698
2026-02-19 13:59:49,-1.81240634992719
2026-02-19 13:59:50,-1.81295725051314
2026-02-19 13:59:51,-1.80328160058707
2026-02-19 13:59:52,-1.68232204159722
2026-02-19 13:59:53,-1.49781099753454
2026-02-19 13:59:54,-1.19810127653182
2026-02-19 13:59:55,-1.24476092169061
2026-02-19 13:59:56,-1.572294998914
2026-02-19 13:59:57,-1.58063970739022
2026-02-19 13:59:58,-1.62017735419795
2026-02-19 13:59:59,-1.56969493255019
2026-02-19 14:00:00,-1.56771847978234
2026-02-19 14:00:01,-1.94191094487906
2026-02-19 14:00:02,-2.00188891030848
2026-02-19 14:00:03,-1.94668171461672
2026-02-19 14:00:04,-2.08098473958671
2026-02-19 14:00:05,-2.04684985801578
2026-02-19 14:00:06,-2.06705066375434
2026-02-19 14:00:07,-2.22966209985316
2026-02-19 14:00:08,-2.28298273868859
2026-02-19 14:00:09,-2.15697926469147
2026-02-19 14:00:10,-1.88761129975319
2026-02-19 14:00:11,
2026-02-19 14:00:12,-1.41585903475061
2026-02-19 14:00:13,-1.26928479876369
2026-02-19 14:00:14,-1.09047659207135
2026-02-19 14:00:15,0.0
2026-02-19 14:00:16,0.0
2026-02-19 14:00:17,0.0
2026-02-19 14:00:18,0.0
2026-02-19 14:00:19,0.0
2026-02-19 14:00:20,0.0
2026-02-19 14:00:21,0.0
2026-02-19 14:00:22,0.0
2026-02-19 14:00:23,0.0
2026-02-19 14:00:24,0.0
2026-02-19 14:00:25,0.0
2026-02-19 14:00:26,0.0
2026-02-19 14:00:27,0.0
2026-02-19 14:00:28,0.0
2026-02-19 14:00:29,0.0
2026-02-19 14:00:30,0.0
2026-02-19 14:00:31,0.0
2026-02-19 14:00:32,-0.991855643223971
2026-02-19 14:00:33,-0.865360465832055
2026-02-19 14:00:34,0.0
2026-02-19 14:00:35,0.0
2026-02-19 14:00:36,0.0
2026-02-19 14:00:37,0.0
2026-02-19 14:00:38,0.0
2026-02-19 14:00:39,0.0
2026-02-19 14:00:40,0.0
2026-02-19 14:00:41,0.0
2026-02-19 14:00:42,0.0
2026-02-19 14:00:43,0.0
2026-02-19 14:00:44,-0.88276444002986
2026-02-19 14:00:45,-1.00917275995016
2026-02-19 14:00:46,-1.00917275995016
2026-02-19 14:00:47,-0.869865214917809
2026-02-19 14:00:48,-0.966982031241059
2026-02-19 14:00:49,-1.00954397348687
2026-02-19 14:00:50,-0.913406058680266
2026-02-19 14:00:51,
2026-02-19 14:00:52,
2026-02-19 14:00:53,-0.883717252872884
2026-02-19 14:00:54,-0.993176002521068
2026-02-19 14:00:55,-1.16396000375971
2026-02-19 14:00:56,-1.16396000375971
2026-02-19 14:00:57,-1.04696665657684
2026-02-19 14:00:58,-1.04453747626394
2026-02-19 14:00:59,-1.04453747626394
2026-02-19 14:01:00,-0.849082652712241
2026-02-19 14:01:01,-0.822295033140108
2026-02-19 14:01:02,0.0
2026-02-19 14:01:03,0.0
2026-02-19 14:01:04,0.0
2026-02-19 14:01:05,
2026-02-19 14:01:06,0.0
2026-02-19 14:01:07,0.0
2026-02-19 14:01:08,0.0
2026-02-19 14:01:09,-0.838194246171042
2026-02-19 14:01:10,-0.986584683414549
2026-02-19 14:01:11,-1.03640430606902
2026-02-19 14:01:12,-1.04360237019137
2026-02-19 14:01:13,-0.944111903663725
2026-02-19 14:01:14,-0.891533691901714
2026-02-19 14:01:15,
2026-02-19 14:01:16,0.0
2026-02-19 14:01:17,0.0
2026-02-19 14:01:18,0.0
2026-02-19 14:01:19,0.0
2026-02-19 14:01:20,0.0
2026-02-19 14:01:21,0.0
2026-02-19 14:01:22,
2026-02-19 14:01:23,
2026-02-19 14:01:24,0.0
2026-02-19 14:01:25,0.0
2026-02-19 14:01:26,-0.815284985583276
2026-02-19 14:01:27,-0.819998182123527
2026-02-19 14:01:28,-0.814252597047016
2026-02-19 14:01:29,-0.965336558874696
2026-02-19 14:01:30,
2026-02-19 14:01:31,-1.27559385728091
2026-02-19 14:01:32,-1.4094972750172
2026-02-19 14:01:33,-1.22045539319515
2026-02-19 14:01:34,-1.07511025853455
2026-02-19 14:01:35,
2026-02-19 14:01:36,-1.08377578435466
2026-02-19 14:01:37,-1.01116922451183
2026-02-19 14:01:38,-1.28738048952073
2026-02-19 14:01:39,-1.15434816107154
2026-02-19 14:01:40,-1.28901789430529
2026-02-19 14:01:41,-1.10649095149711
2026-02-19 14:01:42,-1.11581896198913
2026-02-19 14:01:43,-0.979742011986673
2026-02-19 14:01:44,-1.06110064079985
2026-02-19 14:01:45,-1.14641626132652
2026-02-19 14:01:46,-1.66326117468998
2026-02-19 14:01:47,-2.08314140327275
2026-02-19 14:01:48,-2.128299116157
2026-02-19 14:01:49,-2.01836857013404
2026-02-19 14:01:50,-2.01836857013404
2026-02-19 14:01:51,-2.13074327912182
2026-02-19 14:01:52,-1.89302475191653
2026-02-19 14:01:53,-1.90698166843504
2026-02-19 14:01:54,
2026-02-19 14:01:55,
2026-02-19 14:01:56,-1.71773537294939
2026-02-19 14:01:57,-1.56831296626478
2026-02-19 14:01:58,
2026-02-19 14:01:59,-1.00646865321323
2026-02-19 14:02:00,-1.00333277368918
2026-02-19 14:02:01,-1.13803341519088
2026-02-19 14:02:02,-1.09635073458776
2026-02-19 14:02:03,-1.24745758948848
2026-02-19 14:02:04,-1.48879018379375
2026-02-19 14:02:05,-1.82489810977131
2026-02-19 14:02:06,-1.89082303550094
2026-02-19 14:02:07,-1.70519814128056
2026-02-19 14:02:08,-1.5337293385528
2026-02-19 14:02:09,-1.28427551826462
2026-02-19 14:02:10,-1.14477822789922
2026-02-19 14:02:11,-1.14477822789922
2026-02-19 14:02:12,-1.23309394111857
2026-02-19 14:02:13,-1.23309394111857
2026-02-19 14:02:14,-1.40093149384484
2026-02-19 14:02:15,-1.12253548577428
2026-02-19 14:02:16,-1.12253548577428
2026-02-19 14:02:17,-0.918230996467173
2026-02-19 14:02:18,-0.840467837406322
2026-02-19 14:02:19,-0.975103781092912
2026-02-19 14:02:20,-0.833767501171678
2026-02-19 14:02:21,0.0
2026-02-19 14:02:22,0.0
2026-02-19 14:02:23,
2026-02-19 14:02:24,
2026-02-19 14:02:25,0.0
2026-02-19 14:02:26,0.0
2026-02-19 14:02:27,-0.900872179772705
2026-02-19 14:02:28,-0.820224912604317
2026-02-19 14:02:29,-0.924220075830817
2026-02-19 14:02:30,-0.943976640701294
2026-02-19 14:02:31,0.0
2026-02-19 14:02:32,0.0
2026-02-19 14:02:33,
2026-02-19 14:02:34,0.0
2026-02-19 14:02:35,0.0
2026-02-19 14:02:36,0.0
2026-02-19 14:02:37,0.0
2026-02-19 14:02:38,0.0
2026-02-19 14:02:39,0.0
2026-02-19 14:02:40,0.0
2026-02-19 14:02:41,
2026-02-19 14:02:42,-0.987690256442875
2026-02-19 14:02:43,
2026-02-19 14:02:44,
2026-02-19 14:02:45,
2026-02-19 14:02:46,
2026-02-19 14:02:47,-1.36923386016861
2026-02-19 14:02:48,-1.19034833041951
2026-02-19 14:02:49,-1.23996280599385
2026-02-19 14:02:50,-1.27684118924662
2026-02-19 14:02:51,-1.27684118924662
2026-02-19 14:02:52,-1.35226836428046
2026-02-19 14:02:53,
2026-02-19 14:02:54,-1.4730631140992
2026-02-19 14:02:55,-1.54787589563057
2026-02-19 14:02:56,-1.43166206544265
2026-02-19 14:02:57,-1.35900563327596
2026-02-19 14:02:58,-1.36237494880334
2026-02-19 14:02:59,-1.49268871173263
2026-02-19 14:03:00,
2026-02-19 14:03:01,
2026-02-19 14:03:02,-1.36834233999252
2026-02-19 14:03:03,-1.19749715086073
2026-02-19 14:03:04,
2026-02-19 14:03:05,-0.942496920470148
2026-02-19 14:03:06,-0.97014787606895
2026-02-19 14:03:07,-0.856496550841257
2026-02-19 14:03:08,-0.852238805964589
2026-02-19 14:03:09,-0.865596783114597
2026-02-19 14:03:10,
2026-02-19 14:03:11,
2026-02-19 14:03:12,-0.938451709225774
2026-02-19 14:03:13,
2026-02-19 14:03:14,0.0
2026-02-19 14:03:15,
2026-02-19 14:03:16,
2026-02-19 14:03:17,
2026-02-19 14:03:18,
2026-02-19 14:03:19,
2026-02-19 14:03:20,0.0
2026-02-19 14:03:21,
2026-02-19 14:03:22,-1.1533560580574
2026-02-19 14:03:23,
2026-02-19 14:03:24,
2026-02-19 14:03:25,-1.47663778625429
2026-02-19 14:03:26,-1.40095066744834
2026-02-19 14:03:27,-1.76181716378778
2026-02-19 14:03:28,
2026-02-19 14:03:29,
2026-02-19 14:03:30,-1.55760277993977
2026-02-19 14:03:31,-1.46907856687903
2026-02-19 14:03:32,-1.62950934609398
2026-02-19 14:03:33,
2026-02-19 14:03:34,
2026-02-19 14:03:35,-1.28841649275273
2026-02-19 14:03:36,-0.96765027847141
2026-02-19 14:03:37,
2026-02-19 14:03:38,0.0
2026-02-19 14:03:39,
2026-02-19 14:03:40,
2026-02-19 14:03:41,-0.827851344365627
2026-02-19 14:03:42,
2026-02-19 14:03:43,
2026-02-19 14:03:44,0.0
2026-02-19 14:03:45,0.0
2026-02-19 14:03:46,0.0
2026-02-19 14:03:47,-1.3666064478457
2026-02-19 14:03:48,
2026-02-19 14:03:49,-0.982509716413915
2026-02-19 14:03:50,-0.982509716413915
2026-02-19 14:03:51,0.0
2026-02-19 14:03:52,0.0
2026-02-19 14:03:53,-0.959980313200504
2026-02-19 14:03:54,
2026-02-19 14:03:55,
2026-02-19 14:03:56,-1.44398912088946
2026-02-19 14:03:57,
2026-02-19 14:03:58,
2026-02-19 14:03:59,-1.17929301923141
2026-02-19 14:04:00,
2026-02-19 14:04:01,-0.929987663403153
2026-02-19 14:04:02,-0.929987663403153
2026-02-19 14:04:03,-0.88332393206656
2026-02-19 14:04:04,0.0
2026-02-19 14:04:05,0.0
2026-02-19 14:04:06,-0.825963582610711
2026-02-19 14:04:07,
2026-02-19 14:04:08,-1.58155385870486
2026-02-19 14:04:09,-1.19793531484902
2026-02-19 14:04:10,-1.3750251266174
2026-02-19 14:04:11,
2026-02-19 14:04:12,
2026-02-19 14:04:13,
2026-02-19 14:04:14,-1.1156867374666
2026-02-19 14:04:15,-1.58793898299336
2026-02-19 14:04:16,
2026-02-19 14:04:17,
2026-02-19 14:04:18,
2026-02-19 14:04:19,-1.74749919679016
2026-02-19 14:04:20,-1.5270781936124
2026-02-19 14:04:21,-1.56291575403884
2026-02-19 14:04:22,-1.36269681388512
2026-02-19 14:04:23,-1.5501550398767
2026-02-19 14:04:24,-1.03548900224268
2026-02-19 14:04:25,
2026-02-19 14:04:26,
2026-02-19 14:04:27,
2026-02-19 14:04:28,
2026-02-19 14:04:29,0.0
2026-02-19 14:04:30,0.0
2026-02-19 14:04:31,0.0
2026-02-19 14:04:32,0.0
2026-02-19 14:04:33,
2026-02-19 14:04:34,0.0
2026-02-19 14:04:35,0.0
2026-02-19 14:04:36,-0.876766088185832
2026-02-19 14:04:37,
2026-02-19 14:04:38,-1.14499217597768
2026-02-19 14:04:39,0.0
2026-02-19 14:04:40,-0.990978896152228
2026-02-19 14:04:41,-0.989199208561331
2026-02-19 14:04:42,0.0
2026-02-19 14:04:43,0.0
2026-02-19 14:04:44,0.0
2026-02-19 14:04:45,0.0
2026-02-19 14:04:46,0.0
2026-02-19 14:04:47,-0.899849692359567
2026-02-19 14:04:48,-0.867137376917526
2026-02-19 14:04:49,0.0
2026-02-19 14:04:50,-1.49760427884758
2026-02-19 14:04:51,-1.51735476683825
2026-02-19 14:04:52,-1.43332545412704
2026-02-19 14:04:53,-1.56416549580172
2026-02-19 14:04:54,-1.87574839219451
2026-02-19 14:04:55,-1.29513102583587
2026-02-19 14:04:56,-1.01770689943805
2026-02-19 14:04:57,0.0
2026-02-19 14:04:58,0.0
2026-02-19 14:04:59,0.0
2026-02-19 14:05:00,0.0
2026-02-19 14:05:01,-0.982122053392231
2026-02-19 14:05:02,-1.29190504085273
2026-02-19 14:05:03,-1.51552384486422
2026-02-19 14:05:04,-2.09972981829196
2026-02-19 14:05:05,-1.99275116901845
2026-02-19 14:05:06,
2026-02-19 14:05:07,-2.01097950339317
2026-02-19 14:05:08,-2.49648322351277
2026-02-19 14:05:09,-2.49648322351277
2026-02-19 14:05:10,-2.32336674816906
2026-02-19 14:05:11,
2026-02-19 14:05:12,-2.11794264614582
2026-02-19 14:05:13,-1.91786242648959
2026-02-19 14:05:14,-1.71808720333502
2026-02-19 14:05:15,
2026-02-19 14:05:16,
2026-02-19 14:05:17,-1.28986341878772
2026-02-19 14:05:18,
2026-02-19 14:05:19,-1.14402511389926
2026-02-19 14:05:20,-1.34999089641497
2026-02-19 14:05:21,-1.55610220972449
2026-02-19 14:05:22,-1.59944125916809
2026-02-19 14:05:23,-1.76138340029866
2026-02-19 14:05:24,
2026-02-19 14:05:25,
2026-02-19 14:05:26,
2026-02-19 14:05:27,-1.82277518324554
2026-02-19 14:05:28,
2026-02-19 14:05:29,-1.80744132958353
2026-02-19 14:05:30,-1.67391782160848
2026-02-19 14:05:31,-1.82324142660946
2026-02-19 14:05:32,-1.79608217440546
2026-02-19 14:05:33,
2026-02-19 14:05:34,-1.36237159604207
2026-02-19 14:05:35,-1.15102871786803
2026-02-19 14:05:36,
2026-02-19 14:05:37,
2026-02-19 14:05:38,-1.02418799651787
2026-02-19 14:05:39,
2026-02-19 14:05:40,
2026-02-19 14:05:41,-0.970121682621539
2026-02-19 14:05:42,-0.872470729518682
2026-02-19 14:05:43,
2026-02-19 14:05:44,0.0
2026-02-19 14:05:45,0.0
2026-02-19 14:05:46,0.0
2026-02-19 14:05:47,0.0
2026-02-19 14:05:48,-1.11464884830639
2026-02-19 14:05:49,-1.23938047327101
2026-02-19 14:05:50,-1.53845683671534
2026-02-19 14:05:51,-1.39105415437371
2026-02-19 14:05:52,
2026-02-19 14:05:53,
2026-02-19 14:05:54,
2026-02-19 14:05:55,-1.18367444956675
2026-02-19 14:05:56,-1.18367444956675
2026-02-19 14:05:57,0.0
2026-02-19 14:05:58,0.0
2026-02-19 14:05:59,0.0
2026-02-19 14:06:00,0.0
2026-02-19 14:06:01,0.0
2026-02-19 14:06:02,0.0
2026-02-19 14:06:03,-0.857177266152576
2026-02-19 14:06:04,0.0
2026-02-19 14:06:05,-1.04733399348333
2026-02-19 14:06:06,
2026-02-19 14:06:07,-1.36919205542654
2026-02-19 14:06:08,-1.46505169104785
2026-02-19 14:06:09,-1.42025523819029
2026-02-19 14:06:10,-1.26081268535927
2026-02-19 14:06:11,-1.10109216766432
2026-02-19 14:06:12,
2026-02-19 14:06:13,
2026-02-19 14:06:14,-1.19976822752506
2026-02-19 14:06:15,-1.17918719770387
2026-02-19 14:06:16,-1.17918719770387
2026-02-19 14:06:17,-1.31615221034735
2026-02-19 14:06:18,-1.35084595531225
2026-02-19 14:06:19,-1.36365874204785
2026-02-19 14:06:20,-1.4856664580293
2026-02-19 14:06:21,-1.61838456988335
2026-02-19 14:06:22,-1.59621097845957
2026-02-19 14:06:23,-1.72259960090742
2026-02-19 14:06:24,-1.38184925308451
2026-02-19 14:06:25,-1.63476647576317
2026-02-19 14:06:26,
2026-02-19 14:06:27,
2026-02-19 14:06:28,-1.25971937086433
2026-02-19 14:06:29,-1.25971937086433
2026-02-19 14:06:30,-1.51254051597789
2026-02-19 14:06:31,
2026-02-19 14:06:32,
2026-02-19 14:06:33,-1.99135516304523
2026-02-19 14:06:34,-1.96026479825377
2026-02-19 14:06:35,
2026-02-19 14:06:36,
2026-02-19 14:06:37,
2026-02-19 14:06:38,-1.7845943570137
2026-02-19 14:06:39,-1.89000873360783
2026-02-19 14:06:40,
2026-02-19 14:06:41,
2026-02-19 14:06:42,
2026-02-19 14:06:43,
2026-02-19 14:06:44,-1.70940114185214
2026-02-19 14:06:45,-1.78267657756805
2026-02-19 14:06:46,
2026-02-19 14:06:47,-1.5248937648721
2026-02-19 14:06:48,-1.5248937648721
2026-02-19 14:06:49,-1.49923791177571
2026-02-19 14:06:50,
2026-02-19 14:06:51,-1.61522218259051
2026-02-19 14:06:52,
2026-02-19 14:06:53,-1.41880862647668
2026-02-19 14:06:54,
2026-02-19 14:06:55,
2026-02-19 14:06:56,-1.37377423234284
2026-02-19 14:06:57,-1.37377423234284
2026-02-19 14:06:58,
2026-02-19 14:06:59,-1.18446255801246
2026-02-19 14:07:00,
2026-02-19 14:07:01,
2026-02-19 14:07:02,
2026-02-19 14:07:03,
2026-02-19 14:07:04,
2026-02-19 14:07:05,
2026-02-19 14:07:06,-1.21774133294821
2026-02-19 14:07:07,
2026-02-19 14:07:08,-1.33171824272722
2026-02-19 14:07:09,-1.37560243019834
2026-02-19 14:07:10,
2026-02-19 14:07:11,-1.11351540545002
2026-02-19 14:07:12,-0.891965779010206
2026-02-19 14:07:13,-0.972296472173184
2026-02-19 14:07:14,
2026-02-19 14:07:15,-1.28006623126566
2026-02-19 14:07:16,
2026-02-19 14:07:17,-1.79109431337565
2026-02-19 14:07:18,-1.67317790910602
2026-02-19 14:07:19,-1.0421936865896
2026-02-19 14:07:20,-0.93700677389279
2026-02-19 14:07:21,
2026-02-19 14:07:22,0.0
2026-02-19 14:07:23,0.0
2026-02-19 14:07:24,0.0
2026-02-19 14:07:25,
2026-02-19 14:07:26,
2026-02-19 14:07:27,0.0
2026-02-19 14:07:28,0.0
2026-02-19 14:07:29,
2026-02-19 14:07:30,0.0
2026-02-19 14:07:31,0.0
2026-02-19 14:07:32,
2026-02-19 14:07:33,0.0
2026-02-19 14:07:34,-1.02897731121629
2026-02-19 14:07:35,-1.44878053106368
2026-02-19 14:07:36,-1.28112350357696
2026-02-19 14:07:37,-1.45457588369027
2026-02-19 14:07:38,
2026-02-19 14:07:39,-1.92357616033405
2026-02-19 14:07:40,
2026-02-19 14:07:41,
2026-02-19 14:07:42,-1.89908382017165
2026-02-19 14:07:43,-1.74296993063763
2026-02-19 14:07:44,-1.68202888453379
2026-02-19 14:07:45,-1.92946360912174
2026-02-19 14:07:46,-1.84193809982389
2026-02-19 14:07:47,-2.06905163358897
2026-02-19 14:07:48,-2.62385881505907
2026-02-19 14:07:49,
2026-02-19 14:07:50,-2.65350393019617
2026-02-19 14:07:51,-2.58408752270043
2026-02-19 14:07:52,-2.29813994374126
2026-02-19 14:07:53,
2026-02-19 14:07:54,-2.41891583427787
2026-02-19 14:07:55,-2.41891583427787
2026-02-19 14:07:56,-2.42724807467312
2026-02-19 14:07:57,-1.49924985598773
2026-02-19 14:07:58,-1.05850172694772
2026-02-19 14:07:59,-1.09641799936071
2026-02-19 14:08:00,-1.17376986891031
2026-02-19 14:08:01,-0.817916746018454
2026-02-19 14:08:02,
2026-02-19 14:08:03,
2026-02-19 14:08:04,-0.934324669651687
2026-02-19 14:08:05,-1.46976745454594
2026-02-19 14:08:06,
2026-02-19 14:08:07,-1.51512916199863
2026-02-19 14:08:08,-1.9785002572462
2026-02-19 14:08:09,-1.9785002572462
2026-02-19 14:08:10,-2.19130776822567
2026-02-19 14:08:11,-2.41520663257688
2026-02-19 14:08:12,-2.55743097513914
2026-02-19 14:08:13,-2.58857624139637
2026-02-19 14:08:14,-2.58857624139637
2026-02-19 14:08:15,-2.34377521555871
2026-02-19 14:08:16,-2.03151516616344
2026-02-19 14:08:17,-2.2475138772279
2026-02-19 14:08:18,-2.04134504310787
2026-02-19 14:08:19,-1.92707581445575
2026-02-19 14:08:20,-1.70150989433751
2026-02-19 14:08:21,-1.25338003272191
2026-02-19 14:08:22,-1.16687921108678
2026-02-19 14:08:23,-1.17267739260569
2026-02-19 14:08:24,
2026-02-19 14:08:25,
2026-02-19 14:08:26,0.0
2026-02-19 14:08:27,
2026-02-19 14:08:28,0.0
2026-02-19 14:08:29,0.0
2026-02-19 14:08:30,
2026-02-19 14:08:31,0.0
2026-02-19 14:08:32,0.0
2026-02-19 14:08:33,-0.873522029723972
2026-02-19 14:08:34,-1.21143489377573
2026-02-19 14:08:35,-1.17266377201304
2026-02-19 14:08:36,-1.46838664077222
2026-02-19 14:08:37,-1.62129801465198
2026-02-19 14:08:38,-1.96506783831865
2026-02-19 14:08:39,-2.50443534459919
2026-02-19 14:08:40,-2.50321514904499
2026-02-19 14:08:41,-2.83246573526412
2026-02-19 14:08:42,-2.52412003464997
2026-02-19 14:08:43,-2.46479648631066
2026-02-19 14:08:44,-2.46479648631066
2026-02-19 14:08:45,-2.65706309583038
2026-02-19 14:08:46,-2.66369946766645
2026-02-19 14:08:47,-2.3756138747558
2026-02-19 14:08:48,-2.47121744323522
2026-02-19 14:08:49,-1.99274194892496
2026-02-19 14:08:50,-2.30650508310646
2026-02-19 14:08:51,-1.93939448799938
2026-02-19 14:08:52,-1.86030787881464
2026-02-19 14:08:53,-1.89374224282801
2026-02-19 14:08:54,-1.60330018261448
2026-02-19 14:08:55,-1.56031380174682
2026-02-19 14:08:56,-1.42579871462658
2026-02-19 14:08:57,-1.3335335534066
2026-02-19 14:08:58,-1.38417627895251
2026-02-19 14:08:59,
2026-02-19 14:09:00,-1.55080568511039
2026-02-19 14:09:01,-1.54888287652284
2026-02-19 14:09:02,-1.44500113092363
2026-02-19 14:09:03,-1.62114860722795
2026-02-19 14:09:04,-1.91466975957155
2026-02-19 14:09:05,-2.10074067581445
2026-02-19 14:09:06,-2.4357640882954
2026-02-19 14:09:07,
2026-02-19 14:09:08,-2.66677625477314
2026-02-19 14:09:09,
2026-02-19 14:09:10,-2.7849990176037
2026-02-19 14:09:11,-2.88130310364068
2026-02-19 14:09:12,-2.63306591659784
2026-02-19 14:09:13,-2.41907048039138
2026-02-19 14:09:14,-2.19331062398851
2026-02-19 14:09:15,-2.23425412550569
2026-02-19 14:09:16,-2.23425412550569
2026-02-19 14:09:17,-1.6580697381869
2026-02-19 14:09:18,-1.40263218199834
2026-02-19 14:09:19,-1.28361460519955
2026-02-19 14:09:20,-1.25593253178522
2026-02-19 14:09:21,-1.50545979849994
2026-02-19 14:09:22,-1.43599194707349
2026-02-19 14:09:23,-1.40582149615511
2026-02-19 14:09:24,-1.4022734365426
2026-02-19 14:09:25,-1.20460458565503
2026-02-19 14:09:26,-1.22422662097961
2026-02-19 14:09:27,-1.093620643951
2026-02-19 14:09:28,-1.13956332206726
2026-02-19 14:09:29,-1.2742453138344
2026-02-19 14:09:30,-1.15827235858887
2026-02-19 14:09:31,-1.33678594138473
2026-02-19 14:09:32,-1.20441986946389
2026-02-19 14:09:33,-1.20441986946389
2026-02-19 14:09:34,-1.12496896181256
2026-02-19 14:09:35,-1.13568480592221
2026-02-19 14:09:36,-1.2374046491459
2026-02-19 14:09:37,-1.3329993118532
2026-02-19 14:09:38,-1.22348461300135
2026-02-19 14:09:39,0.0
2026-02-19 14:09:40,-0.827704713447019
2026-02-19 14:09:41,-1.09297953313217
2026-02-19 14:09:42,-1.15790418349206
2026-02-19 14:09:43,-1.09983750153333
2026-02-19 14:09:44,-1.09983750153333
2026-02-19 14:09:45,-1.00447837030515
2026-02-19 14:09:46,0.0
2026-02-19 14:09:47,-1.06764041120186
2026-02-19 14:09:48,-0.959914829581976
2026-02-19 14:09:49,0.0
2026-02-19 14:09:50,0.0
2026-02-19 14:09:51,
2026-02-19 14:09:52,0.0
2026-02-19 14:09:53,0.0
2026-02-19 14:09:54,0.0
2026-02-19 14:09:55,0.0
2026-02-19 14:09:56,0.0
2026-02-19 14:09:57,0.0
2026-02-19 14:09:58,0.0
2026-02-19 14:09:59,0.0
2026-02-19 14:10:00,-0.869237672304735
2026-02-19 14:10:01,-0.977674825116992
2026-02-19 14:10:02,-1.36305304476991
2026-02-19 14:10:03,-1.57416803995147
2026-02-19 14:10:04,-1.75977973267436
2026-02-19 14:10:05,-1.70027104904875
2026-02-19 14:10:06,-2.18842586036772
2026-02-19 14:10:07,-2.47801684308797
2026-02-19 14:10:08,-2.43414260912687
2026-02-19 14:10:09,-2.28444684762508
2026-02-19 14:10:10,-2.31035845354199
2026-02-19 14:10:11,-2.39153236616403
2026-02-19 14:10:12,
2026-02-19 14:10:13,
2026-02-19 14:10:14,
2026-02-19 14:10:15,-2.22376375459135
2026-02-19 14:10:16,-2.15829585213214
2026-02-19 14:10:17,-1.984070870094
2026-02-19 14:10:18,-1.81411185767502
2026-02-19 14:10:19,-1.55221153981984
2026-02-19 14:10:20,-1.47300967946649
2026-02-19 14:10:21,-1.20673987548798
2026-02-19 14:10:22,-1.20673987548798
2026-02-19 14:10:23,-0.936745782382786
2026-02-19 14:10:24,
2026-02-19 14:10:25,-1.09393559396267
2026-02-19 14:10:26,-1.09393559396267
2026-02-19 14:10:27,
2026-02-19 14:10:28,-0.974695791956037
2026-02-19 14:10:29,
2026-02-19 14:10:30,0.0
2026-02-19 14:10:31,0.0
2026-02-19 14:10:32,0.0
2026-02-19 14:10:33,0.0
2026-02-19 14:10:34,
2026-02-19 14:10:35,0.0
2026-02-19 14:10:36,0.0
2026-02-19 14:10:37,0.0
2026-02-19 14:10:38,0.0
2026-02-19 14:10:39,0.0
2026-02-19 14:10:40,0.0
2026-02-19 14:10:41,0.0
2026-02-19 14:10:42,0.0
2026-02-19 14:10:43,0.0
2026-02-19 14:10:44,0.0
2026-02-19 14:10:45,0.0
2026-02-19 14:10:46,0.0
2026-02-19 14:10:47,0.0
2026-02-19 14:10:48,0.0
2026-02-19 14:10:49,0.0
2026-02-19 14:10:50,0.0
2026-02-19 14:10:51,0.0
2026-02-19 14:10:52,0.0
2026-02-19 14:10:53,0.0
2026-02-19 14:10:54,0.0
2026-02-19 14:10:55,0.0
2026-02-19 14:10:56,0.0
2026-02-19 14:10:57,0.0
2026-02-19 14:10:58,0.0
2026-02-19 14:10:59,0.0
2026-02-19 14:11:00,0.0
2026-02-19 14:11:01,0.0
2026-02-19 14:11:02,0.0
2026-02-19 14:11:03,0.0
2026-02-19 14:11:04,0.0
2026-02-19 14:11:05,
2026-02-19 14:11:06,
2026-02-19 14:11:07,0.0
2026-02-19 14:11:08,0.0
2026-02-19 14:11:09,
2026-02-19 14:11:10,
2026-02-19 14:11:11,0.0
2026-02-19 14:11:12,
2026-02-19 14:11:13,
2026-02-19 14:11:14,0.0
2026-02-19 14:11:15,0.0
2026-02-19 14:11:16,0.0
2026-02-19 14:11:17,0.0
2026-02-19 14:11:18,0.0
2026-02-19 14:11:19,0.0
2026-02-19 14:11:20,0.0
2026-02-19 14:11:21,0.0
2026-02-19 14:11:22,0.0
2026-02-19 14:11:23,0.0
2026-02-19 14:11:24,0.0
2026-02-19 14:11:25,0.0
2026-02-19 14:11:26,0.0
2026-02-19 14:11:27,0.0
2026-02-19 14:11:28,-1.02914872113615
2026-02-19 14:11:29,-1.28484276356176
2026-02-19 14:11:30,-1.29779280396178
2026-02-19 14:11:31,-1.26126625109464
2026-02-19 14:11:32,-1.30262161837891
2026-02-19 14:11:33,-1.2220079312101
2026-02-19 14:11:34,-1.66222621919587
2026-02-19 14:11:35,-1.77982379682362
2026-02-19 14:11:36,-1.74849800532684
2026-02-19 14:11:37,-1.53942829929292
2026-02-19 14:11:38,-1.54550758888945
2026-02-19 14:11:39,-1.55573110096157
2026-02-19 14:11:40,-1.54835481662303
2026-02-19 14:11:41,-1.35580196511
2026-02-19 14:11:42,-1.34326693369076
2026-02-19 14:11:43,-1.31377897923812
2026-02-19 14:11:44,-1.58438924700022
2026-02-19 14:11:45,-1.73645488684997
2026-02-19 14:11:46,-1.53188133845106
2026-02-19 14:11:47,-1.4780672150664
2026-02-19 14:11:48,-1.32495174184442
2026-02-19 14:11:49,-1.43534465460107
2026-02-19 14:11:50,-1.43044878495857
2026-02-19 14:11:51,-1.71334545593709
2026-02-19 14:11:52,-1.67124713771045
2026-02-19 14:11:53,-1.57624958083034
2026-02-19 14:11:54,-1.93214036989957
2026-02-19 14:11:55,-1.92744587548077
2026-02-19 14:11:56,
2026-02-19 14:11:57,
2026-02-19 14:11:58,-2.12796467822045
2026-02-19 14:11:59,-2.27172605227679
2026-02-19 14:12:00,-2.17914856038988
2026-02-19 14:12:01,-2.07665590569377
2026-02-19 14:12:02,-2.07175039686263
2026-02-19 14:12:03,-1.92219146993011
2026-02-19 14:12:04,-1.89356307964772
2026-02-19 14:12:05,-2.00936933979392
2026-02-19 14:12:06,-1.95121108554304
2026-02-19 14:12:07,-1.82093954645097
2026-02-19 14:12:08,-2.13126693852246
2026-02-19 14:12:09,-2.22747714724392
2026-02-19 14:12:10,-1.9846182083711
2026-02-19 14:12:11,-1.8670039717108
2026-02-19 14:12:12,-1.66667323792353
2026-02-19 14:12:13,-1.53649211861193
2026-02-19 14:12:14,-1.52124973246828
2026-02-19 14:12:15,-1.35073332348838
2026-02-19 14:12:16,
2026-02-19 14:12:17,
2026-02-19 14:12:18,-1.28062760923058
2026-02-19 14:12:19,-1.08996508643031
2026-02-19 14:12:20,-0.862058938946575
2026-02-19 14:12:21,-0.99516324698925
2026-02-19 14:12:22,-1.03081284323707
2026-02-19 14:12:23,-0.954462611116469
2026-02-19 14:12:24,-1.02711506187916
2026-02-19 14:12:25,0.0
2026-02-19 14:12:26,0.0
2026-02-19 14:12:27,-0.836422207066789
2026-02-19 14:12:28,0.0
2026-02-19 14:12:29,0.0
2026-02-19 14:12:30,0.0
2026-02-19 14:12:31,
2026-02-19 14:12:32,
2026-02-19 14:12:33,0.0
2026-02-19 14:12:34,
2026-02-19 14:12:35,0.0
2026-02-19 14:12:36,0.0
2026-02-19 14:12:37,0.0
2026-02-19 14:12:38,0.0
2026-02-19 14:12:39,0.0
2026-02-19 14:12:40,
2026-02-19 14:12:41,0.0
2026-02-19 14:12:42,0.0
2026-02-19 14:12:43,0.0
2026-02-19 14:12:44,-1.0636608931236
2026-02-19 14:12:45,-1.13007018808275
2026-02-19 14:12:46,
2026-02-19 14:12:47,-1.2505664373748
2026-02-19 14:12:48,-1.05519014177844
2026-02-19 14:12:49,-1.30716838175431
2026-02-19 14:12:50,
2026-02-19 14:12:51,-1.40492955688387
2026-02-19 14:12:52,-2.11650389246643
2026-02-19 14:12:53,-1.73065167618915
2026-02-19 14:12:54,-1.79955186322331
2026-02-19 14:12:55,-1.7479955102317
2026-02-19 14:12:56,-2.16301863547415
2026-02-19 14:12:57,-1.79056688211858
2026-02-19 14:12:58,-1.69971669092774
2026-02-19 14:12:59,-1.44153018482029
2026-02-19 14:13:00,-1.39286611229181
2026-02-19 14:13:01,-1.3195117819123
2026-02-19 14:13:02,-1.3336721691303
2026-02-19 14:13:03,-1.68705834075809
2026-02-19 14:13:04,-1.58066349104047
2026-02-19 14:13:05,-1.63276739185676
2026-02-19 14:13:06,-1.83087943587452
2026-02-19 14:13:07,
2026-02-19 14:13:08,-1.68039745185524
2026-02-19 14:13:09,-1.55278748134151
2026-02-19 14:13:10,-1.40326051041484
2026-02-19 14:13:11,-1.06305341469124
2026-02-19 14:13:12,-0.930339703336358
2026-02-19 14:13:13,0.0
2026-02-19 14:13:14,-0.924630369991064
2026-02-19 14:13:15,-0.924630369991064
2026-02-19 14:13:16,-1.37907871976495
2026-02-19 14:13:17,-1.41571999993175
2026-02-19 14:13:18,-1.53280303347856
2026-02-19 14:13:19,-1.92165481857955
2026-02-19 14:13:20,-2.01793333981186
2026-02-19 14:13:21,-2.12432567495853
2026-02-19 14:13:22,-2.2109251935035
2026-02-19 14:13:23,-2.53135026432574
2026-02-19 14:13:24,-2.46002906933427
2026-02-19 14:13:25,-2.18401090241969
2026-02-19 14:13:26,-2.01898862142116
2026-02-19 14:13:27,-1.91029629204422
2026-02-19 14:13:28,
2026-02-19 14:13:29,-1.95239398162812
2026-02-19 14:13:30,-1.81890337262303
2026-02-19 14:13:31,
2026-02-19 14:13:32,-1.34377822978422
2026-02-19 14:13:33,-1.34308473207057
2026-02-19 14:13:34,-1.42761653987691
2026-02-19 14:13:35,-1.4948894851841
2026-02-19 14:13:36,-1.4948894851841
2026-02-19 14:13:37,-1.40472514322028
2026-02-19 14:13:38,-1.42259169369936
2026-02-19 14:13:39,
2026-02-19 14:13:40,-1.53022968443111
2026-02-19 14:13:41,-1.57780851004645
2026-02-19 14:13:42,-1.31469197804108
2026-02-19 14:13:43,-1.23603860847652
2026-02-19 14:13:44,-1.351726683788
2026-02-19 14:13:45,
2026-02-19 14:13:46,-1.61194821121171
2026-02-19 14:13:47,-1.74327848944813
2026-02-19 14:13:48,
2026-02-19 14:13:49,
2026-02-19 14:13:50,-2.37144764978439
2026-02-19 14:13:51,-2.28313319385052
2026-02-19 14:13:52,-1.78090611007065
2026-02-19 14:13:53,-1.46990104112774
2026-02-19 14:13:54,-1.66115511674434
2026-02-19 14:13:55,-1.11972953891382
2026-02-19 14:13:56,-1.04834348894656
2026-02-19 14:13:57,-1.12442277604714
2026-02-19 14:13:58,-1.0939191444777
2026-02-19 14:13:59,-0.909093569498509
2026-02-19 14:14:00,-0.812164350645617
2026-02-19 14:14:01,-1.55039539095014
2026-02-19 14:14:02,-1.93170995917171
2026-02-19 14:14:03,-2.31544626876712
2026-02-19 14:14:04,-2.73172133602202
2026-02-19 14:14:05,-2.96863918192685
2026-02-19 14:14:06,-2.96987635083497
2026-02-19 14:14:07,-3.26982904225588
2026-02-19 14:14:08,-3.26982904225588
2026-02-19 14:14:09,-3.55737232603133
2026-02-19 14:14:10,-3.3516900613904
2026-02-19 14:14:11,-2.96424853149801
2026-02-19 14:14:12,-2.62651881203055
2026-02-19 14:14:13,-2.02556296717376
2026-02-19 14:14:14,-2.45307125151157
2026-02-19 14:14:15,-1.98090125340968
2026-02-19 14:14:16,-1.91686036996543
2026-02-19 14:14:17,-1.88879419583827
2026-02-19 14:14:18,-2.26431980263442
2026-02-19 14:14:19,-2.26431980263442
2026-02-19 14:14:20,-1.93672610912472
2026-02-19 14:14:21,-1.84076107107103
2026-02-19 14:14:22,-1.83301116339862
2026-02-19 14:14:23,-1.66052270215005
2026-02-19 14:14:24,-1.46054317010567
2026-02-19 14:14:25,-1.34547734633088
2026-02-19 14:14:26,
2026-02-19 14:14:27,-1.20045292424038
2026-02-19 14:14:28,-1.19522282620892
2026-02-19 14:14:29,-1.53107447549701
2026-02-19 14:14:30,-1.66619966039434
2026-02-19 14:14:31,-1.83323160745203
2026-02-19 14:14:32,-2.49357239808887
2026-02-19 14:14:33,-2.60790637694299
2026-02-19 14:14:34,-2.80572411138564
2026-02-19 14:14:35,-3.27622862532735
2026-02-19 14:14:36,-3.42797208577394
2026-02-19 14:14:37,-3.25865219347179
2026-02-19 14:14:38,-3.35410719271749
2026-02-19 14:14:39,-3.58605938963592
2026-02-19 14:14:40,-3.27382385730743
2026-02-19 14:14:41,-2.94963028281927
2026-02-19 14:14:42,-2.42846764158458
2026-02-19 14:14:43,
2026-02-19 14:14:44,-2.44028130546212
2026-02-19 14:14:45,-1.95006255526096
2026-02-19 14:14:46,-1.76730437669903
2026-02-19 14:14:47,-1.7845245776698
2026-02-19 14:14:48,-1.15049699088559
2026-02-19 14:14:49,-1.03400959633291
2026-02-19 14:14:50,-0.876867823535576
2026-02-19 14:14:51,0.0
2026-02-19 14:14:52,0.0
2026-02-19 14:14:53,-1.36497103376314
2026-02-19 14:14:54,-1.57858362654224
2026-02-19 14:14:55,-1.73570533515885
2026-02-19 14:14:56,-2.3949048249051
2026-02-19 14:14:57,-2.68013428431004
2026-02-19 14:14:58,-2.42284045089036
2026-02-19 14:14:59,-2.4550671922043
2026-02-19 14:15:00,-2.33181235380471
2026-02-19 14:15:01,-2.16813662555069
2026-02-19 14:15:02,-1.97349668014795
2026-02-19 14:15:03,-2.25021012593061
2026-02-19 14:15:04,-2.05458363052458
2026-02-19 14:15:05,-2.05458363052458
2026-02-19 14:15:06,-1.83032434433699
2026-02-19 14:15:07,
2026-02-19 14:15:08,
2026-02-19 14:15:09,-2.00416145380586
2026-02-19 14:15:10,-1.95136698894203
2026-02-19 14:15:11,-1.91008946858346
2026-02-19 14:15:12,-2.02188184484839
2026-02-19 14:15:13,-2.010224503465
2026-02-19 14:15:14,-1.77987010683864
2026-02-19 14:15:15,-1.84743495192379
2026-02-19 14:15:16,-1.7602639971301
2026-02-19 14:15:17,
2026-02-19 14:15:18,
2026-02-19 14:15:19,
2026-02-19 14:15:20,
2026-02-19 14:15:21,-1.41085126670077
2026-02-19 14:15:22,-1.48983320686966
2026-02-19 14:15:23,-1.34855916257948
2026-02-19 14:15:24,-1.20019224705175
2026-02-19 14:15:25,-1.24510332243517
2026-02-19 14:15:26,-1.59799370449036
2026-02-19 14:15:27,-1.39007745310664
2026-02-19 14:15:28,
2026-02-19 14:15:29,-1.49224331835285
2026-02-19 14:15:30,-1.53729185694829
2026-02-19 14:15:31,-1.89276847522706
2026-02-19 14:15:32,-2.25970221217722
2026-02-19 14:15:33,-2.14432636275887
2026-02-19 14:15:34,-2.14432636275887
2026-02-19 14:15:35,-2.42324215359986
2026-02-19 14:15:36,
2026-02-19 14:15:37,
2026-02-19 14:15:38,-2.24249626044184
2026-02-19 14:15:39,-2.18446373473853
2026-02-19 14:15:40,-2.04349709674716
2026-02-19 14:15:41,-2.06555323675275
2026-02-19 14:15:42,-2.19685973133892
2026-02-19 14:15:43,-2.48208311386406
2026-02-19 14:15:44,-2.14733190368861
2026-02-19 14:15:45,-1.94653125945479
2026-02-19 14:15:46,-1.90458067227155
2026-02-19 14:15:47,-1.82019690982997
2026-02-19 14:15:48,-1.6743466607295
2026-02-19 14:15:49,-1.59959360025823
2026-02-19 14:15:50,-1.76173921208829
2026-02-19 14:15:51,-1.90563867799938
2026-02-19 14:15:52,-1.81538632605225
2026-02-19 14:15:53,-1.69004449853674
2026-02-19 14:15:54,-1.65544085903093
2026-02-19 14:15:55,-1.67024937691167
2026-02-19 14:15:56,-1.58044859999791
2026-02-19 14:15:57,-1.34977034758776
2026-02-19 14:15:58,-1.45420110784471
2026-02-19 14:15:59,-1.21735042193905
2026-02-19 14:16:00,0.0
2026-02-19 14:16:01,0.0
2026-02-19 14:16:02,-0.821180030470714
2026-02-19 14:16:03,0.0
2026-02-19 14:16:04,0.0
2026-02-19 14:16:05,0.0
2026-02-19 14:16:06,0.0
2026-02-19 14:16:07,0.0
2026-02-19 14:16:08,0.0
2026-02-19 14:16:09,0.0
2026-02-19 14:16:10,0.0
2026-02-19 14:16:11,0.0
2026-02-19 14:16:12,-0.920442875940353
2026-02-19 14:16:13,
2026-02-19 14:16:14,-1.05662376154214
2026-02-19 14:16:15,-1.09524432336912
2026-02-19 14:16:16,
2026-02-19 14:16:17,-0.888208800461143
2026-02-19 14:16:18,-0.888208800461143
2026-02-19 14:16:19,0.0
2026-02-19 14:16:20,0.0
2026-02-19 14:16:21,0.0
2026-02-19 14:16:22,0.0
2026-02-19 14:16:23,0.0
2026-02-19 14:16:24,0.0
2026-02-19 14:16:25,0.0
2026-02-19 14:16:26,0.0
2026-02-19 14:16:27,0.0
2026-02-19 14:16:28,0.0
2026-02-19 14:16:29,0.0
2026-02-19 14:16:30,0.0
2026-02-19 14:16:31,0.0
2026-02-19 14:16:32,0.0
2026-02-19 14:16:33,0.0
2026-02-19 14:16:34,0.0
2026-02-19 14:16:35,-0.896250503137708
2026-02-19 14:16:36,0.0
2026-02-19 14:16:37,0.0
2026-02-19 14:16:38,0.0
2026-02-19 14:16:39,0.0
2026-02-19 14:16:40,0.0
2026-02-19 14:16:41,0.0
2026-02-19 14:16:42,-0.847491977037862
2026-02-19 14:16:43,-0.945731706451625
2026-02-19 14:16:44,-1.05396261205897
2026-02-19 14:16:45,-1.08309360221028
2026-02-19 14:16:46,-1.42455567838624
2026-02-19 14:16:47,-1.5675671864301
2026-02-19 14:16:48,-1.74365672282875
2026-02-19 14:16:49,-1.80946555919945
2026-02-19 14:16:50,-1.96075891144574
2026-02-19 14:16:51,
2026-02-19 14:16:52,-1.66617158101872
2026-02-19 14:16:53,-1.66617158101872
2026-02-19 14:16:54,-1.86530663631856
2026-02-19 14:16:55,-1.98885253630579
2026-02-19 14:16:56,-1.89558563288301
2026-02-19 14:16:57,-2.39950628019869
2026-02-19 14:16:58,-2.34828824177384
2026-02-19 14:16:59,-2.16380171477795
2026-02-19 14:17:00,-2.16380171477795
2026-02-19 14:17:01,-2.59976210072637
2026-02-19 14:17:02,-2.65138163231313
2026-02-19 14:17:03,-2.65138163231313
2026-02-19 14:17:04,-2.6500849518925
2026-02-19 14:17:05,-2.56649956572801
2026-02-19 14:17:06,-3.00854940433055
2026-02-19 14:17:07,-2.96704242937267
2026-02-19 14:17:08,-2.77634323574603
2026-02-19 14:17:09,-2.69885254092515
2026-02-19 14:17:10,-2.48861429281533
2026-02-19 14:17:11,-2.1248570876196
2026-02-19 14:17:12,-1.97050664573908
2026-02-19 14:17:13,-1.74290842842311
2026-02-19 14:17:14,-1.70315882423893
2026-02-19 14:17:15,-1.490009855479
2026-02-19 14:17:16,-1.62418285617605
2026-02-19 14:17:17,
2026-02-19 14:17:18,
2026-02-19 14:17:19,-1.47374215302989
2026-02-19 14:17:20,-1.4694492565468
2026-02-19 14:17:21,-1.16405010921881
2026-02-19 14:17:22,-1.13244561944157
2026-02-19 14:17:23,-1.17095753084868
2026-02-19 14:17:24,-1.35237104259431
2026-02-19 14:17:25,-1.31756298942491
2026-02-19 14:17:26,-1.31756298942491
2026-02-19 14:17:27,-1.20891885599121
2026-02-19 14:17:28,-1.02550144074485
2026-02-19 14:17:29,-1.18652272503823
2026-02-19 14:17:30,-1.23457607114688
2026-02-19 14:17:31,-1.52549558551982
2026-02-19 14:17:32,-1.96107553783804
2026-02-19 14:17:33,-1.99285426642746
2026-02-19 14:17:34,
2026-02-19 14:17:35,-1.94781348109245
2026-02-19 14:17:36,-1.76320457831025
2026-02-19 14:17:37,-1.7748340498656
2026-02-19 14:17:38,-1.71297696651891
2026-02-19 14:17:39,-1.4080899534747
2026-02-19 14:17:40,
2026-02-19 14:17:41,
2026-02-19 14:17:42,-1.02609802270308
2026-02-19 14:17:43,0.0
2026-02-19 14:17:44,0.0
2026-02-19 14:17:45,0.0
2026-02-19 14:17:46,0.0
2026-02-19 14:17:47,-0.938527984544635
2026-02-19 14:17:48,0.0
2026-02-19 14:17:49,-0.902329792734236
2026-02-19 14:17:50,
2026-02-19 14:17:51,
2026-02-19 14:17:52,-1.32406441261992
2026-02-19 14:17:53,
2026-02-19 14:17:54,-1.35861503658816
2026-02-19 14:17:55,-1.55094681540504
2026-02-19 14:17:56,-1.52526581659913
2026-02-19 14:17:57,-1.50139352772385
2026-02-19 14:17:58,-1.39151107287034
2026-02-19 14:17:59,-1.50048870127648
2026-02-19 14:18:00,-1.29825611365959
2026-02-19 14:18:01,-1.19776809588075
2026-02-19 14:18:02,-1.07456197729334
2026-02-19 14:18:03,-1.09112388454378
2026-02-19 14:18:04,-1.2556626345031
2026-02-19 14:18:05,-1.40379422809929
2026-02-19 14:18:06,-1.36082555400208
2026-02-19 14:18:07,-1.3915995019488
2026-02-19 14:18:08,-1.46516673266888
2026-02-19 14:18:09,-1.68778536608443
2026-02-19 14:18:10,-1.62738159997389
2026-02-19 14:18:11,-1.4037718065083
2026-02-19 14:18:12,-1.75766969332471
2026-02-19 14:18:13,-1.94417552556843
2026-02-19 14:18:14,-1.66684883879498
2026-02-19 14:18:15,-1.88137704972178
2026-02-19 14:18:16,-1.86249031685293
2026-02-19 14:18:17,-1.93877820856869
2026-02-19 14:18:18,-2.28721455205232
2026-02-19 14:18:19,-2.70851876121014
2026-02-19 14:18:20,-2.50208862125874
2026-02-19 14:18:21,-2.43214059155434
2026-02-19 14:18:22,-2.59797445032746
2026-02-19 14:18:23,-2.5605940958485
2026-02-19 14:18:24,
2026-02-19 14:18:25,-2.57333731278777
2026-02-19 14:18:26,-2.75090478826314
2026-02-19 14:18:27,-3.14637995325029
2026-02-19 14:18:28,-3.24016925878823
2026-02-19 14:18:29,-3.44730704091489
2026-02-19 14:18:30,-3.23954166378826
2026-02-19 14:18:31,-3.66606172174215
2026-02-19 14:18:32,-3.23854505550116
2026-02-19 14:18:33,-3.01981279626489
2026-02-19 14:18:34,-2.89242127910256
2026-02-19 14:18:35,-2.61879153549671
2026-02-19 14:18:36,-2.52657572273165
2026-02-19 14:18:37,-2.10953580681235
2026-02-19 14:18:38,-2.17595736030489
2026-02-19 14:18:39,-2.10833384189755
2026-02-19 14:18:40,-2.03223160933703
2026-02-19 14:18:41,-2.02427236363292
2026-02-19 14:18:42,-2.12270440533757
2026-02-19 14:18:43,-2.20967000350356
2026-02-19 14:18:44,-2.09851989056915
2026-02-19 14:18:45,-1.95493327919394
2026-02-19 14:18:46,-1.90193052403629
2026-02-19 14:18:47,-2.13139790575951
2026-02-19 14:18:48,-2.17595861759037
2026-02-19 14:18:49,-2.19021958764642
2026-02-19 14:18:50,-1.97605148423463
2026-02-19 14:18:51,-1.93188493140042
2026-02-19 14:18:52,-2.0218564895913
2026-02-19 14:18:53,-2.33802711591125
2026-02-19 14:18:54,-2.07446131389588
2026-02-19 14:18:55,-1.96651183068752
2026-02-19 14:18:56,-1.73504819395021
2026-02-19 14:18:57,-1.65671731811017
2026-02-19 14:18:58,-1.61968250758946
2026-02-19 14:18:59,-2.01270135585219
2026-02-19 14:19:00,-2.01270135585219
2026-02-19 14:19:01,-2.01050655450672
2026-02-19 14:19:02,-2.13376097381115
2026-02-19 14:19:03,-2.06603393889964
2026-02-19 14:19:04,-1.64109795587137
2026-02-19 14:19:05,-1.67858800850809
2026-02-19 14:19:06,-1.5611436101608
2026-02-19 14:19:07,-1.55545523157343
2026-02-19 14:19:08,-1.55439460650086
2026-02-19 14:19:09,-1.53916133567691
2026-02-19 14:19:10,-1.69628419680521
2026-02-19 14:19:11,-1.5045304549858
2026-02-19 14:19:12,
2026-02-19 14:19:13,
2026-02-19 14:19:14,-1.965770451352
2026-02-19 14:19:15,-2.24086723756045
2026-02-19 14:19:16,-2.2982185240835
2026-02-19 14:19:17,-2.25362407509238
2026-02-19 14:19:18,-2.01360995415598
2026-02-19 14:19:19,-1.92818180657923
2026-02-19 14:19:20,-1.89869804307818
2026-02-19 14:19:21,-1.85783416964114
2026-02-19 14:19:22,-2.37615031655878
2026-02-19 14:19:23,-2.65701217576861
2026-02-19 14:19:24,-2.42170260753483
2026-02-19 14:19:25,-2.32627254445106
2026-02-19 14:19:26,-2.19191084615886
2026-02-19 14:19:27,-1.97996289934963
2026-02-19 14:19:28,-2.06264157313854
2026-02-19 14:19:29,-2.24857502616942
2026-02-19 14:19:30,-2.01420800294727
2026-02-19 14:19:31,-1.83890552725643
2026-02-19 14:19:32,-1.74142032628879
2026-02-19 14:19:33,-1.44162909127772
2026-02-19 14:19:34,-1.4140865765512
2026-02-19 14:19:35,-1.00832042517141
2026-02-19 14:19:36,0.0
2026-02-19 14:19:37,0.0
2026-02-19 14:19:38,0.0
2026-02-19 14:19:39,0.0
2026-02-19 14:19:40,0.0
2026-02-19 14:19:41,-0.963585160207003
2026-02-19 14:19:42,-1.17478104075417
2026-02-19 14:19:43,-1.40993868699297
2026-02-19 14:19:44,-1.47895936388522
2026-02-19 14:19:45,-1.65933488169685
2026-02-19 14:19:46,-1.72938726609573
2026-02-19 14:19:47,-1.73176971729845
2026-02-19 14:19:48,-2.39213418681175
2026-02-19 14:19:49,-2.54770314786583
2026-02-19 14:19:50,-2.60028513148427
2026-02-19 14:19:51,
2026-02-19 14:19:52,-2.72992027457803
2026-02-19 14:19:53,-2.54201602656394
2026-02-19 14:19:54,-2.54201602656394
2026-02-19 14:19:55,-2.69606010988355
2026-02-19 14:19:56,-2.70064207725227
2026-02-19 14:19:57,-2.52840423490852
2026-02-19 14:19:58,-2.33755563385785
2026-02-19 14:19:59,
2026-02-19 14:20:00,-2.17840990517288
2026-02-19 14:20:01,-2.15102350339293
2026-02-19 14:20:02,-1.67548879981041
2026-02-19 14:20:03,-1.48058681515977
2026-02-19 14:20:04,-1.07334492495283
2026-02-19 14:20:05,-1.07334492495283
2026-02-19 14:20:06,-0.893305102363229
2026-02-19 14:20:07,0.0
2026-02-19 14:20:08,0.0
2026-02-19 14:20:09,-0.818563828943297
2026-02-19 14:20:10,-0.848796882200986
2026-02-19 14:20:11,-0.866340834181756
2026-02-19 14:20:12,-1.16020836867392
2026-02-19 14:20:13,-1.36234749807045
2026-02-19 14:20:14,-1.71363075496629
2026-02-19 14:20:15,-1.73109811730683
2026-02-19 14:20:16,-2.06554380711168
2026-02-19 14:20:17,-2.02496533747762
2026-02-19 14:20:18,-1.89752248115838
2026-02-19 14:20:19,-1.92181973252445
2026-02-19 14:20:20,-1.85187505558133
2026-02-19 14:20:21,-1.59918225836009
2026-02-19 14:20:22,-1.77852481137961
2026-02-19 14:20:23,-1.86664857901633
2026-02-19 14:20:24,-1.92033320199698
2026-02-19 14:20:25,-1.92033320199698
2026-02-19 14:20:26,-1.84519635513425
2026-02-19 14:20:27,-1.83514980599284
2026-02-19 14:20:28,-1.64807190885767
2026-02-19 14:20:29,-1.477138500195
2026-02-19 14:20:30,-1.3592681963928
2026-02-19 14:20:31,-1.35871027596295
2026-02-19 14:20:32,-1.35871027596295
2026-02-19 14:20:33,-1.31459129042923
2026-02-19 14:20:34,-1.22854026267305
2026-02-19 14:20:35,-1.1508762720041
2026-02-19 14:20:36,-1.1508762720041
2026-02-19 14:20:37,-1.17714997613803
2026-02-19 14:20:38,-1.72023695195094
2026-02-19 14:20:39,-1.79366776719689
2026-02-19 14:20:40,-1.73622207948938
2026-02-19 14:20:41,-1.48902833461761
2026-02-19 14:20:42,-1.70323143247515
2026-02-19 14:20:43,-1.38676303904504
2026-02-19 14:20:44,-1.33900075452402
2026-02-19 14:20:45,
2026-02-19 14:20:46,-1.29046209622175
2026-02-19 14:20:47,-1.17919578915462
2026-02-19 14:20:48,-0.85084269521758
2026-02-19 14:20:49,-0.85083976155147
2026-02-19 14:20:50,-0.848645431688055
2026-02-19 14:20:51,0.0
2026-02-19 14:20:52,-1.36956599308178
2026-02-19 14:20:53,-1.42555480124429
2026-02-19 14:20:54,-1.42555480124429
2026-02-19 14:20:55,-1.43168197246268
2026-02-19 14:20:56,-1.23105514794588
2026-02-19 14:20:57,-1.17595461197197
2026-02-19 14:20:58,
2026-02-19 14:20:59,-1.3050276436843
2026-02-19 14:21:00,-1.36781742330641
2026-02-19 14:21:01,-1.304389256984
2026-02-19 14:21:02,-1.39379786560312
2026-02-19 14:21:03,
2026-02-19 14:21:04,-1.37742696097121
2026-02-19 14:21:05,-1.56354921637103
2026-02-19 14:21:06,-1.66769499192014
2026-02-19 14:21:07,-1.44042220199481
2026-02-19 14:21:08,-1.37519465060905
2026-02-19 14:21:09,-1.39975530328229
2026-02-19 14:21:10,-1.39949347358197
2026-02-19 14:21:11,-1.39830691041425
2026-02-19 14:21:12,-1.28505241591483
2026-02-19 14:21:13,-1.41246425919235
2026-02-19 14:21:14,-1.50861474685371
2026-02-19 14:21:15,-1.92612069658935
2026-02-19 14:21:16,-1.95473106577992
2026-02-19 14:21:17,-2.17186238151044
2026-02-19 14:21:18,-2.37674207892269
2026-02-19 14:21:19,-2.07073849160224
2026-02-19 14:21:20,-1.77051967475563
2026-02-19 14:21:21,-1.64852725574747
2026-02-19 14:21:22,-1.51369166560471
2026-02-19 14:21:23,-1.50138933677226
2026-02-19 14:21:24,-1.50138933677226
2026-02-19 14:21:25,-1.3793513411656
2026-02-19 14:21:26,-1.59938740544021
2026-02-19 14:21:27,-1.73913175240159
2026-02-19 14:21:28,-1.42894664313644
2026-02-19 14:21:29,-1.34527796180919
2026-02-19 14:21:30,-1.39033865416422
2026-02-19 14:21:31,-1.35863578179851
2026-02-19 14:21:32,-1.42765499185771
2026-02-19 14:21:33,-1.44360617268831
2026-02-19 14:21:34,-1.25230851117522
2026-02-19 14:21:35,-1.15898890653625
2026-02-19 14:21:36,-1.18499512318522
2026-02-19 14:21:37,-0.999198399949819
2026-02-19 14:21:38,-1.05016194283962
2026-02-19 14:21:39,-1.09285558573902
2026-02-19 14:21:40,-0.917285098694265
2026-02-19 14:21:41,-1.0505041340366
2026-02-19 14:21:42,-0.992941414006054
2026-02-19 14:21:43,-0.976024218834937
2026-02-19 14:21:44,-0.843185459962115
2026-02-19 14:21:45,0.0
2026-02-19 14:21:46,0.0
2026-02-19 14:21:47,-0.834615278290585
2026-02-19 14:21:48,-1.10069224610925
2026-02-19 14:21:49,-1.64076498476788
2026-02-19 14:21:50,-1.79805443622172
2026-02-19 14:21:51,-1.79805443622172
2026-02-19 14:21:52,-1.95433208718896
2026-02-19 14:21:53,-2.10486121941358
2026-02-19 14:21:54,-2.18215347267687
2026-02-19 14:21:55,-2.08172779530287
2026-02-19 14:21:56,-2.08837820682675
2026-02-19 14:21:57,-2.10659522563219
2026-02-19 14:21:58,-1.87790358904749
2026-02-19 14:21:59,-1.78930666297674
2026-02-19 14:22:00,-1.3918382814154
2026-02-19 14:22:01,-1.10856662504375
2026-02-19 14:22:02,-1.10856662504375
2026-02-19 14:22:03,-1.11811057431623
2026-02-19 14:22:04,-0.870035105617717
2026-02-19 14:22:05,-1.0018098866567
2026-02-19 14:22:06,-1.35777915129438
2026-02-19 14:22:07,-1.72034623101354
2026-02-19 14:22:08,-1.47384451702237
2026-02-19 14:22:09,-1.68771474855021
2026-02-19 14:22:10,-1.5965627040714
2026-02-19 14:22:11,-2.01759219635278
2026-02-19 14:22:12,-2.13370879646391
2026-02-19 14:22:13,-2.03329171054065
2026-02-19 14:22:14,-2.03860960900784
2026-02-19 14:22:15,-2.27811830118299
2026-02-19 14:22:16,-2.70920523907989
2026-02-19 14:22:17,-3.00785349681973
2026-02-19 14:22:18,-2.81638966407627
2026-02-19 14:22:19,-2.419193694368
2026-02-19 14:22:20,-2.28575651999563
2026-02-19 14:22:21,-2.80887424014509
2026-02-19 14:22:22,-2.80887424014509
2026-02-19 14:22:23,-2.70218350924551
2026-02-19 14:22:24,-2.65018113423139
2026-02-19 14:22:25,-2.08053924143314
2026-02-19 14:22:26,-1.85272183734924
2026-02-19 14:22:27,-1.85272183734924
2026-02-19 14:22:28,-1.55743608484045
2026-02-19 14:22:29,-1.39025032985955
2026-02-19 14:22:30,-1.02450137492269
2026-02-19 14:22:31,-1.02450137492269
2026-02-19 14:22:32,0.0
2026-02-19 14:22:33,0.0
2026-02-19 14:22:34,0.0
2026-02-19 14:22:35,0.0
2026-02-19 14:22:36,0.0
2026-02-19 14:22:37,0.0
2026-02-19 14:22:38,0.0
2026-02-19 14:22:39,0.0
2026-02-19 14:22:40,0.0
2026-02-19 14:22:41,0.0
2026-02-19 14:22:42,-0.990440358873457
2026-02-19 14:22:43,-1.06798826018348
2026-02-19 14:22:44,-1.26550770364702
2026-02-19 14:22:45,-1.24151984928176
2026-02-19 14:22:46,-1.2426566448994
2026-02-19 14:22:47,-1.56805354636163
2026-02-19 14:22:48,-1.47435654653236
2026-02-19 14:22:49,-1.6156311146915
2026-02-19 14:22:50,-1.35178064228967
2026-02-19 14:22:51,-1.42076475312933
2026-02-19 14:22:52,-1.395342964679
2026-02-19 14:22:53,-1.44783620489761
2026-02-19 14:22:54,-1.30214950768277
2026-02-19 14:22:55,-1.48412031121552
2026-02-19 14:22:56,-1.55464585404843
2026-02-19 14:22:57,-1.5555557096377
2026-02-19 14:22:58,-1.32444798946381
2026-02-19 14:22:59,-1.31494856905192
2026-02-19 14:23:00,-1.11246819142252
2026-02-19 14:23:01,-1.09616497065872
2026-02-19 14:23:02,-1.17912129499018
2026-02-19 14:23:03,-1.23185645788908
2026-02-19 14:23:04,-1.34552554227412
2026-02-19 14:23:05,-1.72765860334039
2026-02-19 14:23:06,-1.6113351797685
2026-02-19 14:23:07,-1.75702041015029
2026-02-19 14:23:08,-1.8376643769443
2026-02-19 14:23:09,-2.20008613541722
2026-02-19 14:23:10,-2.38465145230293
2026-02-19 14:23:11,-2.39310460165143
2026-02-19 14:23:12,-2.34658755362034
2026-02-19 14:23:13,-3.04772222880274
2026-02-19 14:23:14,-3.07923650834709
2026-02-19 14:23:15,-2.94694849289954
2026-02-19 14:23:16,-2.85427628550678
2026-02-19 14:23:17,-2.79188705608249
2026-02-19 14:23:18,-2.51153209246695
2026-02-19 14:23:19,-2.32527970802039
2026-02-19 14:23:20,-2.36017042770982
2026-02-19 14:23:21,-2.18306521419436
2026-02-19 14:23:22,-2.02402928844094
2026-02-19 14:23:23,-1.7915815114975
2026-02-19 14:23:24,-1.80096253752708
2026-02-19 14:23:25,-1.55505248112604
2026-02-19 14:23:26,-1.27377540338784
2026-02-19 14:23:27,-1.25317624770105
2026-02-19 14:23:28,-1.12986001186073
2026-02-19 14:23:29,-1.76204117015004
2026-02-19 14:23:30,-2.01075717341155
2026-02-19 14:23:31,-1.89227792434394
2026-02-19 14:23:32,-2.21099350601435
2026-02-19 14:23:33,-2.19054040499032
2026-02-19 14:23:34,-2.01186169870198
2026-02-19 14:23:35,-2.32941617723554
2026-02-19 14:23:36,-2.18331457581371
2026-02-19 14:23:37,-2.24341386929154
2026-02-19 14:23:38,-2.23075551912189
2026-02-19 14:23:39,-2.20376537181437
2026-02-19 14:23:40,-2.1268714684993
2026-02-19 14:23:41,-2.10015352349728
2026-02-19 14:23:42,-1.96999283507466
2026-02-19 14:23:43,-1.55076597584412
2026-02-19 14:23:44,-1.61317563615739
2026-02-19 14:23:45,-1.63760144496337
2026-02-19 14:23:46,-1.41506181098521
2026-02-19 14:23:47,-1.42625437583774
2026-02-19 14:23:48,-1.32712883641943
2026-02-19 14:23:49,-1.41885986085981
2026-02-19 14:23:50,-1.46479551913217
2026-02-19 14:23:51,-1.29762998549268
2026-02-19 14:23:52,-1.29762998549268
2026-02-19 14:23:53,-0.89891228126362
2026-02-19 14:23:54,-0.925251364242285
2026-02-19 14:23:55,-0.857281358912587
2026-02-19 14:23:56,-1.08193218475208
2026-02-19 14:23:57,-1.21635769028217
2026-02-19 14:23:58,-1.84358870610595
2026-02-19 14:23:59,-1.73208843916655
2026-02-19 14:24:00,-1.73041876405478
2026-02-19 14:24:01,-2.03835647553205
2026-02-19 14:24:02,-1.93731745239347
2026-02-19 14:24:03,-2.11745502892882
2026-02-19 14:24:04,-2.42781343404204
2026-02-19 14:24:05,-2.7726344531402
2026-02-19 14:24:06,-2.82370077911764
2026-02-19 14:24:07,-2.84250495024025
2026-02-19 14:24:08,-3.07418368756771
2026-02-19 14:24:09,-2.79551181010902
2026-02-19 14:24:10,
2026-02-19 14:24:11,-2.9518537921831
2026-02-19 14:24:12,-3.50161988753825
2026-02-19 14:24:13,-3.56363570317626
2026-02-19 14:24:14,-3.3588704187423
2026-02-19 14:24:15,-3.3588704187423
2026-02-19 14:24:16,-3.58290234580636
2026-02-19 14:24:17,-3.59796294942498
2026-02-19 14:24:18,-3.53408823721111
2026-02-19 14:24:19,
2026-02-19 14:24:20,-3.34413775708526
2026-02-19 14:24:21,-3.35624017752707
2026-02-19 14:24:22,-3.25643057003617
2026-02-19 14:24:23,-2.99596816767007
2026-02-19 14:24:24,-2.89905471727252
2026-02-19 14:24:25,-2.36485863570124
2026-02-19 14:24:26,-2.36485863570124
2026-02-19 14:24:27,-2.31623270083219
2026-02-19 14:24:28,-2.02221146319062
2026-02-19 14:24:29,-2.01492968481034
2026-02-19 14:24:30,-2.09517802577466
2026-02-19 14:24:31,-2.16412839945406
2026-02-19 14:24:32,-2.31457999907434
2026-02-19 14:24:33,
2026-02-19 14:24:34,
2026-02-19 14:24:35,-2.0658916560933
2026-02-19 14:24:36,-2.15002584736794
2026-02-19 14:24:37,-2.26492644287646
2026-02-19 14:24:38,-2.75934305973351
2026-02-19 14:24:39,-2.75934305973351
2026-02-19 14:24:40,-2.94939014129341
2026-02-19 14:24:41,-2.73139863274992
2026-02-19 14:24:42,-2.53383424133062
2026-02-19 14:24:43,-2.02125424984843
2026-02-19 14:24:44,
2026-02-19 14:24:45,
2026-02-19 14:24:46,
2026-02-19 14:24:47,-1.79405249655247
2026-02-19 14:24:48,-1.63370145019144
2026-02-19 14:24:49,-1.63370145019144
2026-02-19 14:24:50,-1.80058891419321
2026-02-19 14:24:51,-1.51407670928165
2026-02-19 14:24:52,-1.39651423087344
2026-02-19 14:24:53,-1.28690345445648
2026-02-19 14:24:54,-1.06550742639229
2026-02-19 14:24:55,-1.00888609886169
2026-02-19 14:24:56,-0.812711950857192
2026-02-19 14:24:57,-0.812711950857192
2026-02-19 14:24:58,-0.94496140955016
2026-02-19 14:24:59,-0.94496140955016
2026-02-19 14:25:00,-1.09569034539163
2026-02-19 14:25:01,0.0
2026-02-19 14:25:02,0.0
2026-02-19 14:25:03,0.0
2026-02-19 14:25:04,0.0
2026-02-19 14:25:05,0.0
2026-02-19 14:25:06,0.0
2026-02-19 14:25:07,0.0
2026-02-19 14:25:08,0.0
2026-02-19 14:25:09,-1.53125531505793
2026-02-19 14:25:10,
2026-02-19 14:25:11,
2026-02-19 14:25:12,
2026-02-19 14:25:13,-1.92107793409377
2026-02-19 14:25:14,
2026-02-19 14:25:15,-2.19217068515718
2026-02-19 14:25:16,-2.3833719547838
2026-02-19 14:25:17,
2026-02-19 14:25:18,-3.0071506742388
2026-02-19 14:25:19,
2026-02-19 14:25:20,
2026-02-19 14:25:21,-3.64537141285837
2026-02-19 14:25:22,-3.58405360020697
2026-02-19 14:25:23,-3.18672540597618
2026-02-19 14:25:24,
2026-02-19 14:25:25,-3.59821105375886
2026-02-19 14:25:26,-3.60332317650318
2026-02-19 14:25:27,-3.37138648610562
2026-02-19 14:25:28,
2026-02-19 14:25:29,-2.89195063523948
2026-02-19 14:25:30,-2.93798069469631
2026-02-19 14:25:31,-2.56852693855762
2026-02-19 14:25:32,
2026-02-19 14:25:33,-2.35361724626273
2026-02-19 14:25:34,-2.35361724626273
2026-02-19 14:25:35,-2.16001393273473
2026-02-19 14:25:36,-2.05737061332911
2026-02-19 14:25:37,-1.97419698815793
2026-02-19 14:25:38,-1.73741964390501
2026-02-19 14:25:39,-2.21517838072032
2026-02-19 14:25:40,-2.37150758039206
2026-02-19 14:25:41,-2.26044883020222
2026-02-19 14:25:42,
2026-02-19 14:25:43,-2.14557987637818
2026-02-19 14:25:44,-2.13729038368911
2026-02-19 14:25:45,-2.31358862947673
2026-02-19 14:25:46,
2026-02-19 14:25:47,-2.66445446759462
2026-02-19 14:25:48,-2.63818160165101
2026-02-19 14:25:49,-2.86244004964828
2026-02-19 14:25:50,-2.57571442052722
2026-02-19 14:25:51,-2.52220833208412
2026-02-19 14:25:52,-2.06481269560754
2026-02-19 14:25:53,-2.43748594075441
2026-02-19 14:25:54,-2.43748594075441
2026-02-19 14:25:55,-2.83622627612203
2026-02-19 14:25:56,
2026-02-19 14:25:57,-3.39854322373867
2026-02-19 14:25:58,-3.22720371186733
2026-02-19 14:25:59,-2.8592792339623
2026-02-19 14:26:00,-2.72473124787211
2026-02-19 14:26:01,-3.16249814350158
2026-02-19 14:26:02,-2.94089717790484
2026-02-19 14:26:03,-2.85204376559705
2026-02-19 14:26:04,-2.85204376559705
2026-02-19 14:26:05,-2.73802285082638
2026-02-19 14:26:06,-2.67204910051078
2026-02-19 14:26:07,-2.75814360938966
2026-02-19 14:26:08,-2.33758476097137
2026-02-19 14:26:09,-2.07151004578918
2026-02-19 14:26:10,-2.36406528856605
2026-02-19 14:26:11,-2.44924910366535
2026-02-19 14:26:12,-2.41551424842328
2026-02-19 14:26:13,-2.08273257594556
2026-02-19 14:26:14,-1.9000253174454
2026-02-19 14:26:15,-1.7922279657796
2026-02-19 14:26:16,-1.70034491457045
2026-02-19 14:26:17,-1.74870933406055
2026-02-19 14:26:18,-2.2151077631861
2026-02-19 14:26:19,-2.02614467125386
2026-02-19 14:26:20,-1.94791490212083
2026-02-19 14:26:21,-1.66142606176436
2026-02-19 14:26:22,
2026-02-19 14:26:23,-1.85436301399022
2026-02-19 14:26:24,
2026-02-19 14:26:25,-1.95304127410054
2026-02-19 14:26:26,-1.88864583615214
2026-02-19 14:26:27,-1.92994535900652
2026-02-19 14:26:28,-1.91494384780526
2026-02-19 14:26:29,-1.82463910896331
2026-02-19 14:26:30,-2.00036717578769
2026-02-19 14:26:31,-2.15169175062329
2026-02-19 14:26:32,-1.84681594837457
2026-02-19 14:26:33,-1.6337614855729
2026-02-19 14:26:34,-1.68870004126802
2026-02-19 14:26:35,-1.71258846530691
2026-02-19 14:26:36,-1.62464637542143
2026-02-19 14:26:37,-1.65775321656838
2026-02-19 14:26:38,-1.55296863522381
2026-02-19 14:26:39,-1.65624615037814
2026-02-19 14:26:40,-1.44442319869995
2026-02-19 14:26:41,-1.14779036957771
2026-02-19 14:26:42,-1.06830656295642
2026-02-19 14:26:43,0.0
2026-02-19 14:26:44,0.0
2026-02-19 14:26:45,0.0
2026-02-19 14:26:46,0.0
2026-02-19 14:26:47,0.0
2026-02-19 14:26:48,0.0
2026-02-19 14:26:49,0.0
2026-02-19 14:26:50,0.0
2026-02-19 14:26:51,0.0
2026-02-19 14:26:52,-0.929976557381451
2026-02-19 14:26:53,-1.01203444646671
2026-02-19 14:26:54,-1.28906870959327
2026-02-19 14:26:55,-1.26420012675226
2026-02-19 14:26:56,-1.86934964731336
2026-02-19 14:26:57,-1.86934964731336
2026-02-19 14:26:58,-1.69218041701242
2026-02-19 14:26:59,-1.23036322183907
2026-02-19 14:27:00,-1.32875523995608
2026-02-19 14:27:01,-1.72317711403593
2026-02-19 14:27:02,-1.94787760265172
2026-02-19 14:27:03,-1.8540931167081
2026-02-19 14:27:04,-1.7301322077401
2026-02-19 14:27:05,-1.65601680055261
2026-02-19 14:27:06,-1.47730886237696
2026-02-19 14:27:07,-1.42479005735368
2026-02-19 14:27:08,-1.51820228202268
2026-02-19 14:27:09,-1.77824904676527
2026-02-19 14:27:10,-1.91729916259646
2026-02-19 14:27:11,-2.07248004153371
2026-02-19 14:27:12,-1.84346025343984
2026-02-19 14:27:13,-1.80493053048849
2026-02-19 14:27:14,-1.50993332499638
2026-02-19 14:27:15,-1.02830728283152
2026-02-19 14:27:16,-0.816025212407112
2026-02-19 14:27:17,-0.925295893102884
2026-02-19 14:27:18,-0.996078446041793
2026-02-19 14:27:19,-1.03238392621279
2026-02-19 14:27:20,-1.04709437582642
2026-02-19 14:27:21,-1.13208624534309
2026-02-19 14:27:22,-1.15006825653836
2026-02-19 14:27:23,-1.27057760255411
2026-02-19 14:27:24,-0.987448962405324
2026-02-19 14:27:25,-0.987448962405324
2026-02-19 14:27:26,-0.873355544172227
2026-02-19 14:27:27,-0.864292139885947
2026-02-19 14:27:28,-0.937622634228319
2026-02-19 14:27:29,-1.05192235205323
2026-02-19 14:27:30,-1.02066393010318
2026-02-19 14:27:31,-0.975732528604567
2026-02-19 14:27:32,-1.20871873805299
2026-02-19 14:27:33,-1.39690451323986
2026-02-19 14:27:34,-0.985453021712601
2026-02-19 14:27:35,
2026-02-19 14:27:36,-1.42861712956801
2026-02-19 14:27:37,-1.02357590803877
2026-02-19 14:27:38,-1.11869552638382
2026-02-19 14:27:39,-1.02510120486841
2026-02-19 14:27:40,0.0
2026-02-19 14:27:41,-1.0899499990046
2026-02-19 14:27:42,
2026-02-19 14:27:43,-1.35892778635025
2026-02-19 14:27:44,-1.50385634042323
2026-02-19 14:27:45,-1.60430339165032
2026-02-19 14:27:46,-1.94454893935472
2026-02-19 14:27:47,-1.92188783548772
2026-02-19 14:27:48,-1.93068862427026
2026-02-19 14:27:49,-1.98408532887697
2026-02-19 14:27:50,-1.99757139198482
2026-02-19 14:27:51,-1.67309283278883
2026-02-19 14:27:52,-1.77529882639647
2026-02-19 14:27:53,-1.69749443884939
2026-02-19 14:27:54,-1.59380903933197
2026-02-19 14:27:55,-1.58785034436733
2026-02-19 14:27:56,-1.64154680678621
2026-02-19 14:27:57,-1.60858088638633
2026-02-19 14:27:58,-1.29272552439943
2026-02-19 14:27:59,-1.29272552439943
2026-02-19 14:28:00,-0.970576400868595
2026-02-19 14:28:01,-0.850953545887023
2026-02-19 14:28:02,-0.823505327571183
2026-02-19 14:28:03,-1.26731159398332
2026-02-19 14:28:04,-1.25353970797732
2026-02-19 14:28:05,0.0
2026-02-19 14:28:06,0.0
2026-02-19 14:28:07,0.0
2026-02-19 14:28:08,0.0
2026-02-19 14:28:09,0.0
2026-02-19 14:28:10,
2026-02-19 14:28:11,0.0
2026-02-19 14:28:12,-1.39300671871752
2026-02-19 14:28:13,-1.14501910284162
2026-02-19 14:28:14,-1.25889626797289
2026-02-19 14:28:15,
2026-02-19 14:28:16,-1.54807863291353
2026-02-19 14:28:17,-1.54807863291353
2026-02-19 14:28:18,-2.03205705620348
2026-02-19 14:28:19,-2.13333684951067
2026-02-19 14:28:20,-1.97393589187413
2026-02-19 14:28:21,-2.0892386091873
2026-02-19 14:28:22,-1.96102524641901
2026-02-19 14:28:23,-1.75461197504774
2026-02-19 14:28:24,-1.65778213413432
2026-02-19 14:28:25,-1.67662570020184
2026-02-19 14:28:26,-2.08261585794389
2026-02-19 14:28:27,-1.71190816909075
2026-02-19 14:28:28,-1.86897434759885
2026-02-19 14:28:29,-2.16596131213009
2026-02-19 14:28:30,-1.85424273367971
2026-02-19 14:28:31,
2026-02-19 14:28:32,-2.16005186084658
2026-02-19 14:28:33,-1.91936844494194
2026-02-19 14:28:34,-1.31587497889996
2026-02-19 14:28:35,-1.12594744423404
2026-02-19 14:28:36,-0.8430115878582
2026-02-19 14:28:37,0.0
2026-02-19 14:28:38,-0.861693802289665
2026-02-19 14:28:39,0.0
2026-02-19 14:28:40,0.0
2026-02-19 14:28:41,0.0
2026-02-19 14:28:42,0.0
2026-02-19 14:28:43,-0.863971165381372
2026-02-19 14:28:44,-1.1928262305446
2026-02-19 14:28:45,-1.62901460425928
2026-02-19 14:28:46,
2026-02-19 14:28:47,-1.65142142213881
2026-02-19 14:28:48,-1.70875395415351
2026-02-19 14:28:49,-1.64457036880776
2026-02-19 14:28:50,-1.75370369106531
2026-02-19 14:28:51,-1.71813780907542
2026-02-19 14:28:52,-1.74088838975877
2026-02-19 14:28:53,-1.82446183171123
2026-02-19 14:28:54,
2026-02-19 14:28:55,-1.43354149768129
2026-02-19 14:28:56,-1.27711307723075
2026-02-19 14:28:57,-1.18907344294712
2026-02-19 14:28:58,-0.844889710424468
2026-02-19 14:28:59,0.0
2026-02-19 14:29:00,0.0
2026-02-19 14:29:01,0.0
2026-02-19 14:29:02,0.0
2026-02-19 14:29:03,0.0
2026-02-19 14:29:04,0.0
2026-02-19 14:29:05,-1.13603768404573
2026-02-19 14:29:06,-1.62414817605168
2026-02-19 14:29:07,-2.01925348956138
2026-02-19 14:29:08,-2.23301716614515
2026-02-19 14:29:09,-2.43616830557585
2026-02-19 14:29:10,-2.69155798014253
2026-02-19 14:29:11,-3.31280599348247
2026-02-19 14:29:12,-3.35187090095133
2026-02-19 14:29:13,-3.31141543574631
2026-02-19 14:29:14,-2.95707110781223
2026-02-19 14:29:15,-2.95707110781223
2026-02-19 14:29:16,-3.20259926375002
2026-02-19 14:29:17,-3.23836086317897
2026-02-19 14:29:18,-2.60896878316998
2026-02-19 14:29:19,-2.54069943912327
2026-02-19 14:29:20,-2.39281689282507
2026-02-19 14:29:21,-2.396848378703
2026-02-19 14:29:22,-2.21881109755486
2026-02-19 14:29:23,-1.81483940687031
2026-02-19 14:29:24,-2.20383494161069
2026-02-19 14:29:25,-2.20383494161069
2026-02-19 14:29:26,-2.26592933759093
2026-02-19 14:29:27,-2.24356725811958
2026-02-19 14:29:28,-2.1933420561254
2026-02-19 14:29:29,-2.06653580535203
2026-02-19 14:29:30,-2.2196484496817
2026-02-19 14:29:31,
2026-02-19 14:29:32,
2026-02-19 14:29:33,-1.60171642201021
2026-02-19 14:29:34,-1.2685795663856
2026-02-19 14:29:35,-1.04072507238016
2026-02-19 14:29:36,0.0
2026-02-19 14:29:37,-1.01680584484711
2026-02-19 14:29:38,0.0
2026-02-19 14:29:39,0.0
2026-02-19 14:29:40,
2026-02-19 14:29:41,
2026-02-19 14:29:42,-0.876487704226747
2026-02-19 14:29:43,0.0
2026-02-19 14:29:44,-1.52798752533272
2026-02-19 14:29:45,-2.35644362401217
2026-02-19 14:29:46,-2.52148748841137
2026-02-19 14:29:47,-2.57751611061394
2026-02-19 14:29:48,-2.58101890794933
2026-02-19 14:29:49,-3.22096401359886
2026-02-19 14:29:50,-2.8280203929171
2026-02-19 14:29:51,-2.8280203929171
2026-02-19 14:29:52,-2.95636074151844
2026-02-19 14:29:53,-2.82654413022101
2026-02-19 14:29:54,-2.68182407598943
2026-02-19 14:29:55,-2.52186572179198
2026-02-19 14:29:56,-2.21875954885036
2026-02-19 14:29:57,-2.00848442036659
2026-02-19 14:29:58,-1.44902350148186
2026-02-19 14:29:59,
2026-02-19 14:30:00,
2026-02-19 14:30:01,-1.55551579082385
2026-02-19 14:30:02,-1.27793041756377
2026-02-19 14:30:03,-1.1200706823729
2026-02-19 14:30:04,-1.34272514842451
2026-02-19 14:30:05,-1.33264968171716
2026-02-19 14:30:06,-1.13059290451929
2026-02-19 14:30:07,-1.13059290451929
2026-02-19 14:30:08,
2026-02-19 14:30:09,-0.936333602294326
2026-02-19 14:30:10,-1.45035570021719
2026-02-19 14:30:11,-1.51295332470909
2026-02-19 14:30:12,
2026-02-19 14:30:13,-1.44704401027411
2026-02-19 14:30:14,-1.39081904198974
2026-02-19 14:30:15,-1.44679601071402
2026-02-19 14:30:16,-1.60278490511701
2026-02-19 14:30:17,-1.27154309302568
2026-02-19 14:30:18,-1.27154309302568
2026-02-19 14:30:19,0.0
2026-02-19 14:30:20,0.0
2026-02-19 14:30:21,0.0
2026-02-19 14:30:22,0.0
2026-02-19 14:30:23,0.0
2026-02-19 14:30:24,-0.934101187158376
2026-02-19 14:30:25,0.0
2026-02-19 14:30:26,-0.910402089357376
2026-02-19 14:30:27,0.0
2026-02-19 14:30:28,
2026-02-19 14:30:29,
2026-02-19 14:30:30,-1.00604714825749
2026-02-19 14:30:31,
2026-02-19 14:30:32,
2026-02-19 14:30:33,-1.44007990602404
2026-02-19 14:30:34,-1.56038693385199
2026-02-19 14:30:35,-1.43448184244335
2026-02-19 14:30:36,-1.63476961897686
2026-02-19 14:30:37,
2026-02-19 14:30:38,-1.19768081931397
2026-02-19 14:30:39,
2026-02-19 14:30:40,
2026-02-19 14:30:41,-1.29236814100295
2026-02-19 14:30:42,-1.29445879720151
2026-02-19 14:30:43,-1.74605530919507
2026-02-19 14:30:44,-2.00482362415642
2026-02-19 14:30:45,-1.86250163242221
2026-02-19 14:30:46,-2.10997899994254
2026-02-19 14:30:47,-2.43140801321715
2026-02-19 14:30:48,-2.4084388744086
2026-02-19 14:30:49,-2.02072262763977
2026-02-19 14:30:50,-1.59946986241266
2026-02-19 14:30:51,-1.05014465516433
2026-02-19 14:30:52,-1.05014465516433
2026-02-19 14:30:53,-1.91092262975872
2026-02-19 14:30:54,
2026-02-19 14:30:55,-1.97340447921306
2026-02-19 14:30:56,-1.66036857990548
2026-02-19 14:30:57,
2026-02-19 14:30:58,-1.28470226190984
2026-02-19 14:30:59,-1.4090976677835
2026-02-19 14:31:00,
2026-02-19 14:31:01,
2026-02-19 14:31:02,
2026-02-19 14:31:03,
2026-02-19 14:31:04,-1.3664991594851
2026-02-19 14:31:05,
2026-02-19 14:31:06,-1.66712303180248
2026-02-19 14:31:07,
2026-02-19 14:31:08,
2026-02-19 14:31:09,
2026-02-19 14:31:10,
2026-02-19 14:31:11,
2026-02-19 14:31:12,
2026-02-19 14:31:13,
2026-02-19 14:31:14,-2.91839407291263
2026-02-19 14:31:15,-3.10107870027423
2026-02-19 14:31:16,-2.81060070265085
2026-02-19 14:31:17,-2.89883846417069
2026-02-19 14:31:18,-2.77220676653087
2026-02-19 14:31:19,-2.89175324141979
2026-02-19 14:31:20,-2.74048356804997
2026-02-19 14:31:21,-2.45858172420412
2026-02-19 14:31:22,-2.45858172420412
2026-02-19 14:31:23,-2.29084496386349
2026-02-19 14:31:24,-1.48784648627043
2026-02-19 14:31:25,-1.53053604299203
2026-02-19 14:31:26,-1.40828839503229
2026-02-19 14:31:27,
2026-02-19 14:31:28,-1.16449843626469
2026-02-19 14:31:29,-1.26949581317604
2026-02-19 14:31:30,-1.40373712638393
2026-02-19 14:31:31,-1.05667195748538
2026-02-19 14:31:32,-0.874272629152983
2026-02-19 14:31:33,-0.982692441903055
2026-02-19 14:31:34,-1.08305892208591
2026-02-19 14:31:35,-1.00974733941257
2026-02-19 14:31:36,-1.44433246459812
2026-02-19 14:31:37,-1.5462264418602
2026-02-19 14:31:38,-1.6617767396383
2026-02-19 14:31:39,-1.60781163722277
2026-02-19 14:31:40,-1.52429341105744
2026-02-19 14:31:41,-1.23664640123025
2026-02-19 14:31:42,-1.53610330307856
2026-02-19 14:31:43,-1.41473596449941
2026-02-19 14:31:44,-1.40221109613776
2026-02-19 14:31:45,-1.38842286542058
2026-02-19 14:31:46,-1.43403697293252
2026-02-19 14:31:47,-1.33758075535297
2026-02-19 14:31:48,-1.23250469332561
2026-02-19 14:31:49,-1.51374677661806
2026-02-19 14:31:50,-1.50203872472048
2026-02-19 14:31:51,-1.53674703324214
2026-02-19 14:31:52,-1.22166343498975
2026-02-19 14:31:53,-1.09970978228375
2026-02-19 14:31:54,-1.51289014611393
2026-02-19 14:31:55,-1.56183228828013
2026-02-19 14:31:56,-1.40502008143812
2026-02-19 14:31:57,-1.51578976074234
2026-02-19 14:31:58,-1.51578976074234
2026-02-19 14:31:59,-1.65927421767265
2026-02-19 14:32:00,-1.57477038446814
2026-02-19 14:32:01,-1.53242039959878
2026-02-19 14:32:02,-2.07943073473871
2026-02-19 14:32:03,-1.96500685997307
2026-02-19 14:32:04,-1.71899726847187
2026-02-19 14:32:05,-1.37755373725668
2026-02-19 14:32:06,-1.51765054324642
2026-02-19 14:32:07,-1.27787101082504
2026-02-19 14:32:08,-1.21121392585337
2026-02-19 14:32:09,-1.51401112088934
2026-02-19 14:32:10,
2026-02-19 14:32:11,
2026-02-19 14:32:12,
2026-02-19 14:32:13,
2026-02-19 14:32:14,-1.20766764739528
2026-02-19 14:32:15,-0.995462480932474
2026-02-19 14:32:16,0.0
2026-02-19 14:32:17,
2026-02-19 14:32:18,0.0
2026-02-19 14:32:19,0.0
2026-02-19 14:32:20,-0.864180765347555
2026-02-19 14:32:21,0.0
2026-02-19 14:32:22,0.0
2026-02-19 14:32:23,
2026-02-19 14:32:24,0.0
2026-02-19 14:32:25,0.0
2026-02-19 14:32:26,
2026-02-19 14:32:27,
2026-02-19 14:32:28,
2026-02-19 14:32:29,0.0
2026-02-19 14:32:30,0.0
2026-02-19 14:32:31,0.0
2026-02-19 14:32:32,0.0
2026-02-19 14:32:33,0.0
2026-02-19 14:32:34,0.0
2026-02-19 14:32:35,0.0
2026-02-19 14:32:36,0.0
2026-02-19 14:32:37,
2026-02-19 14:32:38,0.0
2026-02-19 14:32:39,0.0
2026-02-19 14:32:40,0.0
2026-02-19 14:32:41,0.0
2026-02-19 14:32:42,0.0
2026-02-19 14:32:43,0.0
2026-02-19 14:32:44,0.0
2026-02-19 14:32:45,0.0
2026-02-19 14:32:46,0.0
2026-02-19 14:32:47,0.0
2026-02-19 14:32:48,0.0
2026-02-19 14:32:49,0.0
2026-02-19 14:32:50,0.0
2026-02-19 14:32:51,0.0
2026-02-19 14:32:52,0.0
2026-02-19 14:32:53,-0.979682814795524
2026-02-19 14:32:54,-1.38792822835967
2026-02-19 14:32:55,-1.61794462474063
2026-02-19 14:32:56,-1.63411499233916
2026-02-19 14:32:57,-1.35682172840461
2026-02-19 14:32:58,-1.30824880907312
2026-02-19 14:32:59,0.0
2026-02-19 14:33:00,0.0
2026-02-19 14:33:01,0.0
2026-02-19 14:33:02,0.0
2026-02-19 14:33:03,0.0
2026-02-19 14:33:04,0.0
2026-02-19 14:33:05,0.0
2026-02-19 14:33:06,0.0
2026-02-19 14:33:07,0.0
2026-02-19 14:33:08,0.0
2026-02-19 14:33:09,0.0
2026-02-19 14:33:10,0.0
2026-02-19 14:33:11,0.0
2026-02-19 14:33:12,0.0
2026-02-19 14:33:13,0.0
2026-02-19 14:33:14,
2026-02-19 14:33:15,0.0
2026-02-19 14:33:16,0.0
2026-02-19 14:33:17,0.0
2026-02-19 14:33:18,0.0
2026-02-19 14:33:19,0.0
2026-02-19 14:33:20,0.0
2026-02-19 14:33:21,0.0
2026-02-19 14:33:22,0.0
2026-02-19 14:33:23,0.0
2026-02-19 14:33:24,0.0
2026-02-19 14:33:25,0.0
2026-02-19 14:33:26,
2026-02-19 14:33:27,
2026-02-19 14:33:28,0.0
2026-02-19 14:33:29,
2026-02-19 14:33:30,
2026-02-19 14:33:31,
2026-02-19 14:33:32,-0.953219051007181
2026-02-19 14:33:33,-1.07740794774145
2026-02-19 14:33:34,-1.06653274269775
2026-02-19 14:33:35,
2026-02-19 14:33:36,
2026-02-19 14:33:37,-1.10207085963339
2026-02-19 14:33:38,-0.943810259923339
2026-02-19 14:33:39,-1.05229534674436
2026-02-19 14:33:40,-0.872323103249073
2026-02-19 14:33:41,-0.954330596141517
2026-02-19 14:33:42,-1.02949573192745
2026-02-19 14:33:43,0.0
2026-02-19 14:33:44,
2026-02-19 14:33:45,0.0
2026-02-19 14:33:46,-0.837157404748723
2026-02-19 14:33:47,-0.971319666132331
2026-02-19 14:33:48,-0.971319666132331
2026-02-19 14:33:49,-1.14785857731476
2026-02-19 14:33:50,-1.14785857731476
2026-02-19 14:33:51,-1.46055469522253
2026-02-19 14:33:52,-1.31157872965559
2026-02-19 14:33:53,-1.29040227038786
2026-02-19 14:33:54,
2026-02-19 14:33:55,
2026-02-19 14:33:56,-1.08903689542785
2026-02-19 14:33:57,
2026-02-19 14:33:58,
2026-02-19 14:33:59,-0.960483436938375
2026-02-19 14:34:00,-1.02984913391992
2026-02-19 14:34:01,-0.920992519240826
2026-02-19 14:34:02,
2026-02-19 14:34:03,
2026-02-19 14:34:04,
2026-02-19 14:34:05,0.0
2026-02-19 14:34:06,0.0
2026-02-19 14:34:07,0.0
2026-02-19 14:34:08,0.0
2026-02-19 14:34:09,
2026-02-19 14:34:10,0.0
2026-02-19 14:34:11,0.0
2026-02-19 14:34:12,0.0
2026-02-19 14:34:13,0.0
2026-02-19 14:34:14,
2026-02-19 14:34:15,0.0
2026-02-19 14:34:16,
2026-02-19 14:34:17,0.0
2026-02-19 14:34:18,0.0
2026-02-19 14:34:19,0.0
2026-02-19 14:34:20,0.985768914688379
2026-02-19 14:34:21,0.985768914688379
2026-02-19 14:34:22,
2026-02-19 14:34:23,1.09956980450079
2026-02-19 14:34:24,0.0
2026-02-19 14:34:25,
2026-02-19 14:34:26,
2026-02-19 14:34:27,0.0
2026-02-19 14:34:28,0.0
2026-02-19 14:34:29,
2026-02-19 14:34:30,
2026-02-19 14:34:31,-0.900009681936353
2026-02-19 14:34:32,-1.21170961065218
2026-02-19 14:34:33,-1.32055333815515
2026-02-19 14:34:34,
2026-02-19 14:34:35,
2026-02-19 14:34:36,-1.95142356678843
2026-02-19 14:34:37,
2026-02-19 14:34:38,
2026-02-19 14:34:39,
2026-02-19 14:34:40,0.0
2026-02-19 14:34:41,0.0
2026-02-19 14:34:42,0.0
2026-02-19 14:34:43,0.0
2026-02-19 14:34:44,
2026-02-19 14:34:45,
2026-02-19 14:34:46,0.0
2026-02-19 14:34:47,0.0
2026-02-19 14:34:48,0.0
2026-02-19 14:34:49,-1.40419540693983
2026-02-19 14:34:50,-1.4287113212049
2026-02-19 14:34:51,
2026-02-19 14:34:52,-1.29774387460202
2026-02-19 14:34:53,0.0
2026-02-19 14:34:54,
2026-02-19 14:34:55,0.0
2026-02-19 14:34:56,
2026-02-19 14:34:57,
2026-02-19 14:34:58,0.0
2026-02-19 14:34:59,0.0
2026-02-19 14:35:00,0.0
2026-02-19 14:35:01,0.0
2026-02-19 14:35:02,
2026-02-19 14:35:03,0.0
2026-02-19 14:35:04,0.0
2026-02-19 14:35:05,-1.19442507857457
2026-02-19 14:35:06,-1.97082159575075
2026-02-19 14:35:07,
2026-02-19 14:35:08,
2026-02-19 14:35:09,-2.42907993961126
2026-02-19 14:35:10,-2.28510608430952
2026-02-19 14:35:11,-2.32769390568137
2026-02-19 14:35:12,
2026-02-19 14:35:13,-2.60666501708329
2026-02-19 14:35:14,-2.60666501708329
2026-02-19 14:35:15,-2.74686450138688
2026-02-19 14:35:16,-2.73076056037098
2026-02-19 14:35:17,-2.98340998124331
2026-02-19 14:35:18,
2026-02-19 14:35:19,
2026-02-19 14:35:20,
2026-02-19 14:35:21,-2.57800791878253
2026-02-19 14:35:22,
2026-02-19 14:35:23,-1.99650395661592
2026-02-19 14:35:24,-2.13349610567093
2026-02-19 14:35:25,
2026-02-19 14:35:26,
2026-02-19 14:35:27,
2026-02-19 14:35:28,
2026-02-19 14:35:29,-1.73251717351377
2026-02-19 14:35:30,-1.47984260693192
2026-02-19 14:35:31,-1.31107874913141
2026-02-19 14:35:32,
2026-02-19 14:35:33,
2026-02-19 14:35:34,-1.62462018197402
2026-02-19 14:35:35,-1.62462018197402
2026-02-19 14:35:36,
2026-02-19 14:35:37,
2026-02-19 14:35:38,
2026-02-19 14:35:39,
2026-02-19 14:35:40,
2026-02-19 14:35:41,
2026-02-19 14:35:42,
2026-02-19 14:35:43,-2.61172705795616
2026-02-19 14:35:44,-2.73879964370281
2026-02-19 14:35:45,
2026-02-19 14:35:46,-2.17892203945667
2026-02-19 14:35:47,-2.72714586462826
2026-02-19 14:35:48,-3.12603204511106
2026-02-19 14:35:49,
2026-02-19 14:35:50,
2026-02-19 14:35:51,-3.23727708309889
2026-02-19 14:35:52,
2026-02-19 14:35:53,
2026-02-19 14:35:54,-3.60076962970197
2026-02-19 14:35:55,-3.3253149362281
2026-02-19 14:35:56,-3.1658599153161
2026-02-19 14:35:57,
2026-02-19 14:35:58,-2.7075074845925
2026-02-19 14:35:59,
2026-02-19 14:36:00,
2026-02-19 14:36:01,
2026-02-19 14:36:02,-2.10650658700615
2026-02-19 14:36:03,-1.20458436431363
2026-02-19 14:36:04,-1.1076626367867
2026-02-19 14:36:05,-1.05512402951717
2026-02-19 14:36:06,-1.01715851342306
2026-02-19 14:36:07,-0.930844608228654
2026-02-19 14:36:08,
2026-02-19 14:36:09,-0.824076920980588
2026-02-19 14:36:10,-1.2477142852731
2026-02-19 14:36:11,-2.19098443631083
2026-02-19 14:36:12,
2026-02-19 14:36:13,
2026-02-19 14:36:14,-1.48034583544359
2026-02-19 14:36:15,-1.25237085158005
2026-02-19 14:36:16,
2026-02-19 14:36:17,
2026-02-19 14:36:18,
2026-02-19 14:36:19,-0.940136157441884
2026-02-19 14:36:20,
2026-02-19 14:36:21,0.0
2026-02-19 14:36:22,0.0
2026-02-19 14:36:23,
2026-02-19 14:36:24,
2026-02-19 14:36:25,
2026-02-19 14:36:26,
2026-02-19 14:36:27,0.0
2026-02-19 14:36:28,0.0
2026-02-19 14:36:29,
2026-02-19 14:36:30,
2026-02-19 14:36:31,
2026-02-19 14:36:32,0.0
2026-02-19 14:36:33,0.0
2026-02-19 14:36:34,
2026-02-19 14:36:35,
2026-02-19 14:36:36,
2026-02-19 14:36:37,
2026-02-19 14:36:38,0.0
2026-02-19 14:36:39,0.0
2026-02-19 14:36:40,
2026-02-19 14:36:41,
2026-02-19 14:36:42,
2026-02-19 14:36:43,
2026-02-19 14:36:44,
2026-02-19 14:36:45,
2026-02-19 14:36:46,
2026-02-19 14:36:47,
2026-02-19 14:36:48,
2026-02-19 14:36:49,0.0
2026-02-19 14:36:50,
2026-02-19 14:36:51,
2026-02-19 14:36:52,0.0
2026-02-19 14:36:53,
2026-02-19 14:36:54,0.830314104678109
2026-02-19 14:36:55,
2026-02-19 14:36:56,
2026-02-19 14:36:57,
2026-02-19 14:36:58,0.0
2026-02-19 14:36:59,0.0
2026-02-19 14:37:00,0.0
2026-02-19 14:37:01,0.0
2026-02-19 14:37:02,-0.99827628582716
2026-02-19 14:37:03,
2026-02-19 14:37:04,-0.947871396783739
2026-02-19 14:37:05,
2026-02-19 14:37:06,
2026-02-19 14:37:07,
2026-02-19 14:37:08,
2026-02-19 14:37:09,
2026-02-19 14:37:10,
2026-02-19 14:37:11,
2026-02-19 14:37:12,-1.12763189245015
2026-02-19 14:37:13,
2026-02-19 14:37:14,-1.48747045313939
2026-02-19 14:37:15,
2026-02-19 14:37:16,
2026-02-19 14:37:17,
2026-02-19 14:37:18,
2026-02-19 14:37:19,
2026-02-19 14:37:20,
2026-02-19 14:37:21,
2026-02-19 14:37:22,
2026-02-19 14:37:23,
2026-02-19 14:37:24,
2026-02-19 14:37:25,
2026-02-19 14:37:26,
2026-02-19 14:37:27,
2026-02-19 14:37:28,
2026-02-19 14:37:29,
2026-02-19 14:37:30,
2026-02-19 14:37:31,-1.71114918775856
2026-02-19 14:37:32,
2026-02-19 14:37:33,-1.76064223051071
2026-02-19 14:37:34,-1.97270312346518
2026-02-19 14:37:35,-1.54478737385944
2026-02-19 14:37:36,
2026-02-19 14:37:37,-1.6201616381295
2026-02-19 14:37:38,-1.84452140238136
2026-02-19 14:37:39,-2.13109259493649
2026-02-19 14:37:40,
2026-02-19 14:37:41,-1.48521980736405
2026-02-19 14:37:42,-1.44125672522932
2026-02-19 14:37:43,
2026-02-19 14:37:44,
2026-02-19 14:37:45,
2026-02-19 14:37:46,
2026-02-19 14:37:47,-3.46661433577538
2026-02-19 14:37:48,
2026-02-19 14:37:49,-3.28330839984119
2026-02-19 14:37:50,-3.90283497981727
2026-02-19 14:37:51,-3.66997816599905
2026-02-19 14:37:52,-2.73988405242562
2026-02-19 14:37:53,-2.34092264436185
2026-02-19 14:37:54,-3.15576998982579
2026-02-19 14:37:55,-3.43435322865844
2026-02-19 14:37:56,-2.46788500808179
2026-02-19 14:37:57,0.0
2026-02-19 14:37:58,0.0
2026-02-19 14:37:59,0.0
2026-02-19 14:38:00,0.0
2026-02-19 14:38:01,0.0
2026-02-19 14:38:02,0.0
2026-02-19 14:38:03,0.0
2026-02-19 14:38:04,
2026-02-19 14:38:05,0.0
2026-02-19 14:38:06,0.0
2026-02-19 14:38:07,0.0
2026-02-19 14:38:08,0.0
2026-02-19 14:38:09,
2026-02-19 14:38:10,0.0
2026-02-19 14:38:11,0.0
2026-02-19 14:38:12,
2026-02-19 14:38:13,
2026-02-19 14:38:14,0.0
2026-02-19 14:38:15,-1.00983367301524
2026-02-19 14:38:16,
2026-02-19 14:38:17,-0.971454405225813
2026-02-19 14:38:18,-1.00422429386526
2026-02-19 14:38:19,-1.22872267384082
2026-02-19 14:38:20,-1.31781895179302
2026-02-19 14:38:21,-1.40189352678135
2026-02-19 14:38:22,-1.40189352678135
2026-02-19 14:38:23,-1.4384351670742
2026-02-19 14:38:24,
2026-02-19 14:38:25,
2026-02-19 14:38:26,-1.42114309128374
2026-02-19 14:38:27,-1.62049492355436
2026-02-19 14:38:28,-1.34189795935526
2026-02-19 14:38:29,-1.10127656953409
2026-02-19 14:38:30,-0.975735357496887
2026-02-19 14:38:31,-0.970636017154902
2026-02-19 14:38:32,-0.899771531112492
2026-02-19 14:38:33,0.0
2026-02-19 14:38:34,
2026-02-19 14:38:35,
2026-02-19 14:38:36,0.0
2026-02-19 14:38:37,0.0
2026-02-19 14:38:38,-0.909430102910846
2026-02-19 14:38:39,-1.00710274418816
2026-02-19 14:38:40,
2026-02-19 14:38:41,-1.08330535003915
2026-02-19 14:38:42,-1.04058855213225
2026-02-19 14:38:43,-1.04058855213225
2026-02-19 14:38:44,-1.03216012939811
2026-02-19 14:38:45,-1.20045596268028
2026-02-19 14:38:46,-1.24301664764062
2026-02-19 14:38:47,-1.07399797998369
2026-02-19 14:38:48,-0.909538334235549
2026-02-19 14:38:49,-0.821510015521199
2026-02-19 14:38:50,0.0
2026-02-19 14:38:51,0.0
2026-02-19 14:38:52,
2026-02-19 14:38:53,
2026-02-19 14:38:54,0.0
2026-02-19 14:38:55,0.0
2026-02-19 14:38:56,
2026-02-19 14:38:57,
2026-02-19 14:38:58,
2026-02-19 14:38:59,
2026-02-19 14:39:00,0.0
2026-02-19 14:39:01,
2026-02-19 14:39:02,0.0
2026-02-19 14:39:03,0.0
2026-02-19 14:39:04,
2026-02-19 14:39:05,
2026-02-19 14:39:06,
2026-02-19 14:39:07,
2026-02-19 14:39:08,
2026-02-19 14:39:09,
2026-02-19 14:39:10,
2026-02-19 14:39:11,
2026-02-19 14:39:12,
2026-02-19 14:39:13,0.0
2026-02-19 14:39:14,0.0
2026-02-19 14:39:15,-0.895188620779663
2026-02-19 14:39:16,-0.895188620779663
2026-02-19 14:39:17,
2026-02-19 14:39:18,
2026-02-19 14:39:19,
2026-02-19 14:39:20,
2026-02-19 14:39:21,
2026-02-19 14:39:22,
2026-02-19 14:39:23,
2026-02-19 14:39:24,-0.979437539353967
2026-02-19 14:39:25,-0.943371991161257
2026-02-19 14:39:26,-0.843364727916196
2026-02-19 14:39:27,-0.843364727916196
2026-02-19 14:39:28,
2026-02-19 14:39:29,
2026-02-19 14:39:30,
2026-02-19 14:39:31,
2026-02-19 14:39:32,
2026-02-19 14:39:33,
2026-02-19 14:39:34,
2026-02-19 14:39:35,-0.846836459822953
2026-02-19 14:39:36,-1.1715654283762
2026-02-19 14:39:37,-0.93540761154145
2026-02-19 14:39:38,0.0
2026-02-19 14:39:39,0.0
2026-02-19 14:39:40,
2026-02-19 14:39:41,0.0
2026-02-19 14:39:42,-0.895814958494157
2026-02-19 14:39:43,-0.88047586614266
2026-02-19 14:39:44,
2026-02-19 14:39:45,
2026-02-19 14:39:46,
2026-02-19 14:39:47,
2026-02-19 14:39:48,
2026-02-19 14:39:49,0.0
2026-02-19 14:39:50,0.0
2026-02-19 14:39:51,0.0
2026-02-19 14:39:52,-1.56590233091265
2026-02-19 14:39:53,
2026-02-19 14:39:54,-1.98461296968162
2026-02-19 14:39:55,
2026-02-19 14:39:56,
2026-02-19 14:39:57,
2026-02-19 14:39:58,
2026-02-19 14:39:59,
2026-02-19 14:40:00,-2.24270832259208
2026-02-19 14:40:01,
2026-02-19 14:40:02,
2026-02-19 14:40:03,
2026-02-19 14:40:04,
2026-02-19 14:40:05,
2026-02-19 14:40:06,
2026-02-19 14:40:07,
2026-02-19 14:40:08,-1.96524281054735
2026-02-19 14:40:09,-2.00293643865734
2026-02-19 14:40:10,
2026-02-19 14:40:11,-1.6640248708427
2026-02-19 14:40:12,-1.39500171644613
2026-02-19 14:40:13,-1.68856173986569
2026-02-19 14:40:14,-1.42118227668107
2026-02-19 14:40:15,
2026-02-19 14:40:16,-1.48945308756083
2026-02-19 14:40:17,-1.48945308756083
2026-02-19 14:40:18,
2026-02-19 14:40:19,-1.60399242304265
2026-02-19 14:40:20,-1.60399242304265
2026-02-19 14:40:21,
2026-02-19 14:40:22,-1.62856229580939
2026-02-19 14:40:23,
2026-02-19 14:40:24,
2026-02-19 14:40:25,
2026-02-19 14:40:26,-1.90182281658053
2026-02-19 14:40:27,
2026-02-19 14:40:28,-1.93327402230352
2026-02-19 14:40:29,
2026-02-19 14:40:30,
2026-02-19 14:40:31,-1.99931252282113
2026-02-19 14:40:32,-2.19660995062441
2026-02-19 14:40:33,-1.8988981610164
2026-02-19 14:40:34,-1.52536901878193
2026-02-19 14:40:35,-1.07584220822901
2026-02-19 14:40:36,-1.35822182055563
2026-02-19 14:40:37,-1.35822182055563
2026-02-19 14:40:38,-1.14833938423544
2026-02-19 14:40:39,
2026-02-19 14:40:40,-1.02112923050299
2026-02-19 14:40:41,-1.03959162952378
2026-02-19 14:40:42,-1.46385967964306
2026-02-19 14:40:43,
2026-02-19 14:40:44,-1.60168404690921
2026-02-19 14:40:45,
2026-02-19 14:40:46,
2026-02-19 14:40:47,
2026-02-19 14:40:48,
2026-02-19 14:40:49,-1.67097084922716
2026-02-19 14:40:50,
2026-02-19 14:40:51,
2026-02-19 14:40:52,
2026-02-19 14:40:53,
2026-02-19 14:40:54,-1.65873201331124
2026-02-19 14:40:55,-1.6112249577418
2026-02-19 14:40:56,
2026-02-19 14:40:57,
2026-02-19 14:40:58,-1.43375471234322
2026-02-19 14:40:59,-1.40012484043837
2026-02-19 14:41:00,
2026-02-19 14:41:01,
2026-02-19 14:41:02,
2026-02-19 14:41:03,
2026-02-19 14:41:04,-1.28547549247742
2026-02-19 14:41:05,-1.06062758713961
2026-02-19 14:41:06,-1.00651024840772
2026-02-19 14:41:07,
2026-02-19 14:41:08,
2026-02-19 14:41:09,
2026-02-19 14:41:10,
2026-02-19 14:41:11,-0.814655085559934
2026-02-19 14:41:12,-0.814655085559934
2026-02-19 14:41:13,0.0
2026-02-19 14:41:14,0.0
2026-02-19 14:41:15,
2026-02-19 14:41:16,
2026-02-19 14:41:17,0.0
2026-02-19 14:41:18,0.0
2026-02-19 14:41:19,0.0
2026-02-19 14:41:20,0.0
2026-02-19 14:41:21,
2026-02-19 14:41:22,0.0
2026-02-19 14:41:23,0.0
2026-02-19 14:41:24,0.0
2026-02-19 14:41:25,0.0
2026-02-19 14:41:26,0.0
2026-02-19 14:41:27,0.0
2026-02-19 14:41:28,0.0
2026-02-19 14:41:29,0.0
2026-02-19 14:41:30,0.0
2026-02-19 14:41:31,0.0
2026-02-19 14:41:32,0.0
2026-02-19 14:41:33,0.0
2026-02-19 14:41:34,0.0
2026-02-19 14:41:35,0.0
2026-02-19 14:41:36,0.0
2026-02-19 14:41:37,0.0
2026-02-19 14:41:38,0.0
2026-02-19 14:41:39,0.0
2026-02-19 14:41:40,0.0
2026-02-19 14:41:41,0.0
2026-02-19 14:41:42,0.0
2026-02-19 14:41:43,0.0
2026-02-19 14:41:44,0.0
2026-02-19 14:41:45,0.0
2026-02-19 14:41:46,0.0
2026-02-19 14:41:47,0.0
2026-02-19 14:41:48,
2026-02-19 14:41:49,0.0
2026-02-19 14:41:50,0.0
2026-02-19 14:41:51,0.0
2026-02-19 14:41:52,0.0
2026-02-19 14:41:53,0.0
2026-02-19 14:41:54,0.0
2026-02-19 14:41:55,
2026-02-19 14:41:56,0.0
2026-02-19 14:41:57,0.0
2026-02-19 14:41:58,0.0
2026-02-19 14:41:59,-0.828143715625629
2026-02-19 14:42:00,-0.930311204865575
2026-02-19 14:42:01,
2026-02-19 14:42:02,
2026-02-19 14:42:03,0.0
2026-02-19 14:42:04,0.0
2026-02-19 14:42:05,0.0
2026-02-19 14:42:06,
2026-02-19 14:42:07,0.0
2026-02-19 14:42:08,
2026-02-19 14:42:09,0.0
2026-02-19 14:42:10,0.0
2026-02-19 14:42:11,-1.15117791574448
2026-02-19 14:42:12,-1.15117791574448
2026-02-19 14:42:13,-1.38594035524875
2026-02-19 14:42:14,
2026-02-19 14:42:15,-1.68327516876161
2026-02-19 14:42:16,-1.68327516876161
2026-02-19 14:42:17,-1.98739995248616
2026-02-19 14:42:18,-1.98739995248616
2026-02-19 14:42:19,-2.0676409592852
2026-02-19 14:42:20,-2.04035053029656
2026-02-19 14:42:21,-2.06193623598665
2026-02-19 14:42:22,-2.11795542854816
2026-02-19 14:42:23,-2.49885404482484
2026-02-19 14:42:24,-2.94834889937192
2026-02-19 14:42:25,-2.7194764232263
2026-02-19 14:42:26,-2.74948405567557
2026-02-19 14:42:27,-2.60948406066746
2026-02-19 14:42:28,
2026-02-19 14:42:29,
2026-02-19 14:42:30,-2.4717457126826
2026-02-19 14:42:31,-2.4717457126826
2026-02-19 14:42:32,-2.25600160192698
2026-02-19 14:42:33,-2.23626641090959
2026-02-19 14:42:34,-2.23626641090959
2026-02-19 14:42:35,-2.21073995344341
2026-02-19 14:42:36,-1.85732454992831
2026-02-19 14:42:37,-1.67949147289619
2026-02-19 14:42:38,-1.58633259125054
2026-02-19 14:42:39,-1.42336691496894
2026-02-19 14:42:40,-1.12326240632683
2026-02-19 14:42:41,-1.32842583116144
2026-02-19 14:42:42,-1.23298361431807
2026-02-19 14:42:43,-1.30966943688691
2026-02-19 14:42:44,
2026-02-19 14:42:45,-1.36143187992275
2026-02-19 14:42:46,-1.14915337180719
2026-02-19 14:42:47,
2026-02-19 14:42:48,-1.02243209257722
2026-02-19 14:42:49,-0.985480472445488
2026-02-19 14:42:50,0.0
2026-02-19 14:42:51,0.0
2026-02-19 14:42:52,0.0
2026-02-19 14:42:53,-1.11890203552321
2026-02-19 14:42:54,-1.27058451762423
2026-02-19 14:42:55,-1.27693611430004
2026-02-19 14:42:56,-1.69239352690056
2026-02-19 14:42:57,-1.71204867074266
2026-02-19 14:42:58,-1.77671243436635
2026-02-19 14:42:59,-1.96233261376619
2026-02-19 14:43:00,-2.06776480190456
2026-02-19 14:43:01,-2.0886994432658
2026-02-19 14:43:02,-2.12001192849129
2026-02-19 14:43:03,-1.75938431639224
2026-02-19 14:43:04,
2026-02-19 14:43:05,-1.79641221184283
2026-02-19 14:43:06,-1.42766882199794
2026-02-19 14:43:07,-1.5140509349294
2026-02-19 14:43:08,-1.46546533796936
2026-02-19 14:43:09,-1.54474169248715
2026-02-19 14:43:10,
2026-02-19 14:43:11,-1.43504824955016
2026-02-19 14:43:12,-1.47965170908719
2026-02-19 14:43:13,-1.37072898214683
2026-02-19 14:43:14,-1.86542104929686
2026-02-19 14:43:15,-1.96716750506312
2026-02-19 14:43:16,-2.21793246455491
2026-02-19 14:43:17,-2.50507132150233
2026-02-19 14:43:18,
2026-02-19 14:43:19,-2.46228631585836
2026-02-19 14:43:20,-2.53010429441929
2026-02-19 14:43:21,-2.68612566869706
2026-02-19 14:43:22,-2.66163228079677
2026-02-19 14:43:23,-2.8473346028477
2026-02-19 14:43:24,-2.53202626481652
2026-02-19 14:43:25,-2.53202626481652
2026-02-19 14:43:26,-2.34441810753196
2026-02-19 14:43:27,-2.2767290007323
2026-02-19 14:43:28,-2.2767290007323
2026-02-19 14:43:29,-2.30279902461916
2026-02-19 14:43:30,
2026-02-19 14:43:31,-2.07862879615277
2026-02-19 14:43:32,
2026-02-19 14:43:33,-2.09717501420528
2026-02-19 14:43:34,-2.16918226797134
2026-02-19 14:43:35,
2026-02-19 14:43:36,-2.26512593217194
2026-02-19 14:43:37,-2.77795759029686
2026-02-19 14:43:38,-2.68767380621284
2026-02-19 14:43:39,-2.73989117704332
2026-02-19 14:43:40,-2.63839261606336
2026-02-19 14:43:41,-2.675741747953
2026-02-19 14:43:42,-2.50261919572949
2026-02-19 14:43:43,-2.46522354427725
2026-02-19 14:43:44,-2.324199071154
2026-02-19 14:43:45,-2.66523608006537
2026-02-19 14:43:46,-2.58046360686421
2026-02-19 14:43:47,-2.34622419811785
2026-02-19 14:43:48,-2.04367605037987
2026-02-19 14:43:49,-1.85907029081136
2026-02-19 14:43:50,-1.72864567721263
2026-02-19 14:43:51,-1.78363588638604
2026-02-19 14:43:52,
2026-02-19 14:43:53,
2026-02-19 14:43:54,
2026-02-19 14:43:55,
2026-02-19 14:43:56,
2026-02-19 14:43:57,
2026-02-19 14:43:58,
2026-02-19 14:43:59,
2026-02-19 14:44:00,-1.779376831837
2026-02-19 14:44:01,
2026-02-19 14:44:02,
2026-02-19 14:44:03,-1.74303761450574
2026-02-19 14:44:04,-1.74303761450574
2026-02-19 14:44:05,
2026-02-19 14:44:06,
2026-02-19 14:44:07,
2026-02-19 14:44:08,-1.80782543029636
2026-02-19 14:44:09,-1.97232405189425
2026-02-19 14:44:10,-1.97232405189425
2026-02-19 14:44:11,-1.97489394340664
2026-02-19 14:44:12,
2026-02-19 14:44:13,
2026-02-19 14:44:14,-2.10439790971577
2026-02-19 14:44:15,-2.10439790971577
2026-02-19 14:44:16,
2026-02-19 14:44:17,
2026-02-19 14:44:18,-2.63425342272967
2026-02-19 14:44:19,
2026-02-19 14:44:20,-3.2641083933413
2026-02-19 14:44:21,-3.27318850904703
2026-02-19 14:44:22,
2026-02-19 14:44:23,
2026-02-19 14:44:24,-3.69184529408813
2026-02-19 14:44:25,
2026-02-19 14:44:26,
2026-02-19 14:44:27,
2026-02-19 14:44:28,
2026-02-19 14:44:29,
2026-02-19 14:44:30,-3.19025439675897
2026-02-19 14:44:31,
2026-02-19 14:44:32,
2026-02-19 14:44:33,
2026-02-19 14:44:34,-2.70818830467761
2026-02-19 14:44:35,-2.92723090387881
2026-02-19 14:44:36,-2.92723090387881
2026-02-19 14:44:37,
2026-02-19 14:44:38,
2026-02-19 14:44:39,
2026-02-19 14:44:40,
2026-02-19 14:44:41,
2026-02-19 14:44:42,
2026-02-19 14:44:43,
2026-02-19 14:44:44,
2026-02-19 14:44:45,-3.66324875503778
2026-02-19 14:44:46,
2026-02-19 14:44:47,
2026-02-19 14:44:48,
2026-02-19 14:44:49,
2026-02-19 14:44:50,-3.67229282855988
2026-02-19 14:44:51,-3.67229282855988
2026-02-19 14:44:52,
2026-02-19 14:44:53,-3.19239282980561
2026-02-19 14:44:54,-2.84851749893278
2026-02-19 14:44:55,-2.78076112736017
2026-02-19 14:44:56,
2026-02-19 14:44:57,
2026-02-19 14:44:58,
2026-02-19 14:44:59,
2026-02-19 14:45:00,-2.98804768826813
2026-02-19 14:45:01,
2026-02-19 14:45:02,
2026-02-19 14:45:03,
2026-02-19 14:45:04,-3.15509252250195
2026-02-19 14:45:05,-3.22796604596078
2026-02-19 14:45:06,-3.09916657861322
2026-02-19 14:45:07,-3.15959213767201
2026-02-19 14:45:08,
2026-02-19 14:45:09,
2026-02-19 14:45:10,-3.30659374594688
2026-02-19 14:45:11,-3.17123041022569
2026-02-19 14:45:12,-2.04456096980721
2026-02-19 14:45:13,
2026-02-19 14:45:14,-1.59407495521009
2026-02-19 14:45:15,
2026-02-19 14:45:16,-1.41260119853541
2026-02-19 14:45:17,-1.33023464586586
2026-02-19 14:45:18,
2026-02-19 14:45:19,
2026-02-19 14:45:20,
2026-02-19 14:45:21,-1.06412902241573
2026-02-19 14:45:22,0.0
2026-02-19 14:45:23,
2026-02-19 14:45:24,
2026-02-19 14:45:25,-1.03247466031462
2026-02-19 14:45:26,
2026-02-19 14:45:27,
2026-02-19 14:45:28,
2026-02-19 14:45:29,
2026-02-19 14:45:30,
2026-02-19 14:45:31,
2026-02-19 14:45:32,-2.16535446234047
2026-02-19 14:45:33,
2026-02-19 14:45:34,
2026-02-19 14:45:35,
2026-02-19 14:45:36,
2026-02-19 14:45:37,-2.35277737956494
2026-02-19 14:45:38,-2.03790511004627
2026-02-19 14:45:39,
2026-02-19 14:45:40,-1.60946234827861
2026-02-19 14:45:41,-1.08075148891658
2026-02-19 14:45:42,-1.56493652611971
2026-02-19 14:45:43,-1.48097112542018
2026-02-19 14:45:44,-2.05871716607362
2026-02-19 14:45:45,-2.23761317320168
2026-02-19 14:45:46,-1.81390147190541
2026-02-19 14:45:47,
2026-02-19 14:45:48,
2026-02-19 14:45:49,
2026-02-19 14:45:50,
2026-02-19 14:45:51,0.0
2026-02-19 14:45:52,
2026-02-19 14:45:53,
2026-02-19 14:45:54,
2026-02-19 14:45:55,
2026-02-19 14:45:56,
2026-02-19 14:45:57,
2026-02-19 14:45:58,-0.979540427215397
2026-02-19 14:45:59,-0.979540427215397
2026-02-19 14:46:00,-0.836647051619366
2026-02-19 14:46:01,
2026-02-19 14:46:02,
2026-02-19 14:46:03,
2026-02-19 14:46:04,
2026-02-19 14:46:05,-0.852568214759231
2026-02-19 14:46:06,
2026-02-19 14:46:07,
2026-02-19 14:46:08,
2026-02-19 14:46:09,
2026-02-19 14:46:10,
2026-02-19 14:46:11,
2026-02-19 14:46:12,
2026-02-19 14:46:13,
2026-02-19 14:46:14,
2026-02-19 14:46:15,
2026-02-19 14:46:16,50.86310505867
2026-02-19 14:46:17,33.9912828058004
2026-02-19 14:46:18,33.9912828058004
2026-02-19 14:46:19,11.0975593328476
2026-02-19 14:46:20,
2026-02-19 14:46:21,0.0
2026-02-19 14:46:22,
2026-02-19 14:46:23,
2026-02-19 14:46:24,
2026-02-19 14:46:25,0.0
2026-02-19 14:46:26,0.0
2026-02-19 14:46:27,0.0
2026-02-19 14:46:28,
2026-02-19 14:46:29,0.0
2026-02-19 14:46:30,0.0
2026-02-19 14:46:31,
2026-02-19 14:46:32,
2026-02-19 14:46:33,0.0
2026-02-19 14:46:34,
2026-02-19 14:46:35,
2026-02-19 14:46:36,
2026-02-19 14:46:37,
2026-02-19 14:46:38,
2026-02-19 14:46:39,0.0
2026-02-19 14:46:40,0.0
2026-02-19 14:46:41,0.0
2026-02-19 14:46:42,-1.19044011225924
2026-02-19 14:46:43,-1.09599136048928
2026-02-19 14:46:44,-1.46522854920477
2026-02-19 14:46:45,-2.23951544612646
2026-02-19 14:46:46,-2.52734727691859
2026-02-19 14:46:47,-2.21899319440126
2026-02-19 14:46:48,
2026-02-19 14:46:49,
2026-02-19 14:46:50,
2026-02-19 14:46:51,-1.7658467637375
2026-02-19 14:46:52,
2026-02-19 14:46:53,
2026-02-19 14:46:54,
2026-02-19 14:46:55,-1.98106826283038
2026-02-19 14:46:56,
2026-02-19 14:46:57,
2026-02-19 14:46:58,
2026-02-19 14:46:59,
2026-02-19 14:47:00,
2026-02-19 14:47:01,
2026-02-19 14:47:02,
2026-02-19 14:47:03,-0.979702407494187
2026-02-19 14:47:04,0.0
2026-02-19 14:47:05,0.0
2026-02-19 14:47:06,
2026-02-19 14:47:07,
2026-02-19 14:47:08,0.0
2026-02-19 14:47:09,0.0
2026-02-19 14:47:10,
2026-02-19 14:47:11,-0.996893271803856
2026-02-19 14:47:12,
2026-02-19 14:47:13,-1.42724008765072
2026-02-19 14:47:14,-1.67857197811827
2026-02-19 14:47:15,-1.83759774081409
2026-02-19 14:47:16,
2026-02-19 14:47:17,
2026-02-19 14:47:18,
2026-02-19 14:47:19,
2026-02-19 14:47:20,
2026-02-19 14:47:21,
2026-02-19 14:47:22,
2026-02-19 14:47:23,-2.25249042268842
2026-02-19 14:47:24,-2.624138770625
2026-02-19 14:47:25,-2.57594827562571
2026-02-19 14:47:26,
2026-02-19 14:47:27,-2.55909331608564
2026-02-19 14:47:28,
2026-02-19 14:47:29,
2026-02-19 14:47:30,-2.54088656511158
2026-02-19 14:47:31,
2026-02-19 14:47:32,
2026-02-19 14:47:33,
2026-02-19 14:47:34,
2026-02-19 14:47:35,
2026-02-19 14:47:36,
2026-02-19 14:47:37,
2026-02-19 14:47:38,
2026-02-19 14:47:39,
2026-02-19 14:47:40,
2026-02-19 14:47:41,-2.12237373925745
2026-02-19 14:47:42,
