t_stamp,TT201,TT101,TT301,TT401
01/12/2025,65.19999695,61.70000076,49,70
01/12/2025,65.19999695,61.70000076,49.09999847,70.09999847
01/12/2025,65.30000305,61.70000076,49.29999924,70.09999847
01/12/2025,65.40000153,61.59999847,49.29999924,70
01/12/2025,65.5,61.59999847,49.29999924,70.09999847
01/12/2025,65.40000153,61.70000076,49.29999924,70.09999847
01/12/2025,65.40000153,61.79999924,49.29999924,70.19999695
01/12/2025,65.40000153,61.59999847,49.29999924,70.19999695
01/12/2025,65.30000305,61.59999847,49.20000076,70.19999695
01/12/2025,65.40000153,61.5,49.09999847,70.19999695
01/12/2025,65.30000305,61.59999847,49.09999847,70.19999695
01/12/2025,65.30000305,61.70000076,49,70.19999695
01/12/2025,65.40000153,61.70000076,48.90000153,70.19999695
01/12/2025,65.30000305,61.59999847,48.79999924,70.19999695
01/12/2025,65.30000305,61.59999847,48.70000076,70.30000305
01/12/2025,65.30000305,61.59999847,48.5,70.19999695
01/12/2025,65.30000305,61.59999847,48.5,70.30000305
01/12/2025,65.30000305,61.70000076,48.29999924,70.30000305
01/12/2025,65.30000305,61.59999847,48.20000076,70.30000305
01/12/2025,65.5,61.5,48.09999847,70.19999695
01/12/2025,65.5,61.5,48,70.30000305
01/12/2025,65.40000153,61.5,47.90000153,70.40000153
01/12/2025,65.30000305,61.59999847,47.59999847,70.5
01/12/2025,65.30000305,61.59999847,47.5,70.59999847
01/12/2025,65.30000305,61.59999847,47.40000153,70.80000305
01/12/2025,65.40000153,61.59999847,47.20000076,70.69999695
01/12/2025,65.30000305,61.40000153,47,70.69999695
01/12/2025,65.30000305,61.59999847,46.90000153,70.59999847
01/12/2025,65.30000305,61.59999847,46.79999924,70.59999847
01/12/2025,65.30000305,61.5,46.70000076,70.59999847
01/12/2025,65.30000305,61.40000153,46.59999847,70.59999847
01/12/2025,65.30000305,61.40000153,46.40000153,70.69999695
01/12/2025,65.30000305,61.5,46.29999924,70.69999695
01/12/2025,65.40000153,61.5,46.20000076,70.69999695
01/12/2025,65.5,61.40000153,46.09999847,70.80000305
01/12/2025,65.5,61.40000153,46.09999847,70.90000153
01/12/2025,65.5,61.40000153,46.09999847,70.69999695
01/12/2025,65.40000153,61.40000153,45.90000153,70.69999695
01/12/2025,65.40000153,61.40000153,45.90000153,70.69999695
01/12/2025,65.40000153,61.5,45.79999924,70.69999695
01/12/2025,65.40000153,61.40000153,45.79999924,70.69999695
01/12/2025,65.5,61.40000153,45.70000076,70.69999695
01/12/2025,65.5,61.40000153,45.70000076,70.69999695
01/12/2025,65.5,61.40000153,45.70000076,70.69999695
01/12/2025,65.40000153,61.40000153,45.70000076,70.80000305
01/12/2025,65.5,61.40000153,45.70000076,70.69999695
01/12/2025,65.40000153,61.40000153,45.70000076,70.69999695
01/12/2025,65.40000153,61.40000153,45.70000076,70.59999847
01/12/2025,65.40000153,61.40000153,45.70000076,70.59999847
01/12/2025,65.40000153,61.40000153,45.79999924,70.59999847
01/12/2025,65.40000153,61.40000153,45.79999924,70.59999847
01/12/2025,65.40000153,61.40000153,45.79999924,70.59999847
01/12/2025,65.40000153,61.40000153,45.90000153,70.59999847
01/12/2025,65.5,61.29999924,45.90000153,70.59999847
01/12/2025,65.40000153,61.40000153,45.90000153,70.59999847
01/12/2025,65.30000305,61.40000153,46.09999847,70.5
01/12/2025,65.30000305,61.40000153,46.09999847,69.80000305
01/12/2025,65.5,61.40000153,46.09999847,69.69999695
01/12/2025,65.5,61.40000153,46.20000076,68.90000153
01/12/2025,65.40000153,61.40000153,46.20000076,67.59999847
01/12/2025,65.40000153,61.40000153,46.29999924,67.40000153
01/12/2025,65.40000153,61.40000153,46.5,67.30000305
01/12/2025,65.5,61.40000153,46.40000153,67.19999695
01/12/2025,65.5,61.29999924,46.5,66.90000153
01/12/2025,65.59999847,61.40000153,46.70000076,66.80000305
01/12/2025,65.5,61.29999924,46.70000076,61
01/12/2025,65.59999847,61.20000076,46.70000076,54.40000153
01/12/2025,65.5,61.40000153,46.90000153,52.79999924
01/12/2025,65.5,61.20000076,47,52.70000076
01/12/2025,65.59999847,61.29999924,47.09999847,52.40000153
01/12/2025,65.59999847,61.29999924,47.20000076,47.20000076
01/12/2025,65.5,61.20000076,47.29999924,47
01/12/2025,65.5,61.40000153,47.20000076,47.40000153
01/12/2025,65.5,61.40000153,47.40000153,47.79999924
01/12/2025,65.5,61.29999924,47.40000153,48
01/12/2025,65.5,61.29999924,47.5,48
01/12/2025,65.5,61.29999924,47.59999847,47.90000153
01/12/2025,65.5,61.40000153,47.59999847,47.79999924
01/12/2025,65.5,61.40000153,47.79999924,48.40000153
01/12/2025,65.59999847,61.29999924,48,49.70000076
01/12/2025,65.5,61.20000076,48,51
01/12/2025,65.5,61.20000076,48.09999847,52.29999924
01/12/2025,65.5,61.40000153,48.20000076,53.20000076
01/12/2025,65.59999847,61.40000153,48.20000076,53.79999924
01/12/2025,65.5,61.29999924,48.40000153,54.29999924
01/12/2025,65.5,61.20000076,48.40000153,54.90000153
01/12/2025,65.5,61.29999924,48.5,55.40000153
01/12/2025,65.5,61.40000153,48.59999847,55.70000076
01/12/2025,65.5,61.40000153,48.70000076,55.09999847
01/12/2025,65.5,61.40000153,48.79999924,54.09999847
01/12/2025,65.5,61.40000153,48.90000153,53.20000076
01/12/2025,65.5,61.29999924,48.90000153,52.40000153
01/12/2025,65.5,61.20000076,49,51.59999847
01/12/2025,65.5,61.40000153,49.09999847,50.79999924
01/12/2025,65.40000153,61.40000153,49.09999847,50
01/12/2025,65.5,61.40000153,49.29999924,49.5
01/12/2025,65.5,61.29999924,49.29999924,49
01/12/2025,65.5,61.40000153,49.40000153,48.70000076
01/12/2025,65.5,61.40000153,49.5,48.40000153
01/12/2025,65.5,61.40000153,49.5,48.29999924
01/12/2025,65.5,61.40000153,49.5,48.29999924
01/12/2025,65.40000153,61.29999924,49.70000076,48.20000076
01/12/2025,65.5,61.29999924,49.59999847,48
01/12/2025,65.5,61.20000076,49.70000076,47.59999847
01/12/2025,65.40000153,61.20000076,49.79999924,47.40000153
01/12/2025,65.30000305,61.29999924,49.70000076,47.20000076
01/12/2025,65.30000305,61.29999924,49.90000153,47
01/12/2025,65.40000153,61.29999924,49.79999924,46.79999924
01/12/2025,65.40000153,61.29999924,49.90000153,46.59999847
01/12/2025,65.40000153,61.29999924,49.90000153,46.5
01/12/2025,65.30000305,61.40000153,50,46.40000153
01/12/2025,65.30000305,61.29999924,50,46.29999924
01/12/2025,65.30000305,61.29999924,50,46.09999847
01/12/2025,65.30000305,61.29999924,50.09999847,46
01/12/2025,65.19999695,61.29999924,50.09999847,45.90000153
01/12/2025,65.19999695,61.20000076,50.20000076,45.79999924
01/12/2025,65.09999847,61.29999924,50.20000076,45.79999924
01/12/2025,65.09999847,61.29999924,50.20000076,45.70000076
01/12/2025,65.09999847,61.29999924,50.29999924,45.59999847
01/12/2025,65.19999695,61.20000076,50.29999924,45.59999847
01/12/2025,65.19999695,61.20000076,50.40000153,45.5
01/12/2025,65.09999847,61.20000076,50.40000153,45.5
01/12/2025,65.09999847,61.20000076,50.40000153,45.40000153
01/12/2025,65.09999847,61.20000076,50.40000153,45.40000153
01/12/2025,65,61.20000076,50.40000153,45.29999924
01/12/2025,65.09999847,61.20000076,50.40000153,45.20000076
01/12/2025,65,61.09999847,50.40000153,45.20000076
01/12/2025,65,61.09999847,50.40000153,45.20000076
01/12/2025,64.90000153,61.20000076,50.5,45.20000076
01/12/2025,64.80000305,61.09999847,50.5,45.09999847
01/12/2025,64.80000305,61.09999847,50.40000153,45
01/12/2025,64.80000305,61,50.5,45
01/12/2025,64.80000305,61,50.5,44.90000153
01/12/2025,64.69999695,61,50.5,44.79999924
01/12/2025,64.69999695,61,50.5,44.79999924
01/12/2025,64.69999695,60.90000153,50.59999847,44.79999924
01/12/2025,64.59999847,60.90000153,50.59999847,44.79999924
01/12/2025,64.69999695,60.90000153,50.59999847,44.70000076
01/12/2025,64.69999695,60.90000153,50.5,44.70000076
01/12/2025,64.80000305,60.90000153,50.5,44.70000076
01/12/2025,64.69999695,60.79999924,50.59999847,44.5
01/12/2025,64.69999695,60.79999924,50.59999847,44.09999847
01/12/2025,64.69999695,60.70000076,50.59999847,43.29999924
01/12/2025,64.69999695,60.79999924,50.59999847,42.59999847
01/12/2025,64.69999695,60.70000076,50.59999847,41.70000076
01/12/2025,64.80000305,60.70000076,50.59999847,41
01/12/2025,64.80000305,60.59999847,50.59999847,40.29999924
01/12/2025,64.80000305,60.59999847,50.59999847,39.59999847
01/12/2025,64.80000305,60.5,50.40000153,39
01/12/2025,64.80000305,60.5,50.40000153,38.40000153
01/12/2025,64.80000305,60.5,50.40000153,37.90000153
01/12/2025,64.80000305,60.5,50.29999924,37.29999924
01/12/2025,64.80000305,60.5,50.29999924,36.90000153
01/12/2025,64.80000305,60.5,50.29999924,36.40000153
01/12/2025,64.69999695,60.5,50.29999924,36
01/12/2025,64.69999695,60.5,50.29999924,35.59999847
01/12/2025,64.59999847,60.5,50.29999924,35.40000153
01/12/2025,64.80000305,60.5,50.29999924,35
01/12/2025,64.80000305,60.5,50.20000076,34.79999924
01/12/2025,64.69999695,60.5,50.29999924,34.5
01/12/2025,64.69999695,60.5,50.29999924,34.20000076
01/12/2025,64.69999695,60.5,50.29999924,33.90000153
01/12/2025,64.69999695,60.59999847,50.29999924,33.59999847
01/12/2025,64.59999847,60.59999847,50.29999924,33.29999924
01/12/2025,64.80000305,60.59999847,50.29999924,33
01/12/2025,64.80000305,60.79999924,50.40000153,32.79999924
01/12/2025,64.80000305,60.70000076,50.40000153,32.59999847
01/12/2025,64.80000305,60.79999924,50.40000153,32.5
01/12/2025,64.80000305,60.90000153,50.40000153,32.09999847
01/12/2025,64.90000153,61,50.40000153,31.89999962
01/12/2025,64.90000153,61,50.5,31.70000076
01/12/2025,64.90000153,61,50.5,31.5
01/12/2025,65,60.90000153,50.5,31.39999962
01/12/2025,65,60.79999924,50.5,31.10000038
01/12/2025,65.09999847,60.90000153,50.59999847,28.20000076
01/12/2025,65.09999847,60.90000153,50.59999847,25
01/12/2025,65.09999847,60.79999924,50.59999847,23.29999924
01/12/2025,65.09999847,60.90000153,50.59999847,21.79999924
01/12/2025,65.19999695,60.90000153,50.59999847,20.70000076
01/12/2025,65.5,60.90000153,50.5,19.70000076
01/12/2025,65.59999847,61,50.5,18.79999924
01/12/2025,65.69999695,61,50.5,18.10000038
01/12/2025,65.59999847,61.09999847,50.59999847,17.39999962
01/12/2025,65.59999847,61.20000076,50.59999847,16.79999924
01/12/2025,65.59999847,61,50.59999847,16.39999962
01/12/2025,65.59999847,61,50.59999847,16
01/12/2025,65.59999847,61.09999847,50.59999847,15.69999981
01/12/2025,65.5,61.09999847,50.59999847,15.5
01/12/2025,65.5,61.09999847,50.59999847,15.19999981
01/12/2025,65.5,61,50.59999847,14.89999962
01/12/2025,65.5,60.90000153,50.59999847,14.69999981
01/12/2025,65.5,61,50.59999847,14.39999962
01/12/2025,65.5,61.09999847,50.59999847,14.30000019
01/12/2025,65.5,61.20000076,50.59999847,14
01/12/2025,65.5,61.20000076,50.59999847,13.89999962
01/12/2025,65.5,61.09999847,50.59999847,13.60000038
01/12/2025,65.5,61,50.59999847,13.39999962
01/12/2025,65.5,61.09999847,50.59999847,13.19999981
01/12/2025,65.59999847,61.20000076,50.59999847,13.19999981
01/12/2025,65.69999695,61.20000076,50.59999847,13.19999981
01/12/2025,65.69999695,61.40000153,50.70000076,13.10000038
01/12/2025,65.69999695,61.40000153,50.59999847,13.10000038
01/12/2025,65.69999695,61,50.70000076,13
01/12/2025,65.90000153,61.09999847,50.70000076,12.89999962
01/12/2025,65.90000153,61.09999847,50.59999847,12.80000019
01/12/2025,65.80000305,61.09999847,50.59999847,12.69999981
01/12/2025,65.69999695,61.20000076,50.70000076,12.5
01/12/2025,65.69999695,61.09999847,50.59999847,12.30000019
01/12/2025,65.69999695,61.09999847,50.59999847,12.30000019
01/12/2025,65.69999695,61.20000076,50.70000076,12.10000038
01/12/2025,65.69999695,61.29999924,50.70000076,12
01/12/2025,65.59999847,61.40000153,50.70000076,11.89999962
01/12/2025,65.59999847,61.40000153,50.70000076,11.89999962
01/12/2025,65.5,61.29999924,50.59999847,11.69999981
01/12/2025,65.5,60.90000153,50.59999847,11.60000038
01/12/2025,65.5,60.29999924,50.70000076,11.60000038
01/12/2025,65.5,59.70000076,50.70000076,11.39999962
01/12/2025,65.59999847,58.20000076,50.70000076,11.19999981
01/12/2025,65.59999847,55.90000153,50.59999847,11.19999981
01/12/2025,65.5,54,50.59999847,11.10000038
01/12/2025,65.59999847,52.59999847,50.59999847,11.10000038
01/12/2025,65.59999847,51.5,50.70000076,10.89999962
01/12/2025,65.59999847,50.59999847,50.79999924,11
01/12/2025,65.59999847,49.79999924,50.79999924,10.80000019
01/12/2025,65.59999847,49.20000076,50.79999924,10.80000019
01/12/2025,65.69999695,48.5,50.79999924,10.69999981
01/12/2025,65.59999847,47.90000153,50.79999924,10.60000038
01/12/2025,65.59999847,47.40000153,50.79999924,10.60000038
01/12/2025,65.69999695,46.79999924,50.79999924,10.5
01/12/2025,65.80000305,46.29999924,50.79999924,10.5
01/12/2025,65.80000305,45.79999924,50.79999924,10.39999962
01/12/2025,65.80000305,45.5,50.79999924,10.39999962
01/12/2025,65.69999695,45.09999847,50.79999924,10.30000019
01/12/2025,65.69999695,44.70000076,50.59999847,10.30000019
01/12/2025,65.59999847,44.29999924,50.79999924,10.19999981
01/12/2025,65.59999847,43.90000153,50.79999924,10.19999981
01/12/2025,65.5,43.59999847,50.79999924,10.19999981
01/12/2025,65.5,43.09999847,50.79999924,10
01/12/2025,65.5,42.90000153,50.79999924,10
01/12/2025,65.5,42.5,50.79999924,10
01/12/2025,65.40000153,42.29999924,50.79999924,9.899999619
01/12/2025,65.5,41.90000153,50.79999924,9.899999619
01/12/2025,65.40000153,41.59999847,50.79999924,9.899999619
01/12/2025,65.5,41.29999924,50.79999924,9.899999619
01/12/2025,65.59999847,41,50.79999924,9.800000191
01/12/2025,65.5,40.79999924,50.79999924,9.699999809
01/12/2025,65.5,40.5,50.79999924,9.699999809
01/12/2025,65.69999695,40.29999924,50.79999924,9.699999809
01/12/2025,65.69999695,40.09999847,50.79999924,9.699999809
01/12/2025,65.69999695,39.70000076,50.79999924,9.600000381
01/12/2025,65.69999695,39.5,50.79999924,9.600000381
01/12/2025,65.69999695,39.20000076,50.79999924,9.5
01/12/2025,65.59999847,39.09999847,50.90000153,9.5
01/12/2025,65.59999847,38.79999924,50.79999924,9.399999619
01/12/2025,65.59999847,38.59999847,50.79999924,9.300000191
01/12/2025,65.5,38.40000153,50.90000153,9.300000191
01/12/2025,65.5,38.20000076,50.90000153,9.300000191
01/12/2025,65.40000153,38.09999847,50.90000153,9.300000191
01/12/2025,65.40000153,38,50.90000153,9.300000191
01/12/2025,65.40000153,37.79999924,51,9.300000191
01/12/2025,65.5,37.59999847,51,9.199999809
01/12/2025,65.5,37.40000153,51,9.199999809
01/12/2025,65.5,37.29999924,51,9.100000381
01/12/2025,65.5,37.09999847,51.09999847,9
01/12/2025,65.5,36.90000153,51,9.100000381
01/12/2025,65.5,36.79999924,51,8.899999619
01/12/2025,65.5,36.59999847,51,8.899999619
01/12/2025,65.40000153,36.5,51.09999847,8.800000191
01/12/2025,65.5,36.29999924,51.09999847,8.800000191
01/12/2025,65.69999695,36.20000076,51.09999847,8.699999809
01/12/2025,65.69999695,36,51.09999847,8.600000381
01/12/2025,65.59999847,35.90000153,51.09999847,8.5
01/12/2025,65.69999695,35.70000076,51.09999847,8.399999619
01/12/2025,65.59999847,35.59999847,51.09999847,8.399999619
01/12/2025,65.59999847,35.40000153,51.09999847,8.399999619
01/12/2025,65.5,35.20000076,51.09999847,8.199999809
01/12/2025,65.5,35,51.09999847,8.100000381
01/12/2025,65.40000153,34.79999924,51.20000076,8.100000381
01/12/2025,65.40000153,34.79999924,51.20000076,8
01/12/2025,65.40000153,34.5,51.20000076,8
01/12/2025,65.40000153,34.29999924,51.09999847,8
01/12/2025,65.40000153,34.09999847,51.29999924,7.900000095
01/12/2025,65.40000153,34,51.29999924,7.800000191
01/12/2025,65.40000153,33.90000153,51.29999924,7.800000191
01/12/2025,65.40000153,33.70000076,51.29999924,7.800000191
01/12/2025,65.30000305,33.5,51.29999924,7.699999809
01/12/2025,65.40000153,36,51.40000153,7.699999809
01/12/2025,65.40000153,47.29999924,51.40000153,7.599999905
01/12/2025,65.59999847,50.5,51.5,7.5
01/12/2025,65.69999695,50.79999924,51.5,7.599999905
01/12/2025,65.69999695,50.40000153,51.40000153,7.599999905
01/12/2025,65.59999847,49.59999847,51.40000153,7.699999809
01/12/2025,65.59999847,48.70000076,51.40000153,7.599999905
01/12/2025,65.5,47.90000153,51.40000153,7.599999905
01/12/2025,65.5,47,51.5,7.800000191
01/12/2025,65.5,46.20000076,51.5,8
01/12/2025,65.40000153,45.5,51.5,8.199999809
01/12/2025,65.30000305,44.59999847,51.59999847,8.399999619
01/12/2025,65.40000153,43.90000153,51.59999847,8.399999619
01/12/2025,65.40000153,43.09999847,51.59999847,8.600000381
01/12/2025,65.40000153,42.5,51.70000076,8.600000381
01/12/2025,65.5,42,51.70000076,8.800000191
01/12/2025,65.5,41.40000153,51.70000076,8.800000191
01/12/2025,65.5,40.59999847,51.70000076,8.800000191
01/12/2025,65.5,40,51.79999924,8.800000191
01/12/2025,65.5,39.5,51.79999924,8.600000381
01/12/2025,65.40000153,39,51.79999924,8.5
01/12/2025,65.5,38.59999847,51.79999924,8.399999619
01/12/2025,65.59999847,38.20000076,51.79999924,8.199999809
01/12/2025,65.69999695,37.79999924,51.90000153,8.100000381
01/12/2025,65.69999695,37.59999847,51.90000153,8
01/12/2025,65.59999847,37.40000153,51.90000153,7.900000095
01/12/2025,65.59999847,37.29999924,51.90000153,7.800000191
01/12/2025,65.59999847,37.20000076,51.90000153,7.800000191
01/12/2025,65.59999847,37.09999847,52,7.699999809
01/12/2025,65.59999847,37.09999847,52.09999847,7.599999905
01/12/2025,65.5,37.09999847,52.09999847,7.5
01/12/2025,65.5,36.90000153,52.09999847,7.5
01/12/2025,65.30000305,37,52.20000076,7.5
01/12/2025,65.30000305,37,52.20000076,7.5
01/12/2025,65.30000305,37.09999847,52.29999924,7.400000095
01/12/2025,65.40000153,37.09999847,52.29999924,7.400000095
01/12/2025,65.5,37.20000076,52.29999924,7.400000095
01/12/2025,65.59999847,37.5,52.40000153,7.300000191
01/12/2025,65.5,38.40000153,52.40000153,7.300000191
01/12/2025,65.5,39.5,52.40000153,7.300000191
01/12/2025,65.5,40.29999924,52.5,7.300000191
01/12/2025,65.69999695,40.79999924,52.59999847,7.199999809
01/12/2025,65.69999695,41.20000076,52.59999847,7.199999809
01/12/2025,65.80000305,41.40000153,52.59999847,7.099999905
01/12/2025,65.69999695,41.59999847,52.59999847,7.099999905
01/12/2025,65.59999847,41.79999924,52.59999847,7.099999905
01/12/2025,65.69999695,41.79999924,52.70000076,7.199999809
01/12/2025,65.59999847,41.90000153,52.79999924,7.099999905
01/12/2025,65.59999847,42.09999847,52.79999924,7.199999809
01/12/2025,65.5,42.09999847,52.79999924,7.300000191
01/12/2025,65.5,42.29999924,52.90000153,7.5
01/12/2025,65.5,42.29999924,52.90000153,7.5
01/12/2025,65.5,42.5,53,7.699999809
01/12/2025,65.5,42.5,53.09999847,7.800000191
01/12/2025,65.59999847,42.59999847,53.20000076,7.800000191
01/12/2025,65.5,42.70000076,53.20000076,7.800000191
01/12/2025,65.5,42.79999924,53.20000076,7.900000095
01/12/2025,65.5,42.90000153,53.20000076,7.900000095
01/12/2025,65.59999847,42.90000153,53.40000153,8
01/12/2025,65.5,42.90000153,53.29999924,8
01/12/2025,65.69999695,43,53.40000153,8
01/12/2025,65.80000305,43.09999847,53.40000153,8
01/12/2025,65.80000305,43.09999847,53.40000153,8
01/12/2025,65.69999695,43.20000076,53.40000153,8
01/12/2025,65.69999695,43.29999924,53.59999847,8
01/12/2025,65.69999695,43.20000076,53.59999847,8
01/12/2025,65.69999695,43.29999924,53.59999847,8
01/12/2025,65.69999695,43.29999924,53.59999847,8
01/12/2025,65.59999847,43.29999924,53.59999847,8
01/12/2025,65.59999847,43.29999924,53.70000076,7.900000095
01/12/2025,65.59999847,43.40000153,53.79999924,7.800000191
01/12/2025,65.59999847,43.40000153,53.79999924,7.800000191
01/12/2025,65.59999847,43.40000153,53.90000153,7.599999905
01/12/2025,65.59999847,43.40000153,54,7.599999905
01/12/2025,65.69999695,43.40000153,54,7.5
01/12/2025,65.59999847,43.40000153,54.09999847,7.5
01/12/2025,65.69999695,43.40000153,54.09999847,7.5
01/12/2025,65.69999695,43.5,54.09999847,7.5
01/12/2025,65.69999695,43.40000153,54.20000076,7.400000095
01/12/2025,65.69999695,43.5,54.09999847,7.400000095
01/12/2025,66,43.59999847,54.29999924,7.400000095
01/12/2025,65.90000153,43.5,54.29999924,7.300000191
01/12/2025,66,43.5,54.29999924,7.5
01/12/2025,65.90000153,43.59999847,54.40000153,7.599999905
01/12/2025,65.90000153,43.59999847,54.40000153,7.699999809
01/12/2025,65.80000305,43.59999847,54.40000153,7.800000191
01/12/2025,65.80000305,43.59999847,54.5,7.900000095
01/12/2025,65.80000305,43.70000076,54.5,8.100000381
01/12/2025,65.90000153,43.70000076,54.5,8.100000381
01/12/2025,65.69999695,43.70000076,54.59999847,8.100000381
01/12/2025,65.69999695,43.70000076,54.59999847,8.100000381
01/12/2025,65.80000305,43.70000076,54.70000076,8.100000381
01/12/2025,65.80000305,43.79999924,54.79999924,8.100000381
01/12/2025,65.80000305,43.70000076,54.70000076,8.100000381
01/12/2025,65.90000153,43.79999924,54.79999924,8.100000381
01/12/2025,65.80000305,43.70000076,54.90000153,8.100000381
01/12/2025,65.90000153,43.70000076,54.90000153,8.100000381
01/12/2025,65.80000305,43.79999924,55,8
01/12/2025,65.90000153,43.79999924,55,8
01/12/2025,66.09999847,43.70000076,55,8
01/12/2025,66.09999847,43.70000076,55.09999847,7.900000095
01/12/2025,65.90000153,43.70000076,55.09999847,7.800000191
01/12/2025,65.90000153,43.70000076,55.09999847,7.800000191
01/12/2025,65.90000153,43.70000076,55.09999847,7.800000191
01/12/2025,66,43.70000076,55.09999847,7.800000191
01/12/2025,65.90000153,43.70000076,55.20000076,7.699999809
01/12/2025,65.90000153,43.70000076,55.20000076,7.699999809
01/12/2025,65.90000153,43.59999847,55.29999924,7.699999809
01/12/2025,65.90000153,43.70000076,55.40000153,7.599999905
01/12/2025,65.90000153,43.59999847,55.40000153,7.599999905
01/12/2025,65.90000153,43.5,55.40000153,7.599999905
01/12/2025,66,43.70000076,55.5,7.599999905
01/12/2025,65.90000153,43.59999847,55.59999847,7.599999905
01/12/2025,65.90000153,43.5,55.59999847,7.599999905
01/12/2025,65.90000153,43.5,55.59999847,7.800000191
01/12/2025,66.09999847,43.5,55.70000076,7.800000191
01/12/2025,66,43.5,55.59999847,7.800000191
01/12/2025,66.09999847,43.40000153,55.70000076,7.699999809
01/12/2025,66.09999847,43.40000153,55.70000076,7.599999905
01/12/2025,66.09999847,43.40000153,55.79999924,7.599999905
01/12/2025,66.09999847,43.59999847,55.79999924,7.599999905
01/12/2025,66.09999847,44,55.79999924,7.5
01/12/2025,66,44.20000076,55.79999924,7.599999905
01/12/2025,65.90000153,44.5,55.90000153,7.5
01/12/2025,65.90000153,45,55.90000153,7.5
01/12/2025,65.80000305,45.29999924,55.79999924,7.400000095
01/12/2025,65.90000153,46,56,7.400000095
01/12/2025,65.90000153,46.79999924,56,7.300000191
01/12/2025,65.90000153,47.70000076,56.09999847,7.300000191
01/12/2025,65.90000153,48.09999847,56.20000076,7.300000191
01/12/2025,65.90000153,48.59999847,56.20000076,7.300000191
01/12/2025,65.90000153,49,56.20000076,7.300000191
01/12/2025,65.90000153,49.5,56.29999924,7.199999809
01/12/2025,65.90000153,49.79999924,56.29999924,7.199999809
01/12/2025,65.80000305,50,56.40000153,7.199999809
01/12/2025,65.90000153,50.20000076,56.40000153,7.300000191
01/12/2025,66.09999847,51,56.40000153,7.300000191
01/12/2025,66,52.09999847,56.40000153,7.400000095
01/12/2025,65.90000153,53.09999847,56.40000153,7.5
01/12/2025,65.90000153,54.09999847,56.40000153,7.5
01/12/2025,65.90000153,54.59999847,56.5,7.599999905
01/12/2025,65.80000305,55.40000153,56.5,7.599999905
01/12/2025,65.80000305,55.79999924,56.5,7.599999905
01/12/2025,65.80000305,55.79999924,56.59999847,7.599999905
01/12/2025,65.69999695,56.20000076,56.59999847,7.800000191
01/12/2025,65.69999695,56.29999924,56.70000076,7.800000191
01/12/2025,65.69999695,56.59999847,56.70000076,7.800000191
01/12/2025,65.80000305,57,56.70000076,7.800000191
01/12/2025,65.80000305,57.29999924,56.70000076,7.800000191
01/12/2025,65.80000305,57.5,56.90000153,7.800000191
01/12/2025,65.90000153,57.09999847,56.90000153,7.900000095
01/12/2025,65.80000305,56.5,56.79999924,7.900000095
01/12/2025,65.80000305,56.79999924,56.90000153,8
01/12/2025,65.90000153,56.5,57,8
01/12/2025,65.90000153,56.5,56.90000153,8
01/12/2025,65.80000305,56.59999847,56.90000153,8
01/12/2025,65.80000305,56.70000076,56.90000153,7.900000095
01/12/2025,65.90000153,56.70000076,56.90000153,8
01/12/2025,65.69999695,57.20000076,57,8
01/12/2025,65.69999695,57.79999924,57,7.900000095
01/12/2025,65.69999695,57.70000076,57.09999847,7.800000191
01/12/2025,65.69999695,57.59999847,57.09999847,7.800000191
01/12/2025,65.69999695,57.70000076,57.20000076,7.800000191
01/12/2025,65.69999695,57.79999924,57.09999847,7.800000191
01/12/2025,65.69999695,57.70000076,57.29999924,7.800000191
01/12/2025,65.69999695,57.70000076,57.29999924,7.800000191
01/12/2025,65.59999847,57.79999924,57.29999924,7.800000191
01/12/2025,65.59999847,58.40000153,57.40000153,7.800000191
01/12/2025,65.69999695,58.59999847,57.5,7.800000191
01/12/2025,65.69999695,58.59999847,57.5,7.800000191
01/12/2025,65.59999847,58.59999847,57.5,7.800000191
01/12/2025,65.69999695,58.59999847,57.59999847,7.800000191
01/12/2025,65.69999695,58.79999924,57.59999847,7.599999905
01/12/2025,65.69999695,59.29999924,57.5,7.800000191
01/12/2025,65.69999695,59.90000153,57.5,7.800000191
01/12/2025,65.59999847,60.40000153,57.5,7.699999809
01/12/2025,65.59999847,60.59999847,57.5,7.699999809
01/12/2025,65.59999847,60.90000153,57.5,7.699999809
01/12/2025,65.5,61.20000076,57.70000076,7.699999809
01/12/2025,65.5,61.40000153,57.59999847,7.699999809
01/12/2025,65.30000305,61.59999847,57.70000076,7.699999809
01/12/2025,65.30000305,62,57.70000076,7.599999905
01/12/2025,65.30000305,62.09999847,57.70000076,7.599999905
01/12/2025,65.40000153,62.09999847,57.79999924,7.699999809
01/12/2025,65.30000305,62.29999924,57.90000153,7.599999905
01/12/2025,65.40000153,62.40000153,57.90000153,7.599999905
01/12/2025,65.30000305,62.59999847,57.90000153,7.599999905
01/12/2025,65.30000305,62.70000076,57.90000153,7.599999905
01/12/2025,65.30000305,62.70000076,57.90000153,7.599999905
01/12/2025,65.30000305,62.70000076,57.90000153,7.599999905
01/12/2025,65.30000305,62.70000076,57.90000153,7.599999905
01/12/2025,65.30000305,62.70000076,57.90000153,7.5
01/12/2025,65.40000153,62.90000153,57.90000153,7.599999905
01/12/2025,65.5,63.09999847,57.90000153,7.599999905
01/12/2025,65.5,63.09999847,58,7.5
01/12/2025,65.5,63,57.90000153,7.5
01/12/2025,65.5,63,58.09999847,7.5
01/12/2025,65.5,63.29999924,58,7.5
01/12/2025,65.40000153,63.40000153,58.09999847,7.5
01/12/2025,65.30000305,63.5,58.09999847,7.599999905
01/12/2025,65.19999695,63.5,58.09999847,7.800000191
01/12/2025,65.30000305,63.70000076,58.09999847,15.10000038
01/12/2025,65.30000305,64,58.09999847,18.20000076
01/12/2025,65.19999695,63.79999924,58.09999847,20.10000038
01/12/2025,65.19999695,63.79999924,58.20000076,21.60000038
01/12/2025,65.09999847,63.79999924,58.20000076,23.29999924
01/12/2025,65.09999847,63.79999924,58.20000076,24.39999962
01/12/2025,65.09999847,63.90000153,58.29999924,26.10000038
01/12/2025,65,64,58.29999924,27.20000076
01/12/2025,65.09999847,63.90000153,58.40000153,28.70000076
01/12/2025,65.30000305,64,58.29999924,30
01/12/2025,65.30000305,64,58.29999924,31
01/12/2025,65.30000305,64,58.29999924,32.09999847
01/12/2025,65.30000305,64.19999695,58.29999924,32.90000153
01/12/2025,65.19999695,64.30000305,58.20000076,33.90000153
01/12/2025,65.19999695,64.40000153,58.29999924,35
01/12/2025,65.09999847,64.5,58.20000076,35.79999924
01/12/2025,65.09999847,64.5,58.29999924,36.59999847
01/12/2025,65.09999847,64.59999847,58.29999924,37.40000153
01/12/2025,65,64.5,58.40000153,38.09999847
01/12/2025,64.90000153,64.40000153,58.40000153,38.59999847
01/12/2025,64.80000305,64.40000153,58.40000153,39.09999847
01/12/2025,64.90000153,64.40000153,58.40000153,39.59999847
01/12/2025,64.90000153,64.5,58.40000153,40
01/12/2025,64.80000305,64.5,58.40000153,40.40000153
01/12/2025,64.80000305,64.5,58.5,40.90000153
01/12/2025,64.80000305,64.59999847,58.40000153,41.29999924
01/12/2025,64.80000305,64.59999847,58.40000153,41.70000076
01/12/2025,64.80000305,64.69999695,58.40000153,42
01/12/2025,64.90000153,64.80000305,58.40000153,42.59999847
01/12/2025,64.90000153,64.80000305,58.40000153,43
01/12/2025,64.90000153,65,58.40000153,43.40000153
01/12/2025,64.80000305,65,58.59999847,43.79999924
01/12/2025,64.80000305,65.09999847,58.5,44.20000076
01/12/2025,64.80000305,65.09999847,58.5,44.5
01/12/2025,64.80000305,65.09999847,58.59999847,44.79999924
01/12/2025,64.80000305,65.09999847,58.59999847,45.09999847
01/12/2025,64.69999695,65.19999695,58.70000076,45.29999924
01/12/2025,64.69999695,65.30000305,58.70000076,45.59999847
01/12/2025,64.69999695,65.30000305,58.59999847,45.79999924
01/12/2025,64.80000305,65.30000305,58.70000076,46.09999847
01/12/2025,64.80000305,65.30000305,58.59999847,46.29999924
01/12/2025,64.80000305,65.30000305,58.59999847,46.59999847
01/12/2025,64.69999695,65.40000153,58.59999847,46.90000153
01/12/2025,64.59999847,65.40000153,58.59999847,47
01/12/2025,64.59999847,65.30000305,58.59999847,47.20000076
01/12/2025,64.40000153,65.30000305,58.70000076,47.59999847
01/12/2025,64.40000153,65.40000153,58.70000076,47.79999924
01/12/2025,64.40000153,65.40000153,58.70000076,48
01/12/2025,64.30000305,65.30000305,58.70000076,48.20000076
01/12/2025,64.19999695,65.5,58.59999847,48.5
01/12/2025,64.19999695,65.5,58.79999924,48.79999924
01/12/2025,64.09999847,65.59999847,58.79999924,49
01/12/2025,64.09999847,65.69999695,58.70000076,49.29999924
01/12/2025,64,65.69999695,58.59999847,49.5
01/12/2025,64,65.80000305,58.79999924,49.70000076
01/12/2025,63.79999924,65.90000153,58.79999924,49.79999924
01/12/2025,63.90000153,65.90000153,58.79999924,50
01/12/2025,64,66.09999847,58.79999924,50.20000076
01/12/2025,64.09999847,66.09999847,58.70000076,50.29999924
01/12/2025,64,66.30000305,58.59999847,50.40000153
01/12/2025,64,66.30000305,58.59999847,50.5
01/12/2025,63.79999924,66.30000305,58.79999924,50.59999847
01/12/2025,63.90000153,66.40000153,58.79999924,50.5
01/12/2025,63.79999924,66.40000153,58.79999924,50.5
01/12/2025,64,66.40000153,58.79999924,50.5
01/12/2025,63.90000153,66.5,58.79999924,50.40000153
01/12/2025,63.79999924,66.59999847,58.90000153,50.20000076
01/12/2025,63.79999924,66.69999695,59,50.09999847
01/12/2025,63.79999924,66.69999695,59,50
01/12/2025,63.70000076,66.80000305,59,49.79999924
01/12/2025,63.79999924,66.80000305,59,49.59999847
01/12/2025,63.79999924,66.80000305,58.90000153,49.29999924
01/12/2025,63.79999924,66.90000153,58.79999924,49.09999847
01/12/2025,63.70000076,67,58.79999924,48.90000153
01/12/2025,63.59999847,67.19999695,58.79999924,48.70000076
01/12/2025,63.70000076,67.30000305,58.90000153,48.29999924
01/12/2025,63.5,67.30000305,59,48.09999847
01/12/2025,63.59999847,67.40000153,58.90000153,47.79999924
01/12/2025,63.59999847,67.40000153,59,47.5
01/12/2025,63.59999847,67.40000153,59,47.09999847
01/12/2025,63.5,67.40000153,59,47
01/12/2025,63.5,67.40000153,59,46.59999847
01/12/2025,63.5,67.59999847,59,46.59999847
01/12/2025,63.5,67.59999847,59,46.29999924
01/12/2025,63.5,67.80000305,58.90000153,46.20000076
01/12/2025,63.40000153,67.90000153,59,46.29999924
01/12/2025,63.5,68,58.90000153,46.20000076
01/12/2025,63.5,68.09999847,58.79999924,46.29999924
01/12/2025,63.70000076,68.09999847,58.79999924,46.29999924
01/12/2025,63.59999847,68.09999847,58.79999924,46.40000153
01/12/2025,63.5,68.09999847,58.79999924,46.40000153
01/12/2025,63.40000153,68.09999847,58.79999924,46.40000153
01/12/2025,63.29999924,68.19999695,58.90000153,46.5
01/12/2025,63.29999924,68.19999695,59,46.70000076
01/12/2025,63.29999924,68.19999695,59,46.70000076
01/12/2025,63.29999924,68.30000305,59,46.90000153
01/12/2025,63.29999924,68.30000305,59.20000076,46.90000153
01/12/2025,63.09999847,68.30000305,59.20000076,47
01/12/2025,63.29999924,68.19999695,59.09999847,47.09999847
01/12/2025,63.40000153,68.30000305,59.09999847,47.20000076
01/12/2025,63.29999924,68.30000305,59.09999847,47.40000153
01/12/2025,63.40000153,68.30000305,59,47.5
01/12/2025,63.29999924,68.30000305,59,47.59999847
01/12/2025,63.29999924,68.40000153,58.90000153,47.79999924
01/12/2025,63.09999847,68.30000305,58.90000153,47.90000153
01/12/2025,63.09999847,68.40000153,59,48.20000076
01/12/2025,63,68.30000305,59,48.20000076
01/12/2025,63,68.40000153,59.09999847,48.29999924
01/12/2025,63,68.30000305,59.09999847,48.40000153
01/12/2025,63,68.40000153,59.09999847,48.5
01/12/2025,63,68.30000305,59.09999847,48.70000076
01/12/2025,63,68.30000305,59.09999847,48.79999924
01/12/2025,63,68.30000305,59.09999847,48.90000153
01/12/2025,62.90000153,68.30000305,59.09999847,49
01/12/2025,62.90000153,68.40000153,59.20000076,49.09999847
01/12/2025,62.90000153,68.40000153,59.20000076,49.29999924
01/12/2025,62.90000153,68.40000153,59.20000076,49.29999924
01/12/2025,62.90000153,68.40000153,59.09999847,49.5
01/12/2025,63,68.40000153,59.20000076,49.5
01/12/2025,63.09999847,68.09999847,59.09999847,49.59999847
01/12/2025,63,67.30000305,59,49.70000076
01/12/2025,63,66.59999847,59,49.79999924
01/12/2025,62.90000153,66.09999847,59,49.79999924
01/12/2025,62.90000153,65.59999847,59,49.90000153
01/12/2025,62.90000153,65,59,50
01/12/2025,62.79999924,64.59999847,59.09999847,50
01/12/2025,62.79999924,63.79999924,59.09999847,50
01/12/2025,62.79999924,62.90000153,59.09999847,50.09999847
01/12/2025,62.70000076,62.09999847,59.20000076,50.20000076
01/12/2025,62.79999924,61.79999924,59.20000076,50.20000076
01/12/2025,62.79999924,54.79999924,59.20000076,50.29999924
01/12/2025,62.79999924,49.59999847,59.09999847,50.40000153
01/12/2025,62.79999924,47.59999847,59.09999847,50.5
01/12/2025,62.79999924,46.09999847,59,50.40000153
01/12/2025,62.79999924,42.90000153,59,50.5
01/12/2025,62.79999924,42.29999924,59.09999847,50.59999847
01/12/2025,62.79999924,42.5,59.09999847,50.59999847
01/12/2025,62.70000076,42.90000153,59.09999847,50.70000076
01/12/2025,62.70000076,43.20000076,59,50.79999924
01/12/2025,62.59999847,43.29999924,59.09999847,50.79999924
01/12/2025,62.5,43.40000153,59.20000076,50.79999924
01/12/2025,62.5,43.40000153,59.09999847,51
01/12/2025,62.5,43.79999924,59.20000076,51
01/12/2025,62.5,45.40000153,59.20000076,51.09999847
01/12/2025,62.5,46.59999847,59.20000076,51.09999847
01/12/2025,62.5,47.59999847,59.20000076,51.09999847
01/12/2025,62.5,48.29999924,59.20000076,51.20000076
01/12/2025,62.5,48.90000153,59.20000076,51.20000076
01/12/2025,62.5,48.59999847,59.29999924,51.29999924
01/12/2025,62.59999847,47.29999924,59.20000076,51.5
01/12/2025,62.59999847,45.90000153,59.20000076,51.5
01/12/2025,62.5,44.59999847,59.20000076,51.59999847
01/12/2025,62.5,43.5,59.09999847,51.70000076
01/12/2025,62.5,42.59999847,59.09999847,51.70000076
01/12/2025,62.5,41.90000153,59.20000076,51.79999924
01/12/2025,62.5,41.29999924,59.09999847,51.79999924
01/12/2025,62.5,40.79999924,59.20000076,51.90000153
01/12/2025,62.5,40.59999847,59.20000076,51.90000153
01/12/2025,62.40000153,40.59999847,59.20000076,52.09999847
01/12/2025,62.40000153,40.70000076,59.20000076,52.09999847
01/12/2025,62.40000153,40.70000076,59.20000076,52.20000076
01/12/2025,62.40000153,40.79999924,59.20000076,52.20000076
01/12/2025,62.40000153,40.59999847,59.29999924,52.29999924
01/12/2025,62.5,40.5,59.40000153,52.29999924
01/12/2025,62.5,40.29999924,59.40000153,52.40000153
01/12/2025,62.5,39.90000153,59.40000153,52.5
01/12/2025,62.5,39.29999924,59.40000153,52.5
01/12/2025,62.5,38.79999924,59.29999924,52.5
01/12/2025,62.40000153,38.20000076,59.20000076,52.59999847
01/12/2025,62.40000153,37.59999847,59.29999924,52.59999847
01/12/2025,62.40000153,37.09999847,59.29999924,52.70000076
01/12/2025,62.40000153,36.59999847,59.29999924,52.79999924
01/12/2025,62.40000153,36.20000076,59.29999924,52.79999924
01/12/2025,62.40000153,35.79999924,59.40000153,52.79999924
01/12/2025,62.29999924,30.70000076,59.29999924,53
01/12/2025,62.29999924,25.29999924,59.29999924,53
01/12/2025,62.29999924,21.60000038,59.29999924,53
01/12/2025,62.20000076,19.5,59.40000153,53.09999847
01/12/2025,62.29999924,18.20000076,59.40000153,53.09999847
01/12/2025,62.29999924,17.29999924,59.40000153,53.09999847
01/12/2025,62.29999924,16.5,59.5,53.20000076
01/12/2025,62.29999924,16,59.5,53.20000076
01/12/2025,62.29999924,15.5,59.40000153,53.20000076
01/12/2025,62.29999924,15.10000038,59.40000153,53.40000153
01/12/2025,62.29999924,14.69999981,59.40000153,53.40000153
01/12/2025,62.40000153,14.30000019,59.40000153,53.40000153
01/12/2025,62.5,14.10000038,59.40000153,53.59999847
01/12/2025,62.5,13.69999981,59.29999924,53.59999847
01/12/2025,62.40000153,13.5,59.29999924,53.59999847
01/12/2025,62.40000153,13.19999981,59.29999924,53.70000076
01/12/2025,62.40000153,13,59.29999924,53.70000076
01/12/2025,62.40000153,12.69999981,59.20000076,53.70000076
01/12/2025,62.40000153,12.5,59.20000076,53.79999924
01/12/2025,62.40000153,12.19999981,59.20000076,53.79999924
01/12/2025,62.40000153,12.10000038,59.29999924,53.90000153
01/12/2025,62.29999924,11.80000019,59.29999924,54
01/12/2025,62.29999924,11.69999981,59.40000153,54.09999847
01/12/2025,62.29999924,11.60000038,59.40000153,54.20000076
01/12/2025,62.29999924,11.5,59.40000153,54.09999847
01/12/2025,62.29999924,11.39999962,59.40000153,54.20000076
01/12/2025,62.29999924,11.30000019,59.40000153,54.29999924
01/12/2025,62.29999924,11.10000038,59.40000153,54.29999924
01/12/2025,62.29999924,11,59.40000153,54.40000153
01/12/2025,62.40000153,10.80000019,59.40000153,54.5
01/12/2025,62.40000153,10.69999981,59.40000153,54.5
01/12/2025,62.5,10.5,59.5,54.5
01/12/2025,62.5,10.30000019,59.5,54.70000076
01/12/2025,62.40000153,10.30000019,59.5,54.59999847
01/12/2025,62.40000153,10.19999981,59.5,54.70000076
01/12/2025,62.29999924,10.19999981,59.59999847,54.79999924
01/12/2025,62.20000076,10,59.59999847,54.90000153
01/12/2025,62.20000076,10,59.59999847,54.90000153
01/12/2025,62.20000076,10,59.59999847,55
01/12/2025,62.09999847,10,59.5,55.09999847
01/12/2025,62,9.800000191,59.59999847,55.09999847
01/12/2025,62,9.800000191,59.5,55.09999847
01/12/2025,62,9.800000191,59.5,55.20000076
01/12/2025,61.90000153,9.800000191,59.5,55.29999924
01/12/2025,61.90000153,9.699999809,59.5,55.29999924
01/12/2025,61.90000153,9.699999809,59.5,55.40000153
01/12/2025,61.90000153,9.699999809,59.5,55.40000153
01/12/2025,61.79999924,9.600000381,59.40000153,55.5
01/12/2025,61.79999924,9.5,59.40000153,55.59999847
01/12/2025,61.79999924,9.399999619,59.5,55.59999847
01/12/2025,61.79999924,9.199999809,59.40000153,55.59999847
01/12/2025,61.70000076,9.100000381,59.40000153,55.79999924
01/12/2025,61.79999924,9,59.40000153,55.79999924
01/12/2025,61.59999847,8.800000191,59.40000153,55.90000153
01/12/2025,61.59999847,8.699999809,59.29999924,56
01/12/2025,61.59999847,8.600000381,59.29999924,56
01/12/2025,61.5,8.399999619,59.29999924,56
01/12/2025,61.5,8.5,59.29999924,56
01/12/2025,61.40000153,8.300000191,59.29999924,56.09999847
01/12/2025,61.40000153,8.300000191,59.20000076,56.09999847
01/12/2025,61.40000153,8.199999809,59.20000076,56.20000076
01/12/2025,61.40000153,8.100000381,59.20000076,56.20000076
01/12/2025,61.40000153,8.100000381,59.20000076,56.40000153
01/12/2025,61.29999924,7.900000095,59.09999847,56.40000153
01/12/2025,61.20000076,7.900000095,59.09999847,56.5
01/12/2025,61.20000076,7.800000191,59.09999847,56.5
01/12/2025,61.20000076,7.800000191,59.09999847,56.59999847
01/12/2025,61.09999847,7.699999809,59,56.59999847
01/12/2025,61.09999847,7.699999809,59,56.70000076
01/12/2025,61,7.5,59,56.79999924
01/12/2025,61,7.599999905,58.90000153,56.90000153
01/12/2025,61,7.699999809,58.90000153,56.90000153
01/12/2025,61,7.800000191,58.79999924,57
01/12/2025,61,7.900000095,58.79999924,57
01/12/2025,60.90000153,7.900000095,58.79999924,57
01/12/2025,60.90000153,7.900000095,58.79999924,57
01/12/2025,60.90000153,7.900000095,58.79999924,57.09999847
01/12/2025,60.70000076,8,58.79999924,57.20000076
01/12/2025,60.70000076,7.900000095,58.70000076,57.29999924
01/12/2025,60.70000076,8,58.70000076,57.20000076
01/12/2025,60.70000076,7.900000095,58.59999847,57.40000153
01/12/2025,60.59999847,7.900000095,58.59999847,57.40000153
01/12/2025,60.59999847,8,58.59999847,57.5
01/12/2025,60.59999847,7.900000095,58.59999847,57.59999847
01/12/2025,60.5,7.900000095,58.59999847,57.70000076
01/12/2025,60.5,7.900000095,58.5,57.59999847
01/12/2025,60.5,7.900000095,58.59999847,57.70000076
01/12/2025,60.40000153,7.900000095,58.40000153,57.79999924
01/12/2025,60.29999924,7.900000095,58.40000153,57.79999924
01/12/2025,60.29999924,7.900000095,58.40000153,58
01/12/2025,60.29999924,7.900000095,58.40000153,58
01/12/2025,60.29999924,7.900000095,58.40000153,58.09999847
01/12/2025,60.29999924,7.900000095,58.29999924,58
01/12/2025,60.20000076,7.900000095,58.40000153,58.09999847
01/12/2025,60.20000076,7.900000095,58.29999924,58.20000076
01/12/2025,60.09999847,7.900000095,58.29999924,58.20000076
01/12/2025,60.09999847,7.900000095,58.20000076,58.20000076
01/12/2025,60.09999847,7.900000095,58.20000076,58.40000153
01/12/2025,60.09999847,7.900000095,58.20000076,58.40000153
01/12/2025,60.09999847,7.900000095,58.20000076,58.40000153
01/12/2025,60,7.800000191,58.09999847,58.59999847
01/12/2025,60,7.800000191,58.20000076,58.59999847
01/12/2025,60,7.699999809,58.09999847,58.59999847
01/12/2025,59.90000153,7.5,58.09999847,58.59999847
01/12/2025,59.90000153,7.5,58.09999847,58.70000076
01/12/2025,59.90000153,7.400000095,58.09999847,58.79999924
01/12/2025,59.90000153,7.300000191,58,58.79999924
01/12/2025,59.79999924,7.199999809,58,58.79999924
01/12/2025,59.90000153,7.199999809,58,58.79999924
01/12/2025,59.90000153,7.199999809,58,59
01/12/2025,59.79999924,7.199999809,58,59.09999847
01/12/2025,59.70000076,7.300000191,58.09999847,59
01/12/2025,59.70000076,7.400000095,58.09999847,59
01/12/2025,59.70000076,7.400000095,58.09999847,59
01/12/2025,59.70000076,7.5,58,59.09999847
01/12/2025,59.70000076,7.5,57.90000153,59.09999847
01/12/2025,59.59999847,7.400000095,57.90000153,59.20000076
01/12/2025,59.59999847,7.400000095,57.90000153,59
01/12/2025,59.59999847,7.5,57.79999924,59.20000076
01/12/2025,59.70000076,7.400000095,57.90000153,59.40000153
01/12/2025,59.59999847,7.400000095,57.90000153,59.20000076
01/12/2025,59.59999847,7.5,57.70000076,59
01/12/2025,59.59999847,7.400000095,57.5,58.90000153
01/12/2025,59.70000076,7.400000095,57.59999847,58.90000153
01/12/2025,59.70000076,7.400000095,57.70000076,58.90000153
01/12/2025,59.79999924,7.400000095,57.5,58.79999924
01/12/2025,59.90000153,7.400000095,57.70000076,58.90000153
01/12/2025,59.90000153,7.400000095,57.90000153,59
01/12/2025,59.90000153,7.400000095,57.79999924,59
01/12/2025,59.90000153,7.400000095,57.79999924,59
01/12/2025,60,7.400000095,57.79999924,59
01/12/2025,60,7.400000095,57.79999924,59.09999847
01/12/2025,60,7.400000095,57.79999924,59.09999847
01/12/2025,59.90000153,7.400000095,57.70000076,59.09999847
01/12/2025,60,7.400000095,57.59999847,59.20000076
01/12/2025,60.09999847,7.400000095,57.5,59.20000076
01/12/2025,60.09999847,7.400000095,57.5,59.20000076
01/12/2025,60.20000076,7.400000095,57.5,59.29999924
01/12/2025,60.20000076,7.400000095,57.59999847,59.29999924
01/12/2025,60.29999924,7.400000095,57.90000153,59.40000153
01/12/2025,60.29999924,7.400000095,57.90000153,59.40000153
01/12/2025,60.40000153,7.5,58.09999847,59.5
01/12/2025,60.40000153,7.400000095,58.20000076,59.5
01/12/2025,60.5,7.400000095,58.40000153,59.5
01/12/2025,60.5,7.400000095,58.40000153,59.59999847
01/12/2025,60.59999847,7.400000095,58.40000153,59.70000076
01/12/2025,60.59999847,7.400000095,58.5,59.70000076
01/12/2025,60.70000076,7.400000095,58.79999924,59.70000076
01/12/2025,60.70000076,7.400000095,59,59.70000076
01/12/2025,60.79999924,7.400000095,59,59.70000076
01/12/2025,60.90000153,7.300000191,59.20000076,59.70000076
01/12/2025,60.90000153,7.300000191,59.29999924,59.70000076
01/12/2025,60.90000153,7.199999809,59.5,59.90000153
01/12/2025,61,7.300000191,59.59999847,59.79999924
01/12/2025,61,7.300000191,59.59999847,59.79999924
01/12/2025,61,7.199999809,59.70000076,59.90000153
01/12/2025,61,7.199999809,59.90000153,59.90000153
01/12/2025,61.09999847,7.199999809,59.90000153,60
01/12/2025,61.20000076,7.199999809,59.90000153,60.09999847
01/12/2025,61.20000076,7.199999809,60.09999847,60.09999847
01/12/2025,61.29999924,7.199999809,60.09999847,60.20000076
01/12/2025,61.40000153,7.199999809,60.20000076,60.20000076
01/12/2025,61.40000153,7.199999809,60.20000076,60.20000076
01/12/2025,61.5,7.199999809,60.40000153,60.29999924
01/12/2025,61.5,7.199999809,60.40000153,60.29999924
01/12/2025,61.40000153,7.199999809,60.40000153,60.29999924
01/12/2025,61.5,7.199999809,60.5,60.40000153
01/12/2025,61.5,7.199999809,60.70000076,60.40000153
01/12/2025,61.40000153,7.199999809,60.70000076,60.5
01/12/2025,61.5,7.199999809,60.70000076,60.5
01/12/2025,61.59999847,7.199999809,60.79999924,60.5
01/12/2025,61.59999847,7.199999809,60.90000153,60.70000076
01/12/2025,61.59999847,7.199999809,60.79999924,60.70000076
01/12/2025,61.59999847,7,60.90000153,60.79999924
01/12/2025,61.79999924,7.199999809,60.79999924,60.79999924
01/12/2025,61.79999924,7.099999905,60.90000153,60.79999924
01/12/2025,61.79999924,6.900000095,60.90000153,60.90000153
01/12/2025,61.79999924,6.900000095,60.90000153,60.90000153
01/12/2025,61.79999924,6.900000095,60.90000153,60.90000153
01/12/2025,61.90000153,6.900000095,60.90000153,61
01/12/2025,61.90000153,6.900000095,60.90000153,61.09999847
01/12/2025,61.79999924,7,61,61.20000076
01/12/2025,61.90000153,7,61,61
01/12/2025,62,7,61,61.09999847
01/12/2025,62,7,61.20000076,61.20000076
01/12/2025,62,6.900000095,61.09999847,61.40000153
01/12/2025,62,6.800000191,61,61.40000153
01/12/2025,62,6.800000191,61.20000076,61.40000153
01/12/2025,61.90000153,6.699999809,61,61.40000153
01/12/2025,61.90000153,6.599999905,60.90000153,61.40000153
01/12/2025,62,6.5,60.90000153,61.40000153
01/12/2025,61.90000153,6.400000095,60.79999924,61.40000153
01/12/2025,61.90000153,6.400000095,60.5,61.40000153
01/12/2025,61.90000153,6.400000095,60.20000076,61.40000153
01/12/2025,61.90000153,6.300000191,59.79999924,61.40000153
01/12/2025,62,6.199999809,59.5,61.40000153
01/12/2025,62,6.199999809,59.29999924,61.40000153
01/12/2025,62.09999847,6.199999809,58.90000153,61.40000153
01/12/2025,62.09999847,6.199999809,58.59999847,61.40000153
01/12/2025,62.20000076,6.400000095,58.40000153,61.40000153
01/12/2025,62.20000076,6.5,58.20000076,61.59999847
01/12/2025,62.20000076,6.699999809,58,61.40000153
01/12/2025,62.20000076,6.800000191,57.79999924,61.59999847
01/12/2025,62.20000076,6.800000191,57.59999847,61.40000153
01/12/2025,62.20000076,7,57.40000153,61.40000153
01/12/2025,62.20000076,7,57.20000076,61.59999847
01/12/2025,62.29999924,6.800000191,57.20000076,61.5
01/12/2025,62.29999924,6.699999809,57,61.40000153
01/12/2025,62.40000153,6.599999905,56.90000153,61.5
01/12/2025,62.29999924,6.599999905,56.90000153,61.59999847
01/12/2025,62.29999924,6.400000095,56.79999924,61.5
01/12/2025,62.20000076,6.400000095,56.70000076,61.59999847
01/12/2025,62.20000076,6.300000191,56.29999924,61.59999847
01/12/2025,62.20000076,6.099999905,56,61.59999847
01/12/2025,62.20000076,6.099999905,55.90000153,61.59999847
01/12/2025,62.20000076,6.099999905,55.79999924,61.59999847
01/12/2025,62.40000153,6,55.70000076,61.40000153
01/12/2025,62.40000153,5.900000095,55.59999847,61.5
01/12/2025,62.40000153,5.900000095,55.40000153,61.40000153
01/12/2025,62.5,5.900000095,55.29999924,61.40000153
01/12/2025,62.5,5.800000191,55.09999847,61.40000153
01/12/2025,62.5,5.800000191,54.90000153,61.40000153
01/12/2025,62.59999847,5.800000191,54.90000153,61.40000153
01/12/2025,62.59999847,5.699999809,54.70000076,61.5
01/12/2025,62.59999847,5.699999809,54.70000076,61.5
01/12/2025,62.59999847,5.699999809,54.59999847,61.40000153
01/12/2025,62.70000076,5.699999809,54.5,61.5
01/12/2025,62.59999847,5.599999905,54.5,61.59999847
01/12/2025,62.5,5.599999905,54.5,61.40000153
01/12/2025,62.5,5.599999905,54.29999924,61.40000153
01/12/2025,62.5,5.699999809,54.09999847,61.40000153
01/12/2025,62.5,5.599999905,54,61.40000153
01/12/2025,62.5,5.5,53.90000153,61.5
01/12/2025,62.5,5.599999905,53.79999924,61.59999847
01/12/2025,62.5,5.5,53.70000076,61.5
01/12/2025,62.59999847,5.5,53.59999847,61.5
01/12/2025,62.59999847,5.699999809,53.59999847,61.29999924
01/12/2025,62.70000076,5.5,53.20000076,61.40000153
01/12/2025,62.70000076,5.599999905,53.09999847,61.40000153
01/12/2025,62.79999924,5.599999905,53,61.40000153
01/12/2025,62.79999924,5.5,53,61.40000153
01/12/2025,62.79999924,5.5,53,61.29999924
01/12/2025,62.70000076,5.5,53,61.40000153
01/12/2025,62.79999924,5.5,52.90000153,61.40000153
01/12/2025,62.79999924,5.5,52.79999924,61.40000153
01/12/2025,62.79999924,5.5,52.90000153,61.40000153
01/12/2025,62.70000076,5.5,52.79999924,61.20000076
01/12/2025,62.70000076,5.5,52.79999924,61.29999924
01/12/2025,62.59999847,5.5,52.59999847,61.20000076
01/12/2025,62.59999847,5.800000191,52.59999847,61.20000076
01/12/2025,62.70000076,6,52.40000153,61.40000153
01/12/2025,62.70000076,6.099999905,52.29999924,61.20000076
01/12/2025,62.70000076,6.300000191,52.29999924,61.09999847
01/12/2025,62.79999924,6.400000095,52.20000076,60.90000153
01/12/2025,62.79999924,6.400000095,52.09999847,61.09999847
01/12/2025,62.90000153,6.5,52,61
01/12/2025,62.90000153,6.699999809,51.90000153,61
01/12/2025,62.90000153,6.699999809,52.09999847,61
01/12/2025,62.90000153,6.800000191,52.09999847,61
01/12/2025,62.90000153,6.800000191,52,61
01/12/2025,62.5,6.900000095,51.90000153,61
01/12/2025,62.09999847,7,51.70000076,61
01/12/2025,61.59999847,6.800000191,51.59999847,61
01/12/2025,61.20000076,6.800000191,51.59999847,61
01/12/2025,60.70000076,6.699999809,51.5,61
01/12/2025,60.09999847,6.599999905,51.40000153,60.90000153
01/12/2025,59.20000076,6.5,51.40000153,60.90000153
01/12/2025,57.90000153,6.400000095,51.5,60.90000153
01/12/2025,56.70000076,6.300000191,51.59999847,60.70000076
01/12/2025,56.5,6.199999809,51.59999847,60.70000076
01/12/2025,56,6,51.59999847,60.70000076
01/12/2025,55.40000153,6.099999905,51.5,60.5
01/12/2025,54.70000076,6.199999809,51.5,60.59999847
01/12/2025,54.40000153,6.400000095,51.5,60.40000153
01/12/2025,54,6.400000095,51.5,60.20000076
01/12/2025,53.40000153,6.5,51.5,60.09999847
01/12/2025,52.79999924,6.599999905,51.59999847,59.90000153
01/12/2025,52.40000153,6.699999809,51.5,59.70000076
01/12/2025,52.09999847,6.800000191,51.5,59.59999847
01/12/2025,52.09999847,6.800000191,51.40000153,59.5
01/12/2025,51.79999924,6.800000191,51.29999924,59.5
01/12/2025,51.70000076,6.699999809,51.29999924,59.5
01/12/2025,51.70000076,6.599999905,51.29999924,59.40000153
01/12/2025,51.70000076,6.599999905,51.29999924,59.40000153
01/12/2025,51.5,6.400000095,51.29999924,59.20000076
01/12/2025,51,6.300000191,51.09999847,59.20000076
01/12/2025,50.5,6.199999809,51.20000076,59.09999847
01/12/2025,50.40000153,6.099999905,51.20000076,59
01/12/2025,50.20000076,6,51.29999924,58.90000153
01/12/2025,49.59999847,6,51.29999924,58.79999924
01/12/2025,49.29999924,5.900000095,51.20000076,58.70000076
01/12/2025,48.90000153,5.800000191,51.09999847,58.59999847
01/12/2025,48.70000076,5.699999809,51.09999847,58.40000153
01/12/2025,48.20000076,5.699999809,51,58.29999924
01/12/2025,48,5.599999905,51,58.20000076
01/12/2025,48,5.699999809,51.09999847,58.09999847
01/12/2025,47.90000153,5.5,51,58
01/12/2025,48,5.5,50.90000153,57.90000153
01/12/2025,48.40000153,5.5,50.79999924,57.79999924
01/12/2025,48.70000076,5.5,50.79999924,57.90000153
01/12/2025,49,5.5,50.90000153,57.70000076
01/12/2025,49,5.400000095,50.79999924,57.5
01/12/2025,48.70000076,5.300000191,50.79999924,57.5
01/12/2025,48.40000153,5.300000191,50.79999924,57.29999924
01/12/2025,48,5.300000191,50.79999924,57.29999924
01/12/2025,47.59999847,5.300000191,50.79999924,57.29999924
01/12/2025,47.09999847,5.300000191,50.79999924,57.09999847
01/12/2025,46.5,5.300000191,50.79999924,57
01/12/2025,45.90000153,5.300000191,50.79999924,56.90000153
01/12/2025,45.5,5.300000191,50.59999847,56.79999924
01/12/2025,45.09999847,5.300000191,50.70000076,56.79999924
01/12/2025,44.79999924,5.300000191,50.79999924,56.70000076
01/12/2025,44.29999924,5.199999809,50.79999924,56.59999847
01/12/2025,43.79999924,5.099999905,50.59999847,56.5
01/12/2025,43.5,5.199999809,50.70000076,56.40000153
01/12/2025,43.09999847,5.099999905,50.70000076,56.40000153
01/12/2025,43,5.099999905,50.70000076,56.29999924
01/12/2025,42.70000076,5.099999905,50.70000076,56.20000076
01/12/2025,42.59999847,5.099999905,50.79999924,56.20000076
01/12/2025,42.5,5.099999905,50.59999847,56
01/12/2025,42.5,5.099999905,50.59999847,56
01/12/2025,42.5,5.099999905,50.59999847,55.90000153
01/12/2025,42.79999924,5.099999905,50.79999924,55.79999924
01/12/2025,43.59999847,5,50.79999924,55.79999924
01/12/2025,44,5,50.79999924,55.59999847
01/12/2025,44,5.099999905,50.79999924,55.5
01/12/2025,44.09999847,5.099999905,50.79999924,55.40000153
01/12/2025,43.90000153,5,50.79999924,55.40000153
01/12/2025,43.70000076,5,50.79999924,55.29999924
01/12/2025,43.29999924,5,50.79999924,55.20000076
01/12/2025,42.70000076,5,50.79999924,55.09999847
01/12/2025,42.20000076,5,50.79999924,55.09999847
01/12/2025,41.79999924,5,50.79999924,55
01/12/2025,41.5,5,50.90000153,54.90000153
01/12/2025,41.20000076,5,50.79999924,54.70000076
01/12/2025,40.79999924,5,50.79999924,54.70000076
01/12/2025,40.5,5.099999905,50.79999924,54.70000076
01/12/2025,40.29999924,5,50.79999924,54.59999847
01/12/2025,40,5.099999905,50.79999924,54.5
01/12/2025,40,5.300000191,50.79999924,54.29999924
01/12/2025,39.70000076,5.5,50.79999924,54.20000076
01/12/2025,39.5,5.599999905,50.79999924,54.09999847
01/12/2025,39.09999847,5.800000191,50.59999847,54.09999847
01/12/2025,39,5.900000095,50.79999924,54.09999847
01/12/2025,38,6.099999905,50.79999924,54
01/12/2025,37.5,6.199999809,50.59999847,53.90000153
01/12/2025,37.20000076,6.199999809,50.59999847,53.90000153
01/12/2025,36.79999924,6.199999809,50.79999924,53.90000153
01/12/2025,36.70000076,6.199999809,50.79999924,53.79999924
01/12/2025,37,6.099999905,50.79999924,53.70000076
01/12/2025,37.40000153,6,50.70000076,53.59999847
01/12/2025,37.29999924,5.900000095,50.59999847,53.5
01/12/2025,52.40000153,5.900000095,50.79999924,53.59999847
01/12/2025,62,5.800000191,50.79999924,53.40000153
01/12/2025,60.09999847,5.800000191,50.70000076,53.40000153
01/12/2025,58.79999924,5.599999905,50.59999847,53.20000076
01/12/2025,56.59999847,5.5,50.59999847,53.09999847
01/12/2025,54.5,5.5,50.70000076,52.90000153
01/12/2025,53.20000076,5.400000095,50.59999847,52.90000153
01/12/2025,51.29999924,5.400000095,50.70000076,52.79999924
01/12/2025,50,5.400000095,50.70000076,52.70000076
01/12/2025,49.29999924,5.300000191,50.59999847,52.5
01/12/2025,48.20000076,5.300000191,50.70000076,52.5
01/12/2025,47.40000153,5.300000191,50.70000076,52.40000153
01/12/2025,46.40000153,5.300000191,50.79999924,52.29999924
01/12/2025,45.90000153,5.300000191,50.79999924,52.09999847
01/12/2025,45.40000153,5.300000191,50.59999847,52.09999847
01/12/2025,45.20000076,5.099999905,50.59999847,52.09999847
01/12/2025,45.59999847,5.099999905,50.59999847,51.90000153
01/12/2025,45.5,5.099999905,50.59999847,51.90000153
01/12/2025,44.79999924,5.099999905,50.59999847,51.70000076
01/12/2025,44.09999847,5.099999905,50.59999847,51.59999847
01/12/2025,43.40000153,5.099999905,50.5,51.5
01/12/2025,42.90000153,5.099999905,50.59999847,51.5
01/12/2025,42.40000153,5.199999809,50.5,51.29999924
01/12/2025,41.90000153,5.099999905,50.5,51.29999924
01/12/2025,41.59999847,5.099999905,50.5,51.20000076
01/12/2025,41.40000153,5.099999905,50.40000153,51
01/12/2025,41.09999847,5.099999905,50.5,51
01/12/2025,40.90000153,5.099999905,50.40000153,50.90000153
01/12/2025,40.70000076,5.099999905,50.5,50.79999924
01/12/2025,40.70000076,5.099999905,50.40000153,50.79999924
01/12/2025,40.5,5.300000191,50.40000153,50.59999847
01/12/2025,40.29999924,5.400000095,50.40000153,50.5
01/12/2025,40.40000153,5.599999905,50.5,50.40000153
01/12/2025,40.20000076,5.800000191,50.5,50.29999924
01/12/2025,40.09999847,6,50.40000153,50.20000076
01/12/2025,40.09999847,6.099999905,50.40000153,50
01/12/2025,40.09999847,6.099999905,50.40000153,50
01/12/2025,40,6.300000191,50.40000153,50
01/12/2025,40,6.300000191,50.5,49.90000153
01/12/2025,40,6.400000095,50.5,49.79999924
01/12/2025,39.90000153,6.400000095,50.59999847,49.70000076
01/12/2025,39.90000153,6.400000095,50.59999847,49.70000076
01/12/2025,39.90000153,6.599999905,50.59999847,49.59999847
01/12/2025,39.90000153,6.599999905,50.59999847,49.5
01/12/2025,39.79999924,6.599999905,50.70000076,49.5
01/12/2025,39.79999924,6.599999905,50.59999847,49.29999924
01/12/2025,39.79999924,6.400000095,50.79999924,49.29999924
01/12/2025,39.79999924,6.300000191,50.59999847,49.29999924
01/12/2025,39.70000076,6.199999809,50.59999847,49.29999924
01/12/2025,39.79999924,6.199999809,50.70000076,49.20000076
01/12/2025,39.79999924,6.199999809,50.70000076,49
01/12/2025,39.79999924,6.199999809,50.59999847,48.90000153
01/12/2025,39.79999924,6.099999905,50.59999847,49
01/12/2025,39.70000076,6.199999809,50.79999924,48.90000153
01/12/2025,39.70000076,6.099999905,50.79999924,48.90000153
01/12/2025,39.70000076,6.199999809,50.79999924,48.79999924
01/12/2025,39.79999924,6.199999809,50.59999847,48.70000076
01/12/2025,39.79999924,6.099999905,50.59999847,48.70000076
01/12/2025,39,6.099999905,50.59999847,48.70000076
01/12/2025,38.79999924,6.099999905,50.59999847,48.70000076
01/12/2025,39,6.099999905,50.79999924,48.5
01/12/2025,38.90000153,6,50.70000076,48.5
01/12/2025,39,6,50.70000076,48.40000153
01/12/2025,39,6,50.79999924,48.40000153
01/12/2025,38.79999924,6,50.79999924,48.29999924
01/12/2025,39,6,50.90000153,48.20000076
01/12/2025,39,6,50.90000153,48.09999847
01/12/2025,39,6,50.90000153,48
01/12/2025,39,6,50.90000153,48
01/12/2025,39,6,50.79999924,48
01/12/2025,39,6,50.90000153,47.90000153
01/12/2025,39,5.900000095,50.90000153,47.70000076
01/12/2025,39,5.900000095,51,47.59999847
01/12/2025,39,5.900000095,51,47.59999847
01/12/2025,39,5.900000095,51,47.5
01/12/2025,39,5.900000095,51,47.5
01/12/2025,38.79999924,5.900000095,51.09999847,47.40000153
01/12/2025,39,5.900000095,51.09999847,47.20000076
01/12/2025,39,5.900000095,51.09999847,47.20000076
01/12/2025,39,5.900000095,51.09999847,47.20000076
01/12/2025,39,5.800000191,51.09999847,47
01/12/2025,39,5.800000191,51.09999847,46.90000153
01/12/2025,39,5.900000095,51.09999847,46.79999924
01/12/2025,39,5.800000191,51.20000076,46.79999924
01/12/2025,39,5.800000191,51.29999924,46.90000153
01/12/2025,39,5.800000191,51.29999924,46.59999847
01/12/2025,39.09999847,5.800000191,51.29999924,46.59999847
01/12/2025,39,5.800000191,51.20000076,46.59999847
01/12/2025,39.09999847,5.800000191,51.20000076,46.5
01/12/2025,39.09999847,5.699999809,51.09999847,46.40000153
01/12/2025,39.09999847,5.699999809,51.09999847,46.29999924
01/12/2025,39.09999847,5.699999809,51.29999924,46.29999924
01/12/2025,39.09999847,5.699999809,51.40000153,46.20000076
01/12/2025,39.09999847,5.800000191,51.29999924,46.09999847
01/12/2025,39.09999847,5.800000191,51.40000153,46.09999847
01/12/2025,39.20000076,5.900000095,51.29999924,46.09999847
01/12/2025,39.09999847,5.900000095,51.40000153,46
01/12/2025,39.20000076,9.300000191,51.40000153,45.90000153
01/12/2025,39.20000076,15.30000019,51.40000153,45.90000153
01/12/2025,39.20000076,18.79999924,51.40000153,45.70000076
01/12/2025,39.20000076,20.79999924,51.40000153,45.70000076
01/12/2025,39.20000076,22.20000076,51.5,45.70000076
01/12/2025,39.20000076,23.20000076,51.5,45.70000076
01/12/2025,39.20000076,24,51.40000153,45.5
01/12/2025,39.20000076,24.5,51.40000153,45.5
01/12/2025,39.29999924,24.89999962,51.5,45.5
01/12/2025,39.20000076,25.39999962,51.5,45.40000153
01/12/2025,39.20000076,25.89999962,51.5,45.40000153
01/12/2025,39.29999924,26.10000038,51.5,45.29999924
01/12/2025,39.20000076,26.39999962,51.5,45.29999924
01/12/2025,39.29999924,26.70000076,51.5,45.29999924
01/12/2025,39.20000076,26.89999962,51.5,45.20000076
01/12/2025,39.20000076,27.20000076,51.5,45.20000076
01/12/2025,39.20000076,27.5,51.5,45.20000076
01/12/2025,39.29999924,27.60000038,51.59999847,45.20000076
01/12/2025,39.20000076,27.70000076,51.59999847,45.09999847
01/12/2025,39.20000076,27.89999962,51.70000076,45
01/12/2025,39.20000076,28.29999924,51.59999847,45
01/12/2025,39.09999847,28.5,51.70000076,45
01/12/2025,39.09999847,28.70000076,51.79999924,45
01/12/2025,39.09999847,29.10000038,51.79999924,44.90000153
01/12/2025,39,29.39999962,51.90000153,44.90000153
01/12/2025,39.09999847,29.79999924,51.90000153,44.79999924
01/12/2025,39.29999924,30.20000076,52,44.79999924
01/12/2025,39.29999924,30.70000076,51.90000153,44.79999924
01/12/2025,39.29999924,31.10000038,52,44.79999924
01/12/2025,39.40000153,31.79999924,51.90000153,44.79999924
01/12/2025,39.29999924,32.40000153,52.09999847,44.79999924
01/12/2025,39.40000153,33.09999847,51.90000153,44.79999924
01/12/2025,39.5,33.70000076,51.90000153,44.79999924
01/12/2025,39.5,34.29999924,52.09999847,44.79999924
01/12/2025,39.29999924,34.90000153,51.90000153,44.70000076
01/12/2025,39.40000153,35.5,51.90000153,44.70000076
01/12/2025,39.40000153,36,52.09999847,44.70000076
01/12/2025,39.40000153,36.70000076,52.09999847,44.59999847
01/12/2025,39.40000153,37.29999924,51.90000153,44.59999847
01/12/2025,39.5,37.90000153,51.90000153,44.59999847
01/12/2025,39.5,38.40000153,52.09999847,44.59999847
01/12/2025,39.40000153,39.09999847,52.09999847,44.59999847
01/12/2025,39.5,39.79999924,52.09999847,44.59999847
01/12/2025,39.40000153,40.29999924,52.09999847,44.59999847
01/12/2025,39.40000153,40.90000153,52.09999847,44.59999847
01/12/2025,39.40000153,41.5,52.20000076,44.59999847
01/12/2025,39.40000153,42.09999847,52.29999924,44.59999847
01/12/2025,39.59999847,42.59999847,52.29999924,44.5
01/12/2025,39.59999847,43.20000076,52.29999924,44.59999847
01/12/2025,39.79999924,43.59999847,52.29999924,44.59999847
01/12/2025,40,44,52.29999924,44.59999847
01/12/2025,40.29999924,44.40000153,52.29999924,44.59999847
01/12/2025,40.5,44.79999924,52.40000153,44.59999847
01/12/2025,40.70000076,45.09999847,52.29999924,44.40000153
01/12/2025,40.70000076,45.5,52.40000153,44.5
01/12/2025,40.90000153,45.70000076,52.40000153,44.5
01/12/2025,41,46,52.40000153,44.59999847
01/12/2025,41.09999847,46.20000076,52.40000153,44.5
01/12/2025,41.09999847,46.40000153,52.5,44.5
01/12/2025,41.20000076,46.59999847,52.5,44.5
01/12/2025,41.29999924,46.79999924,52.5,44.5
01/12/2025,41.20000076,47,52.40000153,44.40000153
01/12/2025,41.09999847,47.09999847,52.5,44.5
01/12/2025,40.90000153,47.20000076,52.5,44.5
01/12/2025,40.70000076,47.40000153,52.59999847,44.40000153
01/12/2025,40.70000076,47.40000153,52.5,44.40000153
01/12/2025,40.59999847,47.40000153,52.40000153,44.5
01/12/2025,40.5,47.5,52.59999847,44.40000153
01/12/2025,40.59999847,47.59999847,52.59999847,44.40000153
01/12/2025,40.70000076,47.59999847,52.59999847,44.5
01/12/2025,40.70000076,47.70000076,52.59999847,44.40000153
01/12/2025,41,47.70000076,52.59999847,44.40000153
01/12/2025,41.40000153,47.90000153,52.70000076,44.5
01/12/2025,41.59999847,47.90000153,52.79999924,44.5
01/12/2025,41.90000153,48,52.79999924,44.5
01/12/2025,42.40000153,48,52.79999924,44.5
01/12/2025,42.90000153,48.09999847,52.70000076,44.5
01/12/2025,43.29999924,48.09999847,52.79999924,44.59999847
01/12/2025,43.5,48.09999847,52.79999924,44.5
01/12/2025,43.70000076,48.09999847,52.79999924,44.5
01/12/2025,44.09999847,48.09999847,52.79999924,44.59999847
01/12/2025,44.29999924,48.09999847,52.79999924,44.59999847
01/12/2025,44.70000076,48.09999847,52.79999924,44.59999847
01/12/2025,45.20000076,48,52.79999924,44.59999847
01/12/2025,45.5,47.90000153,52.79999924,44.59999847
01/12/2025,45.79999924,47.90000153,52.79999924,44.59999847
01/12/2025,45.90000153,47.79999924,52.79999924,44.59999847
01/12/2025,46.09999847,47.79999924,52.79999924,44.5
01/12/2025,46.29999924,47.79999924,52.79999924,44.59999847
01/12/2025,46.40000153,47.70000076,52.79999924,44.5
01/12/2025,46.5,47.59999847,52.79999924,44.5
01/12/2025,46.40000153,47.5,52.79999924,44.59999847
01/12/2025,46.5,47.40000153,52.79999924,44.5
01/12/2025,46.70000076,47.40000153,52.79999924,44.5
01/12/2025,46.40000153,47.29999924,52.79999924,44.40000153
01/12/2025,46.09999847,47.09999847,52.79999924,44.5
01/12/2025,46.29999924,47.09999847,52.79999924,44.5
01/12/2025,46.59999847,47.09999847,52.79999924,44.5
01/12/2025,46.90000153,47.20000076,52.79999924,44.5
01/12/2025,47.09999847,47.09999847,52.79999924,44.5
01/12/2025,47.09999847,47.20000076,52.79999924,44.5
01/12/2025,47.5,47.40000153,52.79999924,44.5
01/12/2025,48.20000076,47.40000153,52.79999924,44.5
01/12/2025,48.70000076,47.5,52.79999924,44.5
01/12/2025,49.09999847,47.59999847,52.79999924,44.5
01/12/2025,48.90000153,47.70000076,52.79999924,44.5
01/12/2025,49,47.90000153,52.90000153,44.5
01/12/2025,49.09999847,48.09999847,52.90000153,44.5
01/12/2025,49.29999924,48.20000076,52.90000153,44.40000153
01/12/2025,49.79999924,48.5,52.79999924,44.40000153
01/12/2025,50.59999847,48.59999847,52.90000153,44.5
01/12/2025,51.59999847,48.90000153,53,44.40000153
01/12/2025,52.40000153,49,53,44.40000153
01/12/2025,52.59999847,49.20000076,53,44.40000153
01/12/2025,53.40000153,49.5,53,44.40000153
01/12/2025,53.90000153,49.70000076,53.09999847,44.40000153
01/12/2025,54.40000153,50,53.20000076,44.40000153
01/12/2025,54.79999924,50.20000076,53.20000076,44.5
01/12/2025,55.09999847,50.40000153,53.20000076,44.40000153
01/12/2025,55.40000153,50.59999847,53.20000076,44.5
01/12/2025,55.70000076,50.90000153,53.20000076,44.40000153
01/12/2025,55.70000076,51.09999847,53.20000076,44.40000153
01/12/2025,55.59999847,51.29999924,53.20000076,44.40000153
01/12/2025,55.90000153,51.5,53.29999924,44.5
01/12/2025,56,51.70000076,53.40000153,44.40000153
01/12/2025,56.40000153,51.90000153,53.29999924,44.40000153
01/12/2025,56.40000153,52,53.40000153,44.5
01/12/2025,56.5,52.29999924,53.29999924,44.5
01/12/2025,56.59999847,52.59999847,53.40000153,44.40000153
01/12/2025,56.70000076,52.70000076,53.40000153,44.40000153
01/12/2025,56.79999924,52.90000153,53.40000153,44.40000153
01/12/2025,57,53.20000076,53.40000153,44.40000153
01/12/2025,57,53.29999924,53.40000153,44.40000153
01/12/2025,57.09999847,53.5,53.5,44.5
01/12/2025,57.20000076,53.70000076,53.5,44.5
01/12/2025,57.5,53.90000153,53.40000153,44.40000153
01/12/2025,57.59999847,54,53.40000153,44.40000153
01/12/2025,57.79999924,54.09999847,53.40000153,44.5
01/12/2025,57.79999924,54.20000076,53.40000153,44.5
01/12/2025,57.90000153,54.29999924,53.40000153,44.5
01/12/2025,57.90000153,54.5,53.5,44.5
01/12/2025,57.90000153,54.70000076,53.59999847,44.5
01/12/2025,58.20000076,54.70000076,53.59999847,44.5
01/12/2025,58.29999924,54.79999924,53.59999847,44.5
01/12/2025,58.40000153,54.90000153,53.59999847,44.59999847
01/12/2025,58.59999847,55,53.59999847,44.59999847
01/12/2025,58.59999847,55.09999847,53.59999847,44.5
01/12/2025,58.70000076,55.29999924,53.59999847,44.5
01/12/2025,58.90000153,55.29999924,53.59999847,44.59999847
01/12/2025,59.09999847,55.29999924,53.59999847,44.59999847
01/12/2025,59.20000076,55.40000153,53.59999847,44.59999847
01/12/2025,59.29999924,55.40000153,53.59999847,44.59999847
01/12/2025,59.5,55.59999847,53.59999847,44.59999847
01/12/2025,59.59999847,55.59999847,53.59999847,44.59999847
01/12/2025,59.70000076,55.70000076,53.59999847,44.59999847
01/12/2025,59.79999924,55.79999924,53.59999847,44.59999847
01/12/2025,60,55.79999924,53.59999847,44.59999847
01/12/2025,59.79999924,55.79999924,53.59999847,44.59999847
01/12/2025,59.59999847,55.90000153,53.59999847,44.59999847
01/12/2025,59.59999847,56,53.59999847,44.59999847
01/12/2025,59.79999924,56,53.59999847,44.59999847
01/12/2025,59.90000153,56.09999847,53.59999847,44.59999847
01/12/2025,59.90000153,56.20000076,53.59999847,44.70000076
01/12/2025,60.09999847,56.29999924,53.59999847,44.59999847
01/12/2025,60.09999847,56.29999924,53.59999847,44.59999847
01/12/2025,60.09999847,56.40000153,53.70000076,44.59999847
01/12/2025,60.09999847,56.40000153,53.70000076,44.59999847
01/12/2025,60.20000076,56.5,53.59999847,44.59999847
01/12/2025,60.09999847,56.5,53.70000076,44.70000076
01/12/2025,60.20000076,56.70000076,53.90000153,44.70000076
01/12/2025,60.09999847,56.79999924,53.79999924,44.59999847
01/12/2025,60.09999847,56.90000153,53.79999924,44.59999847
01/12/2025,60.20000076,56.90000153,53.79999924,44.70000076
01/12/2025,60.29999924,57.09999847,53.90000153,44.79999924
01/12/2025,60.29999924,57.09999847,53.90000153,44.70000076
01/12/2025,60.20000076,57.29999924,53.79999924,44.70000076
01/12/2025,60.09999847,57.5,53.90000153,44.79999924
01/12/2025,60.09999847,57.59999847,53.90000153,44.79999924
01/12/2025,60.09999847,57.70000076,53.90000153,44.79999924
01/12/2025,60.09999847,57.70000076,53.90000153,44.79999924
01/12/2025,60.09999847,57.79999924,53.79999924,44.79999924
01/12/2025,60,58,53.90000153,44.79999924
01/12/2025,60,58,53.90000153,44.79999924
01/12/2025,59.90000153,58.20000076,54,44.79999924
01/12/2025,59.90000153,58.29999924,54,44.79999924
01/12/2025,59.90000153,58.40000153,54,44.90000153
01/12/2025,59.90000153,58.5,53.90000153,44.90000153
01/12/2025,59.79999924,58.59999847,54.09999847,44.90000153
01/12/2025,60.09999847,58.79999924,54.09999847,44.90000153
01/12/2025,60.29999924,58.90000153,54.09999847,45
01/12/2025,60.70000076,59,54.09999847,45
01/12/2025,60.70000076,59.09999847,54.09999847,45
01/12/2025,60.59999847,59.29999924,54.09999847,45
01/12/2025,60.70000076,59.40000153,54.09999847,45
01/12/2025,60.59999847,59.5,54.09999847,45.09999847
01/12/2025,60.5,59.59999847,54.09999847,45.09999847
01/12/2025,60.5,59.79999924,54.20000076,45.09999847
01/12/2025,60.5,59.90000153,54.29999924,45.09999847
01/12/2025,60.5,60.09999847,54.20000076,45.20000076
01/12/2025,60.5,60.09999847,54.20000076,45.20000076
01/12/2025,60.5,60.29999924,54.29999924,45.20000076
01/12/2025,60.59999847,60.5,54.40000153,45.20000076
01/12/2025,60.70000076,60.59999847,54.5,45.20000076
01/12/2025,60.70000076,60.70000076,54.40000153,45.20000076
01/12/2025,60.70000076,60.90000153,54.5,45.20000076
01/12/2025,60.70000076,61,54.5,45.29999924
01/12/2025,60.90000153,61,54.70000076,45.20000076
01/12/2025,60.90000153,61.20000076,54.70000076,45.29999924
01/12/2025,60.90000153,61.40000153,54.70000076,45.29999924
01/12/2025,60.79999924,61.40000153,54.79999924,45.40000153
01/12/2025,60.70000076,61.5,54.79999924,45.40000153
01/12/2025,60.70000076,61.59999847,54.79999924,45.40000153
01/12/2025,60.59999847,61.70000076,54.79999924,45.40000153
01/12/2025,60.59999847,61.79999924,54.90000153,45.5
01/12/2025,60.70000076,61.90000153,55,45.5
01/12/2025,60.70000076,62,54.90000153,45.5
01/12/2025,60.70000076,62,55,45.5
01/12/2025,60.70000076,62.09999847,54.90000153,45.5
01/12/2025,60.59999847,62.09999847,55,45.59999847
01/12/2025,60.5,62.29999924,54.90000153,45.70000076
01/12/2025,60.5,62.29999924,55,45.70000076
01/12/2025,60.59999847,62.40000153,54.90000153,45.70000076
01/12/2025,60.59999847,62.5,55,45.70000076
01/12/2025,60.59999847,62.59999847,55,45.70000076
01/12/2025,60.5,62.5,55,45.79999924
01/12/2025,59.09999847,62.70000076,55,45.90000153
01/12/2025,57.20000076,62.70000076,54.90000153,45.90000153
01/12/2025,56.29999924,62.70000076,55.09999847,45.90000153
01/12/2025,55.59999847,62.79999924,55.09999847,46
01/12/2025,55.09999847,62.90000153,55.20000076,46
01/12/2025,54.5,62.90000153,55.20000076,46
01/12/2025,53.90000153,62.90000153,55.29999924,46.09999847
01/12/2025,53.20000076,62.90000153,55.29999924,46.09999847
01/12/2025,52.59999847,62.90000153,55.40000153,46.09999847
01/12/2025,52.09999847,62.90000153,55.40000153,46.09999847
01/12/2025,51.79999924,62.90000153,55.40000153,46.09999847
01/12/2025,51.70000076,63,55.5,46.20000076
01/12/2025,51.59999847,63.09999847,55.5,46.29999924
01/12/2025,51.5,63.09999847,55.59999847,46.29999924
01/12/2025,51.40000153,63.09999847,55.59999847,46.29999924
01/12/2025,50.40000153,63.09999847,55.59999847,46.40000153
01/12/2025,47.20000076,63.09999847,55.59999847,46.40000153
01/12/2025,44.79999924,63.09999847,55.59999847,46.40000153
01/12/2025,44.09999847,63.09999847,55.70000076,46.40000153
01/12/2025,43.70000076,63.20000076,55.79999924,46.5
01/12/2025,43.70000076,63.20000076,55.79999924,46.5
01/12/2025,43.70000076,63.29999924,55.70000076,46.5
01/12/2025,43.79999924,63.20000076,55.70000076,46.5
01/12/2025,43.79999924,63.20000076,55.79999924,46.5
01/12/2025,43.79999924,63.29999924,55.79999924,46.59999847
01/12/2025,43.79999924,63.29999924,55.79999924,46.59999847
01/12/2025,43.90000153,63.29999924,56,46.70000076
01/12/2025,43.90000153,63.29999924,56,46.79999924
01/12/2025,44,63.29999924,56,46.70000076
01/12/2025,44,63.29999924,56,46.79999924
01/12/2025,43.90000153,63.40000153,56,46.90000153
01/12/2025,50,63.40000153,56,46.90000153
01/12/2025,49.59999847,63.40000153,56,46.90000153
01/12/2025,49.90000153,63.5,56,46.90000153
01/12/2025,49.40000153,63.5,56,46.90000153
01/12/2025,50.40000153,63.5,56,47
01/12/2025,52.79999924,63.5,56,47
01/12/2025,51.70000076,63.5,56,47
01/12/2025,51.5,63.59999847,56,47
01/12/2025,51.40000153,63.5,56,47
01/12/2025,50.70000076,63.5,56,47
01/12/2025,48.20000076,63.5,56,47.09999847
01/12/2025,46.29999924,63.59999847,56,47.09999847
01/12/2025,46.40000153,63.59999847,56,47.09999847
01/12/2025,46.90000153,63.79999924,56,47.09999847
01/12/2025,46.59999847,63.70000076,56,47.09999847
01/12/2025,46.20000076,63.70000076,56.09999847,47.09999847
01/12/2025,45.29999924,63.79999924,56.09999847,47.09999847
01/12/2025,44.79999924,63.79999924,56,47.09999847
01/12/2025,44.29999924,63.79999924,56,47.20000076
01/12/2025,43.90000153,63.79999924,56.09999847,47.20000076
01/12/2025,43.70000076,63.79999924,56.09999847,47.20000076
01/12/2025,43.29999924,63.79999924,56.09999847,47.29999924
01/12/2025,43.29999924,63.79999924,56.09999847,47.29999924
01/12/2025,44.5,63.79999924,56,47.20000076
01/12/2025,44.40000153,63.90000153,56.09999847,47.29999924
01/12/2025,44.09999847,63.90000153,56.20000076,47.20000076
01/12/2025,44.09999847,64,56.09999847,47.40000153
01/12/2025,44,64,56.09999847,47.40000153
01/12/2025,43.90000153,64,56.20000076,47.40000153
01/12/2025,43.90000153,64,56.20000076,47.40000153
01/12/2025,43.90000153,64.09999847,56.09999847,47.40000153
01/12/2025,43.90000153,64,56.09999847,47.5
01/12/2025,44.09999847,64,56.09999847,47.40000153
01/12/2025,44.09999847,64.09999847,56.20000076,47.5
01/12/2025,81.40000153,64.09999847,56.20000076,47.40000153
01/12/2025,79,64.19999695,56.09999847,47.40000153
01/12/2025,76.80000305,64.09999847,56,47.40000153
01/12/2025,75.09999847,64.19999695,56,47.20000076
01/12/2025,74,64.09999847,56,47.20000076
01/12/2025,73.19999695,64.19999695,55.90000153,47.09999847
01/12/2025,72.19999695,64.19999695,56,47
01/12/2025,71.40000153,64.19999695,55.79999924,47.09999847
01/12/2025,70,64.19999695,55.90000153,47
01/12/2025,46.09999847,64.19999695,55.90000153,47
01/12/2025,46.09999847,64.19999695,55.90000153,46.90000153
01/12/2025,45.90000153,64.19999695,55.79999924,46.90000153
01/12/2025,45.5,64.19999695,55.90000153,46.90000153
01/12/2025,44.90000153,64.30000305,55.90000153,46.79999924
01/12/2025,43.90000153,64.19999695,55.79999924,46.70000076
01/12/2025,42.70000076,64.19999695,55.79999924,46.70000076
01/12/2025,41.70000076,64.30000305,55.79999924,46.59999847
01/12/2025,41.09999847,64.30000305,55.79999924,46.5
01/12/2025,40.5,64.30000305,55.79999924,46.5
01/12/2025,40,64.19999695,55.79999924,46.40000153
01/12/2025,36.40000153,64.19999695,55.79999924,46.29999924
01/12/2025,35.79999924,64.30000305,55.79999924,46.40000153
01/12/2025,40.09999847,64.30000305,55.70000076,46.20000076
01/12/2025,50.40000153,64.19999695,55.79999924,46.20000076
01/12/2025,46.29999924,64.30000305,55.59999847,46.20000076
01/12/2025,55.29999924,64.19999695,55.59999847,46.09999847
01/12/2025,152.1999969,64.19999695,55.59999847,46.09999847
01/12/2025,98.40000153,64.19999695,55.5,46.09999847
01/12/2025,101,64.30000305,55.59999847,46
01/12/2025,99,64.30000305,55.40000153,46
01/12/2025,94.90000153,64.19999695,55.40000153,45.90000153
01/12/2025,98.30000305,64.19999695,55.40000153,45.90000153
01/12/2025,114.3000031,64.30000305,55.40000153,45.90000153
01/12/2025,128.6000061,64.30000305,55.40000153,45.79999924
01/12/2025,141.8000031,64.19999695,55.29999924,45.79999924
01/12/2025,152.6999969,64.30000305,55.29999924,45.70000076
01/12/2025,189.5,64.30000305,55.20000076,45.70000076
01/12/2025,206.3000031,64.30000305,55.20000076,45.70000076
01/12/2025,206.3000031,64.30000305,55.09999847,45.59999847
01/12/2025,201.6000061,64.30000305,55.09999847,45.59999847
01/12/2025,186.8000031,64.30000305,55.09999847,45.5
01/12/2025,176.1999969,64.30000305,55.09999847,45.5
01/12/2025,172.6999969,64.30000305,55,45.5
01/12/2025,167.1000061,64.30000305,55,45.5
01/12/2025,158.6000061,64.30000305,54.90000153,45.40000153
01/12/2025,142.8999939,64.30000305,54.90000153,45.40000153
01/12/2025,138.8999939,64.30000305,54.90000153,45.29999924
01/12/2025,134.3000031,64.30000305,54.70000076,45.29999924
01/12/2025,131.5,64.30000305,54.70000076,45.20000076
01/12/2025,129.6000061,64.30000305,54.70000076,45.20000076
01/12/2025,127.1999969,64.40000153,54.70000076,45.20000076
01/12/2025,124.6999969,64.30000305,54.70000076,45.09999847
01/12/2025,123.5999985,64.40000153,54.59999847,45.09999847
01/12/2025,121.9000015,64.40000153,54.59999847,45.09999847
01/12/2025,120.8000031,64.40000153,54.5,45
01/12/2025,120.6999969,64.40000153,54.5,45
01/12/2025,119.8000031,64.30000305,54.5,44.90000153
01/12/2025,119.6999969,64.40000153,54.5,44.90000153
01/12/2025,120,64.30000305,54.40000153,45
01/12/2025,119.8000031,64.40000153,54.29999924,44.90000153
01/12/2025,120,64.40000153,54.29999924,44.79999924
01/12/2025,120.0999985,64.40000153,54.29999924,44.79999924
01/12/2025,119.8000031,64.5,54.20000076,44.70000076
01/12/2025,118.9000015,64.40000153,54.09999847,44.70000076
01/12/2025,117.8000031,64.40000153,54.09999847,44.70000076
01/12/2025,117.5999985,64.40000153,54.09999847,44.59999847
01/12/2025,117.8000031,64.40000153,53.90000153,44.59999847
01/12/2025,117.5999985,64.5,53.90000153,44.59999847
01/12/2025,117.0999985,64.40000153,53.90000153,44.5
01/12/2025,117.0999985,64.40000153,53.79999924,44.5
01/12/2025,117.4000015,64.40000153,53.79999924,44.40000153
01/12/2025,117,64.40000153,53.79999924,44.5
01/12/2025,116.9000015,64.40000153,53.79999924,44.40000153
01/12/2025,116.1999969,64.40000153,53.70000076,44.40000153
01/12/2025,116.8000031,64.40000153,53.70000076,44.29999924
01/12/2025,116.5999985,64.40000153,53.59999847,44.29999924
01/12/2025,116.5,64.40000153,53.59999847,44.20000076
01/12/2025,115.4000015,64.40000153,53.59999847,44.20000076
01/12/2025,115.9000015,64.40000153,53.59999847,44.20000076
01/12/2025,116.6999969,64.40000153,53.59999847,44.20000076
01/12/2025,116.6999969,64.40000153,53.5,44.20000076
01/12/2025,116.6999969,64.30000305,53.5,44.09999847
01/12/2025,116.6999969,64.30000305,53.40000153,44.09999847
01/12/2025,116.6999969,64.40000153,53.40000153,44.09999847
01/12/2025,117.6999969,64.40000153,53.40000153,44.09999847
01/12/2025,118.6999969,64.40000153,53.29999924,44.09999847
01/12/2025,116.9000015,64.30000305,53.29999924,44.09999847
01/12/2025,116.5999985,64.40000153,53.29999924,44.09999847
01/12/2025,116.6999969,64.40000153,53.20000076,44
01/12/2025,116.1999969,64.40000153,53.20000076,44
01/12/2025,115.1999969,64.30000305,53.20000076,44
01/12/2025,114.6999969,64.40000153,53.20000076,44
01/12/2025,115.0999985,64.40000153,53.20000076,43.90000153
01/12/2025,113.1999969,64.40000153,53.20000076,43.79999924
01/12/2025,112.9000015,64.40000153,53.09999847,43.90000153
01/12/2025,113.0999985,64.40000153,53.09999847,43.79999924
01/12/2025,113.1999969,64.40000153,53,43.70000076
01/12/2025,114.8000031,64.40000153,53,43.70000076
01/12/2025,113.4000015,64.30000305,52.90000153,43.70000076
01/12/2025,113.5,64.30000305,52.90000153,43.70000076
01/12/2025,112.9000015,64.30000305,53,43.90000153
01/12/2025,112.8000031,64.30000305,52.90000153,44.59999847
01/12/2025,112.4000015,64.19999695,53,45.20000076
01/12/2025,112.4000015,64.09999847,53,45.79999924
01/12/2025,111.9000015,64.19999695,53.29999924,46.59999847
01/12/2025,111.8000031,64.19999695,53.40000153,47.70000076
01/12/2025,111.5999985,64.09999847,53.20000076,49.29999924
01/12/2025,111.6999969,64.09999847,53.09999847,51.29999924
01/12/2025,111.3000031,64.09999847,53,54.40000153
01/12/2025,112,64.09999847,52.79999924,56.09999847
01/12/2025,112.1999969,64.09999847,52.70000076,57.29999924
01/12/2025,112.8000031,64,52.59999847,57.59999847
01/12/2025,112.5999985,64,52.59999847,57.09999847
01/12/2025,112.4000015,64,52.5,56.29999924
01/12/2025,112.8000031,63.90000153,52.29999924,55.5
01/12/2025,112.4000015,63.79999924,52.20000076,54.90000153
01/12/2025,111.8000031,63.5,52,54.29999924
01/12/2025,111.5,63.20000076,52,53.59999847
01/12/2025,111.6999969,62.90000153,51.70000076,53
01/12/2025,110.5999985,62.90000153,51.70000076,52.40000153
01/12/2025,111.1999969,62.70000076,51.5,51.90000153
01/12/2025,111.4000015,62.59999847,51.40000153,51.29999924
01/12/2025,111.5,62.40000153,51.29999924,51
01/12/2025,112.0999985,62.20000076,51.20000076,50.79999924
01/12/2025,111.1999969,62.09999847,51.09999847,50.5
01/12/2025,110.9000015,62,51.09999847,50.5
01/12/2025,111.6999969,62,51,50.29999924
01/12/2025,112,61.70000076,51,50.09999847
01/12/2025,111.8000031,61.59999847,50.90000153,50
01/12/2025,112.4000015,61.59999847,50.79999924,50
01/12/2025,113.3000031,61.5,50.79999924,50
01/12/2025,112.9000015,61.40000153,50.79999924,49.79999924
01/12/2025,112.5999985,61.40000153,50.79999924,49.79999924
01/12/2025,112.8000031,61.20000076,50.70000076,49.79999924
01/12/2025,112.8000031,61,50.79999924,49.70000076
01/12/2025,115,61,50.59999847,49.70000076
01/12/2025,114.4000015,60.90000153,50.59999847,49.59999847
01/12/2025,112.9000015,60.90000153,50.59999847,49.5
01/12/2025,113.9000015,60.79999924,50.59999847,49.5
01/12/2025,107.9000015,60.59999847,50.59999847,49.40000153
01/12/2025,108.8000031,60.59999847,50.5,49.40000153
01/12/2025,107.9000015,60.5,50.59999847,49.29999924
01/12/2025,106.5999985,60.5,50.5,49.29999924
01/12/2025,107,60.5,50.5,49.29999924
01/12/2025,106.1999969,60.5,50.5,49.20000076
01/12/2025,106.5,60.40000153,50.5,49.09999847
01/12/2025,106.0999985,60.29999924,50.40000153,49.09999847
01/12/2025,104.5999985,60.29999924,50.5,49.09999847
01/12/2025,105,60.29999924,50.40000153,49
01/12/2025,104.6999969,60.29999924,50.40000153,49
01/12/2025,105,60.29999924,50.40000153,49
01/12/2025,105.8000031,60.29999924,50.40000153,48.90000153
01/12/2025,106.5,60.20000076,50.40000153,48.90000153
01/12/2025,106.3000031,60.20000076,50.40000153,48.90000153
01/12/2025,105.9000015,60.09999847,50.40000153,48.90000153
01/12/2025,104.9000015,60.09999847,50.29999924,48.90000153
01/12/2025,103.5999985,60.09999847,50.29999924,48.90000153
01/12/2025,100.5999985,60.09999847,50.29999924,48.90000153
01/12/2025,99.80000305,60,50.29999924,48.90000153
01/12/2025,97.5,60,50.20000076,48.90000153
01/12/2025,96.5,60,50.20000076,48.90000153
01/12/2025,95.80000305,60,50.20000076,48.90000153
01/12/2025,95.59999847,60,50.09999847,48.90000153
01/12/2025,94.30000305,60.09999847,50.09999847,48.90000153
01/12/2025,93.30000305,59.90000153,50,48.90000153
01/12/2025,93,59.90000153,50,48.90000153
01/12/2025,92.69999695,59.90000153,50,48.90000153
01/12/2025,92.80000305,59.90000153,49.79999924,48.90000153
01/12/2025,92.30000305,60,49.79999924,48.90000153
01/12/2025,90.5,59.90000153,49.79999924,48.90000153
01/12/2025,90.5,59.79999924,49.70000076,48.90000153
01/12/2025,89.5,59.90000153,49.79999924,48.90000153
01/12/2025,88.30000305,59.79999924,49.70000076,48.90000153
01/12/2025,87.19999695,59.59999847,49.70000076,49
01/12/2025,85.69999695,59.59999847,49.59999847,49.09999847
01/12/2025,85.69999695,59.5,49.5,49.29999924
01/12/2025,84.5,59.5,49.59999847,49.5
01/12/2025,83.59999847,59.59999847,49.5,49.5
01/12/2025,83.09999847,59.5,49.5,49.59999847
01/12/2025,82.59999847,59.29999924,49.5,49.59999847
01/12/2025,81.59999847,59.20000076,49.59999847,49.70000076
01/12/2025,80.80000305,59,49.59999847,49.59999847
01/12/2025,79.09999847,59.09999847,49.5,49.59999847
01/12/2025,77.09999847,58.90000153,49.5,49.5
01/12/2025,75.80000305,59,49.5,49.40000153
01/12/2025,74,59.09999847,49.5,49.29999924
01/12/2025,73.09999847,59.09999847,49.5,49.40000153
01/12/2025,72.09999847,59.20000076,49.5,49.40000153
01/12/2025,70.90000153,59.09999847,49.5,49.5
01/12/2025,70.30000305,59.20000076,49.5,49.5
01/12/2025,69.59999847,59.29999924,49.5,49.40000153
01/12/2025,69.30000305,59.29999924,49.40000153,49.29999924
01/12/2025,69.19999695,59.29999924,49.40000153,49.29999924
01/12/2025,69.09999847,59.5,49.5,49.29999924
01/12/2025,69.19999695,59.29999924,49.40000153,49.29999924
01/12/2025,69.19999695,59.29999924,49.40000153,49.29999924
01/12/2025,69.09999847,59.5,49.40000153,49.40000153
01/12/2025,69.09999847,59.5,49.40000153,49.40000153
01/12/2025,69,59.5,49.40000153,49.5
01/12/2025,68.90000153,59.5,49.40000153,49.40000153
01/12/2025,68.90000153,59.59999847,49.20000076,49.5
01/12/2025,68.19999695,59.5,48.09999847,49.40000153
01/12/2025,67.80000305,59.70000076,47.09999847,49.29999924
01/12/2025,67.19999695,59.79999924,46.09999847,49.40000153
01/12/2025,67.09999847,59.90000153,45.20000076,49.40000153
01/12/2025,67,59.90000153,44.09999847,49.40000153
01/12/2025,67,59.70000076,43.09999847,49.5
01/12/2025,67,59.79999924,42.20000076,49.40000153
01/12/2025,66.80000305,59.79999924,41.40000153,49.40000153
01/12/2025,66.59999847,59.79999924,40.59999847,49.5
01/12/2025,66.40000153,59.90000153,40,49.5
01/12/2025,66,59.79999924,39.59999847,49.5
01/12/2025,65.90000153,59.79999924,39.09999847,49.5
01/12/2025,65.80000305,59.79999924,38.59999847,49.5
01/12/2025,65.80000305,59.90000153,38.29999924,49.40000153
01/12/2025,65.80000305,59.79999924,38,49.29999924
01/12/2025,65.80000305,60,37.70000076,49.29999924
01/12/2025,65.80000305,59.90000153,37.5,49.29999924
01/12/2025,65.59999847,59.79999924,37.09999847,49.40000153
01/12/2025,65.59999847,59.90000153,37,49.29999924
01/12/2025,65.40000153,59.90000153,36.79999924,49.29999924
01/12/2025,65.30000305,59.90000153,36.59999847,49.29999924
01/12/2025,65.30000305,60,36.5,49.29999924
01/12/2025,65.30000305,59.90000153,36.40000153,49.20000076
01/12/2025,65.09999847,59.90000153,36.20000076,49.20000076
01/12/2025,65.09999847,59.90000153,36,49.20000076
01/12/2025,64.80000305,59.90000153,36,49.20000076
01/12/2025,64.59999847,60,35.79999924,49.09999847
01/12/2025,64.59999847,60,35.59999847,49
01/12/2025,64.40000153,59.90000153,35.5,49
01/12/2025,64.30000305,59.79999924,35.40000153,49
01/12/2025,64.59999847,59.90000153,35.29999924,49
01/12/2025,63.90000153,59.90000153,35.09999847,49
01/12/2025,64.19999695,59.90000153,35.09999847,49
01/12/2025,63.70000076,59.90000153,35,48.90000153
01/12/2025,63.79999924,59.79999924,34.90000153,48.90000153
01/12/2025,63.59999847,59.79999924,34.79999924,48.90000153
01/12/2025,63.20000076,59.79999924,34.59999847,48.90000153
01/12/2025,48.40000153,59.79999924,34.5,48.90000153
01/12/2025,34.59999847,59.90000153,34.5,48.90000153
01/12/2025,33.79999924,59.79999924,34.40000153,48.90000153
01/12/2025,30.70000076,59.70000076,34.29999924,48.79999924
01/12/2025,30.5,59.79999924,34.20000076,48.79999924
01/12/2025,29.60000038,59.79999924,34.20000076,48.70000076
01/12/2025,28.39999962,60,34,48.70000076
01/12/2025,27.39999962,60,34,48.70000076
01/12/2025,27,60,33.79999924,48.70000076
01/12/2025,27,60,33.79999924,48.70000076
01/12/2025,26.5,60,33.70000076,48.5
01/12/2025,26.60000038,60,33.59999847,48.5
01/12/2025,26.10000038,60,33.59999847,48.5
01/12/2025,26,59.90000153,33.59999847,48.5
01/12/2025,25.89999962,59.90000153,33.5,48.5
01/12/2025,25.79999924,59.79999924,33.40000153,48.5
01/12/2025,25.89999962,59.79999924,33.40000153,48.5
01/12/2025,25.79999924,59.90000153,33.40000153,48.40000153
01/12/2025,25.79999924,60,33.20000076,48.40000153
01/12/2025,25.89999962,59.90000153,33.20000076,48.40000153
01/12/2025,25.89999962,59.90000153,33.09999847,48.29999924
01/12/2025,25.79999924,59.90000153,33,48.29999924
01/12/2025,25.89999962,59.79999924,32.90000153,48.29999924
01/12/2025,25.79999924,59.90000153,32.79999924,48.29999924
01/12/2025,25.89999962,60.09999847,32.90000153,48.20000076
01/12/2025,25.79999924,59.90000153,32.79999924,48.29999924
01/12/2025,25.79999924,59.90000153,32.70000076,48.20000076
01/12/2025,25.89999962,59.90000153,32.70000076,48.29999924
01/12/2025,25.79999924,59.90000153,32.59999847,48.20000076
01/12/2025,25.79999924,60.09999847,32.59999847,48.29999924
01/12/2025,25.89999962,60.09999847,32.40000153,48.20000076
01/12/2025,25.79999924,60,32.40000153,48.29999924
01/12/2025,25.79999924,60,32.29999924,48.29999924
01/12/2025,25.79999924,59.90000153,32.29999924,48.20000076
01/12/2025,25.70000076,59.90000153,32.20000076,48.20000076
01/12/2025,25.60000038,60.09999847,32.09999847,48.09999847
01/12/2025,25.60000038,60,32.09999847,48.20000076
01/12/2025,25.60000038,60,32,48.20000076
01/12/2025,25.60000038,60,32,48.20000076
01/12/2025,25.60000038,60,31.89999962,48.09999847
01/12/2025,25.60000038,60.09999847,31.79999924,48.09999847
01/12/2025,25.60000038,60.09999847,31.70000076,48.09999847
01/12/2025,25.60000038,60.09999847,31.70000076,48
01/12/2025,25.5,60,31.5,48
01/12/2025,25.5,59.90000153,31.5,48
01/12/2025,25.5,60,31.5,48
01/12/2025,25.5,60,31.5,48
01/12/2025,25.39999962,60.09999847,32.5,48
01/12/2025,25.39999962,59.90000153,49.29999924,48
01/12/2025,25.39999962,59.90000153,51.29999924,48
01/12/2025,25.39999962,59.90000153,50.59999847,48
01/12/2025,25.39999962,59.90000153,49.70000076,47.90000153
01/12/2025,25.39999962,59.90000153,48.90000153,47.90000153
01/12/2025,25.39999962,60,48,47.90000153
01/12/2025,25.39999962,59.79999924,47.20000076,47.90000153
01/12/2025,25.39999962,59.79999924,46.5,47.90000153
01/12/2025,25.39999962,59.79999924,45.79999924,47.79999924
01/12/2025,25.29999924,59.90000153,45.20000076,47.79999924
01/12/2025,25.39999962,60,44.5,47.79999924
01/12/2025,25.39999962,59.79999924,43.90000153,47.79999924
01/12/2025,25.39999962,59.90000153,43.40000153,47.79999924
01/12/2025,25.5,59.79999924,42.79999924,47.70000076
01/12/2025,25.5,59.90000153,42.29999924,47.79999924
01/12/2025,25.5,59.90000153,41.79999924,47.79999924
01/12/2025,25.5,60.09999847,41.40000153,47.79999924
01/12/2025,25.60000038,60,40.90000153,47.79999924
01/12/2025,25.60000038,60,40.40000153,47.70000076
01/12/2025,25.60000038,60,40.09999847,47.59999847
01/12/2025,25.5,59.90000153,39.70000076,47.59999847
01/12/2025,25.5,60,39.40000153,47.59999847
01/12/2025,25.60000038,60.09999847,39,47.59999847
01/12/2025,25.60000038,59.90000153,38.59999847,47.59999847
01/12/2025,25.60000038,59.90000153,38.59999847,47.59999847
01/12/2025,25.60000038,59.90000153,38.09999847,47.59999847
01/12/2025,25.60000038,59.90000153,37.79999924,47.59999847
01/12/2025,25.70000076,59.90000153,37.29999924,47.5
01/12/2025,25.60000038,59.90000153,37,47.59999847
01/12/2025,25.79999924,59.79999924,36.70000076,47.59999847
01/12/2025,25.60000038,59.90000153,36.40000153,47.59999847
01/12/2025,25.70000076,59.90000153,36,47.59999847
01/12/2025,25.70000076,59.90000153,35.59999847,47.59999847
01/12/2025,25.60000038,59.90000153,35.40000153,47.59999847
01/12/2025,25.79999924,60,35,47.59999847
01/12/2025,25.70000076,59.90000153,34.79999924,47.59999847
01/12/2025,25.70000076,60,34.5,47.59999847
01/12/2025,25.70000076,60.09999847,34.20000076,47.59999847
01/12/2025,25.60000038,60.09999847,33.79999924,47.59999847
01/12/2025,25.60000038,60.20000076,33.59999847,47.59999847
01/12/2025,25.60000038,60.09999847,33.20000076,47.59999847
01/12/2025,25.60000038,60.09999847,32.90000153,47.59999847
01/12/2025,25.79999924,60.09999847,32.70000076,47.59999847
01/12/2025,25.60000038,60.09999847,32.29999924,47.59999847
01/12/2025,25.60000038,60.09999847,32,47.5
01/12/2025,25.60000038,60.20000076,31.70000076,47.5
01/12/2025,25.60000038,60.09999847,31.39999962,47.59999847
01/12/2025,25.60000038,60,31,47.5
01/12/2025,25.60000038,60.09999847,30.70000076,47.5
01/12/2025,25.5,60.09999847,30.39999962,47.40000153
01/12/2025,25.5,60.09999847,30.10000038,47.40000153
01/12/2025,25.5,60.09999847,29.70000076,47.40000153
01/12/2025,25.5,60.09999847,29.5,47.40000153
01/12/2025,25.5,60.09999847,29.29999924,47.40000153
01/12/2025,25.39999962,60.09999847,28.89999962,47.40000153
01/12/2025,25.20000076,60.09999847,28.70000076,47.40000153
01/12/2025,25.20000076,60.09999847,28.39999962,47.40000153
01/12/2025,24.89999962,60.09999847,28.29999924,47.40000153
01/12/2025,24.5,60.09999847,28,47.40000153
01/12/2025,23.89999962,60.09999847,27.79999924,47.40000153
01/12/2025,23.29999924,60.09999847,27.60000038,47.29999924
01/12/2025,23.10000038,60.09999847,27.39999962,47.40000153
01/12/2025,23.10000038,60.29999924,27.39999962,47.40000153
01/12/2025,23,60.29999924,27.20000076,47.5
01/12/2025,22.79999924,60.09999847,27.10000038,47.5
01/12/2025,22.89999962,60.20000076,27.10000038,47.40000153
01/12/2025,22.70000076,60.09999847,27,47.40000153
01/12/2025,22.70000076,60.09999847,26.89999962,47.40000153
01/12/2025,22.60000038,60.29999924,26.89999962,47.40000153
01/12/2025,22.39999962,60.29999924,26.79999924,47.40000153
01/12/2025,22.60000038,60.09999847,26.70000076,47.29999924
01/12/2025,22.70000076,60.20000076,26.70000076,47.40000153
01/12/2025,22.70000076,60.20000076,26.79999924,47.29999924
01/12/2025,22.79999924,60.20000076,26.70000076,47.29999924
01/12/2025,22.79999924,60.40000153,26.70000076,47.29999924
01/12/2025,22.79999924,60.29999924,26.79999924,47.20000076
01/12/2025,22.79999924,60.29999924,27.10000038,47.20000076
01/12/2025,22.79999924,60.29999924,28.89999962,47.20000076
01/12/2025,22.79999924,60.20000076,30.70000076,47.20000076
01/12/2025,22.79999924,60.29999924,37.79999924,47.20000076
01/12/2025,22.79999924,60.5,45.20000076,47.20000076
01/12/2025,22.70000076,60.40000153,51.20000076,47.09999847
01/12/2025,22.70000076,60.29999924,55.59999847,47.09999847
01/12/2025,22.70000076,60.20000076,58.09999847,47.09999847
01/12/2025,22.70000076,60.09999847,59,47.09999847
01/12/2025,22.79999924,60.29999924,59.70000076,47
01/12/2025,22.70000076,60.29999924,60.20000076,47
01/12/2025,22.79999924,60.09999847,60.5,47
01/12/2025,22.79999924,60.09999847,60.70000076,47
01/12/2025,22.79999924,60.09999847,60.90000153,47
01/12/2025,22.79999924,60.09999847,61,47
01/12/2025,22.79999924,60.20000076,61.20000076,47
01/12/2025,22.70000076,60.29999924,61.5,46.90000153
01/12/2025,22.60000038,60.09999847,61.59999847,47
01/12/2025,22.39999962,60.09999847,61.79999924,47
01/12/2025,21.29999924,60.09999847,61.90000153,47
01/12/2025,20.89999962,60.09999847,62,46.90000153
01/12/2025,20.79999924,60.40000153,62.09999847,46.90000153
01/12/2025,20.60000038,60.20000076,62.20000076,46.90000153
01/12/2025,20.70000076,60.09999847,62.40000153,46.90000153
01/12/2025,20.5,60.09999847,62.5,46.90000153
01/12/2025,20.5,60.09999847,62.70000076,46.90000153
01/12/2025,20.5,60.29999924,62.90000153,46.90000153
01/12/2025,20.5,60.5,63,46.90000153
01/12/2025,20.39999962,60.40000153,63.09999847,46.90000153
01/12/2025,20.39999962,60.20000076,63.29999924,46.90000153
01/12/2025,23.10000038,60.20000076,63.40000153,46.90000153
01/12/2025,21.79999924,60.20000076,63.59999847,46.90000153
01/12/2025,21.79999924,60.40000153,63.70000076,46.90000153
01/12/2025,21.70000076,60.59999847,63.90000153,46.79999924
01/12/2025,21.60000038,60.40000153,64,46.90000153
01/12/2025,21.60000038,60.29999924,64.19999695,46.90000153
01/12/2025,21.60000038,60.29999924,64.30000305,46.90000153
01/12/2025,21.5,60.20000076,57.29999924,46.90000153
01/12/2025,21.60000038,60.5,54.5,46.79999924
01/12/2025,21.60000038,60.40000153,53,46.79999924
01/12/2025,21.5,60.09999847,52.29999924,46.90000153
01/12/2025,21.5,60.09999847,51.70000076,46.90000153
01/12/2025,21.5,60.09999847,51.29999924,46.79999924
01/12/2025,21.39999962,60.20000076,57.90000153,46.70000076
01/12/2025,21.5,60.5,58.79999924,46.70000076
01/12/2025,21.5,60.29999924,57.79999924,46.70000076
01/12/2025,21.39999962,60.29999924,57,46.70000076
01/12/2025,21.39999962,60.29999924,56.20000076,46.70000076
01/12/2025,21.39999962,60.29999924,55.20000076,46.70000076
01/12/2025,21.39999962,60.59999847,54.40000153,46.70000076
01/12/2025,21.39999962,60.90000153,53.59999847,46.70000076
01/12/2025,21.29999924,60.59999847,52.79999924,46.70000076
01/12/2025,21.29999924,60.29999924,52.29999924,46.70000076
01/12/2025,21.29999924,60.29999924,51.59999847,46.70000076
01/12/2025,21.29999924,60.40000153,50.90000153,46.59999847
01/12/2025,21.29999924,60.59999847,50.40000153,46.59999847
01/12/2025,21.29999924,60.79999924,49.79999924,46.59999847
01/12/2025,21.29999924,60.59999847,49.29999924,46.70000076
01/12/2025,21.29999924,60.40000153,48.59999847,46.59999847
01/12/2025,21.29999924,60.29999924,48.09999847,46.59999847
01/12/2025,21.29999924,60.40000153,47.59999847,46.59999847
01/12/2025,21.29999924,60.59999847,46.90000153,46.59999847
01/12/2025,21.29999924,61,46.5,46.5
01/12/2025,21.29999924,60.59999847,46,46.5
01/12/2025,21.29999924,60.5,45.40000153,46.5
01/12/2025,21.29999924,60.40000153,45,46.5
01/12/2025,21.29999924,60.29999924,44.5,46.5
01/12/2025,21.29999924,60.70000076,44,46.5
01/12/2025,21.29999924,60.90000153,43.59999847,46.5
01/12/2025,21.29999924,60.59999847,43.09999847,46.5
01/12/2025,21.29999924,60.5,42.70000076,46.5
01/12/2025,21.29999924,60.40000153,42.29999924,46.5
01/12/2025,21.29999924,60.29999924,41.79999924,46.40000153
01/12/2025,21.29999924,60.59999847,41.40000153,46.40000153
01/12/2025,21.29999924,60.79999924,41.09999847,46.29999924
01/12/2025,21.29999924,60.59999847,40.59999847,46.29999924
01/12/2025,21.29999924,60.5,40.20000076,46.40000153
01/12/2025,21.29999924,60.40000153,39.90000153,46.40000153
01/12/2025,21.29999924,60.40000153,39.59999847,46.29999924
01/12/2025,21.29999924,60.79999924,39.29999924,46.29999924
01/12/2025,21.29999924,60.70000076,39.09999847,46.29999924
01/12/2025,21.29999924,60.5,38.79999924,46.29999924
01/12/2025,21.29999924,60.5,38.59999847,46.29999924
01/12/2025,21.29999924,60.5,38.40000153,46.29999924
01/12/2025,21.29999924,60.59999847,38.29999924,46.29999924
01/12/2025,21.29999924,61.09999847,38.29999924,46.29999924
01/12/2025,21.29999924,60.79999924,38.09999847,46.29999924
01/12/2025,21.29999924,60.5,38,46.29999924
01/12/2025,21.29999924,60.5,38.09999847,46.29999924
01/12/2025,19.79999924,60.5,37.90000153,46.29999924
01/12/2025,19.79999924,60.59999847,37.90000153,46.29999924
01/12/2025,19.79999924,60.90000153,37.90000153,46.40000153
01/12/2025,19.79999924,60.59999847,37.90000153,46.29999924
01/12/2025,19.79999924,60.5,37.90000153,46.40000153
01/12/2025,19.79999924,60.29999924,37.90000153,46.29999924
01/12/2025,19.79999924,60.29999924,37.90000153,46.29999924
01/12/2025,19.79999924,60.70000076,38,46.40000153
01/12/2025,19.89999962,61,37.90000153,46.40000153
01/12/2025,19.89999962,60.70000076,38,46.40000153
01/12/2025,19.89999962,60.59999847,38.09999847,46.29999924
01/12/2025,19.79999924,60.5,38.09999847,46.29999924
01/12/2025,20,60.5,38.09999847,46.29999924
01/12/2025,20,61,38.09999847,46.29999924
01/12/2025,20,61.20000076,38.20000076,46.29999924
01/12/2025,20,60.90000153,38.20000076,46.29999924
01/12/2025,20,60.59999847,38.29999924,46.29999924
01/12/2025,20,60.5,38.20000076,46.29999924
01/12/2025,20,60.59999847,38.20000076,46.20000076
01/12/2025,20,60.90000153,38.09999847,46.29999924
01/12/2025,20,60.90000153,38.09999847,46.20000076
01/12/2025,20.20000076,60.59999847,37.90000153,46.29999924
01/12/2025,20.10000038,60.5,38,46.29999924
01/12/2025,20.10000038,60.29999924,37.79999924,46.20000076
01/12/2025,20.10000038,60.5,37.79999924,46.09999847
01/12/2025,20.10000038,60.90000153,37.70000076,46.09999847
01/12/2025,20.10000038,60.90000153,37.70000076,46.09999847
01/12/2025,20.10000038,60.59999847,37.70000076,46.09999847
01/12/2025,20.10000038,60.5,37.59999847,46.09999847
01/12/2025,20.20000076,60.29999924,37.5,46.09999847
01/12/2025,20.20000076,60.59999847,37.59999847,46.09999847
01/12/2025,20.20000076,61,37.5,46.09999847
01/12/2025,20.20000076,61,37.5,46.09999847
01/12/2025,20.20000076,60.70000076,37.5,46.09999847
01/12/2025,20.20000076,60.5,37.59999847,46.09999847
01/12/2025,20.20000076,60.29999924,37.59999847,46.09999847
01/12/2025,20.20000076,60.70000076,37.70000076,46.09999847
01/12/2025,20.20000076,61.09999847,37.59999847,46.09999847
01/12/2025,20.20000076,61,37.70000076,46.09999847
01/12/2025,20.20000076,60.59999847,37.70000076,46.09999847
01/12/2025,20.10000038,60.5,37.70000076,46.09999847
01/12/2025,20.20000076,60.5,37.79999924,46.09999847
01/12/2025,20.10000038,60.90000153,37.79999924,46
01/12/2025,20.20000076,61.20000076,37.79999924,46.09999847
01/12/2025,20.20000076,60.90000153,37.79999924,46.09999847
01/12/2025,20.20000076,60.59999847,37.90000153,46.09999847
01/12/2025,20.20000076,60.59999847,37.90000153,46.09999847
01/12/2025,21.5,60.59999847,38,46.09999847
01/12/2025,21.29999924,60.79999924,37.90000153,46.09999847
01/12/2025,21.79999924,61.20000076,37.90000153,46.09999847
01/12/2025,21.89999962,60.90000153,38.09999847,46.09999847
01/12/2025,21.89999962,60.70000076,38,46.09999847
01/12/2025,21.89999962,60.59999847,38.09999847,46.09999847
01/12/2025,21.89999962,60.70000076,38.09999847,46.09999847
01/12/2025,21.89999962,61,38.09999847,46.09999847
01/12/2025,21.79999924,61.40000153,38.09999847,46.09999847
01/12/2025,21.79999924,61.09999847,38.09999847,46.09999847
01/12/2025,21.79999924,60.79999924,38.29999924,46.09999847
01/12/2025,21.70000076,60.59999847,38.29999924,46.09999847
01/12/2025,21.70000076,60.90000153,38.29999924,46.09999847
01/12/2025,21.60000038,61.20000076,38.29999924,46.09999847
01/12/2025,21.60000038,61.29999924,38.29999924,46.09999847
01/12/2025,21.5,61,38.29999924,46.09999847
01/12/2025,21.60000038,60.70000076,38.29999924,46.09999847
01/12/2025,21.5,60.90000153,38.29999924,46
01/12/2025,21.5,61.40000153,38.40000153,46.09999847
01/12/2025,21.5,61.59999847,38.29999924,46
01/12/2025,21.5,61.40000153,38.40000153,46
01/12/2025,21.39999962,61.40000153,38.40000153,45.90000153
01/12/2025,21.39999962,61.20000076,38.40000153,45.90000153
01/12/2025,21.29999924,61.40000153,38.40000153,46
01/12/2025,21.29999924,61.5,38.40000153,46
01/12/2025,21.29999924,61.59999847,38.40000153,46
01/12/2025,21.20000076,61.59999847,38.40000153,45.90000153
01/12/2025,21.20000076,61.40000153,38.40000153,45.90000153
01/12/2025,21.20000076,61.40000153,38.40000153,45.90000153
01/12/2025,21.10000038,61.40000153,38.5,45.90000153
01/12/2025,21,61.59999847,38.5,45.90000153
01/12/2025,20.89999962,61.59999847,38.40000153,45.90000153
01/12/2025,20.89999962,61.09999847,38.5,45.90000153
01/12/2025,20.79999924,60.90000153,38.5,45.90000153
01/12/2025,20.70000076,61.09999847,38.59999847,45.90000153
01/12/2025,20.60000038,61.40000153,38.59999847,45.90000153
01/12/2025,20.5,61.59999847,38.59999847,45.90000153
01/12/2025,20.39999962,61.20000076,38.5,45.90000153
01/12/2025,20.39999962,61,38.59999847,45.90000153
01/12/2025,20.29999924,61.09999847,38.59999847,45.79999924
01/12/2025,20.20000076,61.40000153,38.59999847,45.90000153
01/12/2025,20.20000076,61.40000153,38.5,45.90000153
01/12/2025,20.10000038,61.20000076,38.59999847,45.90000153
01/12/2025,20,61,38.59999847,45.90000153
01/12/2025,20,61.09999847,38.59999847,45.90000153
01/12/2025,19.89999962,61.29999924,38.59999847,46
01/12/2025,19.79999924,61.59999847,38.59999847,46
01/12/2025,19.79999924,61.5,38.59999847,46
01/12/2025,19.79999924,61.40000153,38.59999847,46
01/12/2025,19.79999924,61.40000153,38.59999847,46
01/12/2025,19.60000038,61.40000153,38.59999847,45.90000153
01/12/2025,19.60000038,61.59999847,38.59999847,46
01/12/2025,19.60000038,61.70000076,38.70000076,46
01/12/2025,19.60000038,61.40000153,38.59999847,46
01/12/2025,19.5,61.09999847,38.59999847,46.09999847
01/12/2025,19.5,61.20000076,38.59999847,45.90000153
01/12/2025,19.5,61.5,38.59999847,46.09999847
01/12/2025,19.5,61.5,38.59999847,46.09999847
01/12/2025,19.39999962,61.40000153,38.59999847,46.09999847
01/12/2025,19.39999962,61.29999924,38.59999847,46.09999847
01/12/2025,19.39999962,61.40000153,38.59999847,46.09999847
01/12/2025,19.39999962,61.5,38.70000076,46.09999847
01/12/2025,19.29999924,61.59999847,38.79999924,46.09999847
01/12/2025,19.29999924,61.59999847,38.79999924,46.09999847
01/12/2025,19.39999962,61.40000153,39.09999847,46.09999847
01/12/2025,19.39999962,61.29999924,39.5,46.09999847
01/12/2025,19.20000076,61.40000153,39.79999924,46.09999847
01/12/2025,19.39999962,61.59999847,40,46.09999847
01/12/2025,19.29999924,61.59999847,40.20000076,46.09999847
01/12/2025,19.20000076,61.59999847,40.5,46.29999924
01/12/2025,19.20000076,61.5,40.90000153,46.29999924
01/12/2025,19.20000076,61.5,41.09999847,46.29999924
01/12/2025,19.20000076,61.70000076,41.40000153,46.29999924
01/12/2025,19.39999962,61.79999924,41.79999924,46.09999847
01/12/2025,23.39999962,61.59999847,42.29999924,46.29999924
01/12/2025,27.60000038,61.5,42.70000076,46.20000076
01/12/2025,31.60000038,61.40000153,43.20000076,46.20000076
01/12/2025,33,61.59999847,43.70000076,46.20000076
01/12/2025,34.70000076,61.79999924,44,46.20000076
01/12/2025,35.29999924,61.79999924,44.40000153,46.20000076
01/12/2025,35.5,61.70000076,44.40000153,46.29999924
01/12/2025,35.90000153,61.59999847,45,46.20000076
01/12/2025,36.70000076,61.79999924,45.5,46.20000076
01/12/2025,37.90000153,61.79999924,45.90000153,46.20000076
01/12/2025,39.20000076,61.79999924,46.29999924,46.29999924
01/12/2025,40.09999847,61.79999924,46.59999847,46.20000076
01/12/2025,40.90000153,61.70000076,46.70000076,46.20000076
01/12/2025,41.90000153,61.79999924,46.90000153,46.09999847
01/12/2025,43.09999847,61.79999924,47.40000153,46.09999847
01/12/2025,44.09999847,61.79999924,47.70000076,46.09999847
01/12/2025,44.70000076,61.59999847,48,46.20000076
01/12/2025,46,61.40000153,48.40000153,46.20000076
01/12/2025,47.29999924,61.40000153,48.70000076,46.20000076
01/12/2025,47.90000153,61.59999847,48.70000076,46.20000076
01/12/2025,48.29999924,61.79999924,48.90000153,46.20000076
01/12/2025,48.20000076,61.79999924,49.09999847,46.09999847
01/12/2025,48.29999924,61.59999847,50.20000076,46.20000076
01/12/2025,48.40000153,61.59999847,50.59999847,46.20000076
01/12/2025,48.5,61.59999847,51,46.29999924
01/12/2025,48.5,61.79999924,51.09999847,46.29999924
01/12/2025,48.5,61.79999924,51.40000153,46.20000076
01/12/2025,48.5,61.70000076,51.79999924,46.20000076
01/12/2025,48.70000076,61.59999847,52.09999847,46.29999924
01/12/2025,49.09999847,61.59999847,52.59999847,46.29999924
01/12/2025,49.5,61.79999924,52.70000076,46.29999924
01/12/2025,49.90000153,61.90000153,52.79999924,46.29999924
01/12/2025,50.29999924,61.79999924,53,46.29999924
01/12/2025,50.59999847,61.79999924,53.29999924,46.29999924
01/12/2025,51,61.59999847,53.29999924,46.29999924
01/12/2025,51,61.70000076,53.5,46.29999924
01/12/2025,51,61.79999924,53.70000076,46.29999924
01/12/2025,51.09999847,61.79999924,54.09999847,46.29999924
01/12/2025,51.09999847,61.70000076,54.40000153,46.29999924
01/12/2025,51.09999847,61.79999924,54.70000076,46.40000153
01/12/2025,51,61.59999847,55,46.40000153
01/12/2025,51,61.70000076,55.20000076,46.40000153
01/12/2025,51,61.79999924,55.59999847,46.29999924
01/12/2025,50.79999924,61.90000153,55.79999924,46.40000153
01/12/2025,50.70000076,61.79999924,56.09999847,46.29999924
01/12/2025,50.59999847,61.59999847,56.40000153,46.40000153
01/12/2025,50.5,61.70000076,56.59999847,46.40000153
01/12/2025,50.29999924,61.79999924,56.79999924,46.40000153
01/12/2025,50.29999924,61.79999924,57.09999847,46.40000153
01/12/2025,50.40000153,61.79999924,57.29999924,46.40000153
01/12/2025,50.29999924,61.79999924,57.5,46.29999924
01/12/2025,50.20000076,61.70000076,57.70000076,46.29999924
01/12/2025,50.20000076,61.79999924,57.90000153,46.40000153
01/12/2025,50.09999847,62,58.09999847,46.40000153
01/12/2025,50.20000076,61.90000153,58.09999847,46.29999924
01/12/2025,50.5,61.79999924,58.09999847,46.29999924
01/12/2025,50.79999924,61.59999847,58.20000076,46.40000153
01/12/2025,51.09999847,61.59999847,57.79999924,46.40000153
01/12/2025,51.5,61.79999924,58.09999847,46.29999924
01/12/2025,51.5,61.79999924,58.40000153,46.40000153
01/12/2025,51.70000076,61.79999924,58.59999847,46.40000153
01/12/2025,51.70000076,61.70000076,58.40000153,46.40000153
01/12/2025,51.59999847,61.59999847,58.40000153,46.40000153
01/12/2025,51.70000076,61.79999924,58.09999847,46.40000153
01/12/2025,51.70000076,61.79999924,58.29999924,46.40000153
01/12/2025,52.09999847,61.79999924,58.40000153,46.40000153
01/12/2025,52.70000076,61.59999847,59.09999847,46.5
01/12/2025,54.40000153,61.59999847,59.70000076,46.40000153
01/12/2025,55.40000153,61.70000076,60.09999847,46.5
01/12/2025,55.59999847,61.79999924,60.29999924,46.40000153
01/12/2025,55.5,61.90000153,60.5,46.40000153
01/12/2025,55.40000153,61.79999924,60.79999924,46.40000153
01/12/2025,55.79999924,61.79999924,61,46.40000153
01/12/2025,56.40000153,61.70000076,61.20000076,46.40000153
01/12/2025,57.09999847,61.90000153,61.40000153,46.40000153
01/12/2025,57.09999847,61.90000153,61.59999847,46.40000153
01/12/2025,58.09999847,61.79999924,61.79999924,46.40000153
01/12/2025,58.09999847,61.70000076,61.90000153,46.40000153
01/12/2025,57.79999924,61.59999847,61.90000153,46.40000153
01/12/2025,57.79999924,61.79999924,61.90000153,46.29999924
01/12/2025,57.90000153,61.79999924,62,46.40000153
01/12/2025,58.09999847,61.79999924,62,46.40000153
01/12/2025,58.40000153,61.79999924,62.20000076,46.40000153
01/12/2025,58.40000153,61.70000076,62.29999924,46.29999924
01/12/2025,58.29999924,61.59999847,62.29999924,46.40000153
01/12/2025,58.09999847,61.70000076,62.5,46.40000153
01/12/2025,58,61.79999924,62.5,46.40000153
01/12/2025,57.90000153,61.5,62.09999847,46.40000153
01/12/2025,57.79999924,61.40000153,61.40000153,46.40000153
01/12/2025,57.90000153,61,60.70000076,46.40000153
01/12/2025,58.09999847,60.90000153,59.90000153,46.29999924
01/12/2025,58.29999924,60.79999924,59.29999924,46.20000076
01/12/2025,59,60.70000076,58.79999924,46.20000076
01/12/2025,60.09999847,60.59999847,58.20000076,46.20000076
01/12/2025,61.09999847,60.59999847,57.90000153,46.09999847
01/12/2025,61.90000153,60.5,57.29999924,46.09999847
01/12/2025,62.59999847,60.5,57,45.90000153
01/12/2025,62.70000076,60.29999924,58.5,45.90000153
01/12/2025,62.40000153,60.20000076,59.09999847,45.90000153
01/12/2025,62.09999847,60.20000076,59.20000076,45.70000076
01/12/2025,61.5,60.09999847,58.79999924,45.70000076
01/12/2025,60.5,60.09999847,58.40000153,45.70000076
01/12/2025,59.59999847,60.09999847,57.90000153,45.59999847
01/12/2025,59.09999847,60.09999847,57.5,45.5
01/12/2025,58.90000153,59.90000153,57.09999847,45.5
01/12/2025,59.09999847,59.90000153,56.59999847,45.5
01/12/2025,59.40000153,59.79999924,56.40000153,45.40000153
01/12/2025,60.09999847,59.79999924,55.90000153,45.29999924
01/12/2025,61,59.79999924,55.59999847,45.29999924
01/12/2025,61.59999847,59.59999847,55.20000076,45.20000076
01/12/2025,61.79999924,59.59999847,54.90000153,45.20000076
01/12/2025,61.59999847,59.59999847,54.59999847,45.09999847
01/12/2025,61.59999847,59.5,54.29999924,45.09999847
01/12/2025,61.5,59.5,49.5,45
01/12/2025,61.40000153,59.5,45.79999924,45
01/12/2025,61.20000076,59.40000153,44.79999924,45
01/12/2025,61.20000076,59.40000153,44.09999847,44.79999924
01/12/2025,61.20000076,59.29999924,34.5,44.79999924
01/12/2025,61.20000076,59.29999924,33.90000153,44.79999924
01/12/2025,61.09999847,59.20000076,34.29999924,44.70000076
01/12/2025,61.20000076,59.09999847,34.70000076,44.70000076
01/12/2025,61,59.09999847,34.90000153,44.59999847
01/12/2025,61,59.09999847,35,44.59999847
01/12/2025,61,59,35.09999847,44.59999847
01/12/2025,61,59,35.09999847,44.5
01/12/2025,61,59,35,44.5
01/12/2025,61,58.79999924,35,44.40000153
01/12/2025,61,58.79999924,34.90000153,44.40000153
01/12/2025,60.90000153,58.70000076,34.90000153,44.29999924
01/12/2025,60.90000153,58.70000076,34.79999924,44.20000076
01/12/2025,60.90000153,58.70000076,34.70000076,44.20000076
01/12/2025,60.79999924,58.59999847,34.5,44.20000076
01/12/2025,60.90000153,58.59999847,34.5,44.20000076
01/12/2025,60.90000153,58.59999847,34.40000153,44.09999847
01/12/2025,60.70000076,58.5,34.29999924,44.09999847
01/12/2025,60.70000076,58.40000153,34.20000076,44
01/12/2025,60.70000076,58.29999924,34.20000076,44.09999847
01/12/2025,60.70000076,58.20000076,34.20000076,44
01/12/2025,60.70000076,58.20000076,34.09999847,44
01/12/2025,60.70000076,58.20000076,34,43.90000153
01/12/2025,60.70000076,58.09999847,34,43.90000153
01/12/2025,60.70000076,58.09999847,34,43.79999924
01/12/2025,60.70000076,58,34.20000076,43.70000076
01/12/2025,60.70000076,58,34.5,43.70000076
01/12/2025,60.70000076,58,34.79999924,43.70000076
01/12/2025,60.70000076,58,35.5,43.70000076
01/12/2025,60.70000076,57.90000153,36.59999847,43.70000076
01/12/2025,60.70000076,57.79999924,36.20000076,43.59999847
01/12/2025,60.70000076,57.79999924,35.5,43.5
01/12/2025,60.70000076,57.70000076,34.90000153,43.59999847
01/12/2025,60.70000076,57.70000076,34.5,43.5
01/12/2025,60.70000076,57.70000076,34.20000076,43.5
01/12/2025,60.70000076,57.70000076,33.90000153,43.5
01/12/2025,60.70000076,57.59999847,33.70000076,43.40000153
01/12/2025,60.70000076,57.5,33.59999847,43.40000153
01/12/2025,60.70000076,57.40000153,33.5,43.29999924
01/12/2025,60.70000076,57.5,33.40000153,43.29999924
01/12/2025,60.70000076,57.5,33.29999924,43.29999924
01/12/2025,60.79999924,57.29999924,33.59999847,43.29999924
01/12/2025,60.70000076,57.29999924,34,43.20000076
01/12/2025,60.70000076,57.20000076,34.5,43.20000076
01/12/2025,60.70000076,57.20000076,34.79999924,43.09999847
01/12/2025,60.90000153,57.20000076,34.70000076,43.09999847
01/12/2025,60.79999924,57.09999847,34.70000076,43.09999847
01/12/2025,60.90000153,57.09999847,34.79999924,43
01/12/2025,60.90000153,56.90000153,34.90000153,43
01/12/2025,60.90000153,56.90000153,35,43
01/12/2025,60.90000153,56.90000153,35.09999847,42.90000153
01/12/2025,60.90000153,56.90000153,35.09999847,42.90000153
01/12/2025,60.90000153,56.79999924,34.79999924,42.90000153
01/12/2025,60.90000153,56.79999924,34.40000153,42.90000153
01/12/2025,61,56.70000076,33.79999924,42.79999924
01/12/2025,60.90000153,56.70000076,33.40000153,42.79999924
01/12/2025,60.90000153,56.70000076,33,42.79999924
01/12/2025,61,56.5,32.70000076,42.70000076
01/12/2025,61,56.59999847,32.29999924,42.70000076
01/12/2025,61,56.5,32.09999847,42.70000076
01/12/2025,61,56.5,31.70000076,42.70000076
01/12/2025,61,56.5,30.79999924,42.70000076
01/12/2025,61,56.40000153,28.60000038,42.70000076
01/12/2025,60.90000153,56.70000076,26.70000076,43.70000076
01/12/2025,61,57,24.70000076,44.70000076
01/12/2025,60.90000153,57.20000076,23.29999924,45.5
01/12/2025,60.79999924,56.79999924,22,46.5
01/12/2025,60.70000076,56.5,20.89999962,48.5
01/12/2025,60.70000076,56.09999847,20,50.79999924
01/12/2025,60.70000076,55.90000153,19.10000038,52.40000153
01/12/2025,60.59999847,55.79999924,18.5,52.79999924
01/12/2025,60.59999847,55.90000153,17.89999962,52.59999847
01/12/2025,60.40000153,55.79999924,17.39999962,52.29999924
01/12/2025,60.5,55.40000153,17,51.90000153
01/12/2025,60.40000153,55.20000076,16.60000038,51.79999924
01/12/2025,60.29999924,55,16.29999924,51.90000153
01/12/2025,60.20000076,55,16,52
01/12/2025,60.09999847,55.29999924,15.69999981,52.09999847
01/12/2025,60.09999847,55.29999924,15.30000019,52.20000076
01/12/2025,59.90000153,55,15.19999981,52.29999924
01/12/2025,59.79999924,54.79999924,14.89999962,52.29999924
01/12/2025,59.79999924,54.70000076,14.69999981,52.20000076
01/12/2025,59.79999924,54.5,14.60000038,52.09999847
01/12/2025,59.70000076,54.59999847,14.39999962,51.90000153
01/12/2025,59.70000076,54.5,14.30000019,51.79999924
01/12/2025,59.70000076,54.5,14.19999981,51.70000076
01/12/2025,59.70000076,54.59999847,14,51.29999924
01/12/2025,59.59999847,54.59999847,13.89999962,51.20000076
01/12/2025,59.5,54.70000076,13.80000019,50.90000153
01/12/2025,59.29999924,54.79999924,13.80000019,50.59999847
01/12/2025,59.09999847,54.90000153,13.60000038,50.40000153
01/12/2025,58.90000153,55,13.60000038,50.09999847
01/12/2025,58.70000076,55.20000076,13.5,49.79999924
01/12/2025,58.5,55.29999924,13.39999962,49.70000076
01/12/2025,58.59999847,55.5,13.19999981,49.5
01/12/2025,58.70000076,55.79999924,13.10000038,49.40000153
01/12/2025,58.90000153,56,13.10000038,49.29999924
01/12/2025,59,56.09999847,12.89999962,49.20000076
01/12/2025,59.20000076,56.40000153,12.80000019,49.09999847
01/12/2025,59.40000153,56.70000076,12.89999962,48.90000153
01/12/2025,59.40000153,56.90000153,12.89999962,48.90000153
01/12/2025,59.40000153,57,13,48.70000076
01/12/2025,59.5,57.20000076,13.10000038,48.79999924
01/12/2025,59.40000153,57.40000153,13.10000038,48.70000076
01/12/2025,59.40000153,57.5,13.10000038,48.70000076
01/12/2025,59.29999924,57.70000076,13.10000038,48.5
01/12/2025,59.40000153,57.79999924,13.10000038,48.5
01/12/2025,59.20000076,57.79999924,13.10000038,48.5
01/12/2025,59.20000076,57.90000153,13,48.40000153
01/12/2025,59.09999847,58,13,48.29999924
01/12/2025,59,58.09999847,13,48.29999924
01/12/2025,59,58.29999924,12.89999962,48.20000076
01/12/2025,58.90000153,58.40000153,12.89999962,48.20000076
01/12/2025,59,58.5,12.80000019,48.09999847
01/12/2025,58.79999924,58.59999847,12.80000019,48.09999847
01/12/2025,58.79999924,58.59999847,12.69999981,48.09999847
01/12/2025,58.70000076,58.79999924,12.69999981,48
01/12/2025,58.70000076,59,12.69999981,48
01/12/2025,58.59999847,59,12.60000038,47.90000153
01/12/2025,58.59999847,58.79999924,12.60000038,47.90000153
01/12/2025,58.40000153,58.90000153,12.60000038,47.79999924
01/12/2025,58.40000153,59,12.60000038,47.70000076
01/12/2025,58.29999924,59.20000076,12.5,47.70000076
01/12/2025,58.20000076,59.20000076,12.5,47.59999847
01/12/2025,58.09999847,59.09999847,12.39999962,47.59999847
01/12/2025,58.09999847,59.20000076,12.39999962,47.59999847
01/12/2025,57.90000153,59.29999924,12.39999962,47.59999847
01/12/2025,57.79999924,59.29999924,12.39999962,47.5
01/12/2025,57.70000076,59.29999924,12.39999962,47.40000153
01/12/2025,57.5,59.29999924,12.30000019,47.40000153
01/12/2025,57.29999924,59.29999924,12.19999981,47.40000153
01/12/2025,57.20000076,59.29999924,12.19999981,47.40000153
01/12/2025,57,59.29999924,12.19999981,47.20000076
01/12/2025,56.79999924,59.5,12.19999981,47.29999924
01/12/2025,56.70000076,59.5,12.19999981,47.29999924
01/12/2025,56.59999847,59.40000153,12.19999981,47.20000076
01/12/2025,56.40000153,59.5,12.19999981,47.20000076
01/12/2025,56.40000153,59.59999847,12.30000019,47.09999847
01/12/2025,56.29999924,59.70000076,12.19999981,47.09999847
01/12/2025,56.09999847,59.70000076,12.10000038,47
01/12/2025,56,59.79999924,12.10000038,47
01/12/2025,55.90000153,59.90000153,12.10000038,47
01/12/2025,55.79999924,59.79999924,12.10000038,47
01/12/2025,55.70000076,60.09999847,12.10000038,47
01/12/2025,55.5,60.5,12.10000038,46.90000153
01/12/2025,55.40000153,60.59999847,12.10000038,46.90000153
01/12/2025,55.20000076,60.5,12.10000038,46.79999924
01/12/2025,55.09999847,60.29999924,12.10000038,46.70000076
01/12/2025,54.90000153,60.40000153,12.10000038,46.59999847
01/12/2025,54.90000153,60.29999924,12.10000038,46.5
01/12/2025,54.90000153,60.29999924,12.10000038,46.29999924
01/12/2025,54.79999924,60.5,12.10000038,46.29999924
01/12/2025,54.90000153,60.29999924,12,46.29999924
01/12/2025,55,60.40000153,12,46.29999924
01/12/2025,55.09999847,60.40000153,12,46.09999847
01/12/2025,55.09999847,60.5,11.89999962,45.90000153
01/12/2025,55.20000076,60.59999847,12,45.5
01/12/2025,55.20000076,60.90000153,11.89999962,44.79999924
01/12/2025,55.20000076,60.70000076,12,44.20000076
01/12/2025,55.20000076,60.59999847,12,43.59999847
01/12/2025,55.20000076,60.59999847,11.89999962,43
01/12/2025,55.20000076,60.79999924,11.89999962,42.40000153
01/12/2025,55.20000076,61,11.89999962,41.79999924
01/12/2025,55.29999924,61.09999847,11.89999962,41.09999847
01/12/2025,55.29999924,61,11.89999962,40.59999847
01/12/2025,55.20000076,61,11.89999962,40
01/12/2025,55.20000076,60.90000153,11.89999962,39.40000153
01/12/2025,55.20000076,60.90000153,11.89999962,39
01/12/2025,55.09999847,61.09999847,11.89999962,38.59999847
01/12/2025,55.09999847,61.20000076,11.89999962,38.20000076
01/12/2025,55,61.20000076,11.89999962,37.90000153
01/12/2025,55,61.09999847,11.89999962,37.70000076
01/12/2025,55.09999847,61.20000076,11.89999962,37.40000153
01/12/2025,55,61.40000153,11.89999962,37.09999847
01/12/2025,55,61.40000153,11.89999962,37
01/12/2025,55,61.59999847,11.89999962,36.79999924
01/12/2025,55.09999847,61.40000153,11.69999981,36.59999847
01/12/2025,55.09999847,61.40000153,11.69999981,36.40000153
01/12/2025,55.09999847,61.40000153,11.60000038,36.20000076
01/12/2025,55.20000076,61.59999847,11.60000038,36.09999847
01/12/2025,55.09999847,61.59999847,11.60000038,35.90000153
01/12/2025,55.20000076,61.59999847,11.39999962,35.79999924
01/12/2025,55.29999924,61.59999847,11.5,35.70000076
01/12/2025,55.29999924,61.59999847,11.39999962,35.5
01/12/2025,55.29999924,61.59999847,11.39999962,35.5
01/12/2025,55.20000076,61.59999847,11.30000019,35.29999924
01/12/2025,55.20000076,61.59999847,11.30000019,35.09999847
01/12/2025,55.20000076,61.59999847,11.19999981,35
01/12/2025,55.20000076,61.59999847,11.19999981,34.90000153
01/12/2025,55.29999924,61.70000076,11.19999981,34.70000076
01/12/2025,55.29999924,61.70000076,11.10000038,34.70000076
01/12/2025,55.29999924,61.59999847,11,34.5
01/12/2025,55.29999924,61.70000076,11,34.29999924
01/12/2025,55.40000153,61.79999924,10.89999962,34.29999924
01/12/2025,55.40000153,61.70000076,11,34.20000076
01/12/2025,55.40000153,61.79999924,10.89999962,34.09999847
01/12/2025,55.40000153,61.79999924,10.80000019,33.90000153
01/12/2025,55.40000153,61.59999847,10.80000019,33.79999924
01/12/2025,55.40000153,61.79999924,10.89999962,33.70000076
01/12/2025,55.40000153,61.90000153,10.80000019,33.59999847
01/12/2025,55.40000153,61.79999924,10.80000019,33.40000153
01/12/2025,55.40000153,61.79999924,10.69999981,33.29999924
01/12/2025,55.40000153,61.79999924,10.80000019,33.20000076
01/12/2025,55.40000153,61.79999924,10.69999981,33
01/12/2025,55.40000153,61.90000153,10.69999981,32.90000153
01/12/2025,55.5,62,10.69999981,32.79999924
01/12/2025,55.5,62,10.69999981,32.79999924
01/12/2025,55.59999847,61.90000153,10.80000019,32.59999847
01/12/2025,55.59999847,61.79999924,10.80000019,32.5
01/12/2025,55.59999847,61.90000153,10.80000019,32.40000153
01/12/2025,55.59999847,62,10.80000019,32.29999924
01/12/2025,55.70000076,62.09999847,10.80000019,32.09999847
01/12/2025,55.70000076,62,10.80000019,32
01/12/2025,55.70000076,61.90000153,10.80000019,31.89999962
01/12/2025,55.70000076,61.79999924,10.80000019,31.79999924
01/12/2025,55.70000076,61.90000153,10.69999981,31.70000076
01/12/2025,55.70000076,62,10.69999981,31.5
01/12/2025,55.79999924,62.09999847,10.69999981,31.5
01/12/2025,55.79999924,62.09999847,10.69999981,31.39999962
01/12/2025,55.70000076,62.09999847,10.69999981,31.20000076
01/12/2025,55.79999924,62,10.69999981,30.79999924
01/12/2025,55.79999924,62,10.69999981,34
01/12/2025,55.79999924,62.09999847,10.69999981,49.29999924
01/12/2025,55.79999924,62.09999847,10.69999981,51.29999924
01/12/2025,55.79999924,62.20000076,10.69999981,50.70000076
01/12/2025,55.79999924,62.09999847,10.69999981,49.70000076
01/12/2025,55.79999924,62.09999847,10.69999981,48.79999924
01/12/2025,55.79999924,62.09999847,10.69999981,48
01/12/2025,55.70000076,62.09999847,10.69999981,47.09999847
01/12/2025,55.70000076,62.20000076,10.69999981,46.5
01/12/2025,55.59999847,62.09999847,10.69999981,45.79999924
01/12/2025,55.59999847,62.20000076,10.69999981,45.09999847
01/12/2025,55.59999847,62.09999847,10.60000038,44.40000153
01/12/2025,55.70000076,62.09999847,10.69999981,43.79999924
01/12/2025,55.79999924,62.20000076,10.60000038,43.09999847
01/12/2025,55.79999924,62.20000076,10.60000038,42.70000076
01/12/2025,55.79999924,62.20000076,10.60000038,42.20000076
01/12/2025,55.79999924,62.20000076,10.60000038,41.70000076
01/12/2025,55.79999924,62.20000076,10.5,41.20000076
01/12/2025,55.79999924,62.09999847,10.60000038,40.90000153
01/12/2025,55.90000153,62.20000076,10.5,40.5
01/12/2025,56,62.20000076,10.60000038,40.29999924
01/12/2025,56,62.09999847,10.60000038,39.90000153
01/12/2025,56,62.20000076,10.39999962,39.59999847
01/12/2025,56,62.20000076,10.5,39.29999924
01/12/2025,56.20000076,62.20000076,10.39999962,39
01/12/2025,56.09999847,62.20000076,10.60000038,38.90000153
01/12/2025,56.20000076,62.29999924,10.39999962,38.59999847
01/12/2025,56.20000076,62.29999924,10.39999962,38.40000153
01/12/2025,56.20000076,62.29999924,10.39999962,38.09999847
01/12/2025,56.20000076,62.20000076,10.39999962,37.90000153
01/12/2025,56.20000076,62.09999847,10.39999962,37.70000076
01/12/2025,56.20000076,62.20000076,10.39999962,37.5
01/12/2025,56.20000076,62.09999847,10.39999962,37.29999924
01/12/2025,56.20000076,62.20000076,10.39999962,37.09999847
01/12/2025,56.20000076,62.09999847,10.39999962,37
01/12/2025,56.20000076,62.09999847,10.30000019,36.70000076
01/12/2025,56.20000076,62.09999847,10.30000019,36.5
01/12/2025,56.20000076,62.09999847,10.30000019,36.40000153
01/12/2025,56.29999924,62.09999847,10.30000019,36.20000076
01/12/2025,56.29999924,62.09999847,10.30000019,36
01/12/2025,56.29999924,62.09999847,10.30000019,35.90000153
01/12/2025,56.29999924,62.09999847,10.30000019,35.59999847
01/12/2025,56.20000076,62.09999847,10.30000019,35.5
01/12/2025,56.20000076,62.09999847,10.30000019,35.29999924
01/12/2025,56.20000076,62,10.30000019,35.09999847
01/12/2025,56.20000076,62.09999847,10.30000019,35.09999847
01/12/2025,56.20000076,62,10.19999981,34.90000153
01/12/2025,56.20000076,62,10.19999981,34.70000076
01/12/2025,56.20000076,61.90000153,10.19999981,34.59999847
01/12/2025,56.29999924,62,10.19999981,34.29999924
01/12/2025,56.29999924,62,10.19999981,34.29999924
01/12/2025,56.29999924,62,10.19999981,34.40000153
01/12/2025,56.29999924,62,10.19999981,34.29999924
01/12/2025,56.40000153,61.90000153,10.19999981,33.90000153
01/12/2025,56.40000153,61.90000153,10.10000038,33.70000076
01/12/2025,56.40000153,61.90000153,10.10000038,33.5
01/12/2025,56.40000153,61.90000153,10.19999981,33.29999924
01/12/2025,56.5,62,10.30000019,33.20000076
01/12/2025,56.5,61.90000153,10.30000019,33
01/12/2025,56.5,61.79999924,10.30000019,32.79999924
01/12/2025,56.59999847,61.79999924,10.30000019,32.70000076
01/12/2025,56.70000076,61.79999924,10.30000019,32.5
01/12/2025,56.70000076,61.79999924,10.30000019,32.40000153
01/12/2025,56.70000076,61.79999924,10.30000019,32.20000076
01/12/2025,56.70000076,61.90000153,10.30000019,32
01/12/2025,56.59999847,61.79999924,10.30000019,31.89999962
01/12/2025,56.70000076,61.79999924,10.30000019,31.60000038
01/12/2025,56.70000076,61.79999924,10.30000019,31.5
01/12/2025,56.70000076,61.79999924,10.30000019,31.29999924
01/12/2025,56.70000076,61.79999924,10.30000019,31
01/12/2025,56.70000076,61.70000076,10.30000019,30.89999962
01/12/2025,56.70000076,61.79999924,10.30000019,30.60000038
01/12/2025,56.59999847,61.59999847,10.30000019,30.5
01/12/2025,56.59999847,61.79999924,10.30000019,30.39999962
01/12/2025,56.59999847,61.70000076,10.30000019,30.10000038
01/12/2025,56.59999847,61.70000076,10.30000019,30
01/12/2025,56.59999847,61.70000076,10.30000019,29.79999924
01/12/2025,56.5,61.59999847,10.30000019,29.60000038
01/12/2025,56.5,61.70000076,10.30000019,29.39999962
01/12/2025,56.5,61.70000076,10.30000019,29.29999924
01/12/2025,56.59999847,61.70000076,10.30000019,29.10000038
01/12/2025,56.59999847,61.79999924,10.30000019,29.10000038
01/12/2025,56.59999847,61.79999924,10.30000019,29.10000038
01/12/2025,56.5,61.70000076,10.30000019,29.10000038
01/12/2025,56.5,61.79999924,10.30000019,29.10000038
01/12/2025,56.5,61.70000076,10.30000019,29.20000076
01/12/2025,56.40000153,61.79999924,10.30000019,29.39999962
01/12/2025,56.40000153,61.59999847,10.30000019,29.5
01/12/2025,56.40000153,61.70000076,10.30000019,29.89999962
01/12/2025,56.40000153,61.59999847,10.30000019,30.20000076
01/12/2025,56.40000153,61.79999924,10.30000019,30.60000038
01/12/2025,56.40000153,61.79999924,10.30000019,31.20000076
01/12/2025,56.40000153,61.79999924,10.30000019,31.70000076
01/12/2025,56.40000153,61.70000076,10.30000019,32.5
01/12/2025,56.40000153,61.79999924,10.30000019,33.40000153
01/12/2025,56.40000153,61.79999924,10.30000019,34.29999924
01/12/2025,56.40000153,61.79999924,10.30000019,35.40000153
01/12/2025,56.40000153,61.59999847,10.19999981,36.40000153
01/12/2025,56.40000153,61.79999924,10.19999981,37.29999924
01/12/2025,56.40000153,61.79999924,10.19999981,38.09999847
01/12/2025,56.5,61.59999847,10.19999981,39
01/12/2025,56.40000153,61.59999847,10.19999981,39.90000153
01/12/2025,56.5,61.79999924,10.19999981,40.79999924
01/12/2025,56.5,61.79999924,10.19999981,41.5
01/12/2025,56.59999847,61.70000076,10.19999981,42.20000076
01/12/2025,56.70000076,61.79999924,10.19999981,42.70000076
01/12/2025,56.70000076,61.79999924,10.19999981,43.29999924
01/12/2025,56.70000076,61.79999924,10.19999981,43.70000076
01/12/2025,56.70000076,61.59999847,10.10000038,44.09999847
01/12/2025,56.79999924,61.59999847,10.19999981,44.59999847
01/12/2025,56.79999924,61.79999924,10.10000038,44.79999924
01/12/2025,56.79999924,61.79999924,10.10000038,45.20000076
01/12/2025,56.90000153,61.79999924,10,45.59999847
01/12/2025,56.90000153,61.79999924,10.10000038,46.09999847
01/12/2025,56.90000153,61.79999924,10,46.40000153
01/12/2025,56.90000153,61.79999924,10.10000038,46.70000076
01/12/2025,57,61.79999924,9.899999619,47
01/12/2025,57.09999847,61.79999924,9.899999619,47.40000153
01/12/2025,57.09999847,61.79999924,9.899999619,47.59999847
01/12/2025,57.20000076,61.79999924,10,47.90000153
01/12/2025,57.20000076,61.79999924,9.899999619,48.09999847
01/12/2025,57.09999847,61.79999924,9.899999619,48.20000076
01/12/2025,57.20000076,61.79999924,9.899999619,48.5
01/12/2025,57,61.79999924,9.899999619,48.70000076
01/12/2025,57,61.79999924,9.899999619,48.90000153
01/12/2025,57,61.70000076,9.899999619,49.09999847
01/12/2025,57,61.79999924,9.899999619,49.29999924
01/12/2025,57,61.79999924,9.899999619,49.5
01/12/2025,56.90000153,61.90000153,9.800000191,49.70000076
01/12/2025,56.90000153,61.79999924,9.699999809,49.90000153
01/12/2025,57,61.79999924,9.699999809,50.09999847
01/12/2025,56.90000153,61.79999924,9.699999809,50.29999924
01/12/2025,56.90000153,61.70000076,9.600000381,50.40000153
01/12/2025,57,61.79999924,9.5,50.59999847
01/12/2025,56.90000153,61.79999924,9.5,50.59999847
01/12/2025,57,61.79999924,9.399999619,50.59999847
01/12/2025,56.90000153,61.79999924,9.300000191,50.70000076
01/12/2025,56.90000153,61.79999924,9.300000191,50.59999847
01/12/2025,57,61.79999924,9.300000191,50.59999847
01/12/2025,56.90000153,61.90000153,9.199999809,50.59999847
01/12/2025,57.09999847,61.90000153,9.199999809,50.59999847
01/12/2025,57,61.90000153,9.100000381,50.59999847
01/12/2025,56.90000153,61.90000153,9.100000381,50.59999847
01/12/2025,57,61.79999924,9.100000381,50.70000076
01/12/2025,57,61.79999924,9.199999809,50.90000153
01/12/2025,56.90000153,61.79999924,9.300000191,51.09999847
01/12/2025,56.90000153,61.90000153,9.300000191,51.09999847
01/12/2025,56.79999924,61.90000153,9.300000191,51.09999847
01/12/2025,56.70000076,61.90000153,9.300000191,51.09999847
01/12/2025,56.70000076,61.90000153,9.399999619,51.20000076
01/12/2025,56.70000076,61.79999924,9.399999619,51.29999924
01/12/2025,56.70000076,61.79999924,9.399999619,51.29999924
01/12/2025,56.70000076,62,9.399999619,51.29999924
01/12/2025,56.70000076,61.90000153,9.399999619,51.40000153
01/12/2025,56.70000076,61.79999924,9.399999619,51.5
01/12/2025,56.70000076,61.90000153,9.399999619,51.59999847
01/12/2025,56.70000076,61.79999924,9.399999619,51.70000076
01/12/2025,56.70000076,61.90000153,9.399999619,51.70000076
01/12/2025,56.70000076,61.90000153,9.300000191,51.79999924
01/12/2025,56.70000076,61.90000153,9.399999619,51.79999924
01/12/2025,56.70000076,61.90000153,9.399999619,51.90000153
01/12/2025,56.79999924,61.90000153,9.399999619,51.90000153
01/12/2025,56.90000153,61.90000153,9.399999619,51.90000153
01/12/2025,56.90000153,61.90000153,9.399999619,52.09999847
01/12/2025,56.79999924,61.90000153,9.399999619,52.20000076
01/12/2025,56.90000153,62,9.399999619,52.20000076
01/12/2025,56.79999924,61.90000153,9.399999619,52.29999924
01/12/2025,56.70000076,61.90000153,9.399999619,52.29999924
01/12/2025,56.70000076,61.90000153,9.300000191,52.5
01/12/2025,56.70000076,62,9.300000191,52.5
01/12/2025,56.59999847,61.90000153,9.399999619,52.59999847
01/12/2025,56.5,62,9.399999619,52.59999847
01/12/2025,56.40000153,61.90000153,9.399999619,52.59999847
01/12/2025,56.29999924,61.90000153,9.399999619,52.70000076
01/12/2025,56.20000076,61.90000153,9.399999619,52.79999924
01/12/2025,56.20000076,62,9.399999619,52.79999924
01/12/2025,56.40000153,61.90000153,9.5,53
01/12/2025,56.40000153,61.90000153,9.600000381,53
01/12/2025,56.40000153,61.90000153,9.5,53.09999847
01/12/2025,56.40000153,61.90000153,9.699999809,53.20000076
01/12/2025,56.40000153,61.90000153,9.699999809,53.20000076
01/12/2025,56.40000153,61.90000153,9.699999809,53.29999924
01/12/2025,56.40000153,62,9.699999809,53.5
01/12/2025,56.40000153,61.90000153,9.800000191,53.59999847
01/12/2025,56.40000153,62,9.899999619,53.59999847
01/12/2025,56.40000153,61.90000153,9.899999619,53.79999924
01/12/2025,56.5,62,10,53.90000153
01/12/2025,56.5,62,11.89999962,53.90000153
01/12/2025,56.59999847,61.90000153,15.89999962,54
01/12/2025,56.59999847,61.90000153,17.10000038,54.20000076
01/12/2025,56.59999847,61.90000153,17.29999924,54.20000076
01/12/2025,56.59999847,62,17.5,54.29999924
01/12/2025,56.40000153,62,17.79999924,54.40000153
01/12/2025,56.40000153,62.09999847,17.89999962,54.40000153
01/12/2025,56.40000153,62.09999847,18.10000038,54.5
01/12/2025,56.29999924,62,18.10000038,54.59999847
01/12/2025,56.20000076,62,18.20000076,54.70000076
01/12/2025,56.20000076,62,18.20000076,54.79999924
01/12/2025,56.20000076,62,18.20000076,54.90000153
01/12/2025,56.20000076,62,18.20000076,54.90000153
01/12/2025,56.40000153,62,18.29999924,54.90000153
01/12/2025,56.40000153,61.90000153,18.29999924,55
01/12/2025,56.5,61.90000153,18.29999924,55.09999847
01/12/2025,56.5,62,18.29999924,55.09999847
01/12/2025,56.5,62,18.29999924,55.09999847
01/12/2025,56.5,62,18.29999924,55.20000076
01/12/2025,56.5,61.90000153,18.29999924,55.29999924
01/12/2025,56.40000153,61.90000153,18.29999924,55.29999924
01/12/2025,56.40000153,61.90000153,18.29999924,55.29999924
01/12/2025,56.40000153,62,18.29999924,55.40000153
01/12/2025,56.5,61.90000153,18.29999924,55.5
01/12/2025,56.59999847,61.90000153,18.29999924,55.59999847
01/12/2025,56.59999847,62,18.29999924,55.59999847
01/12/2025,56.5,61.90000153,18.29999924,55.59999847
01/12/2025,56.5,61.90000153,18.29999924,55.79999924
01/12/2025,56.59999847,61.90000153,18.29999924,55.79999924
01/12/2025,56.40000153,62,18.29999924,55.90000153
01/12/2025,56.40000153,61.90000153,18.29999924,56
01/12/2025,56.40000153,62,18.29999924,56.09999847
01/12/2025,56.40000153,62,18.29999924,54.29999924
01/12/2025,56.29999924,62,18.5,51.5
01/12/2025,56.40000153,62,18.5,49.5
01/12/2025,56.5,62,18.60000038,48
01/12/2025,56.59999847,61.90000153,18.60000038,46.90000153
01/12/2025,56.70000076,62,18.60000038,46
01/12/2025,56.70000076,61.90000153,18.70000076,45.5
01/12/2025,56.70000076,62,18.70000076,51.70000076
01/12/2025,56.70000076,61.90000153,18.70000076,53.70000076
01/12/2025,56.59999847,61.90000153,18.70000076,53.40000153
01/12/2025,56.59999847,61.90000153,18.79999924,53.20000076
01/12/2025,56.59999847,62,18.79999924,53.09999847
01/12/2025,56.70000076,62,18.79999924,53.09999847
01/12/2025,56.70000076,61.90000153,19,52.79999924
01/12/2025,56.70000076,61.79999924,19,52.5
01/12/2025,56.59999847,61.90000153,19,52.09999847
01/12/2025,56.70000076,61.90000153,19,51.29999924
01/12/2025,56.59999847,62,19.10000038,50.29999924
01/12/2025,56.70000076,61.79999924,19.10000038,49.40000153
01/12/2025,56.70000076,61.79999924,19.20000076,48.70000076
01/12/2025,56.70000076,61.79999924,19.20000076,48.09999847
01/12/2025,56.70000076,61.79999924,19.39999962,47.79999924
01/12/2025,56.79999924,61.90000153,19.39999962,47.40000153
01/12/2025,56.79999924,61.90000153,19.39999962,46.90000153
01/12/2025,56.90000153,61.79999924,19.5,46.29999924
01/12/2025,56.90000153,61.79999924,19.5,45.70000076
01/12/2025,57,61.79999924,19.60000038,45.20000076
01/12/2025,57.09999847,61.79999924,19.60000038,44.59999847
01/12/2025,57.09999847,61.79999924,19.79999924,44.09999847
01/12/2025,57,61.79999924,19.79999924,43.5
01/12/2025,56.90000153,61.79999924,19.79999924,43.09999847
01/12/2025,56.90000153,61.79999924,19.79999924,42.70000076
01/12/2025,56.90000153,61.79999924,19.79999924,42.29999924
01/12/2025,56.90000153,61.90000153,20,41.90000153
01/12/2025,56.90000153,61.79999924,20,41.59999847
01/12/2025,56.90000153,61.79999924,20,41.29999924
01/12/2025,56.90000153,61.79999924,20.10000038,41
01/12/2025,56.90000153,61.79999924,20.10000038,40.90000153
01/12/2025,56.90000153,61.79999924,20.20000076,40.70000076
01/12/2025,56.90000153,61.79999924,20.20000076,40.5
01/12/2025,57,61.79999924,20.29999924,40.29999924
01/12/2025,56.90000153,61.79999924,20.29999924,40.09999847
01/12/2025,56.90000153,61.79999924,20.29999924,40
01/12/2025,57,61.79999924,20.39999962,39.90000153
01/12/2025,57,61.79999924,20.39999962,39.79999924
01/12/2025,57.09999847,61.79999924,20.5,39.59999847
01/12/2025,57.09999847,61.79999924,20.5,39.5
01/12/2025,57.09999847,61.79999924,20.5,39.40000153
01/12/2025,57.20000076,61.70000076,20.5,39.29999924
01/12/2025,57.20000076,61.79999924,20.60000038,39.09999847
01/12/2025,57.29999924,61.79999924,20.70000076,39
01/12/2025,57.29999924,61.79999924,20.70000076,38.90000153
01/12/2025,57.5,61.79999924,20.79999924,38.79999924
01/12/2025,57.5,61.70000076,20.79999924,38.79999924
01/12/2025,57.70000076,61.79999924,20.89999962,38.59999847
01/12/2025,57.70000076,61.70000076,20.89999962,38.5
01/12/2025,57.70000076,61.70000076,20.89999962,38.29999924
01/12/2025,57.5,61.79999924,21,38.29999924
01/12/2025,57.40000153,61.79999924,21,38.09999847
01/12/2025,57.40000153,61.59999847,21.10000038,38.09999847
01/12/2025,57.29999924,61.79999924,21.10000038,38
01/12/2025,57.29999924,61.79999924,21.20000076,37.90000153
01/12/2025,57.29999924,61.70000076,21.29999924,37.70000076
01/12/2025,57.40000153,61.70000076,21.39999962,37.79999924
01/12/2025,57.40000153,61.79999924,21.60000038,37.59999847
01/12/2025,57.40000153,61.79999924,21.60000038,37.5
01/12/2025,57.5,61.79999924,21.70000076,37.5
01/12/2025,57.5,61.59999847,21.79999924,37.29999924
01/12/2025,57.5,61.70000076,21.79999924,37.29999924
01/12/2025,57.5,61.59999847,21.89999962,37.20000076
01/12/2025,57.5,61.59999847,21.89999962,37.09999847
01/12/2025,57.70000076,61.59999847,22.10000038,37.09999847
01/12/2025,57.70000076,61.59999847,22.20000076,37
01/12/2025,57.70000076,61.70000076,22.20000076,37
01/12/2025,57.79999924,61.59999847,22.39999962,36.79999924
01/12/2025,57.90000153,61.59999847,22.39999962,36.79999924
01/12/2025,57.90000153,61.59999847,22.60000038,36.70000076
01/12/2025,57.90000153,61.70000076,22.70000076,36.59999847
01/12/2025,58.09999847,61.59999847,22.79999924,36.5
01/12/2025,57.90000153,61.70000076,22.79999924,36.40000153
01/12/2025,57.90000153,61.59999847,23,36.40000153
01/12/2025,58,61.59999847,23,36.40000153
01/12/2025,58.09999847,61.59999847,23.10000038,36.20000076
01/12/2025,58.09999847,61.59999847,23.29999924,36.20000076
01/12/2025,58.09999847,61.59999847,23.29999924,36.20000076
01/12/2025,58.20000076,61.70000076,23.39999962,36.20000076
01/12/2025,58.09999847,61.70000076,23.39999962,36.09999847
01/12/2025,58.09999847,61.59999847,23.60000038,36
01/12/2025,58.09999847,61.59999847,23.70000076,35.90000153
01/12/2025,57.90000153,61.59999847,23.79999924,35.90000153
01/12/2025,57.90000153,61.59999847,23.89999962,35.90000153
01/12/2025,57.90000153,61.59999847,23.89999962,35.79999924
01/12/2025,57.90000153,61.5,24,35.79999924
01/12/2025,57.79999924,61.5,24.10000038,35.70000076
01/12/2025,57.90000153,61.59999847,24.20000076,35.70000076
01/12/2025,57.90000153,61.59999847,24.29999924,35.59999847
01/12/2025,57.90000153,61.70000076,24.39999962,35.59999847
01/12/2025,57.90000153,61.59999847,24.39999962,35.59999847
01/12/2025,58.09999847,61.70000076,24.60000038,35.59999847
01/12/2025,58.09999847,61.59999847,24.60000038,35.5
01/12/2025,58.09999847,61.59999847,24.79999924,35.5
01/12/2025,58.09999847,61.59999847,24.89999962,35.5
01/12/2025,58.20000076,61.59999847,25,35.40000153
01/12/2025,58.20000076,61.59999847,25,35.29999924
01/12/2025,58.29999924,61.5,25.20000076,35.29999924
01/12/2025,58.40000153,61.5,25.20000076,35.29999924
01/12/2025,58.5,61.59999847,25.20000076,35.20000076
01/12/2025,58.59999847,61.5,25.29999924,35.29999924
01/12/2025,58.59999847,61.59999847,25.5,35.20000076
01/12/2025,58.70000076,61.59999847,25.60000038,35.09999847
01/12/2025,58.79999924,61.5,25.60000038,35
01/12/2025,58.79999924,61.5,25.79999924,34.90000153
01/12/2025,58.90000153,61.5,25.79999924,34.90000153
01/12/2025,58.90000153,61.5,25.89999962,34.70000076
01/12/2025,58.79999924,61.5,26,34.5
01/12/2025,59,61.59999847,26.10000038,34.29999924
01/12/2025,58.90000153,61.59999847,26.10000038,34.09999847
01/12/2025,59,61.59999847,26.20000076,33.79999924
01/12/2025,58.90000153,61.5,26.29999924,33.59999847
01/12/2025,58.79999924,61.5,26.29999924,33.40000153
01/12/2025,58.79999924,61.40000153,26.5,33.20000076
01/12/2025,58.79999924,61.40000153,26.5,32.79999924
01/12/2025,58.59999847,61.5,26.60000038,31
01/12/2025,58.70000076,61.40000153,26.70000076,29.5
01/12/2025,58.79999924,61.40000153,26.70000076,28.89999962
01/12/2025,58.79999924,61.40000153,26.79999924,28.70000076
01/12/2025,58.79999924,61.40000153,27,28.60000038
01/12/2025,58.70000076,61.59999847,27,28.20000076
01/12/2025,58.79999924,61.59999847,27.10000038,28
01/12/2025,58.79999924,61.40000153,27.10000038,28
01/12/2025,58.79999924,61.40000153,27.20000076,28
01/12/2025,58.79999924,61.40000153,27.29999924,28.20000076
01/12/2025,58.79999924,61.40000153,27.39999962,28.60000038
01/12/2025,58.79999924,61.40000153,27.39999962,29.20000076
01/12/2025,58.79999924,61.40000153,27.60000038,31.70000076
01/12/2025,58.90000153,61.40000153,27.60000038,32
01/12/2025,59,61.40000153,27.60000038,31.70000076
01/12/2025,59.09999847,61.40000153,27.60000038,31.39999962
01/12/2025,59.20000076,61.40000153,27.60000038,31.20000076
01/12/2025,59.20000076,61.40000153,27.79999924,31
01/12/2025,59.20000076,61.40000153,27.89999962,30.79999924
01/12/2025,59.20000076,61.40000153,28,30.70000076
01/12/2025,59.40000153,61.40000153,28,30.79999924
01/12/2025,59.29999924,61.40000153,28.10000038,30.89999962
01/12/2025,59.40000153,61.40000153,28.20000076,31
01/12/2025,59.29999924,61.40000153,28.20000076,31.10000038
01/12/2025,59.20000076,61.40000153,28.29999924,31.29999924
01/12/2025,59.20000076,61.40000153,28.39999962,31.60000038
01/12/2025,59.09999847,61.40000153,28.39999962,31.89999962
01/12/2025,59,61.40000153,28.5,32.40000153
01/12/2025,59,61.40000153,28.5,32.79999924
01/12/2025,58.90000153,61.40000153,28.60000038,33.20000076
01/12/2025,58.79999924,61.40000153,28.60000038,33.40000153
01/12/2025,58.79999924,61.40000153,28.60000038,33.59999847
01/12/2025,58.79999924,61.40000153,28.60000038,33.79999924
01/12/2025,58.79999924,61.40000153,28.89999962,33.90000153
01/12/2025,58.79999924,61.40000153,28.89999962,34.09999847
01/12/2025,58.79999924,61.40000153,29.10000038,34.40000153
01/12/2025,58.79999924,61.40000153,29.10000038,34.90000153
01/12/2025,58.90000153,61.40000153,29.10000038,35.09999847
01/12/2025,59,61.40000153,29.20000076,35.29999924
01/12/2025,59.09999847,61.40000153,29.29999924,35.5
01/12/2025,59.20000076,61.29999924,29.29999924,35.59999847
01/12/2025,59.20000076,61.40000153,29.39999962,35.79999924
01/12/2025,59.20000076,61.29999924,29.5,36
01/12/2025,59.20000076,61.29999924,29.60000038,36.09999847
01/12/2025,59.20000076,61.40000153,29.60000038,36.20000076
01/12/2025,59.20000076,61.40000153,29.70000076,36.40000153
01/12/2025,59.20000076,61.29999924,29.79999924,36.59999847
01/12/2025,59.20000076,61.20000076,29.79999924,36.70000076
01/12/2025,59,61.40000153,29.89999962,36.90000153
01/12/2025,58.90000153,61.29999924,29.89999962,37
01/12/2025,58.79999924,61.40000153,30,37.09999847
01/12/2025,58.70000076,61.40000153,30,37.29999924
01/12/2025,58.59999847,61.29999924,30.10000038,37.40000153
01/12/2025,58.59999847,61.40000153,30.20000076,37.5
01/12/2025,58.59999847,61.29999924,30.20000076,37.59999847
01/12/2025,58.59999847,61.20000076,30.29999924,37.70000076
01/12/2025,58.70000076,61.20000076,30.29999924,37.79999924
01/12/2025,58.79999924,61.20000076,30.39999962,38
01/12/2025,59,61.29999924,30.39999962,38.09999847
01/12/2025,59.09999847,61.29999924,30.5,38.09999847
01/12/2025,59.20000076,61.20000076,30.60000038,38.09999847
01/12/2025,59.29999924,61.20000076,30.60000038,38.09999847
01/12/2025,59.5,61.09999847,30.70000076,38.40000153
01/12/2025,59.59999847,61,30.79999924,39.5
01/12/2025,59.90000153,60.90000153,30.79999924,40.90000153
01/12/2025,60.09999847,60.79999924,30.89999962,42.90000153
01/12/2025,60.5,60.70000076,31,43
01/12/2025,60.70000076,60.59999847,30.89999962,37.90000153
01/12/2025,61,60.59999847,31,32.09999847
01/12/2025,61.20000076,60.5,31.10000038,29
01/12/2025,61.29999924,60.5,31.20000076,28.89999962
01/12/2025,61.5,60.29999924,31.29999924,29.10000038
01/12/2025,61.5,60.20000076,31.39999962,29.20000076
01/12/2025,61.90000153,60.29999924,31.5,29.5
01/12/2025,62.59999847,60.40000153,31.5,29.70000076
01/12/2025,63.29999924,60.5,31.5,29.89999962
01/12/2025,63.59999847,60.5,31.70000076,30
01/12/2025,63.79999924,60.5,31.70000076,30
01/12/2025,63.79999924,60.59999847,31.79999924,30
01/12/2025,63.59999847,60.59999847,31.79999924,29.89999962
01/12/2025,63.29999924,60.59999847,32,29.89999962
01/12/2025,62.90000153,60.59999847,32,30
01/12/2025,62.59999847,60.79999924,32,30.20000076
01/12/2025,62.29999924,60.79999924,32,30.39999962
01/12/2025,62,60.79999924,32.09999847,30.79999924
01/12/2025,61.79999924,60.90000153,32.20000076,31.29999924
01/12/2025,61.59999847,61,32.20000076,31.89999962
01/12/2025,61.5,61,32.29999924,32.40000153
01/12/2025,61.70000076,61,32.29999924,32.70000076
01/12/2025,61.79999924,61,32.40000153,31.70000076
01/12/2025,62,61,32.5,30.79999924
01/12/2025,62.20000076,61.09999847,32.40000153,30.10000038
01/12/2025,62.40000153,61.09999847,32.59999847,29.70000076
01/12/2025,62.5,61.09999847,32.70000076,29.29999924
01/12/2025,62.59999847,61.09999847,32.70000076,29.10000038
01/12/2025,62.70000076,61.09999847,32.70000076,29.39999962
01/12/2025,62.79999924,61.09999847,32.79999924,30
01/12/2025,62.90000153,61.09999847,32.79999924,30.79999924
01/12/2025,62.79999924,61.20000076,33,31.39999962
01/12/2025,62.70000076,61.09999847,33,32.20000076
01/12/2025,62.70000076,61.09999847,33,32.79999924
01/12/2025,62.59999847,61.20000076,33.09999847,33.40000153
01/12/2025,62.59999847,61.20000076,33,34
01/12/2025,62.70000076,61.20000076,33.09999847,34.59999847
01/12/2025,62.79999924,61.20000076,33.09999847,34.90000153
01/12/2025,62.79999924,61.20000076,33,34.90000153
01/12/2025,62.79999924,61.20000076,33.09999847,34.90000153
01/12/2025,62.90000153,61.20000076,33,34.79999924
01/12/2025,62.90000153,61.20000076,33,34.59999847
01/12/2025,62.90000153,61.20000076,33.09999847,34.40000153
01/12/2025,62.90000153,61.20000076,33.09999847,34.29999924
01/12/2025,63,61.20000076,33,34.09999847
01/12/2025,63.09999847,61.20000076,33,34
01/12/2025,63.29999924,61.20000076,33,33
01/12/2025,63.5,61.20000076,33,27.79999924
01/12/2025,63.5,61.20000076,33,24.29999924
01/12/2025,63.70000076,61.09999847,33,21.89999962
01/12/2025,63.79999924,61.09999847,33.09999847,20.20000076
01/12/2025,64,61,33.09999847,18.60000038
01/12/2025,64,61,33.20000076,17.39999962
01/12/2025,64.19999695,61,33.20000076,16.29999924
01/12/2025,64.40000153,60.79999924,33.20000076,15.5
01/12/2025,64.5,60.79999924,33.20000076,14.89999962
01/12/2025,64.69999695,60.79999924,33.40000153,14.5
01/12/2025,64.80000305,60.59999847,33.40000153,14.19999981
01/12/2025,64.90000153,60.59999847,33.40000153,14
01/12/2025,65.09999847,60.59999847,33.40000153,13.80000019
01/12/2025,65.19999695,60.5,33.5,13.60000038
01/12/2025,65.30000305,60.5,33.40000153,13.30000019
01/12/2025,65.40000153,60.5,33.40000153,13.19999981
01/12/2025,65.5,60.5,33.40000153,13.10000038
01/12/2025,65.59999847,60.5,33.40000153,12.89999962
01/12/2025,65.69999695,60.40000153,33.40000153,12.69999981
01/12/2025,65.90000153,60.29999924,33.40000153,12.69999981
01/12/2025,66.19999695,60.40000153,33.40000153,12.5
01/12/2025,66.40000153,60.40000153,33.40000153,12.39999962
01/12/2025,66.40000153,60.29999924,33.40000153,12.19999981
01/12/2025,66.30000305,60.40000153,33.40000153,12.10000038
01/12/2025,66.30000305,60.5,33.29999924,11.89999962
01/12/2025,66.19999695,60.5,33.40000153,11.89999962
01/12/2025,66.09999847,60.40000153,33.29999924,11.89999962
01/12/2025,65.90000153,60.59999847,33.40000153,11.69999981
01/12/2025,65.80000305,60.59999847,33.29999924,11.69999981
01/12/2025,65.59999847,60.70000076,33.29999924,11.5
01/12/2025,65.59999847,60.70000076,33.29999924,11.39999962
01/12/2025,65.5,60.70000076,33.20000076,11.39999962
01/12/2025,65.5,60.90000153,33.29999924,11.19999981
01/12/2025,65.5,60.79999924,33.20000076,11.19999981
01/12/2025,65.5,61,33.29999924,11.10000038
01/12/2025,65.5,61,33.20000076,11.10000038
01/12/2025,65.5,61.20000076,33.20000076,10.89999962
01/12/2025,65.5,61.09999847,33.20000076,10.80000019
01/12/2025,65.5,61.20000076,33.20000076,10.80000019
01/12/2025,65.5,61.20000076,33.20000076,10.69999981
01/12/2025,65.5,61.40000153,33.40000153,10.60000038
01/12/2025,65.5,61.40000153,33.29999924,10.60000038
01/12/2025,65.5,61.40000153,33.40000153,10.39999962
01/12/2025,65.5,61.59999847,33.40000153,10.39999962
01/12/2025,65.59999847,61.59999847,33.40000153,10.30000019
01/12/2025,65.59999847,61.59999847,33.40000153,10.39999962
01/12/2025,65.59999847,61.79999924,33.40000153,10.30000019
01/12/2025,65.59999847,61.79999924,33.40000153,10.19999981
01/12/2025,65.59999847,61.90000153,33.5,10.19999981
01/12/2025,65.59999847,61.90000153,33.5,10.10000038
01/12/2025,65.59999847,62,33.59999847,10
01/12/2025,65.59999847,62,33.59999847,9.899999619
01/12/2025,65.59999847,62,33.70000076,9.899999619
01/12/2025,65.59999847,62,33.79999924,9.800000191
01/12/2025,65.69999695,62,33.79999924,9.800000191
01/12/2025,65.69999695,62.09999847,33.79999924,9.699999809
01/12/2025,65.80000305,62.09999847,33.90000153,9.699999809
01/12/2025,65.90000153,62.20000076,34,9.699999809
01/12/2025,66.09999847,62.29999924,34.09999847,9.600000381
01/12/2025,66.19999695,62.29999924,34.09999847,9.5
01/12/2025,66.40000153,62.29999924,34.20000076,9.5
01/12/2025,66.40000153,62.29999924,34.29999924,9.399999619
01/12/2025,66.59999847,62.29999924,34.29999924,9.300000191
01/12/2025,66.69999695,62.40000153,34.5,9.300000191
01/12/2025,66.80000305,62.5,34.5,9.300000191
01/12/2025,67,62.40000153,34.70000076,9.199999809
01/12/2025,67,62.5,34.79999924,9.199999809
01/12/2025,67.19999695,62.5,34.90000153,9.100000381
01/12/2025,67.30000305,62.5,34.90000153,9.100000381
01/12/2025,67.40000153,62.59999847,34.90000153,9.100000381
01/12/2025,67.59999847,62.59999847,35,9.100000381
01/12/2025,67.59999847,62.5,35.09999847,9.100000381
01/12/2025,67.69999695,62.5,35.20000076,9.100000381
01/12/2025,67.80000305,62.59999847,35.20000076,8.899999619
01/12/2025,67.80000305,62.70000076,35.20000076,8.899999619
01/12/2025,67.80000305,62.70000076,35.29999924,8.899999619
01/12/2025,67.90000153,62.70000076,35.40000153,8.899999619
01/12/2025,67.90000153,62.70000076,35.5,8.899999619
01/12/2025,68,62.70000076,35.5,8.800000191
01/12/2025,67.90000153,62.79999924,35.59999847,8.800000191
01/12/2025,67.80000305,62.79999924,35.70000076,8.800000191
01/12/2025,67.69999695,62.79999924,35.70000076,8.800000191
01/12/2025,67.69999695,62.70000076,35.70000076,8.800000191
01/12/2025,67.69999695,62.79999924,35.79999924,8.600000381
01/12/2025,67.59999847,62.70000076,35.79999924,8.600000381
01/12/2025,67.59999847,62.70000076,35.79999924,8.600000381
01/12/2025,67.5,62.79999924,35.90000153,8.5
01/12/2025,67.5,62.79999924,35.90000153,8.399999619
01/12/2025,67.59999847,62.90000153,35.90000153,8.399999619
01/12/2025,67.59999847,62.70000076,35.90000153,8.399999619
01/12/2025,67.90000153,62.70000076,36,8.399999619
01/12/2025,68.09999847,62.70000076,36.20000076,8.399999619
01/12/2025,68.30000305,62.70000076,36.09999847,8.399999619
01/12/2025,68.5,62.70000076,36.20000076,8.199999809
01/12/2025,68.30000305,62.70000076,36.20000076,8.199999809
01/12/2025,68.09999847,62.70000076,36.29999924,8.199999809
01/12/2025,67.90000153,62.70000076,36.40000153,8.199999809
01/12/2025,67.80000305,62.70000076,36.40000153,8.100000381
01/12/2025,67.69999695,62.70000076,36.40000153,8.199999809
01/12/2025,67.59999847,62.70000076,36.40000153,8.199999809
01/12/2025,67.40000153,62.70000076,36.5,8.100000381
01/12/2025,67.30000305,62.70000076,36.5,8.100000381
01/12/2025,67.19999695,62.70000076,36.40000153,8.199999809
01/12/2025,67.09999847,62.59999847,36.5,8.199999809
01/12/2025,66.90000153,62.70000076,36.5,8
01/12/2025,66.80000305,62.70000076,36.70000076,8
01/12/2025,66.59999847,62.70000076,36.59999847,8
01/12/2025,66.59999847,62.59999847,36.70000076,8
01/12/2025,66.5,62.70000076,36.70000076,8
01/12/2025,66.5,62.70000076,36.70000076,8
01/12/2025,66.30000305,62.70000076,36.70000076,8
01/12/2025,66.30000305,62.70000076,36.70000076,8
01/12/2025,66.30000305,62.70000076,36.79999924,8
01/12/2025,66.30000305,62.59999847,36.79999924,8
01/12/2025,66.30000305,62.59999847,36.79999924,7.900000095
02/12/2025,66.30000305,62.70000076,36.79999924,8
02/12/2025,66.40000153,62.70000076,36.79999924,7.900000095
02/12/2025,66.30000305,62.59999847,36.79999924,7.900000095
02/12/2025,66.40000153,62.59999847,36.79999924,7.900000095
02/12/2025,66.40000153,62.5,36.79999924,7.900000095
02/12/2025,66.40000153,62.59999847,36.90000153,7.900000095
02/12/2025,66.5,62.59999847,36.90000153,7.900000095
02/12/2025,66.5,62.59999847,36.90000153,7.900000095
02/12/2025,66.5,62.59999847,36.90000153,7.900000095
02/12/2025,66.59999847,62.59999847,36.90000153,7.800000191
02/12/2025,66.59999847,62.59999847,37,7.800000191
02/12/2025,66.69999695,62.59999847,37,7.800000191
02/12/2025,66.69999695,62.59999847,37,7.800000191
02/12/2025,66.80000305,62.59999847,37,7.900000095
02/12/2025,66.80000305,62.59999847,37,8
02/12/2025,66.80000305,62.59999847,37,8
02/12/2025,66.80000305,62.5,37.09999847,8
02/12/2025,66.59999847,62.5,37.09999847,8
02/12/2025,66.5,62.5,37.20000076,8
02/12/2025,66.5,62.5,37.09999847,7.900000095
02/12/2025,66.30000305,62.5,37.20000076,7.900000095
02/12/2025,66.30000305,62.59999847,37.20000076,7.900000095
02/12/2025,66.19999695,62.59999847,37.20000076,7.800000191
02/12/2025,66.09999847,62.59999847,37.29999924,7.800000191
02/12/2025,66.09999847,62.5,37.29999924,7.800000191
02/12/2025,66.09999847,62.5,37.29999924,7.800000191
02/12/2025,66.19999695,62.5,37.29999924,7.599999905
02/12/2025,66.30000305,62.5,37.29999924,7.5
02/12/2025,66.5,62.5,37.29999924,7.5
02/12/2025,66.59999847,62.40000153,37.29999924,7.400000095
02/12/2025,66.59999847,62.5,37.40000153,7.400000095
02/12/2025,66.69999695,62.5,37.40000153,7.400000095
02/12/2025,66.80000305,62.40000153,37.40000153,7.300000191
02/12/2025,66.80000305,62.40000153,37.40000153,7.300000191
02/12/2025,66.90000153,62.40000153,37.5,7.199999809
02/12/2025,66.90000153,62.40000153,37.5,7.099999905
02/12/2025,66.90000153,62.40000153,37.5,7
02/12/2025,67,62.40000153,37.5,6.900000095
02/12/2025,67.19999695,62.40000153,37.5,6.900000095
02/12/2025,67.40000153,62.40000153,37.5,6.900000095
02/12/2025,67.5,62.5,37.5,6.800000191
02/12/2025,67.69999695,62.40000153,37.5,6.699999809
02/12/2025,67.80000305,62.40000153,37.59999847,6.699999809
02/12/2025,67.90000153,62.40000153,37.5,6.599999905
02/12/2025,67.90000153,62.40000153,37.5,6.699999809
02/12/2025,67.90000153,62.40000153,37.59999847,6.5
02/12/2025,67.90000153,62.09999847,37.59999847,6.599999905
02/12/2025,67.90000153,61.09999847,37.59999847,6.699999809
02/12/2025,67.90000153,59.70000076,37.70000076,6.699999809
02/12/2025,67.90000153,58.09999847,37.59999847,6.699999809
02/12/2025,67.80000305,56.5,37.70000076,6.800000191
02/12/2025,67.59999847,55.09999847,37.70000076,6.699999809
02/12/2025,67.59999847,53.79999924,37.59999847,6.900000095
02/12/2025,67.5,52.90000153,37.70000076,6.800000191
02/12/2025,67.40000153,52.20000076,37.70000076,6.900000095
02/12/2025,67.40000153,51.59999847,37.70000076,6.800000191
02/12/2025,67.40000153,50.90000153,37.70000076,6.900000095
02/12/2025,67.40000153,50.40000153,37.79999924,6.900000095
02/12/2025,67.40000153,50,37.79999924,6.900000095
02/12/2025,67.59999847,49.40000153,37.79999924,6.800000191
02/12/2025,67.59999847,48.90000153,37.79999924,6.900000095
02/12/2025,67.59999847,48.5,37.79999924,6.800000191
02/12/2025,67.80000305,48.09999847,37.79999924,6.900000095
02/12/2025,67.90000153,47.70000076,37.90000153,6.800000191
02/12/2025,68,47.40000153,37.90000153,6.800000191
02/12/2025,68.09999847,46.90000153,37.90000153,6.800000191
02/12/2025,68.19999695,46.59999847,37.90000153,6.800000191
02/12/2025,68.19999695,46.09999847,37.90000153,6.699999809
02/12/2025,68.19999695,45.70000076,37.90000153,6.900000095
02/12/2025,68.19999695,45.40000153,38,6.800000191
02/12/2025,68.30000305,44.90000153,37.90000153,6.800000191
02/12/2025,68.30000305,44.70000076,38,6.800000191
02/12/2025,68.30000305,44.20000076,37.90000153,6.800000191
02/12/2025,68.5,43.79999924,37.90000153,6.800000191
02/12/2025,68.5,43.40000153,37.90000153,6.800000191
02/12/2025,68.5,43.09999847,38,6.800000191
02/12/2025,68.5,42.79999924,38.09999847,6.800000191
02/12/2025,68.5,42.5,38,6.900000095
02/12/2025,68.5,42.09999847,38.09999847,6.900000095
02/12/2025,68.5,41.59999847,38.09999847,7.099999905
02/12/2025,68.40000153,41.29999924,38.09999847,14
02/12/2025,68.30000305,41,38.09999847,18.79999924
02/12/2025,68.30000305,40.59999847,38.09999847,21.10000038
02/12/2025,68.30000305,40.29999924,38.09999847,22.79999924
02/12/2025,68.30000305,40.09999847,38.09999847,23.89999962
02/12/2025,68.5,39.79999924,38.09999847,25.10000038
02/12/2025,68.5,39.5,38.09999847,26.10000038
02/12/2025,68.59999847,39.09999847,38.09999847,27.10000038
02/12/2025,68.69999695,38.90000153,38.09999847,28.20000076
02/12/2025,68.69999695,38.59999847,38.09999847,29.10000038
02/12/2025,68.69999695,38.40000153,38.20000076,30
02/12/2025,68.80000305,38.20000076,38.20000076,30.79999924
02/12/2025,68.90000153,37.79999924,38.20000076,31.39999962
02/12/2025,68.90000153,38.79999924,38.20000076,32
02/12/2025,69,45.90000153,38.29999924,32.59999847
02/12/2025,69,53.90000153,38.29999924,32.90000153
02/12/2025,69.09999847,55,38.29999924,33.40000153
02/12/2025,69.09999847,54.09999847,38.29999924,33.79999924
02/12/2025,69.09999847,52.79999924,38.29999924,34.20000076
02/12/2025,69.09999847,51.70000076,38.29999924,34.5
02/12/2025,69.19999695,50.59999847,38.29999924,34.90000153
02/12/2025,69.30000305,49.59999847,38.29999924,35.09999847
02/12/2025,69.30000305,48.70000076,38.29999924,35.40000153
02/12/2025,69.40000153,47.90000153,38.29999924,35.59999847
02/12/2025,69.40000153,47.09999847,38.29999924,35.90000153
02/12/2025,69.40000153,46.40000153,38.29999924,36.40000153
02/12/2025,69.40000153,45.70000076,38.40000153,36.70000076
02/12/2025,69.5,44.90000153,38.40000153,37.09999847
02/12/2025,69.5,44.20000076,38.40000153,37.5
02/12/2025,69.40000153,43.59999847,38.40000153,38
02/12/2025,69.40000153,42.90000153,38.40000153,38.40000153
02/12/2025,69.40000153,42.29999924,38.5,38.79999924
02/12/2025,69.30000305,41.79999924,38.59999847,39.40000153
02/12/2025,69.30000305,41,38.59999847,40.09999847
02/12/2025,69.30000305,40.5,38.59999847,40.5
02/12/2025,69.30000305,40,38.5,41.09999847
02/12/2025,69.30000305,39.40000153,38.59999847,41.59999847
02/12/2025,69.30000305,39,38.59999847,42.20000076
02/12/2025,69.19999695,38.59999847,38.70000076,42.70000076
02/12/2025,69.19999695,38.20000076,38.70000076,43.20000076
02/12/2025,69.19999695,37.79999924,38.70000076,43.70000076
02/12/2025,69.09999847,37.5,38.70000076,44.20000076
02/12/2025,69.09999847,37.09999847,38.70000076,44.59999847
02/12/2025,69.30000305,37,38.79999924,45.09999847
02/12/2025,69.30000305,36.79999924,38.79999924,45.5
02/12/2025,69.30000305,36.70000076,38.79999924,45.90000153
02/12/2025,69.30000305,36.5,38.79999924,46.09999847
02/12/2025,69.30000305,36.59999847,39,46.40000153
02/12/2025,69.40000153,36.59999847,39,46.70000076
02/12/2025,69.5,36.59999847,39,46.90000153
02/12/2025,69.59999847,36.5,39,47
02/12/2025,69.59999847,36.59999847,39,47.20000076
02/12/2025,69.80000305,36.59999847,39,47.29999924
02/12/2025,69.80000305,36.70000076,39.09999847,47.40000153
02/12/2025,69.80000305,36.59999847,39.09999847,47.40000153
02/12/2025,70,36.70000076,39.20000076,47.5
02/12/2025,70,36.70000076,39.20000076,47.59999847
02/12/2025,70,36.90000153,39.29999924,47.70000076
02/12/2025,70,36.90000153,39.29999924,47.79999924
02/12/2025,70,37.09999847,39.40000153,48
02/12/2025,70,37.09999847,39.5,48
02/12/2025,70.09999847,37.20000076,39.59999847,48.20000076
02/12/2025,70,37.20000076,39.59999847,48.20000076
02/12/2025,70,37.29999924,39.59999847,48.40000153
02/12/2025,70,37.29999924,39.59999847,48.5
02/12/2025,70,37.40000153,39.70000076,48.5
02/12/2025,70,37.5,39.79999924,48.79999924
02/12/2025,70,37.59999847,39.90000153,48.90000153
02/12/2025,70,37.59999847,39.90000153,49.20000076
02/12/2025,70,37.59999847,39.90000153,49.29999924
02/12/2025,69.90000153,37.70000076,40,49.5
02/12/2025,69.90000153,37.70000076,40.09999847,49.70000076
02/12/2025,69.90000153,37.79999924,40.09999847,49.59999847
02/12/2025,69.80000305,37.79999924,40.09999847,49.70000076
02/12/2025,69.90000153,37.79999924,40.20000076,49.79999924
02/12/2025,69.90000153,37.90000153,40.20000076,49.79999924
02/12/2025,69.80000305,38,40.29999924,49.79999924
02/12/2025,69.80000305,38,40.29999924,49.90000153
02/12/2025,69.80000305,38,40.5,49.90000153
02/12/2025,69.80000305,38.09999847,40.5,49.79999924
02/12/2025,69.80000305,38.20000076,40.5,49.79999924
02/12/2025,69.80000305,38.20000076,40.59999847,49.70000076
02/12/2025,69.80000305,38.20000076,40.70000076,49.59999847
02/12/2025,69.80000305,38.20000076,40.90000153,49.5
02/12/2025,69.80000305,38.29999924,40.90000153,49.5
02/12/2025,69.80000305,38.29999924,40.90000153,49.29999924
02/12/2025,69.80000305,38.29999924,41,49.29999924
02/12/2025,69.80000305,38.29999924,41.09999847,49.29999924
02/12/2025,69.80000305,38.40000153,41.09999847,49.29999924
02/12/2025,69.80000305,38.40000153,41.20000076,49.29999924
02/12/2025,69.90000153,38.40000153,41.20000076,49.29999924
02/12/2025,69.90000153,38.40000153,41.40000153,49.29999924
02/12/2025,70,38.40000153,41.40000153,49.5
02/12/2025,70,38.40000153,41.5,49.5
02/12/2025,70,38.40000153,41.59999847,49.70000076
02/12/2025,70,38.40000153,41.59999847,49.70000076
02/12/2025,70,38.40000153,41.70000076,50
02/12/2025,70,38.59999847,41.79999924,50
02/12/2025,70,38.59999847,42,50.20000076
02/12/2025,70,38.59999847,42,50.29999924
02/12/2025,70,38.59999847,42.09999847,50.20000076
02/12/2025,70,38.59999847,42.20000076,50.20000076
02/12/2025,70,38.59999847,42.20000076,50.40000153
02/12/2025,70,38.59999847,42.29999924,50.40000153
02/12/2025,70,38.59999847,42.40000153,50.40000153
02/12/2025,70,38.59999847,42.5,50.5
02/12/2025,70.09999847,38.70000076,42.70000076,50.5
02/12/2025,70,38.59999847,42.70000076,50.59999847
02/12/2025,70,38.59999847,42.70000076,50.59999847
02/12/2025,70,38.70000076,42.79999924,50.70000076
02/12/2025,69.90000153,38.79999924,42.90000153,50.79999924
02/12/2025,69.90000153,38.79999924,42.90000153,50.79999924
02/12/2025,69.90000153,38.79999924,43.09999847,50.90000153
02/12/2025,69.80000305,38.70000076,43.09999847,51
02/12/2025,69.80000305,38.79999924,43.29999924,51.09999847
02/12/2025,69.80000305,38.79999924,43.29999924,51.09999847
02/12/2025,69.80000305,38.79999924,43.40000153,51.09999847
02/12/2025,69.80000305,38.79999924,43.59999847,51.20000076
02/12/2025,69.80000305,38.79999924,43.79999924,51.20000076
02/12/2025,69.69999695,38.79999924,43.79999924,51.29999924
02/12/2025,69.80000305,38.79999924,43.90000153,51.29999924
02/12/2025,69.80000305,38.79999924,43.90000153,51.5
02/12/2025,69.80000305,38.79999924,44,51.5
02/12/2025,69.80000305,38.79999924,44.09999847,51.59999847
02/12/2025,69.80000305,38.79999924,44.09999847,51.70000076
02/12/2025,69.90000153,38.79999924,44.20000076,51.70000076
02/12/2025,69.90000153,38.90000153,44.20000076,51.79999924
02/12/2025,69.90000153,38.79999924,44.20000076,51.90000153
02/12/2025,70,38.79999924,44.40000153,52
02/12/2025,70,38.79999924,44.40000153,52.09999847
02/12/2025,70,38.79999924,44.59999847,52.09999847
02/12/2025,70,38.79999924,44.59999847,52.20000076
02/12/2025,70,38.79999924,44.79999924,52.20000076
02/12/2025,70,38.90000153,44.79999924,52.29999924
02/12/2025,70,38.79999924,44.90000153,52.5
02/12/2025,70,38.79999924,45.09999847,52.5
02/12/2025,70,38.79999924,45.09999847,52.5
02/12/2025,70,39,45.20000076,52.59999847
02/12/2025,70,38.79999924,45.29999924,52.59999847
02/12/2025,70,38.79999924,45.40000153,52.59999847
02/12/2025,70,38.79999924,45.5,52.70000076
02/12/2025,69.90000153,38.79999924,45.59999847,52.79999924
02/12/2025,69.90000153,38.79999924,45.5,52.79999924
02/12/2025,69.80000305,39,45.70000076,53
02/12/2025,69.80000305,38.79999924,45.79999924,53
02/12/2025,69.80000305,38.79999924,45.90000153,53.09999847
02/12/2025,69.80000305,38.79999924,46.09999847,53.09999847
02/12/2025,69.80000305,38.79999924,46.09999847,53.20000076
02/12/2025,69.80000305,38.79999924,46.09999847,53.20000076
02/12/2025,69.80000305,38.79999924,46.29999924,53.29999924
02/12/2025,69.80000305,38.90000153,46.29999924,53.40000153
02/12/2025,69.69999695,38.79999924,46.29999924,53.5
02/12/2025,69.59999847,38.79999924,46.5,53.59999847
02/12/2025,69.80000305,38.79999924,46.5,53.59999847
02/12/2025,69.69999695,38.79999924,46.5,53.70000076
02/12/2025,69.80000305,38.79999924,46.70000076,53.79999924
02/12/2025,69.69999695,38.79999924,46.70000076,53.90000153
02/12/2025,69.59999847,38.79999924,46.79999924,53.90000153
02/12/2025,69.80000305,38.79999924,46.90000153,54
02/12/2025,69.80000305,38.70000076,47,54.09999847
02/12/2025,69.80000305,38.79999924,47.09999847,54.09999847
02/12/2025,69.80000305,38.79999924,47.20000076,54.20000076
02/12/2025,69.80000305,38.79999924,47.20000076,54.29999924
02/12/2025,69.80000305,38.79999924,47.20000076,54.40000153
02/12/2025,69.80000305,38.79999924,47.29999924,54.5
02/12/2025,69.80000305,38.79999924,47.5,54.5
02/12/2025,69.80000305,38.70000076,47.5,54.5
02/12/2025,69.80000305,38.70000076,47.59999847,54.59999847
02/12/2025,69.80000305,38.59999847,47.59999847,54.79999924
02/12/2025,69.80000305,38.59999847,47.79999924,54.90000153
02/12/2025,69.80000305,38.59999847,47.90000153,55
02/12/2025,69.80000305,38.59999847,47.90000153,55.09999847
02/12/2025,69.80000305,38.40000153,48,55.09999847
02/12/2025,69.80000305,38.59999847,48,55.20000076
02/12/2025,69.80000305,38.5,48.09999847,55.29999924
02/12/2025,69.80000305,38.40000153,48.20000076,55.29999924
02/12/2025,69.80000305,38.40000153,48.20000076,55.40000153
02/12/2025,69.59999847,38.20000076,48.29999924,55.40000153
02/12/2025,69.69999695,38.20000076,48.29999924,55.59999847
02/12/2025,69.59999847,38.09999847,48.5,55.59999847
02/12/2025,69.59999847,38.09999847,48.5,55.79999924
02/12/2025,69.59999847,38,48.59999847,55.79999924
02/12/2025,69.59999847,38,48.70000076,55.90000153
02/12/2025,69.59999847,38,48.79999924,56
02/12/2025,69.5,37.90000153,48.90000153,56
02/12/2025,69.5,37.79999924,48.90000153,56
02/12/2025,69.5,38,48.90000153,56.20000076
02/12/2025,69.5,38,49,56.29999924
02/12/2025,69.40000153,38.09999847,49.09999847,56.40000153
02/12/2025,69.5,38.29999924,49.09999847,56.40000153
02/12/2025,69.5,38.70000076,49.09999847,56.5
02/12/2025,69.59999847,39,49.20000076,56.5
02/12/2025,69.5,39.5,49.29999924,56.59999847
02/12/2025,69.59999847,40.79999924,49.40000153,56.59999847
02/12/2025,69.59999847,42.09999847,49.5,56.70000076
02/12/2025,69.59999847,43.40000153,49.59999847,56.70000076
02/12/2025,69.59999847,45.09999847,49.59999847,56.79999924
02/12/2025,69.59999847,46.79999924,49.70000076,56.90000153
02/12/2025,69.59999847,48.29999924,49.70000076,57
02/12/2025,69.59999847,49.09999847,49.79999924,57
02/12/2025,69.59999847,49.90000153,49.79999924,57.09999847
02/12/2025,69.59999847,50.59999847,50,57.09999847
02/12/2025,69.59999847,51.09999847,50,57.20000076
02/12/2025,69.59999847,51.70000076,50,57.29999924
02/12/2025,69.59999847,52,50.09999847,57.29999924
02/12/2025,69.5,52.20000076,50.20000076,57.5
02/12/2025,69.5,52.40000153,50.29999924,57.5
02/12/2025,69.5,52.29999924,50.29999924,57.5
02/12/2025,69.5,52.40000153,50.40000153,57.59999847
02/12/2025,69.5,52.59999847,50.40000153,57.70000076
02/12/2025,69.5,52.79999924,50.5,57.79999924
02/12/2025,69.40000153,52.79999924,50.59999847,57.90000153
02/12/2025,69.40000153,53,50.59999847,57.90000153
02/12/2025,69.30000305,53.20000076,50.59999847,57.90000153
02/12/2025,69.40000153,53.5,50.79999924,58
02/12/2025,69.40000153,53.79999924,50.79999924,58.09999847
02/12/2025,69.40000153,53.90000153,50.79999924,58.20000076
02/12/2025,69.30000305,54.09999847,50.90000153,58.20000076
02/12/2025,69.30000305,54.20000076,51,58.20000076
02/12/2025,69.30000305,54.29999924,51,58.40000153
02/12/2025,69.30000305,54.29999924,51.09999847,58.40000153
02/12/2025,69.30000305,54.5,51.09999847,58.40000153
02/12/2025,69.30000305,54.59999847,51.09999847,58.5
02/12/2025,69.30000305,54.59999847,51.20000076,58.59999847
02/12/2025,69.30000305,54.5,51.20000076,58.79999924
02/12/2025,69.30000305,54.5,51.29999924,58.79999924
02/12/2025,69.30000305,54.59999847,51.40000153,58.79999924
02/12/2025,69.19999695,54.70000076,51.40000153,58.90000153
02/12/2025,69.30000305,54.5,51.5,59
02/12/2025,69.30000305,54.59999847,51.5,59
02/12/2025,69.30000305,55,51.59999847,59.09999847
02/12/2025,69.19999695,54.70000076,51.59999847,59.20000076
02/12/2025,69.30000305,55.09999847,51.70000076,59.29999924
02/12/2025,69.30000305,55,51.70000076,59.29999924
02/12/2025,69.30000305,55,51.79999924,59.40000153
02/12/2025,69.30000305,54.90000153,51.79999924,59.40000153
02/12/2025,69.30000305,55,51.90000153,59.5
02/12/2025,69.30000305,54.90000153,52,59.59999847
02/12/2025,69.30000305,55,52.09999847,59.70000076
02/12/2025,69.30000305,55.20000076,52.09999847,59.70000076
02/12/2025,69.30000305,55.40000153,52.09999847,59.79999924
02/12/2025,69.30000305,55.59999847,52.09999847,59.90000153
02/12/2025,69.30000305,55.79999924,52.20000076,60.09999847
02/12/2025,69.30000305,56,52.20000076,60.09999847
02/12/2025,69.30000305,56.29999924,52.29999924,60.20000076
02/12/2025,69.09999847,56.70000076,52.40000153,60.20000076
02/12/2025,69.09999847,56.79999924,52.5,60.29999924
02/12/2025,69.09999847,57,52.5,60.5
02/12/2025,69.09999847,57.29999924,52.5,60.5
02/12/2025,69.19999695,57.29999924,52.59999847,60.5
02/12/2025,69.19999695,57.29999924,52.59999847,60.5
02/12/2025,69.19999695,57.29999924,52.59999847,60.70000076
02/12/2025,69.09999847,57.59999847,52.59999847,60.70000076
02/12/2025,69.09999847,57.59999847,52.70000076,60.79999924
02/12/2025,69.09999847,58.40000153,52.79999924,60.79999924
02/12/2025,69,58.79999924,52.79999924,61
02/12/2025,69,59.5,52.79999924,61
02/12/2025,69,60.29999924,52.90000153,61
02/12/2025,69.09999847,60.90000153,52.79999924,61.09999847
02/12/2025,69,61.29999924,52.90000153,61.20000076
02/12/2025,69.09999847,61.59999847,53,61.20000076
02/12/2025,69,61.90000153,53.09999847,61.20000076
02/12/2025,69,62.20000076,53.09999847,61.29999924
02/12/2025,69,62.5,53.20000076,61.40000153
02/12/2025,69,62.70000076,53.20000076,61.5
02/12/2025,69.09999847,62.70000076,53.20000076,61.59999847
02/12/2025,69.09999847,62.79999924,53.20000076,61.59999847
02/12/2025,69.09999847,62.90000153,53.40000153,61.59999847
02/12/2025,69.09999847,63,53.40000153,61.70000076
02/12/2025,69.09999847,63.29999924,53.40000153,61.79999924
02/12/2025,69.09999847,63.29999924,53.40000153,61.90000153
02/12/2025,69.09999847,63.40000153,53.40000153,61.90000153
02/12/2025,69.19999695,63.59999847,53.5,62
02/12/2025,69.09999847,63.79999924,53.59999847,62
02/12/2025,69.09999847,63.90000153,53.59999847,62
02/12/2025,69.09999847,64.19999695,53.59999847,62.09999847
02/12/2025,69.09999847,64.19999695,53.59999847,62.20000076
02/12/2025,69.09999847,64.19999695,53.59999847,62.20000076
02/12/2025,69.09999847,64.30000305,53.79999924,62.20000076
02/12/2025,69.09999847,64.40000153,53.79999924,62.29999924
02/12/2025,69,64.40000153,53.79999924,62.40000153
02/12/2025,69.09999847,64.30000305,53.79999924,62.40000153
02/12/2025,69.09999847,64.19999695,53.90000153,62.29999924
02/12/2025,69,64.19999695,53.90000153,62.5
02/12/2025,69,64.30000305,53.90000153,62.40000153
02/12/2025,68.90000153,64.19999695,53.90000153,62.5
02/12/2025,68.90000153,64.30000305,54,62.59999847
02/12/2025,68.90000153,64.30000305,54,62.59999847
02/12/2025,68.90000153,64.30000305,54.09999847,62.59999847
02/12/2025,68.90000153,64.30000305,54.09999847,62.59999847
02/12/2025,68.90000153,64.30000305,54.09999847,62.70000076
02/12/2025,68.90000153,64.19999695,54.20000076,62.70000076
02/12/2025,68.90000153,64.19999695,54.20000076,62.79999924
02/12/2025,69,64.19999695,54.20000076,62.70000076
02/12/2025,69,63.79999924,54.29999924,62.79999924
02/12/2025,69,63.40000153,54.29999924,62.90000153
02/12/2025,69,61.40000153,54.29999924,62.90000153
02/12/2025,69.09999847,59.70000076,54.40000153,62.79999924
02/12/2025,69.09999847,58.79999924,54.29999924,62.90000153
02/12/2025,69,58.20000076,54.40000153,62.79999924
02/12/2025,69,57.90000153,54.40000153,62.90000153
02/12/2025,69,58,54.5,62.90000153
02/12/2025,69,57.79999924,54.5,62.90000153
02/12/2025,69,57.29999924,54.5,63
02/12/2025,69,56.20000076,54.59999847,63
02/12/2025,69,48.70000076,54.59999847,63
02/12/2025,69,44.5,54.70000076,63.09999847
02/12/2025,69,36.70000076,54.70000076,63
02/12/2025,69,34.79999924,54.70000076,63.09999847
02/12/2025,69,35,54.70000076,63.09999847
02/12/2025,68.90000153,35.79999924,54.79999924,63.09999847
02/12/2025,69,36.5,54.79999924,63.09999847
02/12/2025,68.90000153,37.09999847,54.79999924,63.09999847
02/12/2025,68.90000153,37.59999847,54.90000153,63.09999847
02/12/2025,69,38,55,63.09999847
02/12/2025,69,38.20000076,54.90000153,63.20000076
02/12/2025,68.90000153,38.40000153,55,63.29999924
02/12/2025,69,38.79999924,55.09999847,63.20000076
02/12/2025,69,40,55.09999847,63.20000076
02/12/2025,69,41.20000076,55.09999847,63.20000076
02/12/2025,69,42.29999924,55.09999847,63.29999924
02/12/2025,69,43.20000076,55.09999847,63.29999924
02/12/2025,69,44.40000153,55.20000076,63.29999924
02/12/2025,69,45.5,55.20000076,63.29999924
02/12/2025,69,45.40000153,55.20000076,63.29999924
02/12/2025,69,44.5,55.20000076,63.29999924
02/12/2025,69,43.5,55.29999924,63.29999924
02/12/2025,69,42.70000076,55.29999924,63.40000153
02/12/2025,69,42.09999847,55.40000153,63.40000153
02/12/2025,69,41.59999847,55.29999924,63.40000153
02/12/2025,69,41.40000153,55.40000153,63.29999924
02/12/2025,69,41.20000076,55.40000153,63.40000153
02/12/2025,68.90000153,41.09999847,55.40000153,63.5
02/12/2025,68.90000153,41,55.5,63.5
02/12/2025,68.90000153,40.79999924,55.5,63.5
02/12/2025,68.80000305,40.40000153,55.40000153,63.5
02/12/2025,68.90000153,39.79999924,55.5,63.5
02/12/2025,68.90000153,39.29999924,55.59999847,63.5
02/12/2025,68.90000153,38.90000153,55.59999847,63.5
02/12/2025,68.90000153,38.5,55.59999847,63.5
02/12/2025,69,38.20000076,55.59999847,63.5
02/12/2025,68.90000153,37.79999924,55.59999847,63.5
02/12/2025,69,37.59999847,55.70000076,63.5
02/12/2025,69,36.09999847,55.59999847,63.59999847
02/12/2025,69,31,55.59999847,63.59999847
02/12/2025,69,25.89999962,55.70000076,63.59999847
02/12/2025,69,22.5,55.59999847,63.59999847
02/12/2025,68.90000153,20.39999962,55.79999924,63.70000076
02/12/2025,69,18.70000076,55.79999924,63.70000076
02/12/2025,69,17.60000038,55.79999924,63.59999847
02/12/2025,69,16.5,55.79999924,63.70000076
02/12/2025,69,15.5,55.79999924,63.70000076
02/12/2025,69,14.80000019,55.79999924,63.70000076
02/12/2025,69,14.10000038,55.79999924,63.70000076
02/12/2025,69,13.60000038,55.90000153,63.70000076
02/12/2025,68.90000153,13.19999981,56,63.70000076
02/12/2025,68.90000153,12.80000019,55.79999924,63.70000076
02/12/2025,68.90000153,12.60000038,56,63.70000076
02/12/2025,68.80000305,12.19999981,56,63.70000076
02/12/2025,68.80000305,12,56,63.79999924
02/12/2025,68.80000305,11.80000019,56,63.70000076
02/12/2025,68.90000153,11.80000019,56.20000076,63.79999924
02/12/2025,68.90000153,11.60000038,56,63.79999924
02/12/2025,68.90000153,11.5,56.09999847,63.70000076
02/12/2025,68.90000153,11.39999962,56.09999847,63.70000076
02/12/2025,68.80000305,11.39999962,56.09999847,63.70000076
02/12/2025,68.69999695,11.5,56.20000076,63.79999924
02/12/2025,68.69999695,11.5,56.20000076,63.79999924
02/12/2025,68.80000305,11.39999962,56.20000076,63.70000076
02/12/2025,68.80000305,11.30000019,56.20000076,63.70000076
02/12/2025,68.69999695,11.30000019,56.29999924,63.79999924
02/12/2025,68.80000305,11.10000038,56.29999924,63.70000076
02/12/2025,68.80000305,11,56.29999924,63.79999924
02/12/2025,68.90000153,10.89999962,56.29999924,63.70000076
02/12/2025,68.90000153,10.80000019,56.29999924,63.70000076
02/12/2025,68.90000153,10.69999981,56.40000153,63.79999924
02/12/2025,68.90000153,10.69999981,56.40000153,63.70000076
02/12/2025,68.80000305,10.69999981,56.29999924,63.79999924
02/12/2025,68.80000305,10.5,56.40000153,63.79999924
02/12/2025,68.80000305,10.5,56.29999924,63.79999924
02/12/2025,68.80000305,10.30000019,56.40000153,63.79999924
02/12/2025,68.80000305,10.19999981,56.40000153,63.79999924
02/12/2025,68.69999695,10.19999981,56.40000153,63.79999924
02/12/2025,68.69999695,10.19999981,56.40000153,63.79999924
02/12/2025,68.69999695,10,56.40000153,63.70000076
02/12/2025,68.69999695,10,56.5,63.79999924
02/12/2025,68.59999847,10,56.5,63.79999924
02/12/2025,68.59999847,10,56.59999847,63.79999924
02/12/2025,68.59999847,10,56.59999847,63.79999924
02/12/2025,68.59999847,9.899999619,56.59999847,63.79999924
02/12/2025,68.59999847,9.899999619,56.59999847,63.79999924
02/12/2025,68.69999695,9.800000191,56.70000076,63.79999924
02/12/2025,68.69999695,9.800000191,56.59999847,63.79999924
02/12/2025,68.69999695,9.800000191,56.70000076,63.79999924
02/12/2025,68.69999695,9.699999809,56.59999847,63.79999924
02/12/2025,68.69999695,9.600000381,56.59999847,63.79999924
02/12/2025,68.69999695,9.600000381,56.70000076,63.79999924
02/12/2025,68.69999695,9.600000381,56.70000076,63.79999924
02/12/2025,68.69999695,9.600000381,56.70000076,63.79999924
02/12/2025,68.69999695,9.399999619,56.70000076,63.79999924
02/12/2025,68.69999695,9.399999619,56.70000076,63.79999924
02/12/2025,68.69999695,9.300000191,56.70000076,63.79999924
02/12/2025,68.69999695,9.199999809,56.70000076,63.79999924
02/12/2025,68.69999695,9.199999809,56.79999924,63.79999924
02/12/2025,68.69999695,9.100000381,56.70000076,63.79999924
02/12/2025,68.69999695,9,56.90000153,63.79999924
02/12/2025,68.69999695,9,56.90000153,63.79999924
02/12/2025,68.69999695,8.899999619,56.90000153,63.79999924
02/12/2025,68.59999847,8.699999809,56.90000153,63.79999924
02/12/2025,68.59999847,8.699999809,56.90000153,63.79999924
02/12/2025,68.59999847,8.600000381,56.90000153,63.79999924
02/12/2025,68.69999695,8.5,56.90000153,63.79999924
02/12/2025,68.59999847,8.5,56.79999924,63.79999924
02/12/2025,68.59999847,8.5,56.90000153,63.79999924
02/12/2025,68.59999847,8.399999619,56.90000153,63.79999924
02/12/2025,68.59999847,8.300000191,56.90000153,63.79999924
02/12/2025,68.59999847,8.399999619,57,63.79999924
02/12/2025,68.59999847,8.300000191,57,63.79999924
02/12/2025,68.59999847,8.300000191,57,63.79999924
02/12/2025,68.59999847,8.300000191,56.90000153,63.79999924
02/12/2025,68.59999847,8.199999809,57,63.79999924
02/12/2025,68.59999847,8.100000381,57.09999847,63.79999924
02/12/2025,68.69999695,8.100000381,57.09999847,63.79999924
02/12/2025,68.69999695,8,57.09999847,63.79999924
02/12/2025,68.69999695,7.900000095,57.09999847,63.79999924
02/12/2025,68.69999695,7.900000095,57.09999847,63.79999924
02/12/2025,68.69999695,7.800000191,57.20000076,63.79999924
02/12/2025,68.69999695,7.800000191,57.20000076,63.79999924
02/12/2025,68.59999847,7.699999809,57.29999924,63.79999924
02/12/2025,68.69999695,7.699999809,57.20000076,63.79999924
02/12/2025,68.69999695,7.699999809,57.20000076,63.79999924
02/12/2025,68.69999695,7.699999809,57.29999924,63.79999924
02/12/2025,68.69999695,7.800000191,57.29999924,63.79999924
02/12/2025,68.69999695,7.800000191,57.29999924,63.79999924
02/12/2025,68.69999695,7.900000095,57.29999924,63.79999924
02/12/2025,68.59999847,8,57.29999924,63.79999924
02/12/2025,68.69999695,8.100000381,57.29999924,63.79999924
02/12/2025,68.69999695,8.100000381,57.29999924,63.79999924
02/12/2025,68.69999695,7.900000095,57.29999924,63.79999924
02/12/2025,68.69999695,7.900000095,57.29999924,63.79999924
02/12/2025,68.69999695,7.800000191,57.29999924,63.79999924
02/12/2025,68.69999695,7.800000191,57.29999924,63.79999924
02/12/2025,68.80000305,7.699999809,57.29999924,63.79999924
02/12/2025,68.69999695,7.599999905,57.29999924,63.79999924
02/12/2025,68.69999695,7.599999905,57.29999924,63.79999924
02/12/2025,68.69999695,7.599999905,57.40000153,63.79999924
02/12/2025,68.59999847,7.599999905,57.40000153,63.79999924
02/12/2025,68.5,7.599999905,57.40000153,63.79999924
02/12/2025,68.40000153,7.599999905,57.40000153,63.79999924
02/12/2025,68.30000305,7.699999809,57.40000153,63.79999924
02/12/2025,68.19999695,7.699999809,57.40000153,63.79999924
02/12/2025,68.09999847,7.699999809,57.5,63.79999924
02/12/2025,68.09999847,7.699999809,57.29999924,63.79999924
02/12/2025,68.19999695,7.699999809,57.40000153,63.79999924
02/12/2025,68.19999695,7.699999809,57.40000153,63.79999924
02/12/2025,68.30000305,7.699999809,57.40000153,63.79999924
02/12/2025,68.30000305,7.699999809,57.40000153,63.70000076
02/12/2025,68.30000305,7.800000191,57.29999924,63.70000076
02/12/2025,68.40000153,7.900000095,57.40000153,63.70000076
02/12/2025,68.30000305,7.900000095,57.40000153,63.59999847
02/12/2025,68.30000305,7.900000095,57.40000153,63.59999847
02/12/2025,68.30000305,7.900000095,57.40000153,63.5
02/12/2025,68.40000153,7.900000095,57.40000153,63.5
02/12/2025,68.40000153,7.900000095,57.29999924,63.5
02/12/2025,68.30000305,7.900000095,57.40000153,63.40000153
02/12/2025,68.30000305,7.900000095,57.40000153,63.40000153
02/12/2025,68.30000305,7.900000095,57.40000153,63.29999924
02/12/2025,68.30000305,7.900000095,57.29999924,63.29999924
02/12/2025,68.30000305,7.900000095,57.40000153,63.20000076
02/12/2025,68.19999695,7.900000095,57.29999924,63.29999924
02/12/2025,68.19999695,8,57.29999924,63.29999924
02/12/2025,68.09999847,7.900000095,57.29999924,63.09999847
02/12/2025,68.09999847,7.900000095,57.29999924,63.09999847
02/12/2025,68.09999847,7.900000095,57.29999924,63.09999847
02/12/2025,68.09999847,7.900000095,57.29999924,62.90000153
02/12/2025,68.09999847,7.800000191,57.09999847,62.90000153
02/12/2025,68,7.800000191,57.09999847,62.90000153
02/12/2025,67.90000153,7.800000191,57.09999847,62.79999924
02/12/2025,67.59999847,7.800000191,57.09999847,62.79999924
02/12/2025,67.40000153,7.900000095,57.20000076,62.90000153
02/12/2025,67.09999847,7.800000191,57.09999847,62.90000153
02/12/2025,66.80000305,7.800000191,57.09999847,62.79999924
02/12/2025,66.59999847,7.900000095,57.09999847,62.59999847
02/12/2025,66.30000305,7.800000191,57.20000076,62.5
02/12/2025,66.30000305,7.900000095,57.09999847,62.5
02/12/2025,66.30000305,7.800000191,57.09999847,62.5
02/12/2025,66.40000153,7.800000191,57.09999847,62.5
02/12/2025,66.59999847,7.900000095,57.09999847,62.70000076
02/12/2025,66.80000305,7.800000191,57.09999847,62.70000076
02/12/2025,67,7.699999809,57.09999847,62.40000153
02/12/2025,67.19999695,7.800000191,57.09999847,61.90000153
02/12/2025,67.30000305,7.800000191,57.09999847,61.40000153
02/12/2025,67.5,7.800000191,57.09999847,61.09999847
02/12/2025,67.59999847,7.800000191,57.20000076,60.79999924
02/12/2025,67.59999847,7.900000095,57.09999847,60.59999847
02/12/2025,67.69999695,7.800000191,57.09999847,60.40000153
02/12/2025,67.80000305,7.800000191,57.09999847,60.20000076
02/12/2025,67.90000153,7.800000191,57.20000076,60
02/12/2025,67.90000153,7.800000191,57.20000076,59.90000153
02/12/2025,67.90000153,7.800000191,57.29999924,59.70000076
02/12/2025,68,7.900000095,57.29999924,59.40000153
02/12/2025,68.09999847,7.800000191,57.29999924,59.29999924
02/12/2025,68.09999847,7.900000095,57.29999924,59.20000076
02/12/2025,68.09999847,7.900000095,57.29999924,59
02/12/2025,68.30000305,7.900000095,57.29999924,58.90000153
02/12/2025,68.30000305,7.699999809,57.29999924,58.79999924
02/12/2025,68.30000305,7.699999809,57.40000153,58.59999847
02/12/2025,68.5,7.699999809,57.40000153,58.59999847
02/12/2025,68.30000305,7.599999905,57.40000153,58.40000153
02/12/2025,68.40000153,7.5,57.40000153,58.09999847
02/12/2025,68.40000153,7.5,57.40000153,58
02/12/2025,68.40000153,7.5,57.40000153,57.79999924
02/12/2025,68.40000153,7.5,57.40000153,57.59999847
02/12/2025,68.40000153,7.5,57.5,57.40000153
02/12/2025,68.30000305,7.400000095,57.40000153,57.20000076
02/12/2025,68.40000153,7.400000095,57.5,56.90000153
02/12/2025,68.30000305,7.300000191,57.5,56.70000076
02/12/2025,68.30000305,7.300000191,57.5,56.59999847
02/12/2025,68.40000153,7.199999809,57.5,56.40000153
02/12/2025,68.40000153,7.199999809,57.5,56.20000076
02/12/2025,68.30000305,7,57.5,56.20000076
02/12/2025,68.30000305,7,57.5,56
02/12/2025,68.40000153,7,57.59999847,55.90000153
02/12/2025,68.5,7,57.5,55.79999924
02/12/2025,68.5,6.900000095,57.59999847,55.59999847
02/12/2025,68.5,6.900000095,57.59999847,55.59999847
02/12/2025,68.5,7,57.59999847,55.5
02/12/2025,68.5,7,57.70000076,55.40000153
02/12/2025,68.5,7,57.70000076,55.29999924
02/12/2025,68.5,7,57.70000076,55.09999847
02/12/2025,68.5,7,57.79999924,55.09999847
02/12/2025,68.5,6.900000095,57.79999924,55.09999847
02/12/2025,68.5,7,57.79999924,55
02/12/2025,68.5,7,57.70000076,54.90000153
02/12/2025,68.5,7,57.79999924,54.90000153
02/12/2025,68.5,7,57.79999924,54.79999924
02/12/2025,68.5,7,57.90000153,54.70000076
02/12/2025,68.5,7,57.90000153,54.59999847
02/12/2025,68.5,7,57.90000153,54.5
02/12/2025,68.5,6.900000095,57.90000153,54.5
02/12/2025,68.5,7,57.90000153,54.29999924
02/12/2025,68.69999695,7,57.90000153,54.20000076
02/12/2025,68.59999847,7,58,54.20000076
02/12/2025,68.59999847,7,58,54.20000076
02/12/2025,68.59999847,7,57.90000153,54.09999847
02/12/2025,68.69999695,7,58,54.09999847
02/12/2025,68.69999695,7.099999905,58,54.09999847
02/12/2025,68.69999695,7,58,54
02/12/2025,68.69999695,6.900000095,58,53.90000153
02/12/2025,68.69999695,6.900000095,58,53.90000153
02/12/2025,68.69999695,6.900000095,58.09999847,53.90000153
02/12/2025,68.69999695,6.900000095,58.09999847,53.90000153
02/12/2025,68.69999695,6.900000095,58.09999847,53.79999924
02/12/2025,68.69999695,6.900000095,58.09999847,53.79999924
02/12/2025,68.59999847,7,58.09999847,53.79999924
02/12/2025,68.59999847,6.900000095,58.20000076,53.79999924
02/12/2025,68.30000305,6.900000095,58.20000076,53.79999924
02/12/2025,68.09999847,6.900000095,58.20000076,53.79999924
02/12/2025,67.80000305,6.900000095,58.20000076,53.79999924
02/12/2025,67.59999847,6.900000095,58.20000076,53.79999924
02/12/2025,67.30000305,6.900000095,58.20000076,53.70000076
02/12/2025,67.30000305,6.900000095,58.29999924,53.70000076
02/12/2025,67.09999847,6.900000095,58.29999924,53.79999924
02/12/2025,67,6.900000095,58.29999924,53.70000076
02/12/2025,66.80000305,6.900000095,58.29999924,53.70000076
02/12/2025,66.59999847,6.800000191,58.29999924,53.59999847
02/12/2025,66.59999847,6.800000191,58.40000153,53.59999847
02/12/2025,66.40000153,6.800000191,58.40000153,53.59999847
02/12/2025,66.40000153,6.800000191,58.40000153,53.5
02/12/2025,66.30000305,6.800000191,58.40000153,53.5
02/12/2025,66.40000153,6.800000191,58.40000153,53.40000153
02/12/2025,66.30000305,6.800000191,58.40000153,53.40000153
02/12/2025,66.30000305,6.800000191,58.5,53.40000153
02/12/2025,66.19999695,6.800000191,58.5,53.29999924
02/12/2025,66.09999847,6.800000191,58.5,53.29999924
02/12/2025,66,6.800000191,58.5,53.29999924
02/12/2025,65.90000153,6.800000191,58.5,53.20000076
02/12/2025,65.30000305,6.800000191,58.59999847,53.20000076
02/12/2025,64.69999695,6.900000095,58.59999847,53.20000076
02/12/2025,63.79999924,6.800000191,58.59999847,53.20000076
02/12/2025,63.29999924,6.800000191,58.59999847,53.29999924
02/12/2025,62.20000076,6.800000191,58.59999847,53.40000153
02/12/2025,61.20000076,6.800000191,58.59999847,53.20000076
02/12/2025,60,6.800000191,58.70000076,53.20000076
02/12/2025,58.79999924,6.800000191,58.70000076,53.20000076
02/12/2025,58.09999847,6.800000191,58.70000076,53.20000076
02/12/2025,58.09999847,6.800000191,58.70000076,53.20000076
02/12/2025,57.90000153,6.800000191,58.70000076,53.20000076
02/12/2025,57.40000153,6.800000191,58.79999924,53.20000076
02/12/2025,56.90000153,6.800000191,58.79999924,53.20000076
02/12/2025,56.40000153,6.800000191,58.79999924,53.20000076
02/12/2025,55.5,6.800000191,58.79999924,53.20000076
02/12/2025,55.09999847,6.800000191,58.79999924,53.20000076
02/12/2025,54.5,6.800000191,58.79999924,53.20000076
02/12/2025,53.90000153,6.800000191,58.79999924,53.20000076
02/12/2025,53.40000153,6.800000191,58.79999924,53.20000076
02/12/2025,52.90000153,6.800000191,58.79999924,53.20000076
02/12/2025,52.79999924,6.800000191,58.90000153,53.20000076
02/12/2025,53,6.800000191,58.79999924,53.09999847
02/12/2025,53.09999847,6.800000191,58.79999924,53.20000076
02/12/2025,53.40000153,6.800000191,58.90000153,53.20000076
02/12/2025,53.40000153,6.800000191,58.90000153,53.20000076
02/12/2025,53.40000153,6.800000191,58.90000153,53.20000076
02/12/2025,53.40000153,6.800000191,58.90000153,53.20000076
02/12/2025,53.5,6.699999809,58.90000153,53.20000076
02/12/2025,53.20000076,6.699999809,59,53.20000076
02/12/2025,52.79999924,6.800000191,59,53.09999847
02/12/2025,52.5,6.800000191,59.09999847,53.20000076
02/12/2025,52.09999847,6.800000191,59,53.20000076
02/12/2025,51.29999924,6.800000191,59,53.20000076
02/12/2025,50.79999924,6.800000191,59.09999847,53.20000076
02/12/2025,50.59999847,6.800000191,59.09999847,53.20000076
02/12/2025,50.79999924,6.800000191,59.09999847,53.20000076
02/12/2025,50.79999924,6.699999809,59.09999847,53.20000076
02/12/2025,50.40000153,6.800000191,59.09999847,53.20000076
02/12/2025,50,6.800000191,59.09999847,53.20000076
02/12/2025,49.79999924,6.699999809,59.20000076,53.09999847
02/12/2025,49.5,6.800000191,59.09999847,53.20000076
02/12/2025,49.20000076,6.599999905,59.20000076,53.20000076
02/12/2025,48.90000153,6.800000191,59.20000076,53.20000076
02/12/2025,48.79999924,6.699999809,59.09999847,53.20000076
02/12/2025,48.5,6.699999809,59.09999847,53.20000076
02/12/2025,48.20000076,6.800000191,59.20000076,53.20000076
02/12/2025,47.90000153,6.599999905,59.20000076,53.20000076
02/12/2025,47.70000076,6.800000191,59.20000076,53.20000076
02/12/2025,47.59999847,6.699999809,59.20000076,53.20000076
02/12/2025,47.59999847,6.800000191,59.29999924,53.20000076
02/12/2025,47.70000076,6.800000191,59.20000076,53.20000076
02/12/2025,47.59999847,6.800000191,59.29999924,53.20000076
02/12/2025,47.5,6.800000191,59.29999924,53.20000076
02/12/2025,47.20000076,6.800000191,59.29999924,53.20000076
02/12/2025,46.90000153,6.699999809,59.29999924,53.20000076
02/12/2025,46.29999924,6.800000191,59.29999924,53.20000076
02/12/2025,46.09999847,6.699999809,59.29999924,53.20000076
02/12/2025,45.59999847,6.800000191,59.29999924,53.20000076
02/12/2025,45.09999847,6.800000191,59.29999924,53.20000076
02/12/2025,44.5,6.699999809,59.40000153,53.20000076
02/12/2025,44,6.699999809,59.40000153,53.20000076
02/12/2025,43.5,6.699999809,59.40000153,53.20000076
02/12/2025,43.20000076,6.699999809,59.40000153,53.20000076
02/12/2025,42.90000153,6.699999809,59.40000153,53.20000076
02/12/2025,42.70000076,6.699999809,59.40000153,53.20000076
02/12/2025,42.40000153,6.699999809,59.40000153,53.20000076
02/12/2025,42.20000076,6.699999809,59.40000153,53.20000076
02/12/2025,42,6.699999809,59.40000153,53.20000076
02/12/2025,42,6.699999809,59.40000153,53.20000076
02/12/2025,42,6.699999809,59.40000153,53.20000076
02/12/2025,42,6.699999809,59.40000153,53.20000076
02/12/2025,41.79999924,6.599999905,59.40000153,53.20000076
02/12/2025,41.59999847,6.599999905,59.40000153,53.20000076
02/12/2025,41.40000153,6.599999905,59.5,53.29999924
02/12/2025,41.09999847,6.699999809,59.5,53.20000076
02/12/2025,40.90000153,6.599999905,59.5,53.40000153
02/12/2025,40.5,6.599999905,59.40000153,53.40000153
02/12/2025,40.20000076,6.599999905,59.5,53.40000153
02/12/2025,39.90000153,6.599999905,59.5,53.29999924
02/12/2025,39.5,6.599999905,59.5,53.20000076
02/12/2025,39.09999847,6.599999905,59.5,53.40000153
02/12/2025,38.79999924,6.599999905,59.5,53.40000153
02/12/2025,38.5,6.699999809,59.5,53.40000153
02/12/2025,38.20000076,6.900000095,59.59999847,53.40000153
02/12/2025,37.79999924,10.80000019,59.59999847,53.40000153
02/12/2025,37.59999847,13.89999962,59.59999847,53.5
02/12/2025,37.20000076,15.89999962,59.59999847,53.5
02/12/2025,39,17.20000076,59.59999847,53.59999847
02/12/2025,60.59999847,18.29999924,59.59999847,53.59999847
02/12/2025,64.40000153,19.5,59.59999847,53.59999847
02/12/2025,65.90000153,20.29999924,59.59999847,53.59999847
02/12/2025,65.90000153,21.39999962,59.5,53.59999847
02/12/2025,65.59999847,22.60000038,59.59999847,53.59999847
02/12/2025,65,23.79999924,59.59999847,53.59999847
02/12/2025,64.19999695,24.89999962,59.59999847,53.70000076
02/12/2025,63.29999924,26,59.59999847,53.59999847
02/12/2025,62.29999924,27,59.70000076,53.59999847
02/12/2025,61.40000153,27.89999962,59.70000076,53.59999847
02/12/2025,60.59999847,28.89999962,59.70000076,53.59999847
02/12/2025,59.70000076,30,59.70000076,53.59999847
02/12/2025,59.09999847,31.10000038,59.59999847,53.59999847
02/12/2025,58.40000153,32.29999924,59.70000076,53.59999847
02/12/2025,57.70000076,33.5,59.59999847,53.59999847
02/12/2025,57.20000076,34.70000076,59.70000076,53.59999847
02/12/2025,56.70000076,35.79999924,59.70000076,53.70000076
02/12/2025,56.29999924,36.70000076,59.70000076,53.59999847
02/12/2025,55.79999924,37.79999924,59.70000076,53.59999847
02/12/2025,55.29999924,38.79999924,59.70000076,53.59999847
02/12/2025,54.70000076,39.90000153,59.70000076,53.70000076
02/12/2025,54.09999847,40.79999924,59.70000076,53.70000076
02/12/2025,53.90000153,41.70000076,59.70000076,53.70000076
02/12/2025,53.40000153,42.59999847,59.70000076,53.70000076
02/12/2025,53.20000076,43.29999924,59.70000076,53.70000076
02/12/2025,53.20000076,44,59.70000076,53.70000076
02/12/2025,53,44.79999924,59.70000076,53.70000076
02/12/2025,52.59999847,45.29999924,59.70000076,53.70000076
02/12/2025,52.09999847,46,59.70000076,53.70000076
02/12/2025,51.59999847,46.40000153,59.70000076,53.70000076
02/12/2025,51.29999924,46.79999924,59.70000076,53.70000076
02/12/2025,50.90000153,47.20000076,59.70000076,53.59999847
02/12/2025,50.59999847,47.5,59.70000076,53.70000076
02/12/2025,50.5,47.79999924,59.70000076,53.70000076
02/12/2025,50.40000153,48.09999847,59.70000076,53.70000076
02/12/2025,50.09999847,48.5,59.70000076,53.70000076
02/12/2025,49.79999924,48.70000076,59.79999924,53.59999847
02/12/2025,49.40000153,49.09999847,59.70000076,53.70000076
02/12/2025,49,49.40000153,59.70000076,53.70000076
02/12/2025,48.5,49.70000076,59.70000076,53.70000076
02/12/2025,48,50.20000076,59.79999924,53.70000076
02/12/2025,47.59999847,50.5,59.79999924,53.70000076
02/12/2025,47.20000076,50.70000076,59.79999924,53.70000076
02/12/2025,47,51.09999847,59.70000076,53.79999924
02/12/2025,46.70000076,51.29999924,59.70000076,53.70000076
02/12/2025,46.59999847,51.5,59.79999924,53.79999924
02/12/2025,46.5,51.79999924,59.79999924,53.70000076
02/12/2025,46.29999924,51.90000153,59.90000153,53.70000076
02/12/2025,46.59999847,52,59.79999924,53.70000076
02/12/2025,47,52.09999847,59.79999924,53.70000076
02/12/2025,47,52.20000076,59.79999924,53.79999924
02/12/2025,46.79999924,52.20000076,59.79999924,53.79999924
02/12/2025,46.59999847,52.20000076,59.90000153,53.79999924
02/12/2025,46.40000153,52,59.90000153,53.79999924
02/12/2025,46.09999847,52,59.90000153,53.90000153
02/12/2025,45.79999924,51.79999924,59.90000153,53.90000153
02/12/2025,45.5,51.70000076,59.90000153,53.79999924
02/12/2025,45.20000076,51.40000153,59.90000153,53.90000153
02/12/2025,44.90000153,51.09999847,59.90000153,53.90000153
02/12/2025,44.59999847,50.70000076,59.90000153,53.79999924
02/12/2025,44.29999924,50.5,59.90000153,53.90000153
02/12/2025,44.09999847,50.20000076,59.90000153,53.90000153
02/12/2025,43.79999924,49.79999924,59.90000153,53.79999924
02/12/2025,43.5,49.40000153,59.90000153,53.90000153
02/12/2025,43.29999924,49.20000076,59.90000153,53.90000153
02/12/2025,43.20000076,48.79999924,59.90000153,54
02/12/2025,43,48.29999924,59.90000153,53.90000153
02/12/2025,42.90000153,47.79999924,59.90000153,53.90000153
02/12/2025,42.70000076,47.59999847,59.90000153,54
02/12/2025,42.59999847,47.29999924,59.90000153,54
02/12/2025,42.5,47,59.90000153,53.90000153
02/12/2025,42.40000153,46.79999924,59.90000153,54
02/12/2025,42.40000153,46.59999847,59.90000153,54
02/12/2025,42.40000153,46.40000153,59.90000153,54.09999847
02/12/2025,42.40000153,46.20000076,59.90000153,54
02/12/2025,42.29999924,46.20000076,59.90000153,54
02/12/2025,42.40000153,46.20000076,59.90000153,54.09999847
02/12/2025,42.40000153,46.40000153,59.90000153,54.09999847
02/12/2025,42.40000153,46.59999847,60,54.09999847
02/12/2025,42.40000153,46.70000076,59.90000153,54.09999847
02/12/2025,42.40000153,47,59.90000153,54.09999847
02/12/2025,42.40000153,47.09999847,59.90000153,54.09999847
02/12/2025,42.40000153,47.40000153,60.09999847,54.09999847
02/12/2025,42.20000076,47.70000076,60,54.09999847
02/12/2025,42.20000076,48,60,54.09999847
02/12/2025,42.20000076,48.29999924,60,54.09999847
02/12/2025,42,48.70000076,60,54.09999847
02/12/2025,42,48.90000153,60,54.09999847
02/12/2025,42,49.29999924,60,54.09999847
02/12/2025,41.90000153,49.5,60,54.09999847
02/12/2025,41.90000153,49.90000153,60,54.09999847
02/12/2025,41.90000153,50.20000076,60,54.09999847
02/12/2025,41.90000153,50.70000076,60,54.09999847
02/12/2025,41.79999924,51,60,54.09999847
02/12/2025,41.70000076,51.29999924,60,54.09999847
02/12/2025,41.79999924,51.59999847,60.09999847,54.09999847
02/12/2025,41.70000076,51.90000153,60.09999847,54.09999847
02/12/2025,41.70000076,52.20000076,60.09999847,54.09999847
02/12/2025,41.70000076,52.5,60.09999847,54.09999847
02/12/2025,41.59999847,52.79999924,60,54.20000076
02/12/2025,41.59999847,53.20000076,60,54.29999924
02/12/2025,41.5,53.5,60,54.20000076
02/12/2025,41.40000153,53.79999924,60,54.20000076
02/12/2025,41.20000076,54.09999847,60,54.09999847
02/12/2025,41.20000076,54.40000153,60,54.20000076
02/12/2025,41.09999847,54.59999847,60,54.09999847
02/12/2025,41,54.90000153,60,54.20000076
02/12/2025,40.90000153,55,60,54.20000076
02/12/2025,40.90000153,55.29999924,60.09999847,54.20000076
02/12/2025,40.90000153,55.40000153,60.09999847,54.20000076
02/12/2025,40.70000076,55.70000076,60.09999847,54.29999924
02/12/2025,40.79999924,55.90000153,60,54.20000076
02/12/2025,40.90000153,56,60.09999847,54.20000076
02/12/2025,40.79999924,56.20000076,60,54.20000076
02/12/2025,40.90000153,56.20000076,60.09999847,54.20000076
02/12/2025,40.90000153,56.40000153,59.90000153,54.20000076
02/12/2025,41,56.5,60,54.20000076
02/12/2025,41.09999847,56.59999847,59.90000153,54.20000076
02/12/2025,41.09999847,56.59999847,59.90000153,54.29999924
02/12/2025,41.20000076,56.5,60.09999847,54.29999924
02/12/2025,41.20000076,56.59999847,60,54.20000076
02/12/2025,41.20000076,56.5,59.90000153,54.20000076
02/12/2025,41.29999924,56.5,59.90000153,54.20000076
02/12/2025,41.20000076,56.5,59.90000153,54.20000076
02/12/2025,41.20000076,56.5,59.90000153,54.20000076
02/12/2025,41.20000076,56.5,59.90000153,54.29999924
02/12/2025,41.29999924,56.5,59.90000153,54.20000076
02/12/2025,41.40000153,56.29999924,59.90000153,54.20000076
02/12/2025,41.40000153,56.29999924,59.90000153,54.20000076
02/12/2025,41.5,56.20000076,59.90000153,54.29999924
02/12/2025,41.59999847,56.29999924,59.90000153,54.20000076
02/12/2025,41.70000076,56.20000076,59.90000153,54.29999924
02/12/2025,41.79999924,56.20000076,59.90000153,54.20000076
02/12/2025,42,56.20000076,59.90000153,54.29999924
02/12/2025,42,56.20000076,59.90000153,54.29999924
02/12/2025,42.29999924,56.20000076,59.90000153,54.29999924
02/12/2025,42.5,56.20000076,59.90000153,54.20000076
02/12/2025,42.70000076,56.20000076,59.90000153,54.29999924
02/12/2025,42.90000153,56.29999924,59.90000153,54.20000076
02/12/2025,42.90000153,56.29999924,59.90000153,54.29999924
02/12/2025,43.09999847,56.29999924,59.90000153,54.29999924
02/12/2025,43.29999924,56.29999924,59.79999924,54.29999924
02/12/2025,43.29999924,56.40000153,59.90000153,54.29999924
02/12/2025,43.5,56.59999847,59.79999924,54.29999924
02/12/2025,43.70000076,56.59999847,59.79999924,54.29999924
02/12/2025,43.79999924,56.70000076,59.79999924,54.40000153
02/12/2025,43.90000153,56.90000153,59.79999924,54.29999924
02/12/2025,44.09999847,56.90000153,59.79999924,54.40000153
02/12/2025,44.20000076,57.20000076,59.79999924,54.40000153
02/12/2025,44.40000153,57.29999924,59.79999924,54.40000153
02/12/2025,44.5,57.5,59.79999924,54.5
02/12/2025,44.70000076,57.70000076,59.70000076,54.5
02/12/2025,44.90000153,57.79999924,59.70000076,54.5
02/12/2025,45.20000076,58,59.70000076,54.5
02/12/2025,45.5,58.20000076,59.70000076,54.5
02/12/2025,45.90000153,58.29999924,59.70000076,54.5
02/12/2025,46.5,58.59999847,59.70000076,54.5
02/12/2025,46.70000076,58.70000076,59.70000076,54.5
02/12/2025,47,59,59.70000076,54.59999847
02/12/2025,47.09999847,59.09999847,59.70000076,54.59999847
02/12/2025,47.29999924,59.29999924,59.70000076,54.59999847
02/12/2025,47.40000153,59.5,59.70000076,54.59999847
02/12/2025,47.5,59.70000076,59.70000076,54.70000076
02/12/2025,47.70000076,59.90000153,59.70000076,54.70000076
02/12/2025,47.90000153,60.09999847,59.59999847,54.70000076
02/12/2025,48,60.40000153,59.59999847,54.70000076
02/12/2025,48.09999847,60.5,59.59999847,54.70000076
02/12/2025,48.29999924,60.59999847,59.59999847,54.70000076
02/12/2025,48.29999924,60.79999924,59.70000076,54.70000076
02/12/2025,48.5,61,59.59999847,54.79999924
02/12/2025,48.70000076,61.09999847,59.59999847,54.79999924
02/12/2025,48.70000076,61.29999924,59.59999847,54.70000076
02/12/2025,48.79999924,61.40000153,59.5,54.70000076
02/12/2025,48.90000153,61.59999847,59.59999847,54.79999924
02/12/2025,48.90000153,61.59999847,59.5,54.70000076
02/12/2025,49,61.79999924,59.5,54.90000153
02/12/2025,49.09999847,62,59.5,54.90000153
02/12/2025,49.09999847,62,59.5,54.79999924
02/12/2025,49.29999924,62.09999847,59.5,54.90000153
02/12/2025,49.40000153,62.20000076,59.5,54.79999924
02/12/2025,49.5,62.29999924,59.40000153,54.90000153
02/12/2025,49.5,62.29999924,59.5,54.90000153
02/12/2025,49.70000076,62.40000153,59.40000153,54.90000153
02/12/2025,49.79999924,62.5,59.40000153,54.90000153
02/12/2025,49.79999924,62.59999847,59.40000153,54.90000153
02/12/2025,49.90000153,62.59999847,59.40000153,54.90000153
02/12/2025,50,62.70000076,59.40000153,54.90000153
02/12/2025,50.09999847,62.70000076,59.40000153,54.90000153
02/12/2025,50.20000076,62.70000076,59.40000153,55
02/12/2025,50.20000076,62.79999924,59.40000153,55
02/12/2025,50.20000076,62.79999924,59.40000153,54.90000153
02/12/2025,50.20000076,62.79999924,59.40000153,54.90000153
02/12/2025,50.40000153,62.79999924,59.40000153,55
02/12/2025,50.40000153,62.90000153,59.40000153,55
02/12/2025,50.59999847,62.90000153,59.40000153,55
02/12/2025,50.79999924,62.90000153,59.40000153,55
02/12/2025,50.90000153,62.90000153,59.29999924,55
02/12/2025,51,62.90000153,59.29999924,55
02/12/2025,51.09999847,63.09999847,59.29999924,55
02/12/2025,51.29999924,63,59.29999924,55
02/12/2025,51.5,63.09999847,59.29999924,55
02/12/2025,51.59999847,63.09999847,59.29999924,55
02/12/2025,51.70000076,63.09999847,59.29999924,55.09999847
02/12/2025,51.70000076,63.09999847,59.29999924,55
02/12/2025,51.79999924,63.20000076,59.20000076,55
02/12/2025,51.90000153,63.20000076,59.20000076,55
02/12/2025,52,63.29999924,59.20000076,55
02/12/2025,52,63.29999924,59.20000076,55.09999847
02/12/2025,52.09999847,63.40000153,59.20000076,55
02/12/2025,52.09999847,63.40000153,59.20000076,55
02/12/2025,52.20000076,63.40000153,59.20000076,55.09999847
02/12/2025,52.29999924,63.5,59.20000076,55.20000076
02/12/2025,52.29999924,63.5,59.20000076,55.09999847
02/12/2025,52.5,63.5,59.20000076,55.09999847
02/12/2025,52.5,63.5,59.20000076,55.09999847
02/12/2025,52.59999847,63.59999847,59.20000076,55.09999847
02/12/2025,52.59999847,63.5,59.09999847,55.09999847
02/12/2025,52.59999847,63.59999847,59.09999847,55
02/12/2025,52.70000076,63.59999847,59.09999847,55
02/12/2025,52.79999924,63.70000076,59.09999847,55.09999847
02/12/2025,52.79999924,63.70000076,59.09999847,55.09999847
02/12/2025,52.79999924,63.79999924,59.09999847,55.09999847
02/12/2025,52.79999924,63.79999924,59.09999847,55
02/12/2025,53,63.79999924,59.20000076,55.09999847
02/12/2025,53,63.79999924,59.09999847,55.09999847
02/12/2025,53,64,59,55.09999847
02/12/2025,53,64,59.09999847,55.09999847
02/12/2025,53.09999847,63.90000153,59.09999847,55.09999847
02/12/2025,53.09999847,63.90000153,59.09999847,55.09999847
02/12/2025,53.09999847,63.90000153,59.09999847,55.20000076
02/12/2025,53.20000076,64.09999847,59.09999847,55.09999847
02/12/2025,53.20000076,64,59.09999847,55.09999847
02/12/2025,53.20000076,64.09999847,59.09999847,55.09999847
02/12/2025,53.20000076,64.09999847,59,55.09999847
02/12/2025,53.20000076,64.09999847,59,55.09999847
02/12/2025,53.20000076,64.19999695,58.90000153,55.09999847
02/12/2025,53.20000076,64.19999695,59,55.09999847
02/12/2025,53.20000076,64.19999695,59.09999847,55.09999847
02/12/2025,53.29999924,64.19999695,59,55.20000076
02/12/2025,53.20000076,64.19999695,59,55.20000076
02/12/2025,53.20000076,64.19999695,59,55.20000076
02/12/2025,53.20000076,64.19999695,58.90000153,55.09999847
02/12/2025,53.20000076,64.19999695,58.90000153,55.20000076
02/12/2025,53.20000076,64.19999695,58.90000153,55.20000076
02/12/2025,53.20000076,64.19999695,58.90000153,55.29999924
02/12/2025,53.20000076,64.19999695,58.90000153,55.29999924
02/12/2025,53.20000076,64.19999695,58.90000153,55.29999924
02/12/2025,53.20000076,64.19999695,58.90000153,55.29999924
02/12/2025,53.20000076,64.19999695,58.90000153,55.29999924
02/12/2025,53.20000076,64.30000305,58.90000153,55.29999924
02/12/2025,53.20000076,64.19999695,58.90000153,55.29999924
02/12/2025,53.20000076,64.19999695,58.90000153,55.29999924
02/12/2025,53.20000076,64.19999695,58.90000153,55.29999924
02/12/2025,53.20000076,64.30000305,58.79999924,55.29999924
02/12/2025,53.20000076,64.30000305,58.79999924,55.29999924
02/12/2025,53.20000076,64.19999695,58.79999924,55.29999924
02/12/2025,53.20000076,64.19999695,58.79999924,55.29999924
02/12/2025,53.20000076,64.19999695,58.79999924,55.29999924
02/12/2025,53.09999847,64.19999695,58.79999924,55.40000153
02/12/2025,53.09999847,64.30000305,58.79999924,55.29999924
02/12/2025,53.09999847,64.30000305,58.79999924,55.40000153
02/12/2025,53.09999847,64.30000305,58.79999924,55.29999924
02/12/2025,53.09999847,64.19999695,58.79999924,55.29999924
02/12/2025,53.09999847,64.30000305,58.79999924,55.40000153
02/12/2025,53.09999847,64.30000305,58.59999847,55.40000153
02/12/2025,53.09999847,64.30000305,58.79999924,55.40000153
02/12/2025,53.09999847,64.30000305,58.79999924,55.40000153
02/12/2025,53.09999847,64.30000305,58.79999924,55.29999924
02/12/2025,53.09999847,64.30000305,58.79999924,55.40000153
02/12/2025,53.20000076,64.30000305,58.79999924,55.40000153
02/12/2025,53.20000076,64.30000305,58.79999924,55.29999924
02/12/2025,53.20000076,64.30000305,58.70000076,55.40000153
02/12/2025,53.40000153,64.30000305,58.70000076,55.40000153
02/12/2025,53.5,64.30000305,58.70000076,55.40000153
02/12/2025,53.79999924,64.30000305,58.59999847,55.29999924
02/12/2025,54.29999924,64.30000305,58.59999847,55.40000153
02/12/2025,54.90000153,64.30000305,58.59999847,55.40000153
02/12/2025,56,64.30000305,58.59999847,55.40000153
02/12/2025,57.09999847,64.30000305,58.59999847,55.40000153
02/12/2025,59.5,64.30000305,58.5,55.40000153
02/12/2025,64,64.30000305,58.59999847,55.40000153
02/12/2025,65.30000305,64.30000305,58.59999847,55.40000153
02/12/2025,66.59999847,64.30000305,58.59999847,55.29999924
02/12/2025,68.69999695,64.30000305,58.59999847,55.40000153
02/12/2025,70.30000305,64.30000305,58.59999847,55.40000153
02/12/2025,71.30000305,64.30000305,58.5,55.40000153
02/12/2025,72.09999847,64.30000305,58.5,55.5
02/12/2025,72.59999847,64.19999695,58.59999847,55.40000153
02/12/2025,72.90000153,64.30000305,58.5,55.40000153
02/12/2025,73.19999695,64.30000305,58.59999847,55.40000153
02/12/2025,73.40000153,64.19999695,58.40000153,55.40000153
02/12/2025,73.59999847,64.19999695,58.5,55.40000153
02/12/2025,73.69999695,64.19999695,58.40000153,55.40000153
02/12/2025,73.80000305,64.19999695,58.40000153,55.40000153
02/12/2025,73.90000153,64.19999695,58.40000153,55.40000153
02/12/2025,74,64.19999695,58.40000153,55.40000153
02/12/2025,74.09999847,64.19999695,58.40000153,55.40000153
02/12/2025,74.19999695,64.19999695,58.40000153,55.40000153
02/12/2025,74.09999847,64.19999695,58.40000153,55.40000153
02/12/2025,74.09999847,64.19999695,58.40000153,55.40000153
02/12/2025,73.90000153,64.19999695,58.29999924,55.5
02/12/2025,73.19999695,64.19999695,58.29999924,55.5
02/12/2025,72.09999847,64.19999695,58.29999924,55.40000153
02/12/2025,71.30000305,64.19999695,58.29999924,55.5
02/12/2025,70.69999695,64.19999695,58.29999924,55.5
02/12/2025,69.69999695,64.19999695,58.29999924,55.59999847
02/12/2025,69.09999847,64.19999695,58.20000076,55.59999847
02/12/2025,68.5,64.19999695,58.29999924,55.40000153
02/12/2025,68.09999847,64.19999695,58.20000076,55.5
02/12/2025,67.19999695,64.19999695,58.20000076,55.59999847
02/12/2025,66.59999847,64.19999695,58.20000076,55.59999847
02/12/2025,65.80000305,64.19999695,58.09999847,55.59999847
02/12/2025,64.59999847,64.19999695,58.09999847,55.5
02/12/2025,63.5,64.19999695,58.20000076,55.5
02/12/2025,62.5,64.19999695,58.09999847,55.59999847
02/12/2025,60.70000076,64.19999695,58.20000076,55.59999847
02/12/2025,59,64.19999695,58.09999847,55.5
02/12/2025,58.20000076,64.19999695,58.09999847,55.5
02/12/2025,58.70000076,64.19999695,58.09999847,55.5
02/12/2025,58.59999847,64.09999847,58.09999847,55.59999847
02/12/2025,58.40000153,64.19999695,58.09999847,55.59999847
02/12/2025,57.59999847,64.19999695,58.09999847,55.59999847
02/12/2025,56.79999924,64.19999695,58,55.5
02/12/2025,55.90000153,64.19999695,58,55.59999847
02/12/2025,55.09999847,64.19999695,58,55.70000076
02/12/2025,54.70000076,64.19999695,58,55.59999847
02/12/2025,54.40000153,64.19999695,58,55.59999847
02/12/2025,54,64.19999695,58,55.59999847
02/12/2025,53.59999847,64.19999695,57.90000153,55.70000076
02/12/2025,53.20000076,64.19999695,57.90000153,55.79999924
02/12/2025,53,64.19999695,57.90000153,55.79999924
02/12/2025,53,64.09999847,57.90000153,55.70000076
02/12/2025,52.79999924,64.19999695,57.90000153,55.59999847
02/12/2025,53.20000076,64.19999695,57.90000153,55.59999847
02/12/2025,53.90000153,64.19999695,57.90000153,55.70000076
02/12/2025,53.70000076,64,57.90000153,55.59999847
02/12/2025,52.09999847,64,57.79999924,55.59999847
02/12/2025,52.5,64.19999695,57.90000153,55.70000076
02/12/2025,52.79999924,64.19999695,57.79999924,55.70000076
02/12/2025,53.5,64.19999695,57.70000076,55.70000076
02/12/2025,53.59999847,64.19999695,57.70000076,55.70000076
02/12/2025,53.20000076,64.09999847,57.79999924,55.59999847
02/12/2025,52.79999924,64.19999695,57.70000076,55.59999847
02/12/2025,52.5,64.19999695,57.70000076,55.79999924
02/12/2025,52,64.19999695,57.70000076,55.79999924
02/12/2025,51.29999924,64.19999695,57.59999847,55.59999847
02/12/2025,50.79999924,64.19999695,57.59999847,55.59999847
02/12/2025,50.40000153,64.19999695,57.59999847,55.59999847
02/12/2025,50.20000076,64.09999847,57.70000076,55.70000076
02/12/2025,61.20000076,64.19999695,57.59999847,55.79999924
02/12/2025,60.5,64.19999695,57.59999847,55.70000076
02/12/2025,58.90000153,64.09999847,57.59999847,55.70000076
02/12/2025,58.09999847,64.09999847,57.59999847,55.59999847
02/12/2025,57.79999924,64,57.5,55.79999924
02/12/2025,58.59999847,64.19999695,57.5,55.79999924
02/12/2025,58.90000153,64.19999695,57.5,55.70000076
02/12/2025,59,64.19999695,57.5,55.70000076
02/12/2025,58.40000153,64,57.5,55.70000076
02/12/2025,56.29999924,64.09999847,57.5,55.79999924
02/12/2025,52.20000076,64.09999847,57.5,55.79999924
02/12/2025,49.79999924,64.09999847,57.5,55.79999924
02/12/2025,47.79999924,64.09999847,57.40000153,55.79999924
02/12/2025,46.70000076,64.19999695,57.40000153,55.79999924
02/12/2025,46.5,64.19999695,57.40000153,55.79999924
02/12/2025,48,64.19999695,57.40000153,55.79999924
02/12/2025,49.29999924,64.19999695,57.40000153,55.70000076
02/12/2025,53.40000153,64.19999695,57.40000153,55.79999924
02/12/2025,58.29999924,64.19999695,57.29999924,55.79999924
02/12/2025,56.29999924,64.19999695,57.29999924,55.79999924
02/12/2025,54.09999847,64.09999847,57.29999924,55.79999924
02/12/2025,51.70000076,64.19999695,57.29999924,55.70000076
02/12/2025,49.29999924,64.19999695,57.29999924,55.59999847
02/12/2025,48.40000153,64.19999695,57.29999924,55.70000076
02/12/2025,45.40000153,64.19999695,57.29999924,55.59999847
02/12/2025,39.5,64.19999695,57.29999924,55.59999847
02/12/2025,39,64.19999695,57.29999924,55.5
02/12/2025,39,64.19999695,57.29999924,55.5
02/12/2025,36.40000153,64.09999847,57.09999847,55.5
02/12/2025,36.79999924,64.09999847,57.09999847,55.40000153
02/12/2025,37,64.19999695,57.09999847,55.40000153
02/12/2025,37.20000076,64.09999847,57.20000076,55.40000153
02/12/2025,37.5,64.19999695,57.20000076,55.29999924
02/12/2025,37.90000153,64.19999695,57.20000076,55.29999924
02/12/2025,36.40000153,64.09999847,57.09999847,55.20000076
02/12/2025,36.59999847,64.19999695,57.09999847,55.20000076
02/12/2025,37.09999847,64.09999847,57.09999847,55.09999847
02/12/2025,206.3000031,64.09999847,57,55.09999847
02/12/2025,44.79999924,64.19999695,57,55.09999847
02/12/2025,44.29999924,64.19999695,57,54.90000153
02/12/2025,43.90000153,64.19999695,57,54.90000153
02/12/2025,43.90000153,64.19999695,57,54.79999924
02/12/2025,43.90000153,64.19999695,56.90000153,54.90000153
02/12/2025,43.70000076,64.19999695,56.79999924,54.70000076
02/12/2025,43.59999847,64.19999695,56.90000153,54.70000076
02/12/2025,41.5,64.19999695,56.90000153,54.70000076
02/12/2025,38.40000153,64.19999695,56.90000153,54.59999847
02/12/2025,39,64.19999695,56.79999924,54.5
02/12/2025,37.70000076,64.19999695,56.70000076,54.5
02/12/2025,37.20000076,64.19999695,56.70000076,54.5
02/12/2025,36.79999924,64.19999695,56.70000076,54.40000153
02/12/2025,36.40000153,64.19999695,56.70000076,54.40000153
02/12/2025,37,64.19999695,56.70000076,54.29999924
02/12/2025,38.09999847,64.19999695,56.70000076,54.20000076
02/12/2025,39,64.19999695,56.70000076,54.20000076
02/12/2025,37,64.19999695,56.59999847,54.09999847
02/12/2025,38.29999924,64.19999695,56.70000076,54.09999847
02/12/2025,42,64.19999695,56.59999847,54.09999847
02/12/2025,42.90000153,64.19999695,56.59999847,54
02/12/2025,42.40000153,64.19999695,56.59999847,53.90000153
02/12/2025,42,64,56.5,54.09999847
02/12/2025,40.20000076,63.70000076,56.5,54.20000076
02/12/2025,39.29999924,63.29999924,56.40000153,54.5
02/12/2025,38.79999924,62.70000076,56.40000153,54.5
02/12/2025,38.09999847,62.09999847,56.40000153,54.59999847
02/12/2025,37.5,61.79999924,56.40000153,54.79999924
02/12/2025,37.20000076,61.40000153,56.5,55.09999847
02/12/2025,37.09999847,61.20000076,56.40000153,55.5
02/12/2025,36.59999847,61.09999847,56.40000153,55.79999924
02/12/2025,36.29999924,60.59999847,56.40000153,56.09999847
02/12/2025,35.90000153,60.40000153,56.40000153,56.29999924
02/12/2025,35.5,60.09999847,56.40000153,56.40000153
02/12/2025,35.29999924,60,56.29999924,56.40000153
02/12/2025,35.09999847,59.79999924,56.29999924,56.40000153
02/12/2025,34.70000076,59.70000076,56.40000153,56.20000076
02/12/2025,34.29999924,59.70000076,56.29999924,56
02/12/2025,34,59.70000076,56.29999924,55.79999924
02/12/2025,33.79999924,60,56.40000153,55.5
02/12/2025,33.5,60.40000153,56.40000153,55.09999847
02/12/2025,33,61.5,56.40000153,54.5
02/12/2025,32.79999924,62.29999924,56.29999924,54
02/12/2025,32.79999924,62.90000153,56.40000153,54
02/12/2025,32.59999847,62.90000153,56.29999924,54.09999847
02/12/2025,32.59999847,62.40000153,56.29999924,54.20000076
02/12/2025,32.5,61.79999924,56.40000153,54.20000076
02/12/2025,32.40000153,61.40000153,56.40000153,54.09999847
02/12/2025,32.29999924,61.20000076,56.29999924,54.09999847
02/12/2025,32.29999924,61,56.29999924,54
02/12/2025,32.20000076,61.09999847,56.40000153,54
02/12/2025,32.29999924,61,56.40000153,54
02/12/2025,32.29999924,60.90000153,56.29999924,54
02/12/2025,32.29999924,60.70000076,56.40000153,54.09999847
02/12/2025,32.29999924,60.59999847,56.40000153,54.09999847
02/12/2025,32.20000076,60.5,56.40000153,54.09999847
02/12/2025,32.09999847,60.29999924,56.29999924,54.09999847
02/12/2025,32,60.29999924,56.29999924,54.09999847
02/12/2025,32,60.40000153,56.40000153,54.20000076
02/12/2025,31.79999924,60.29999924,56.20000076,54.29999924
02/12/2025,31.79999924,60.29999924,56.29999924,54.29999924
02/12/2025,31.70000076,60.40000153,56.29999924,54.29999924
02/12/2025,31.70000076,60.40000153,56.29999924,54.40000153
02/12/2025,31.70000076,60.40000153,56.20000076,54.40000153
02/12/2025,31.70000076,60.5,56.29999924,54.40000153
02/12/2025,31.60000038,60.5,56.29999924,54.40000153
02/12/2025,31.5,60.20000076,56.29999924,54.5
02/12/2025,31.5,60.09999847,56.29999924,54.5
02/12/2025,31.5,60.09999847,56.20000076,54.5
02/12/2025,31.39999962,60.20000076,56.20000076,54.5
02/12/2025,31.29999924,60.29999924,56.29999924,54.5
02/12/2025,31.29999924,60.29999924,56.29999924,54.59999847
02/12/2025,31.20000076,60.09999847,56.29999924,54.70000076
02/12/2025,31.20000076,60,56.29999924,54.70000076
02/12/2025,31.29999924,59.90000153,56.29999924,54.70000076
02/12/2025,31.29999924,59.90000153,56.29999924,54.70000076
02/12/2025,31.5,60.09999847,56.20000076,54.70000076
02/12/2025,31.39999962,60.09999847,56.29999924,54.90000153
02/12/2025,31.5,59.90000153,56.20000076,54.90000153
02/12/2025,31.5,59.79999924,56.29999924,54.79999924
02/12/2025,31.70000076,59.79999924,56.20000076,54.90000153
02/12/2025,31.60000038,59.90000153,56.20000076,54.79999924
02/12/2025,31.5,60.20000076,56.29999924,54.79999924
02/12/2025,31.5,60.20000076,56.20000076,54.90000153
02/12/2025,31.5,59.90000153,56.29999924,55
02/12/2025,31.5,59.70000076,56.29999924,55.09999847
02/12/2025,31.5,59.59999847,56.29999924,55
02/12/2025,31.5,59.79999924,56.29999924,55.09999847
02/12/2025,31.60000038,60,56.20000076,55.09999847
02/12/2025,31.60000038,59.79999924,56.29999924,55.09999847
02/12/2025,31.60000038,59.70000076,56.29999924,55.20000076
02/12/2025,31.60000038,59.59999847,56.29999924,55.09999847
02/12/2025,31.60000038,59.90000153,56.29999924,55.09999847
02/12/2025,31.5,60.40000153,56.20000076,55.29999924
02/12/2025,31.5,60.5,56.20000076,55.29999924
02/12/2025,31.5,60.29999924,56.29999924,55.40000153
02/12/2025,31.5,59.90000153,56.29999924,55.40000153
02/12/2025,31.39999962,59.70000076,56.29999924,55.29999924
02/12/2025,31.39999962,59.70000076,56.29999924,55.29999924
02/12/2025,31.39999962,59.90000153,56.29999924,55.40000153
02/12/2025,31.39999962,59.90000153,56.20000076,55.40000153
02/12/2025,31.39999962,59.79999924,56.29999924,55.40000153
02/12/2025,31.29999924,59.70000076,56.20000076,55.29999924
02/12/2025,31.5,59.79999924,56.20000076,55.40000153
02/12/2025,31.39999962,60,56,55.5
02/12/2025,31.29999924,60.09999847,55.09999847,55.5
02/12/2025,31.5,60,53.70000076,55.40000153
02/12/2025,31.5,59.79999924,52,55.40000153
02/12/2025,31.60000038,59.5,50.40000153,55.5
02/12/2025,31.60000038,59.70000076,48.90000153,55.5
02/12/2025,31.60000038,60,47.59999847,55.5
02/12/2025,31.60000038,59.90000153,46.59999847,55.40000153
02/12/2025,31.5,59.70000076,45.70000076,55.29999924
02/12/2025,31.70000076,59.5,45,55.5
02/12/2025,31.70000076,59.5,44.29999924,55.5
02/12/2025,31.70000076,59.90000153,43.70000076,55.5
02/12/2025,31.70000076,60.09999847,43.09999847,55.40000153
02/12/2025,31.70000076,59.90000153,42.59999847,55.5
02/12/2025,31.79999924,59.70000076,42.20000076,55.59999847
02/12/2025,31.79999924,59.5,41.79999924,55.59999847
02/12/2025,31.79999924,59.29999924,41.5,55.40000153
02/12/2025,31.89999962,59.70000076,41.20000076,55.40000153
02/12/2025,31.89999962,59.79999924,41.09999847,55.40000153
02/12/2025,32,59.70000076,40.90000153,55.5
02/12/2025,32.20000076,59.5,40.90000153,55.59999847
02/12/2025,32.29999924,59.5,40.90000153,55.5
02/12/2025,32.5,59.90000153,40.70000076,55.59999847
02/12/2025,32.59999847,60.40000153,40.70000076,55.59999847
02/12/2025,32.70000076,60.09999847,40.70000076,55.70000076
02/12/2025,32.79999924,59.79999924,40.70000076,55.5
02/12/2025,32.90000153,59.59999847,40.79999924,55.5
02/12/2025,33.09999847,59.59999847,40.70000076,55.79999924
02/12/2025,33.29999924,59.79999924,40.70000076,55.79999924
02/12/2025,33.40000153,60.20000076,40.70000076,55.79999924
02/12/2025,33.59999847,60.09999847,40.70000076,55.79999924
02/12/2025,33.79999924,59.70000076,40.70000076,55.70000076
02/12/2025,34,59.5,40.59999847,55.90000153
02/12/2025,34,59.20000076,40.5,55.79999924
02/12/2025,34.20000076,59.29999924,40.5,55.70000076
02/12/2025,34.29999924,59.70000076,40.5,55.70000076
02/12/2025,34.5,59.70000076,40.5,55.79999924
02/12/2025,34.5,59.70000076,40.40000153,55.79999924
02/12/2025,34.79999924,59.59999847,40.40000153,55.90000153
02/12/2025,34.90000153,59.70000076,40.29999924,55.79999924
02/12/2025,35.20000076,59.90000153,40.29999924,55.79999924
02/12/2025,35.5,59.70000076,40.20000076,55.90000153
02/12/2025,35.09999847,59.59999847,40.20000076,55.90000153
02/12/2025,35.09999847,59.70000076,40.20000076,56
02/12/2025,34.90000153,59.70000076,40.09999847,55.90000153
02/12/2025,34.90000153,60,40.09999847,55.79999924
02/12/2025,34.70000076,60.29999924,40.09999847,56.20000076
02/12/2025,34.5,60.20000076,40.09999847,56.09999847
02/12/2025,34.5,59.90000153,40,55.90000153
02/12/2025,34.40000153,59.59999847,40,55.90000153
02/12/2025,34.40000153,59.5,39.90000153,56
02/12/2025,34.40000153,59.5,39.90000153,56
02/12/2025,34.40000153,59.90000153,39.90000153,55.79999924
02/12/2025,34.40000153,59.90000153,39.79999924,55.90000153
02/12/2025,34.40000153,59.70000076,39.79999924,56
02/12/2025,34.5,59.79999924,39.79999924,56.09999847
02/12/2025,34.70000076,60.09999847,39.70000076,56.20000076
02/12/2025,34.70000076,60.29999924,39.59999847,56.09999847
02/12/2025,34.90000153,60.09999847,39.59999847,56
02/12/2025,34.90000153,59.59999847,39.59999847,56
02/12/2025,34.90000153,59.40000153,39.5,56
02/12/2025,35,59.5,39.5,56
02/12/2025,34.90000153,59.79999924,39.40000153,56
02/12/2025,34.90000153,60.5,39.40000153,56.20000076
02/12/2025,34.90000153,60.59999847,39.29999924,56.29999924
02/12/2025,34.79999924,60.5,39.29999924,56.40000153
02/12/2025,34.70000076,60.09999847,39.20000076,56.29999924
02/12/2025,34.59999847,59.90000153,39.20000076,56.29999924
02/12/2025,34.5,59.70000076,39.20000076,56.29999924
02/12/2025,34.5,59.79999924,39,56.29999924
02/12/2025,34.5,59.70000076,39,56.40000153
02/12/2025,34.59999847,59.59999847,38.90000153,56.20000076
02/12/2025,34.5,59.70000076,38.79999924,56.29999924
02/12/2025,34.5,60.20000076,38.79999924,56.40000153
02/12/2025,34.40000153,60.90000153,38.79999924,56.40000153
02/12/2025,34.29999924,60.5,38.70000076,56.40000153
02/12/2025,34.29999924,60.09999847,38.59999847,56.29999924
02/12/2025,34.20000076,59.70000076,38.59999847,56.40000153
02/12/2025,34.20000076,59.5,38.5,56.40000153
02/12/2025,34,59.70000076,38.40000153,56.20000076
02/12/2025,33.70000076,60.20000076,38.40000153,56.09999847
02/12/2025,33.59999847,60.90000153,38.29999924,56.20000076
02/12/2025,33.59999847,61,38.29999924,56.40000153
02/12/2025,33.5,60.59999847,38.20000076,56.29999924
02/12/2025,33.40000153,60.40000153,38.09999847,56.29999924
02/12/2025,33.40000153,60.09999847,38,56.20000076
02/12/2025,33.20000076,60.20000076,37.90000153,56.40000153
02/12/2025,33.09999847,60.29999924,37.90000153,56.5
02/12/2025,33,60.09999847,37.79999924,56.40000153
02/12/2025,33,60,37.70000076,56.29999924
02/12/2025,33,59.90000153,37.59999847,56.40000153
02/12/2025,33,60.20000076,37.40000153,56.40000153
02/12/2025,32.90000153,60.5,37,56.40000153
02/12/2025,32.79999924,60.29999924,40.40000153,56.29999924
02/12/2025,32.79999924,60.20000076,49.59999847,56.29999924
02/12/2025,32.79999924,60.09999847,51.09999847,56.40000153
02/12/2025,32.79999924,60.09999847,51.09999847,56.40000153
02/12/2025,32.79999924,60.70000076,50.5,56.40000153
02/12/2025,32.70000076,60.59999847,49.70000076,56.20000076
02/12/2025,32.79999924,60.40000153,48.70000076,56.20000076
02/12/2025,32.70000076,60.09999847,47.90000153,56.29999924
02/12/2025,32.59999847,60.09999847,47.20000076,56.40000153
02/12/2025,32.59999847,60.09999847,46.29999924,56.29999924
02/12/2025,32.5,60.5,45.5,56.20000076
02/12/2025,32.5,60.59999847,44.79999924,56.29999924
02/12/2025,32.5,60.5,44.09999847,56.40000153
02/12/2025,32.5,60.40000153,43.29999924,56.29999924
02/12/2025,32.5,60.09999847,42.59999847,56.20000076
02/12/2025,32.29999924,60.09999847,42,56.20000076
02/12/2025,32.29999924,60.40000153,41.40000153,56.20000076
02/12/2025,32.29999924,60.40000153,40.90000153,56.29999924
02/12/2025,32.29999924,60.29999924,40.29999924,56.09999847
02/12/2025,32.29999924,60.09999847,39.79999924,56.20000076
02/12/2025,32.29999924,60.20000076,39.20000076,56.20000076
02/12/2025,32.20000076,60.59999847,38.70000076,56.20000076
02/12/2025,32.20000076,60.70000076,38.29999924,56.20000076
02/12/2025,32.20000076,60.5,37.79999924,56
02/12/2025,32.09999847,60.40000153,37.29999924,56.09999847
02/12/2025,32.09999847,60.29999924,37,56.20000076
02/12/2025,32.09999847,60.29999924,36.70000076,56.20000076
02/12/2025,32.20000076,60.70000076,36.20000076,56.09999847
02/12/2025,32.09999847,60.79999924,35.79999924,56
02/12/2025,32.09999847,60.59999847,35.29999924,56.20000076
02/12/2025,32.09999847,60.5,34.70000076,56.20000076
02/12/2025,32.09999847,60.29999924,34.20000076,56
02/12/2025,32.09999847,60.29999924,33.59999847,56
02/12/2025,32.09999847,60.59999847,33.20000076,56.20000076
02/12/2025,32.09999847,60.70000076,32.70000076,56.20000076
02/12/2025,32.09999847,60.59999847,32.20000076,56.20000076
02/12/2025,32.09999847,60.40000153,31.79999924,56
02/12/2025,32.09999847,60.29999924,31.39999962,56
02/12/2025,32.09999847,60.40000153,31,56.20000076
02/12/2025,32.09999847,61,30.60000038,56.20000076
02/12/2025,32.09999847,60.90000153,30.20000076,56
02/12/2025,32.09999847,60.59999847,29.89999962,55.79999924
02/12/2025,32.09999847,60.29999924,29.5,56
02/12/2025,32.09999847,60.20000076,29.29999924,56.20000076
02/12/2025,32.09999847,60.5,28.89999962,56.09999847
02/12/2025,32.09999847,60.90000153,28.60000038,56
02/12/2025,32.20000076,60.59999847,28.39999962,56
02/12/2025,32.20000076,60.5,28.10000038,56.20000076
02/12/2025,32.20000076,60.29999924,27.89999962,56
02/12/2025,32.20000076,60.29999924,27.70000076,56
02/12/2025,32.20000076,60.5,27.60000038,55.90000153
02/12/2025,32.20000076,60.90000153,27.39999962,56
02/12/2025,32.20000076,60.59999847,27.20000076,56.09999847
02/12/2025,32.20000076,60.59999847,26.60000038,56
02/12/2025,32.29999924,60.40000153,26.39999962,55.90000153
02/12/2025,32.20000076,60.29999924,26,56
02/12/2025,32.29999924,60.59999847,25.79999924,56
02/12/2025,32.29999924,60.79999924,25.79999924,56
02/12/2025,32.29999924,60.79999924,25.79999924,55.90000153
02/12/2025,32.29999924,60.59999847,25.89999962,55.90000153
02/12/2025,32.20000076,60.40000153,25.79999924,56
02/12/2025,32.29999924,60.5,25.79999924,56
02/12/2025,32.29999924,61,25.79999924,56
02/12/2025,32.29999924,60.90000153,25.79999924,55.90000153
02/12/2025,32.29999924,60.59999847,46.09999847,55.90000153
02/12/2025,32.29999924,60.5,51.40000153,56
02/12/2025,32.29999924,60.5,53.59999847,56
02/12/2025,32.29999924,60.59999847,54.70000076,55.79999924
02/12/2025,32.29999924,61,55.40000153,55.79999924
02/12/2025,32.29999924,61.09999847,56,55.90000153
02/12/2025,32.29999924,60.90000153,56.70000076,56
02/12/2025,32.29999924,60.59999847,57.09999847,55.79999924
02/12/2025,32.29999924,60.5,57.5,55.70000076
02/12/2025,32.29999924,60.5,58.09999847,55.79999924
02/12/2025,32.29999924,60.79999924,58.40000153,55.79999924
02/12/2025,32.29999924,60.79999924,58.90000153,55.90000153
02/12/2025,32.40000153,60.59999847,59.40000153,55.79999924
02/12/2025,32.29999924,60.5,59.79999924,55.79999924
02/12/2025,32.40000153,60.5,60.29999924,55.79999924
02/12/2025,32.29999924,61,60.70000076,56
02/12/2025,32.40000153,61.20000076,61.20000076,55.90000153
02/12/2025,32.29999924,61,61.59999847,55.79999924
02/12/2025,32.40000153,60.70000076,62.09999847,55.70000076
02/12/2025,32.29999924,60.5,62.5,55.90000153
02/12/2025,32.29999924,60.5,63,56
02/12/2025,32.40000153,60.90000153,63.5,55.79999924
02/12/2025,32.29999924,61,63.79999924,55.79999924
02/12/2025,30,60.79999924,64.30000305,55.79999924
02/12/2025,29.10000038,60.59999847,64.69999695,56
02/12/2025,28.89999962,60.59999847,65.19999695,55.79999924
02/12/2025,28.89999962,60.59999847,65.59999847,55.79999924
02/12/2025,28.79999924,60.70000076,66,55.70000076
02/12/2025,28.60000038,61,66.40000153,56
02/12/2025,28.5,61,66.80000305,55.90000153
02/12/2025,28.5,60.79999924,67.30000305,55.79999924
02/12/2025,28.39999962,60.59999847,67.69999695,55.70000076
02/12/2025,28.39999962,60.59999847,68.09999847,55.90000153
02/12/2025,28.29999924,61.20000076,68.5,55.79999924
02/12/2025,28.20000076,61.09999847,69,55.79999924
02/12/2025,28.10000038,60.90000153,69.30000305,55.79999924
02/12/2025,28.10000038,60.59999847,69.80000305,55.70000076
02/12/2025,28.10000038,60.59999847,70.19999695,55.79999924
02/12/2025,28,60.59999847,70.59999847,55.90000153
02/12/2025,28,61.40000153,71.09999847,55.79999924
02/12/2025,28,61.20000076,71.5,55.79999924
02/12/2025,27.79999924,60.90000153,71.90000153,55.79999924
02/12/2025,27.79999924,60.59999847,72.30000305,55.90000153
02/12/2025,27.60000038,60.59999847,72.80000305,55.79999924
